app_id,app_title,review_id,review_publish_time,review_score,review_author_user_id,review_author_user_name,device,review_played_spent,up_rating_aspects,down_rating_aspects,review_content_raw_text,comments,review_up_votes,review_down_votes
722621,风之痕迹,46958908,2025-11-19 21:36:36,3,7028651,异次元光,红米K70E,38460.0,[],[],"这个自动技能轴，你编辑好了，去打个塔，然后就给你删了些技能，我说打塔怎么少技能。还有有些宠物技能是加不上的，有些加进去是asdasd,目测还在修bug……
3，7，11，16，17号技能给你删完……",1.0,2.0,
722621,风之痕迹,46955237,2025-11-19 08:55:29,3,39736959,零点贰,Android 设备,11100.0,[],[],"画风很喜欢，玩法还没怎么接触。地图是那种类似大世界的开放地图，不是横版的那种。可以上下楼什么的。
战斗有大招动画啥的，比较华丽又不脱离像素风。
刚一接触这个游戏就有玩下去的冲动。
战斗玩法还没怎么体验，不知道会不会劝退
可惜了这个游戏场景了，可玩性不高，就是刷本游戏，地图里就有个宝箱，连个交互啥的也没，很容易腻  ",1.0,,
722621,风之痕迹,46958102,2025-11-19 16:10:07,2,332344319,Serrift,Android 设备,,[],[],好消息美术全抄了，坏消息也是美术全抄了，jrpg特有的低劣建模搭配传奇一刀999特效，UI也差不多是那味道，战斗也一样是俩贴图搁那互扔特效然后冒出十万上百万的大数字，货币栏一拉四五种不同的货币，横屏不知道在哪调，默认女主无男主直接跑路了,1.0,,
722621,风之痕迹,46957862,2025-11-19 15:31:34,3,110192448,Vermouth.,Android 设备,,['visual_music'],[],建议把现代网络用语去掉，真的很影响观感。,,,
722621,风之痕迹,46956348,2025-11-19 11:57:49,5,665485663,i吃小鱼饼,Honor Play 40 Plus,,[],[],能把奥义释放独立出来弄个开关吗 自己这边的人经常扎堆放奥义 难绷,1.0,,
722621,风之痕迹,46955938,2025-11-19 10:45:48,1,583682,Yuiki,Web 官网,,[],[],美术好的一X ! 而单局战斗时间长得和屎一样！这产品上线能赚到大钱，我踏马倒立吃手机！,1.0,,
722621,风之痕迹,46955557,2025-11-19 09:46:32,5,747308893,耶斯,小米Redmi K40,,[],[],像素风我的天菜 有点肝不过也不是很严重 总得来说还是丰俭由人的类型,,1.0,1.0
722621,风之痕迹,46950677,2025-11-18 14:54:26,2,30210174,斯洛卡伊,HONOR 90 GT,625080.0,[],[],内测bug最多的一集，公测要还这么多bug就等似吧😠,1.0,,
722621,风之痕迹,46948892,2025-11-18 10:36:36,5,456582749,墨汐.,小米24090RA29C,,[],[],不知道初始送200抽这个福利能不能延续到公测 如果能的话应该能圈一波粉 反正我是抽爽了哈哈哈,1.0,2.0,
722621,风之痕迹,46948882,2025-11-18 10:34:06,5,38920369,阿开木木,Vivo IQOO 13,5520.0,"['operation', 'visual_music', 'gameplay']",[],本来还想用普通人的身份和你们相处，但换来的却是疏远，我不装了，我摊牌了，我是单抽出兰朵莉亚的欧皇,,4.0,
722621,风之痕迹,46947048,2025-11-18 05:51:40,4,402029435,AAOUY,Redmi Note 12 Turbo,102120.0,"['operation', 'visual_music']",['gameplay'],"这个游戏最开始只是因为我无聊，但是喜欢玩像素风的游戏，看见内测就下载了，进去玩意外的感觉不错，最开始几天很迷这个游戏。
我觉得这个游戏最好的就是美术了，虽然一些女角色很暴露让我觉得公测了肯定会和谐，但是美术我是真喜欢啊，我是因为蕾蒂西亚，玩的土队，但是我一直玩一直感觉别人风，水，火队都比土队出伤高，直到我后面因为这个魔物梵尽花真的很戳我，转了火队，出伤是真的比土高多了。
这个游戏的美术在像素游戏里算是上等那一档了吧，场景和boos的等身像素立绘都很好看，很喜欢那个风鸟boos的场景，那个树下窸窸窣窣的花丛，很有感觉。
游戏是竖屏的，也不是说竖屏的不好，就是感觉场景如果是横屏过来的会更惊艳。竖屏，场景交互按钮很大一个在屏幕下半中间，最开始是有点感觉不太方便不适应，后面感觉其实还好了，如果游戏一直运营下去，希望有按键自定义的功能，毕竟有些人还是会感觉到不方便吧。
关于玩法，最开始刷副本还是有点乐趣的，但是刷的次数多了就很腻，如果可以的话，可以考虑扫荡系统吗？因为一把的时间还是很长的，既没有二倍速，又不能跳过战斗，虽然能跳过回合，但是一把下来得跳好多好多回合，而且跳回合还会卡住。
我现在每天上线就是刷副本，感觉和找了个工作一样，这个游戏的像素风格我是真的很喜欢，但是玩法是真的坚持不下去，就是这个游戏变成战旗那种玩法我都会一直有兴趣，一直刷副本实在是太机械太无聊了。如果可以的话，可以出些家园系统什么的吗，每天刷完体力就没事干，真的很无聊，玩法有点过于单一。
其实可以看出来游戏制作还是很精良的，内测每天也有发朋友费，最开始看见朋友费邮件的时候真的笑吐了，是个很好很好的游戏，后面有考虑加点其他玩法吗，像素战旗游戏说不定真的有市场，或者其他的玩法。
这个游戏我还是很推荐的，毕竟我是真心喜欢这个美术风格，但是玩法又是真的很无聊，我很纠结。",2.0,3.0,
722621,风之痕迹,46944187,2025-11-17 15:42:27,3,49737186,゛梦晓ヶ微光ヅ倾城,OPPO PFTM20,,[],[],"喜欢像素游戏，但我强退一次后进不去了，进去就是黑屏😅😅
",1.0,2.0,
722621,风之痕迹,46944183,2025-11-17 15:42:03,1,565143636,小冷_酸酸,Realme真我GT6,,[],['gameplay'],不是哥们我手机不算好但也不算差吧，结果游戏都进不去，点进去就是黑屏卡着不动？怎么做到的？,1.0,1.0,
722621,风之痕迹,46944148,2025-11-17 15:38:11,1,1239707,awm,Vivo X200 Pro卫星通信版,,[],[],游戏打不开，进去一直黑屏,1.0,2.0,
722621,风之痕迹,46942427,2025-11-17 11:48:21,5,631419568,幻晨梦曦,Realme真我GT7 Pro,,[],[],"讲真 立绘这种东西 玩的游戏够多真的一眼就能看出来有没有ai的成分
你游的看起来就很自然 没有那种伪人感",,,
722621,风之痕迹,46942153,2025-11-17 11:04:57,5,749096040,葫芦丝丝瓜,华为Nova 4,,[],[],加分项：竖屏操作很方便 肝氪程度不高玩起来不累 像素风 缺点：服务器比较鬼畜 优化一般,,2.0,
722621,风之痕迹,46938373,2025-11-17 00:44:43,1,61324373,未填写,Android 设备,378840.0,[],"['gameplay', 'operation', 'visual_music']",bug多，对游玩体验影响极大，出的角色都人不人鬼不鬼，很多材料出了也没个兑换渠道，武器附魔是个幌子，压根没实装，放弃了，游玩体验太差了,1.0,,
722621,风之痕迹,46938164,2025-11-16 23:32:49,5,67769289,手机用户67769289,Honor 90 Pro,,"['gameplay', 'operation', 'visual_music']",[],好玩,1.0,,
722621,风之痕迹,46937790,2025-11-16 19:03:47,2,735798593,꧁༺郭༒见༻꧂,Vivo S30,,"['operation', 'visual_music', 'gameplay']",[],"玩了7天了主线任务副本都不给开
",1.0,,
722621,风之痕迹,46935235,2025-11-16 11:51:32,5,746253792,Clover,Huawei MatePad 11,,[],[],还挺上瘾的 像素手游现在本来就比较式微了 难得有个地图风格 美术剧情做的都可以的,,1.0,
722621,风之痕迹,46934951,2025-11-16 11:13:08,3,18350198,瞬世万年,Redmi K60,,"['gameplay', 'operation', 'visual_music']",[],"几个建议，可供参考
画面：不知道是不是风格原因，感觉这个像素风相比于其他的像素风游戏更糊一点？问了一下朋友也是这个感觉，画面中的一些建筑元素需要集中精力才能分辨，玩久了会有点累。。
抽卡：歪的概率太高了，一个成型队最起码要抽三个角色+对应魔物，测试送了这么多资源都有点捉襟见肘，公测时还没这么多资源，多歪几次直接前期没一个成体系的队伍
养成：没看懂为什么主角职业不共享突破等级？基础等级可以不共享，但你换个职业连突破都要从头养成，那这个养成成本就大了。前期还不给直接选择想玩的职业，相当于逼着你重新养一次主角。除非你给个退回养成资源之类的操作，不然这个设计是真的有点逆天了
战斗：为什么战斗没有倍速？为什么战斗没有跳过？为什么基础材料本没有扫荡？我看你一次战斗最多40分钟，你是希望玩家一倍速手操半小时艰难取胜然后充满成就感吗？我只会感觉坐牢。高难本手操我没意见，我刷个材料也要一倍速看动画？
跑图：为什么是固定轮盘？我理解你既然设计了竖屏那就是希望玩家可以单手操作的，结果你移动轮盘固定屏幕中央，无论哪只手都不好操作，被迫双手操作。双手操作那不如直接横屏，你这样设计的意义是什么？",1.0,3.0,
722621,风之痕迹,46934689,2025-11-16 10:32:07,4,492195464,柏引生,Android 设备,,"['operation', 'visual_music']",['gameplay'],画面很舒服，滤镜真的挺好看的。客服也不装死 虽然史山代码但修复得挺快的。,1.0,1.0,
722621,风之痕迹,46934639,2025-11-16 10:23:54,1,269880,航城,Android 设备,,['visual_music'],[],画风好看的游戏，战斗方面不复杂，新手教程就教直接自动战斗，编队也可以一键，剧情俗套，主要是角色有乳摇，裙子短到露屁股，毫无美感且没必要的设计，不想深入体验了，评论给介意这点的人看,2.0,2.0,
722621,风之痕迹,46934579,2025-11-16 10:11:25,1,368079750,可达朱,小米Xiaomi 17 Pro Max,350460.0,['operation'],"['gameplay', 'visual_music']","懂得都懂，400抽，也就是2井，没有up,何意味？",1.0,1.0,1.0
722621,风之痕迹,46934152,2025-11-16 09:01:24,5,413253232,梦寒,vivo Y200i,,[],[],如果官方能保证公测后产能稳定 没有一些莫名其妙的小问题的话 凭借这个质量我觉得会火,1.0,,
722621,风之痕迹,46825957,2025-11-02 16:13:40,1,15042032,世界,一加手机12,240300.0,[],"['operation', 'visual_music', 'gameplay']","五改
神人策划已删跑路了不想多说
目前感觉比之前好多了，玩家反馈能真的听进去已经赢麻了
新的贡献值显示做的也很好
剩下的就是游戏稳定性不足以及战斗画面缺少张力
图标，描述等细节内容了
支持
非常不建议玩非常不建议入坑
非常不建议玩非常不建议入坑
非常不建议玩非常不建议入坑
非常不建议玩非常不建议入坑
一口一个听取玩家建议，重大bug甚至要等十几个小时后才修，前面维护补偿奖励没发直接装死，说给的补偿一拖再拖
讲个笑话朋友费大是限定10连，特大是普池20抽
毒池坑害玩家宣布不改了且不做任何补偿
星期一说修吞箱bug，到今天没有任何动静，被玩家骂了这么久才提前开困难
大黑心爆率极低，本人更新100把出来一个（我用了300bp所以次数能记住）
然后一直提一直提，直到这次机神活动上线后，机神角色需要黑心才给提爆率，我不懂了之前玩的玩家就是应该活受罪
补偿这块也是少的可怜删档为什么也那么抠？
然后是突破15所需的材料，要的数量多副本产出极低你真的想要玩家来测还是想干嘛？
再说机神活动，刚开机神清完本我就发现了无限刷取活动资源的bug，上报之后过了十几个小时才修，你游唯一一次大活动就烂成这样
技能轴的问题甚至没有人管，大概率是不修了
2星还是给高了
我个人是对游戏玩法有好感的
但是动不动炸服真的有点难绷
尤其是我开两个号想抽限定池来组个队（这点严重吐槽）
从8.5到7.1评分为啥这么差呢？
------------",1.0,2.0,
722621,风之痕迹,46931127,2025-11-16 02:37:05,1,30875481,清沂,Android 设备,,[],[],gbf受众真的有这么广吗，做个国产gbf真的会有人爱玩吗,1.0,,
722621,风之痕迹,46874622,2025-11-08 15:14:20,3,67861298,墨羽空明,Android 设备,179400.0,"['gameplay', 'operation', 'visual_music']",[],"2025.11.15更新
在这里提点这个游戏的缺点：
1.小地图点击是打开成世界地图，而不是当前区域的缩小版，这个非常影响区域探索。
2.做了一堆对话框，结果一个支线都没有，希望后面能不上一些内容。
3.资源点问题，除了第一章地图外，都没什么资源点了，而且也不刷新。感觉少了点ARPG感。
4.主角形象问题，为什么会没有男主形象的呢，像这种类ARPG游戏，往往觉得男主形象才对胃，当然也没有踩女主的意思，个人喜感。
5.现在的爆率应该被调低了，出货没有之前的高了
6.英雄和魔物没分开抽有点难受，英雄都收集齐全了，魔物还停留在一星，搞得战力上不去。建议一次更新可以将英雄和魔物分开。
接下来说下我觉得不错的优点
1.类ARPG的画风很对胃
2.打怪打不过可以直接找大佬帮忙过",3.0,4.0,
722621,风之痕迹,46928613,2025-11-15 15:51:07,2,499166093,苏三宇,OPPO PEHM00,7440.0,['visual_music'],"['gameplay', 'operation']","我去了，拖了这么久，我才想起来有这个游戏要说，还有，我是往里面充了钱的。
以下纯主观，当然我打游戏的时候也收集到了一点意见。
1.首先是第1个骗人的横屏模式，玩之前我好像就看到了，有横竖屏模式，结果进入游戏一看只有竖屏没有横屏，跟小游戏似的，我朋友还以为我玩熊猫猴子猪修仙。
2.其次是帧率，你得主动的去设置里调，但是由于是竖屏模式，玩的时候总是感觉不得劲，他的移动按键还是固定的，不是移动按键，我真服了呀，放在屏幕中间是给谁吃吗？
3.战斗系统没什么好看的，依旧回合制，每回合一个角色，可以放好多个技能，然后就是平平无奇的叠buff扔大招这样子打。
4.装备系统我不知道是不是策划的小巧思，我去了，10个装备槽，只有一个是给主角装的，其他9个装备槽全是用来堆数职的是吧？虽说给主角不同的武器有不同的大招，但我其他角色呢？主角是主角，所以待遇高没问题，但是你好歹认真一点吧。
5.充值系统我也是服了，不知道别人有没有遇见过，本来想着充值返利那么多，就充点钱，哎哟我去，充完钱之后想去抽个卡，我的天呀，不给抽，我的整个抽卡界面都被吞了，乌漆嘛黑一片，我去你大爷的呀，然后我拿那个充了钱的东西去买那个限时卡池的卷，然后我重进一趟，你…的，不仅我东西没了，我卷还没有拿到，坑钱呢？退出了几次也没用，东西还是不还给我，卡池倒是飞回来了。
6.画面可以夸，确实可以，在我预约的时候我也觉得是可以，但也只有画面这一点，弊大于利吧，人物立绘也还好，限定池上面的人物还是动态，这个喷不了，基本上都是这个道理。",3.0,4.0,
722621,风之痕迹,46928089,2025-11-15 14:51:00,3,35847442,麦克老狼🐺,三星Galaxy C55 5G,4560.0,"['gameplay', 'visual_music']",[],"🎮玩法
核心战斗是纯数值卡牌对战，最初还需要手动操作一下，熟悉游戏的同时也了解到技能机制。自动战斗很早就开启了，完全放开双手探索即可。
地图玩法比较丰富，带有一定解谜要素，以及日式RPG的自由探索。地图的体验和铃兰之剑有些接近，支持点击自动寻路，或者自由探索，可以发现些宝箱和散落的道具，可玩性很高。
新手阶段不算太漫长，走地图可以自己操作，很快进入自由操作阶段。每一个功能都配有视频和中文语音说明，看起来挺贴心。
虽然做工品质很好，剧情内容也还不错，但仍然没跑出商业化游戏的逻辑框框。前期主线剧情比较有看点，应该能形成继续游戏的动力。后面玩法内容就有些常规了，以刷副本为主，玩法开启节奏很慢。可以预见性的，到了某一个阶段会卡住，需要提高战力，要么去肝要么付费。
⚖️养成
主要是角色、武器、魔物伙伴三部分。编队界面支持一键操作配置这三部分，按照当前战力配置属性队伍，不满意可以手动配置。已经升级的人暂时无法返还资源，战力上有差别。
角色总计46位，上阵四名后备两名，同属性的有增益，类似卡牌类阵型搭配设计。单角色有等级、突破两条养成线，虽然单人养成线少，但四属性队形都需要培养，用以应对不同敌人，或副本需要，无形中把整体养成深度加深不少，武器和伙伴也是这样。
武器与角色有对应关系，当抽卡获得某个角色后，一般也自带武器。单件武器养成方式与角色和魔物相同，都是强化等级和突破，需求资源不同。上阵同样由一键操作完成，只考虑战力高低。
魔物伙伴总计40只，上阵五只，属性和角色相同的优先，也是以战力为标准，养成也是强化和突破。似乎数值用的同一套，只有资源需求不同。
可能还有其他养成内容，功能未解锁情况下暂时看不到。
🌆美术
3D场景建模，2.5D平面视角，画风与日系RPG非常接近，像素风与二次元混搭。界面布局结构合理，UI品质较高，带有魔幻题材的设计感。光影效果很好，但因为整体比较糊，视觉效果不如预期。
角色是2.5D纸片人，像素风小人看上去模模糊糊的，与2D立绘有较强的形象反差。立绘大部分是静态图，只有少数高级角色有动态效果。
战斗表现力较好，看上去很像某些怀旧的日式回合制RPG。伤害爆字看起来挺爽，技能特效丰富，有一定特写镜头。
💰商业化
有版号，纯充值付费，抽卡为主。卡池四个：两个限时主题，一个常驻，一个友情。抽卡保底30次就能拿到SSR，还不算太难。赶上服务器运行不稳定和bug等因素，拿了不少资源，抽卡组完整一队单属性应该没问题。其他付费点都在商城里，各种礼包很多，整体付费深度略深。
",7.0,13.0,1.0
722621,风之痕迹,46834000,2025-11-03 16:53:58,3,479134724,marimo,Huawei Mate 50,104160.0,['visual_music'],[],"测试服开服第二天一编：
体验了一天，来聊聊我的看法
说说喜欢的点：
高画质的光影效果很漂亮，没想到像素也能这样美。立绘画的也很合我心意，局内像素小人非常可爱。
回合制一键编队很简单，但也很傻，发现死的快的根本原因原来是奶妈第一回合就开大，自动战斗设置好了挂机不需要脑子。
30抽保底ssr，出金概率也很高，基本20抽至少有一只，开服送的资源玩一天差不多够200抽，凑队伍很舒服
然后就是遇到的问题
1.编队里面技能详情能力释放一堆字母是什么意思？（p1）想看技能的时候看到这个莫名其妙的
2.遇到了多次卡住的情况。战斗完卡在界面出不去，只能撤退。或者进去就卡住，撤退也不行只能大退。并且闪退了两三次（p2）
3.自动寻路方面，跨越千山万水。都可以地图传送了，希望能在地图上直接标记出任务的位置可以让我选择传送，或者都自动寻路了干脆直接一键跳转到最近传送点再走过去。还有就是希望右上角小地图可以放大，看到当前所在小地区地形全貌
4.战斗方面，没找到扫荡功能，只能自己打，boss血条好长啊，队伍战力和推荐战力相当的情况下，我一局要打几分钟！？虽然确实挂机游戏但是好费时间。希望打过的单人本出扫荡功能。体力现在堆了三百多但是我不想懒得花时间慢悠悠的打（或者是我方法不对没调好自动战斗？不能吧！）
5.好像有职业系统，但我没搞懂各个角色专攻的方向，可以看到一个角色可以又自拐又群拐又出伤又奶自己，没有专职某个方面（比如说奶妈专心奶队友，而不是等cd等好几回合才可以奶一次）
配队的时候就要一个个点开词条看再设置自动战斗，有点繁琐，比如说简化筛选角色的时候可以挑选技能包含（群拐，单拐，单攻，群攻，自奶，群奶，加盾等等）
如果能在技能图片上加个角标，可以快速识别技能种类方便设置自动战斗就好了。
我研究的时候好像技能内容和技能图标有点关系但没仔细研究，希望指引详细一点
然后这个如果玩家懒得设置的话有没有可能出个推荐编队功能（直接抄官方配好的队，不要一键编队但是第一回合奶全用了喂！）
角色技能方面，我看up池子里的白毛小姐姐有个加盾技能一次五千，完美的解决了我缺奶的问题，但是为什么固定五千（碎碎念），不能根据角色攻击力加成吗？然后她的另一个技能写附带冻伤，但没有写冻伤是什么效果（只是说叠加几层层后有增益，那一层没效果吗）
过剧情队伍里那个粉毛小姐姐，不是根据攻击力算治疗数值，而是治疗友方百分比血量，但是数值上限2000，这样的话，在队伍练度低的时候补血就很少，练度高的时候又有上限，就很幽默啊！
6.那个武器槽位指引没搞懂，是一队配一堆武器吗？数量不像是是一人一个（？）
7.过剧情希望能出个自动功能，解放双手看剧情，还有最重要旁白字体感觉被挤瘦了，好丑，有待美化。
主线剧情还没推多少，暂时不多评价。
音乐也中规中矩，战斗特效也就那样，没什么感觉
11.8二编：
现在火队应该是全都八十级了（除了主角）可以单刷前面四个困难本。
发现调技能顺序列表里有显示技能CD了，表扬
新的几个问题：
1、刚开始觉得初级讨伐证明特别特别缺，背包里只显示可以挑战获取，概率很低，红色体力也很少。
后来我才发现背包里把垃圾炼金也有概率合成初级讨伐证明，并且还能有红体力药。
感觉这个指引做的不好，我只是偶然尝试炼金才知道可以炼出来，官方给的途径里没写，导致队伍里主角一直卡等级缺缺缺
现在高级的也缺（主角俩职业现在还没过70）
2、然后主角的各种职业解锁我以为是推主线给的材料，没想到是要自己去合成，希望第一次告诉你主角可以多职业的时候就告诉玩家如何解锁后续职业。之前把杂七杂八的材料都炼金换体力了，现在主角还是只有两个职业（悲）
3、刷单人本背包里多了一堆垃圾然后炼金红体力刷多人本，基本是循环循环循环，可我刷了好久还是没刷到三个高级讨伐证明气笑了，概率实在是低。主角什么时候能满级——
提高讨伐证明掉率（跺脚）
小tips：多人本房主和高贡献奖励丰厚一点，不要老加别人的本，自己开房间先打（一个boss一天自己只能开俩房）打不过再公屏摇人，刷到金色武器和魔物概率大大提高（p3）虽然我战力不高但是先单人刷了三分之一才摇人，武器掉的多。
4、奥义连锁是不是有额外伤害？没有什么引导，我刚开始看到两个或者三个人站一块的动画，根本不知道发生了什么，还是看公屏有人讨论才知道。希望出个提示，比如说玩家第一次偶然触发了奥义连锁告诉玩家这个有个融合技
5、主线推完了，评价还是中规中矩，有待提高
6、关于复制技能顺序，如果原本是ABCD EF角色的技能，粘贴到ABCD GH队里，顺序会乱，还得去删
7、武器升级的道具没有本可以刷，只能摸地图或者分解，一直在缺...缺...
8、之前提到的治疗有上限的问题就来了，困难副本boss动不动就来AOE，打我每人2500的血，打单人也很痛，然后我的治疗技能还有个数值上限2000，并且CD老长了，续航根本不够呀。上两个治疗位置再来个魔兽也撑不住（给伤害不够的队伍一个慢慢刮的机会好吗，我秒不掉呜）
9、还有就是都挂机游戏了！占内存小一点！让我可以流畅的分屏看小说可以吗（）
10：最重要的！！！开一键扫荡好吗！！！！虽然战力已经可以一个本半分钟打完了，但是我绿体力堆了快一千完全不想动！！！你每日还送我100绿体力，想要清完还多花五分钟！！！这就很无聊很劝退不想玩！！！
11.15 三编：
活动时间也太短了吧，11.10-11.15，我11.15上线发现好像做不了了，实际就五天？？？我想着考完试最后一天一次性刷完活动，结果11.15已经结束了天塌了。
卡池排期也好紧，一周就没了！
没看攻略自己随便搭的队伍在只有可怜的一百五十万，活动副本boss推荐战力三百万...",7.0,21.0,1.0
722621,风之痕迹,46819888,2025-11-02 05:20:21,5,612566474,CJ,HONOR VER-AN10,297660.0,"['visual_music', 'gameplay', 'operation']",[],是用心做的游戏，只不过小厂资源有限，问题有点多，会持续优化,,3.0,
722621,风之痕迹,46899786,2025-11-12 07:46:48,2,542791586,倾瞑,Honor 80,182640.0,[],[],"说实话，bug多的有些太离谱了，不过现在还只是测试，勉强能理解吧。
游玩体验:
主要比如副本材料爆率问题，或者是武器被动或魔物描述文本缺失，队伍贴图冲突问题，主角贴图时而无法变更，以及设备发烫极度严重，全程只能开低画质和30帧玩，开高了爆烫。
然后就是画面的光污染有些严重，晚上玩的时候那光闪的我眼睛花，其次就是一些数值问题。
再就是没有怪物图鉴，没法看普通材料是对应那个怪物，虽然也没啥必要，反正也可以买吧，而且普通材料就前面解锁职业有点用。
还有一些效果缺乏描述，导致不知道那些效果有啥用，比如：冻伤，重力，凛风之类的好多效果，密密麻麻的，但都没有任何效果描述，点了也没有，单纯一个名字。
打完主线之后基本上就是成天泡副本了刷材料了，也没有支线或是其它的剧情内容。
时而抽下角色，至于探险刷小怪之类的什么都就别提了，那地图实际内容还没我玩的黄油rpg地图里的多，玩着属实有些简陋。
看着好几个图，实际上一个图就那么一点大，就单纯的路长，怪也是少的可怜，也没有地图解密。
不过光影还挺好看的，但是测试阶段不能横屏，极度难受，还是能点触移动还好，但它只能靠转轮移动。
",2.0,7.0,
722621,风之痕迹,46925596,2025-11-15 10:18:32,4,658589565,333,Android 设备,,"['gameplay', 'operation', 'visual_music']",[],都还可以，就是角色服装太暴露了,,,
722621,风之痕迹,46925542,2025-11-15 10:11:51,5,701771190,汽水,iPhone 11,,[],[],感觉你游欧非守恒指定是有点啥说法，有段时间刷本要啥就来啥，概率高的离谱，有的时候又一毛不拔。好在综合下来看出货还是可观的,,,
722621,风之痕迹,46925204,2025-11-15 09:32:01,5,514293357,就干碎钻儿蕾西亚,Redmi K60,,[],[],ok兄弟们，全体目光向我看齐，看我看我看我，我宣布个事儿：我抽到兰朵莉亚了！没毛病奥,,1.0,
722621,风之痕迹,46925128,2025-11-15 09:24:27,2,64951300,＊肥色月下＊,Vivo IQOO 11,146760.0,[],[],测试也玩了三四十个小时了，其他的点先不聊，最严重的一点，bug太tm多了：自动释放技能放不明白，最早的版本是能放明白的，后来有一次更新之后，只有主角放技能，其他角色不放技能，而且不能自定义，自定义的界面技能完全添加不了技能树，技能图标也都是空白的，更新一次之后，可以设置技能顺序了，就是现在的版本，系统默认技能释放顺序，其他角色都会放，就主角不会放，现在和之前两极反转了，你说设置自定义顺序吧，设置完之后确实可以了，没玩两把，莫名其妙主角在里面设置的技能全部被清空，又去设置，又是没玩两三把，又被清空，这bug真牛逼。,1.0,3.0,
722621,风之痕迹,43495890,2024-12-19 01:12:17,1,69425021,好耶,Android 设备,204480.0,[],[],"本以为是八方旅人，没想到是像素传奇。
越更新越拉胯，战力膨胀严重，但是怪物。
每出一个新副本怪物战力上升一大截。
因为副本爆料低外加体力限制，角色后期极难升级战力，要么肝的要命运气好刷满副本武器、副本魔物，要么氪金把up武器、up魔物拉满。
（备注：火始源巨兽副本武器副本魔物五六局才出一把武器，一天简单加困难只能打四次，魔物更是没见过）
怪物战力远远大于角色战力，导致根本玩不了。
不氪金你就别想单刷副本。
现在新出的魔君副本连组队都打不过了，只能磕药，真无敌了。
只有魔物助战有个锤子用，但凡加个ai助战，刷本体验都没那么差。",2.0,3.0,
722621,风之痕迹,46924821,2025-11-15 08:53:17,3,459489654,芒心乄,小米Redmi K40,27240.0,"['operation', 'visual_music']",[],中规中矩，而且最要命的是昨晚维护过后机神降临的资源怎么都没了,1.0,,
722621,风之痕迹,46895365,2025-11-11 14:13:30,3,348855987,bsshsh,Honor X40,219600.0,"['operation', 'visual_music']",['gameplay'],"玩了60个小时，以下是我想说的
1、能不能给你的副本系统优化一下，普通副本我都不说了，就算人少也随便打，但像这种特殊boss只能六个人打，老有人跑进来挂机，房主还踢不了，真的很搞人心态好吧。一点伤害都不打，奖励拿的都差不多，这还就一个，多跑进来几个，要是房主伤害不够，怎么打？拿头打嘛？凭什么大家打伤害，还有人用药水复活，什么都不干的人也能拿一样的奖励？
他输了消耗三点精力，房主输了消耗一个次数是吧？你一个人专心刷，他一个人挂三个后台，还是你三倍效果。
要么就加房间人数，要么就加踢人，要么你就给你的6人困难模式加一个最大限制，使其无法暂离，或者后台只能挂一个，效率低了，自然就没人进来摆烂了，要么你就给房主改成打完消耗次数，不然进去就消耗次数，碰到这种人怎么办？只会对你游戏没好感。
2，用复活药水用到假货了，四个人给我复活三个，Bug一堆，机神挑战给我重置刷新了，任务什么的全刷新了，商城不刷新，我要那些积分有什么用？
3、能不能出个分解素材？你炼金炉有些东西都练不了，我要那么多宠物食粮做什么？还有活动素材，你好歹出个货币回收什么吧？
4、新up池也有bug，你这奥义怎么跑后面去了？前面四个技能，两个技能的名字都是一样的，上点心好吗？
5、这游戏里面的钓鱼系统，钓那几条鱼都不知道有什么用，那点魔物素材谁瞧得上？每天送十个鱼饵，都不知道有什么用，又没烹饪，又没什么的，我难道钓鱼就分解了几个魔物素材吗？
6、还有就是你这个每日，确实给它简化了，奖励也变得少的可怜啊，每天随便打打就一堆日程点了，就能领三个东西，鱼饵还没用，我少了这块，谁给我补啊？
7、福利什么的，大胆的送好不好？反正现在是测试服，你每次送的晶石虽然不少，但是你看看你那池子，你送的晶石砸进去，能抽到UP吗，虽然我200抽火系UP武器满星了，但不可能人人都这样🙂
就算现在是测试服你不认真对待，想着正式服搞好了就行，你测试服口碑不好，给别的玩家的第一印象感也是很低的好吗？你内测口碑好，玩的人自然就多，会有人给你推荐的。",1.0,1.0,
722621,风之痕迹,46923269,2025-11-15 06:06:57,5,353524215,C,荣耀 畅玩30 Plus,3840.0,[],[],体验了一下，真的玩起来太卡了。玩到后面队伍人多起来甚至闪退了。还有抽卡环节，保底方面太恐怖了，而且特别容易出重复角色,,2.0,
722621,风之痕迹,46923015,2025-11-15 05:41:04,4,38235712,小假先森*,小米Xiaomi 14 Pro,118800.0,[],[],"卡黑屏了怎么都进不去，有声音但是屏幕没有显示
",2.0,1.0,
722621,风之痕迹,46922995,2025-11-15 05:39:10,5,505032478,湘娘Naka,Android 设备,,[],[],很神奇，我以前几乎不玩像素游戏的，包括bflr这种神作。玩这个居然有、上瘾了,,,
722621,风之痕迹,46906079,2025-11-13 04:31:25,4,4206185,七罪,红米 Note 11,19020.0,['gameplay'],['visual_music'],"两次属性池都保底换的神兽。不知道正式服要氪多少/日常多久才够😂

就是太简陋了😂。正式版不说语音，至少让我在技能说明里看下buff效果。
另外不知道公测福利怎么样，付费测了月卡都没有（或者没找到?）充了六块算双倍好像只有108钻?一抽?这样的话还是太贵了。（虽然没可能）不知道能不能像迷途之光哪样月卡超大量，平时钻也多。贫民玩着也挺舒服。但是想去排名上游就要大氪",2.0,1.0,
722621,风之痕迹,46918642,2025-11-14 15:19:40,4,379645391,循钰言,Honor Play7T,,[],[],竖屏总感觉怪怪的,,,
722621,风之痕迹,46909211,2025-11-13 11:56:02,1,60450146,手机用户60450146,Android 设备,,[],"['operation', 'visual_music', 'gameplay']","bug上长了个游戏，还不修，不会是打算搞一波跑路吧😅
-----------------
这b活动的自动探索真不是搞笑的吗？下线前是5，第二天上线一看还是5。这么sb的bug不修修？？？？？",3.0,3.0,
722621,风之痕迹,46916722,2025-11-14 11:14:17,4,647087336,冻梨嗝嗝嗝,Android 设备,,"['operation', 'visual_music', 'gameplay']",[],刚打开就接受不了了 居然是竖屏游戏 但是画风很好看 喜欢这种 希望可以变成横屏游戏,1.0,2.0,
722621,风之痕迹,46916559,2025-11-14 10:51:10,3,29135240,周乜乜,Realme真我GT7 Pro,,[],[],像素风画面也是可以精致的，这像素风也太粗糙了,,,1.0
722621,风之痕迹,46916127,2025-11-14 09:46:14,5,694158916,sc,Redmi Note 11T Pro,,[],[],好评三分之一给美工（很少有能把像素风驾驭的这么好的手游），三分之一给玩法， 三分之一给官方态度不错上,,,
722621,风之痕迹,46915998,2025-11-14 09:27:30,5,748657360,眼角的兩顆痣,HONOR JDY-AN00,,[],[],别的没啥问题，但是是只有我一个人武器快满了战宠还差一大堆的吗。概率要再调高点就更好了,,2.0,
722621,风之痕迹,46915562,2025-11-14 08:30:26,3,490729947,律化娜,HONOR PTP-AN70,,[],[],"从测试刚开玩到现在，历经了两个限时up池。我来谈谈玩这玩意的感受
首先是音画，音乐不错，很有gbfr的那种冒险与休闲的感觉，画质像素，感觉有点像老八。
其次是抽卡，也是我为什么只给三星的原因。爆率很高，保底是三十抽一个彩，实际上抽下来大概在十五抽就能出彩。但是！！！！歪率超级大，这么说吧，两个限时up池，我没有up过。测试服开到现在，邮件里面送了400多抽了，再加上其他地方的石头，抽数不下500抽了，没有一个是up。。。
剧情没咋看，不做评论",3.0,3.0,
722621,风之痕迹,46855073,2025-11-06 11:01:17,3,51804151,太,Nubia Red Magic 8 Pro,25620.0,"['operation', 'visual_music']",['gameplay'],"实话说最多只有三星水平。游戏具有中国游戏市场眼前一亮的画面和类型方向。
我玩了很多很多游戏，以至于看到这款游戏的宣传片，擅自加入了我的各种期待，导致游戏实在没有达到我心目中的水平，有些自说自话了😋。虽然只是公测，但摆出来的玩法也太少了。
接下来是一些言简意赅的建议：
【BGM】
战斗先不提，这个非战斗的BGM确实过于敷衍了。或者说平淡？那种独属于异界的史诗感，浪漫感，宿命感和那种隐藏在平淡里的丝丝忧伤呢（提名斯卡布罗集市？就照着这个调调改😎）。
【画面】
没的说，是这个游戏最大亮点。
【玩法】
已经是RPG了，外国那么多成功案例，不说那么难听的话，你给我稍稍借鉴一下有趣的玩法啊😡：
①多搞点交互的支线任务链接游戏彩蛋，侧面塑造世界观（有刀子都可以，世界就是两面的，大家骂是骂，你写好了大家还会记住你😋）；
②家园系统搞起来，拓宽受众群体：挖矿你那整得啥啊，我要随机地下城挖石头😡（0.03%挖出顶级装备😋）、我要在家园里种菜种草药😡、我要不同的假饵钓竿钓鱼😡、草药呢？没有草药我做什么隐身魔药、大宗贸易呢，我要卡负重，背着这个市场淘来的乱马七糟，徒步到另一个集市卖差价😡……相应的成就端上来，还有要对应的效果，增加种菜收益等等？
③主角。现在我玩得浅，感觉主角职业纯摆设，又不能下阵，为后期考虑直接转肉盾点嘲讽技能吧（你说没有嘲讽吗）😅，战斗是最省事的战斗玩法——站桩回合，你已经成型了，没啥好聊的，我对站桩回合制纯恶意，没有什么操作玩法，到后期全是数值碰撞……
④角色。这么多美少女，还用玩家教你怎么拨动少年少女的心吗？😡专属剧情呢？好感度系统呢？可以肝的特殊装扮呢？你以为现在就只有男的喜欢看美女吗？谁不爱美女以及和她们卿卿我我？😋
【拓展玩法不要喧宾夺主，想肝就肝，就照着这种调调改，游戏不爆我爆😤】
【剧情】中规中矩，没有亮点，也没有雷点，主角性格体现还行，坚毅果敢但单纯善良，属于经典王道热血剧情。没啥大要求，可以增加一些选项惩罚或剧情彩蛋增加趣味和玩家交互性与体验感（多打点怪，debuff，增加些世界彩蛋？）
【性别选角上有点个人建议，别卡死女主，开头剧情搞活泛点就行，我玩了几十款游戏，只要有选角从来没有选过女主……和女孩卿卿我我有点别扭？😋我玩游戏来爽的，况且你都是16限制的游戏，现在个个游戏宅很少进行男女社交，大压抑时代，你要根据时代特殊性改变，才能赚忙内和口碑啊😈现实里缺的冲动，谁给我补，我给谁忙内。无他，你让大伙高兴了😃】",9.0,41.0,6.0
722621,风之痕迹,46915216,2025-11-14 07:42:35,5,23093188,入戏太深㊣,Vivo IQOO 13,,"['visual_music', 'gameplay', 'operation']",[],感觉还不错，就是每天上线刷的有点累，好多的系统还不完善，可以期待一下正式上线版本。,,1.0,
722621,风之痕迹,45064073,2025-05-26 11:01:53,1,17097452,黑白巧克力馅,红米 K70,,[],"['operation', 'visual_music', 'gameplay']",为什么主角只能是女的？我取完名进去直接给我安排成一个贵族小姐😅,1.0,,
722621,风之痕迹,46914634,2025-11-14 06:18:18,3,10621345,Weiss Schnee,Vivo V1829A,130920.0,[],[],bug内测实在有点多，但是算是好游戏，公测后如果福利跟得上的话未尝不可一玩,1.0,2.0,
722621,风之痕迹,46914441,2025-11-14 05:43:40,2,642149815,灵轍,Realme真我GT6,159300.0,[],[],"莫名其妙进不去游戏了
",1.0,,
722621,风之痕迹,46912967,2025-11-14 01:49:57,3,419401274,无限复活,Android 设备,217800.0,['visual_music'],"['gameplay', 'operation']",简单写点心得，这游戏要克，还要重克才能玩，平民根本跟不上节奏，可能是内测东西出的比较快，如果公测也这样，只有重克才能玩下去，小克和平民根本没发育空间。人少关系，组个困难半天都没人来打，魔王除外。想打点材料武器都没人帮忙，应该设置一下帮助系统，分有ap点和无ap点帮忙，如果有ap点帮忙，能得到胜利物品，如果没ap点的帮忙，打胜后只能得友情点，不会有物品奖励。还有武器的升级系统，没继承，也没有返点，也就是说你升级了一把10级武器，但有新的想换，没继承不说，分解原有10级武器但升级材料不返还，在别的游戏真的没见过这样的操作。但最重要一点是bug太多，现在进游戏就卡着半黑屏，有声音就时进不去，也在qq群里反馈过，也下了群里的游戏app，但还是一样，现在卡着进不去，心累。我现在想玩到删档都不行，就想问问能不能把我充的钱退了😓,1.0,,
722621,风之痕迹,46912880,2025-11-14 01:35:12,3,29159051,消失的光年,小米24117RK2CC,,[],[],老是黑屏卡死,1.0,,
722621,风之痕迹,46912638,2025-11-14 00:51:03,4,40501533,你发誓你会有笑容,Android 设备,,[],[],"火塔登顶50层了，水机神的全体援护你们就给boss特动塞风伤害是吧，一个3技能援护下去直接人没了。
那你塞风伤害就塞等伤害了，那特动没法全体援护又是怎么回事呢，被boss一拍还是全死完，反倒是我不开援护水机神还自己活下来，能说明下这个援护的问题吗？",2.0,2.0,
722621,风之痕迹,46912176,2025-11-13 21:28:36,3,408121467,乒铃乓啷,小米24117RK2CC,68520.0,"['operation', 'visual_music']",['gameplay'],优化像素小人和刷副本体验会好很多，副本掉率太低无聊，出个自动挂机的系统会对后期帮助很大。还有这游戏真的能横屏吗？主线都过完了还不能横。,,,
722621,风之痕迹,46912163,2025-11-13 21:11:54,5,361340435,不做小困包,小米24117RK2CC,,[],[],怎么不能切换横屏？不是说横竖屏随便切换吗,2.0,,
722621,风之痕迹,46912141,2025-11-13 20:54:56,2,57410520,勾心豆角,Huawei Mate 60 Pro,685440.0,['visual_music'],"['gameplay', 'operation']","总结一句话：在bug里存有少量游戏。游戏里最好用的阵容不是最强的，而是bug最少的。
技能轴设置不生效，部分角色被动不生效，技能不触发，配队每天上线重置一遍，当前记录配队是火，点开是水，进到副本里变成风了。修bug拆了东墙补西墙，今天a明天b后天c大后天又变成a，玩的你精神错乱，身心俱疲。",1.0,4.0,
722621,风之痕迹,46911406,2025-11-13 16:23:19,5,82047612,蕾塞,一加手机Ace 3 Pro,3840.0,[],[],好消息：今天又又又单抽出核心了 还是很欧 坏消息：公测还要重新开始,,2.0,
722621,风之痕迹,46909690,2025-11-13 12:55:04,5,1328696,溱Aque,华硕ROG Phone 8 Series,,"['operation', 'visual_music']",[],别的不说，bro抽卡抽爽了,,1.0,
722621,风之痕迹,46909260,2025-11-13 12:02:34,5,105428971,手机用户105428971,iPhone 14 Pro,,[],[],好玩 爱玩 （1万钻）,,4.0,
722621,风之痕迹,46909139,2025-11-13 11:46:45,5,748524887,哈哈哈哈鹿人,Android 设备,,[],[],人和人之间确实体质不同，我和我朋友一起玩，都是零氪，我现在阵容还缺胳膊少腿的他都快凑齐四属性了。好在现在是内测不是公测,,,
722621,风之痕迹,46908645,2025-11-13 10:36:48,5,22439511,霸世狂魔龙傲皇,OnePlus Ace 2,,[],[],"底子不错 未来可期 
但是内测这个版本 bp给的太少了 既然要刷 就让大家刷个过瘾 真的没必要再bp上搞很多限制 个人看法",1.0,,
722621,风之痕迹,46906084,2025-11-13 04:32:07,4,567547769,造化,Redmi K70 Ultra,,[],[],这游戏咋没找到客服啊,1.0,,
722621,风之痕迹,46904513,2025-11-13 01:08:54,1,351777959,DDA,Vivo IQOO 13,,[],"['gameplay', 'operation', 'visual_music']",直接卡剧情，副本开不了，卡在篝火夜谈，永远谈不完怎么玩？,5.0,,
722621,风之痕迹,46830519,2025-11-03 08:49:07,5,5592722,雾刻,Android 设备,158400.0,[],"['operation', 'visual_music', 'gameplay']","没那时间别碰这游戏，掉落爆率很低，基本住里面，只能当主游，不可能当副游，游戏没前景，纯工作室向游戏。速跑。
经典的日系武器派生系统，不同的阶段套装效果还不一样，一改就一套，每套可以继续细分某一武器核心方阵，肝度极高，恨不得24小时钉在上面，我就可以预言这游戏开服炸服+大量玩家光速跑路，没强卡根本玩不了一点，强逼养4队，路子很极端，策划简直是个智者，拿这么一坨玩意在的大华夏卷帝服里卷？这游戏的目标人群其实非常明确了（闲暇时间多 能接受相素风 愿意吃井一池多up，井的概率很高，可能是4个up也可能是2up在一个池子，别指望着抽到想要的，很难！井一个up人物20000，摆明了想吃中年群体的卡内余额）我不否认这游戏能活很久因为跟一线游戏比成本简直低的没边了，但这个体验开服一周就得买量大概率会鬼服，你还是去考虑开日服吧看看日子过滴不错的玩意惯不惯你。
付费测试不建议氪太多，现在小厂网游说白了就是黑客提款机，被人家盯得死死的，开服没啥流水或者被攻击包解散团队只留运营割韭菜的。。。你以为玩的呢还更新其实只是空壳罢了，啥啥保障都没有，这不还没跑呢，测试那么多bug怎么都修不好👍🏻
我建议吧什么神火魔火去掉改成通用的代替，起码你别过主线玩着玩着换武器方阵了伤害还能跌下去啊？你这是在搞笑吗？前期省事还得是攻击怪兽加同一武器类型王国之灾核心系列，新的方阵体系需要大量的肝，跟从头养一样。我真服了你这得劝退多少萌新啊？
时间给的也很紧巴，肝本点数还得大量跑图合次数真的有必要吗？你直接一键派遣不行吗？不然你搞这个一键技能的意义在哪呢？搞笑吗这不，打能一键但没有进本次数，哎呦我滴妈啊，绝了。真是抽象！",1.0,,
722621,风之痕迹,46904411,2025-11-13 00:45:16,1,718723470,566760,小米Xiaomi 14 Pro,,[],"['gameplay', 'operation', 'visual_music']",全是bug，一开始剧情就卡死没法进行，官方不管不顾。捞一波就跑的节奏，别玩,3.0,3.0,
722621,风之痕迹,46904258,2025-11-13 00:06:38,1,30329745,。。。。。。,小米Xiaomi 14,88980.0,"['gameplay', 'operation', 'visual_music']",[],emmm闪退什么的都能接受吧 今天给我来了个上号就黑屏啥也干不了而且反复退出也是一样的😅,2.0,1.0,
722621,风之痕迹,46904229,2025-11-12 23:53:56,3,113951810,清风吹拂,小米 15 Pro,,['visual_music'],"['gameplay', 'operation']",老是卡退，莫名其妙黑屏，每天最少卡退个五六次，尤其是这个篝火夜谈任务，我也没有跳过，就自动把剧情看完，显示还没完成，我都看了四五遍了，一直篝火夜谈，谈不完了，大退也不管用，你们这优化是真的差，我就是奔着像素风去的，就算你们模型与画面构造的再好，老是卡退黑屏，很影响心态，最终玩家流失率也会很大，没几个人能玩的下去，赶快优化改正吧。,8.0,1.0,
722621,风之痕迹,46904050,2025-11-12 21:58:58,2,637471541,崩崩小圆帽,一加手机13,,"['operation', 'visual_music']",['gameplay'],世界频道全是人机，你那主线也过不去，副本界面打开啥都没有，卡池爆率倒是挺高的,2.0,3.0,
722621,风之痕迹,46903989,2025-11-12 21:06:06,2,6020933,白,Xiaomi Redmi K60 Ultra,122640.0,[],[],bog太多了吧，特别影响游戏体验，什么叫技能cd错误主角直接变成摆设，武器盘预测完全无法正常使用，刺客职业完全没法用，技能上写的降低敌方防御，变成我方防御降低？？？太半成品。,1.0,1.0,
722621,风之痕迹,46903937,2025-11-12 20:17:07,3,748425857,夏瀞,Android 设备,,[],[],"还行吧，环境光影很好，包括角色的立绘也很不错，就是主角能有个衣柜就好啦，毕竟相比别的角色看着有些普通。
再就是地图内容太少了，以及卡池爆率……emmm，不知道是不是我比较非，感觉好低，这个低是指up角色，不是ssr，两个up池，基本都是一个池子400抽才出两三个up，但至少有个200抽自选吧。
而且抽数也挺容易攒的，可大部分都是邮件给的，实际上内容可以持续获得的抽数很少，至于公测之后没有没这么容易就不知道了。
这些都还好。
但重点是战斗体验上的：
比如角色带来的buff缺乏描述，像什么援护，高扬，回避，什么之契……一共一大堆buff，压根不知道有啥效果，无法查看，战斗内也只能看到角色立绘牌上挂着好几排的小圆圈，却不知道都有什么用。
不过，就着密密麻麻的buff，哪怕有介绍也会看的眼花缭乱吧。
其次就是怪物攻击问题了，太……普通了？
就是简单的往前挪然后碰一下，和角色那闪烁的特效比起来，只能说看着很一般吧，显得BOSS好没逼格，无非就是立绘变大了。
再就BOSS似乎只会平a，也没什么伤害数字之类的，以及既时行动显示，导致角色怎么死的都不知道，就突然看到角色倒地了，也没受伤数值。
再就是十分常见主角贴图问题很严重，要么就职业贴图撞了，要么就剑士主角手里拿着法师主角的武器，要么就是主角整个人都没了，技能都放不了。
",,1.0,
722621,风之痕迹,46903930,2025-11-12 20:12:18,3,718641775,蝶衣,华为ALT-AL10,29160.0,['visual_music'],"['gameplay', 'operation']",打那个天启骑士迟到的剧情无限卡关，退出重来也没用,1.0,,
722621,风之痕迹,46903148,2025-11-12 16:19:54,4,105226062,阿K,Honor 60 SE,,"['visual_music', 'gameplay']",['operation'],畫風無敵好看（開頭的大蛇有點掉san），但遊戲的劇情比較逆天，有一種10多年前網絡小說的感覺，那個豎屏中間的固定搖桿也很難用，以及它的對話交互按鍵也不好按，其實可以試著做成橫屏的，這樣操作起來還比較舒服，,1.0,1.0,
722621,风之痕迹,46902867,2025-11-12 15:33:12,1,427647836,布芝麋鹿,Android 设备,,[],"['gameplay', 'operation', 'visual_music']",一级卡关 还有别人和我一样 大退和重启都试过了 逆天游戏,1.0,6.0,
722621,风之痕迹,46819510,2025-11-02 04:41:59,3,25728405,帝王引擎,OnePlus Ace 2,186780.0,[],[],"除了大量容易暴雷的Bug和如果你不是大佬就极其缓慢的手操战斗以外（游戏后期其实很难叫动人，还涉及到奖励机制的问题）
主角职业平衡做的一坨，技能效果不写全只有gbf遗老理解（所以遗老随便跳你脸），ui卡顿有时严重。
剧情不太想评价，也不是多差，也完全谈不上好，只是有时候明显看得出来喜欢写一些出戏的对话，反正挺小孩的剧情吧。
音乐我都关了...
画面你懂的。
这游戏最大的卖点就是gbf的养成和技能搭配。可能容易无聊。目前来看有点氪金，做好心理准备。开服可能有其他福利。
（其实这游戏是个换皮手游，但是能玩，我有时候就在想，抄个画风居然能提升那么多接受度，画面对人的影响还是不可小觑的）
",5.0,1.0,
722621,风之痕迹,46900742,2025-11-12 10:29:26,1,105538180,猫咖保安大队长,Android 设备,300.0,[],[],像素更适应横屏，没想到玩法是卡牌回合制，挺浪费这像素和地图，而且打斗都是回合制了，过剧情还要跑来跑去纯浪费时间，反正在哪个地图一不会影响打斗，美工像AI溶图，如果我说错了，我先提前道歉 而且既然游戏从画风剧情人设都是模仿老RPG游戏了，为什么不试试大世界打斗，这么精致的怪物一浪费了，总之美工骑着策划,1.0,,
722621,风之痕迹,46900212,2025-11-12 08:58:29,1,2798191,SORa,Android 设备,1260.0,[],"['gameplay', 'operation', 'visual_music']",给一分是因为最低分只有一分，玩的想睡觉,1.0,1.0,
722621,风之痕迹,46898892,2025-11-12 05:18:38,1,7868449,樱花树与猫,小米24117RK2CC,363360.0,[],[],"bug痕迹，不是你这不是四测吗，这么多bug前三测是测了啥？技能有bug，技能轴有bug，进图有bug，体验真的烂透了😡😡😡
尤其是水，什么暴击不生效，乱击有问题，冻伤被别人顶什么的，全是群里测出来的，个个影响输出，风比别人强的原因是因为bug少是吧，真笑不活了",2.0,1.0,
722621,风之痕迹,46898083,2025-11-12 02:58:06,3,574624959,LoseUwu,Android 设备,,['visual_music'],[],"美丽视觉
但是我需要横屏模式😫😫😫",2.0,1.0,
722621,风之痕迹,46851775,2025-11-06 04:00:29,2,459683351,Sublife315,Android 设备,29280.0,['visual_music'],['gameplay'],"剧情不喜欢，很鸡肋，清汤寡水。
玩法没什么意思。
美术很好，但希望能有横屏。
主角锁女，不是很能理解，表现也不讨我喜，也没有代入感。",1.0,1.0,
722621,风之痕迹,46896824,2025-11-11 19:43:26,2,342096817,栢坔,Vivo IQOO Neo9,5520.0,['visual_music'],"['gameplay', 'operation']",你到底优化好没有啊？过个主线剧情三回bug，两回闪退,1.0,,
722621,风之痕迹,46896763,2025-11-11 19:07:50,1,424575125,柒夏望月,Realme真我GT Neo6 SE,,['visual_music'],"['operation', 'gameplay']",在bug上面做的游戏，遇到的bug比遇到的怪多。,1.0,4.0,
722621,风之痕迹,46896729,2025-11-11 18:46:39,2,335759639,多多 快乐的犯二,OPPO A系列,,['visual_music'],"['gameplay', 'operation']","十天测试体验 以及退坑感想
老规矩 先说优点
音乐还行 画风优秀 慢慢玩能搞一切资源
除此以外全是劝退点
首先游戏没有安全感 更没有爽快感
从头到尾玩家都在纠结角色 
打不过就抽角色
但是卡池是没有保底的 价值三千块的抽卡资源扔进去 你可能只能拿一个200抽兑换卡
没角色没队伍打不过怎办
只能等大佬花一小时一点的体力BP帮忙
那大佬不愿意打这个本或者没BP怎办
呵呵 聪明的厂商早就知道 就算没体力也得放大佬到新手副本装B
玩家来玩游戏不是来受虐的 
从头到尾都是两个字  不爽
任何优秀的游戏都有爽点
魂游的boos只用杀一次 终于报仇了
传奇的PK爆装 毒奶粉的一路秒杀
各种战棋网游的争夺大地图控制权
你游的爽点在哪？ 
我队好强 刷困难 只让我看了三分钟PPT？
其次快6202年了 还在用战力和排行PUA？
最后 一个简简单单的记住玩家指令集
下次战斗按玩家上次这个顺序放技能 
很难实现么？
你觉得你很聪明 
玩家必须按照你的设计思路去玩
那好 你自己玩的开心点
我去玩能让我玩的开心的游戏",4.0,9.0,
722621,风之痕迹,46831059,2025-11-03 10:17:17,4,713185170,Jackal,OPPO Find X8 Ultra,112860.0,"['gameplay', 'operation', 'visual_music']",[],"BUG还是有点多。。虽然差不多毕业了但感觉新副本的爆率还是低了，有时候打了近乎80%-90%的HP也没有很好的正反馈，反而有时候因为BUG不小心选错队进去蹭俩下就掉了好东西。
说说个人觉得比较恼火的BUG吧:主角有时候切职业还是会偷偷变回去、战力时高时低、游戏内释放技能会无效、组新队一定要开下面的槽才能正常组（第一个白白浪费还点不进去）、打本的时候显示非法文字导致无法招人（这个是最致命的）
我真的很喜欢很喜欢这个游戏，虽然是封测但是送的很多，氪也氪爽了加上bp的只需要努点力很容易就起来，现在别的手游根本不想碰，已经做好当主力手游的准备了，由衷希望不要作妖🙏🙏🙏BUG能修好就修好，不求大红大火能平稳运营就好了，，人物美术完美的有点像AI了（如果不是可以骂我）召唤石的龙有素材重复利用的倾向，这个也稍微改一下吧",1.0,1.0,
722621,风之痕迹,46896655,2025-11-11 18:14:03,2,32608462,辽东经略,Honor Magic5 Pro 5G,,['visual_music'],['gameplay'],画面很美。没了。,2.0,,
722621,风之痕迹,46839800,2025-11-04 12:01:03,4,28578780,用户28578780X,Web 官网,,[],[],"在某站上玩了两三天了，目前来说小问题不少，但是独树一帜的优秀美术风格和王道却又不老套的剧情足以弥补这些，游戏玩法也算合格，卡池也不折磨小氪了一千四个属性队都齐了，总而言之值得期待，希望正式版能有更好的体验。（pc上图片一直上传不了，算了不放图了）
——————————
——————————
啥必一堆bug不修等着公测褒姒吧",1.0,,
722621,风之痕迹,46896501,2025-11-11 17:22:54,3,614129210,Vic,一加手机 7 Pro,,[],[],八方旅人画风的H2D外皮+GBF内核的游戏系统，GBF都知道，好玩是好玩，但是巨肝，而且如果卡牌制作平衡不好，奖励资源跟不上，就会变得巨氪无比，现在先三星观望，希望公测以后不要因为平衡做不好就摆烂做成纯强度卡牌游戏,1.0,2.0,
722621,风之痕迹,46896220,2025-11-11 16:20:38,4,604267464,暮雨,Android 设备,53160.0,"['gameplay', 'operation', 'visual_music']",[],"个人满喜欢的，差颗星是因为池子太乱了😭
我入坑时是火池，光火系就有好几个角色和战宠了，结果火池还能出风、水、地系的😑
还有就是战宠爆率太低了，武器都满了，战宠还差好多
有点肝。其他都不错，毕竟还在测试😋😋😋",1.0,,
722621,风之痕迹,46895981,2025-11-11 15:41:46,1,105656965,赤坂龙之介,小米13,,"['gameplay', 'visual_music']",['operation'],兄弟，你先解决一下系统设置技能乱码的问题，其次就是闪退加载错误等等一系列让我手机快冒烟的问题,1.0,3.0,
722621,风之痕迹,46895932,2025-11-11 15:34:48,1,494339828,RPG的神,Web 官网,,"['operation', 'visual_music']",['gameplay'],"画面风格都是实机演示 
主要是游戏玩法的单一性和队伍 全世界都是一个队伍 你只要不玩那个队伍 打怪就什么都得不到",2.0,2.0,
722621,风之痕迹,46892874,2025-11-11 07:10:53,1,5485737,Duke.,小米Xiaomi 15 Ultra,540.0,[],[],破烂游戏，给的测试机会，进不去游戏，太棒了👏🏻🎉,5.0,1.0,
722621,风之痕迹,46892372,2025-11-11 05:35:37,1,729975165,:•）,荣耀 畅玩30 Plus,,[],"['gameplay', 'operation', 'visual_music']",更新之后登不进去，也更新不了，一更就断网。以删。,2.0,1.0,
722621,风之痕迹,45444345,2025-06-28 04:54:44,4,6569504,柠檬甜.ღ,红魔9S Pro+,,['visual_music'],[],"四星全给美术，这个美术效果是可以的。
然后就是竖屏的原因，没必要做成竖屏，改成最终幻想4那样的横屏差不多了。
重点是卡池的问题，还有队伍属性的问题，导致队伍要求过高，差评，其它的暂时不做评价，剧情还在打",1.0,4.0,
722621,风之痕迹,46891707,2025-11-11 03:13:15,1,59675539,手机用户59675539,OPPO A93 5G,195660.0,['visual_music'],"['operation', 'gameplay']",没技术没实力，还非常贪。开服到现在毛病越来越多。必死的节奏。,3.0,3.0,
722621,风之痕迹,46877074,2025-11-09 01:37:18,1,555245211,晕,Android 设备,185760.0,[],['operation'],"非克制属性直接50%减伤根本打不动了，强制要练4队，然后把元素本ap从10提高到25和支援副本一次消耗3bp直接把炼金给砍废了，本来还有机会能ap打元素本炼金概率出ap药，无限循环攒bp提练度，现在去大地图撞小怪吧，一个地图就几个怪还远的很，撞死10个出一点bp，这下肝度直接比之前翻了几十倍
11月11日更新
新活动出了，评价为不想送角色，第一步要先做武器，要5个金色的恶魔之心，到处都要这个东西，只有困难康斯洛特每天两次有极低的概率掉，想协助刷，一个本上限6人，进去基本就死了，大部分时候进都进不去，每天每个人只能开两次，玩的玩家少了连协助都刷不到了，活动5天结束，估计凑不出来5个恶魔之心",10.0,3.0,
722621,风之痕迹,46890423,2025-11-10 17:58:30,2,989365,大瓢羹er,OPPO Find X8,,[],"['gameplay', 'operation', 'visual_music']","目前各方面问题都还是挺大的，可玩性方面，作为共斗游戏，共斗体力卡得很死有点莫名其妙，有点不太希望人长时间游玩的意思。机制几乎照搬，这方面有点太烂了
系统上实话说操控起来感觉很卡顿，不流畅，各种选项出来的时候那个小动画很卡触控，不优化掉的话给人肯定有卡卡的映像。
画面上，实话说立绘暂且不做评价，像素的ui设计会不会太丑了，感觉像是从哪里招了个页游遗老来做的，对战的那个画面布局设计也是异常的丑。
一测这些肯定改不了了，等后面二三测看看优化情况吧

再补一条，地图的设计其实有点败笔。那个跑图的过程感觉不到对游戏性有任何帮助，体验下来就是为了有个可以跑的图然后做了个。一来没啥作用画蛇添足，二来确实做的还是很丑。像素真的做得太丑了兄弟，如果找不到审美OK的设计师，做不到砍公骑冠剑的水平，还不如老老实实立绘对对碰吧",1.0,1.0,
722621,风之痕迹,46890141,2025-11-10 16:41:06,5,431922173,清隆,小米15,51900.0,"['gameplay', 'operation', 'visual_music']",[],挺有意思的游戏，肝的停不下来,,1.0,
722621,风之痕迹,46890101,2025-11-10 16:32:43,4,435837405,风梳海皱,小米Xiaomi 14,,[],[],"这两天瘾了一样高强度刷副本，真tm服了这爆率了😃
先说一下魔武吧，改了之后跟不要钱一样疯狂出，突破的金素材死活刷不出来😅
你告诉我这些魔武溢出这么多有什么用？还销毁不了，你哪怕能换金素材也行啊，这玩意搞这么金贵，那先前喂给动物园武器的那些能不能还我？
然后是1.0武器的副本，毫不夸张的说刷出来四五十把武器里没有一把是隐藏武器，普通武器猛猛溢出，然后好不容易刷出来一把隐藏武器往盘里一放还不如突一把动物园😛
我也不说刷的是普通副本怎样，从刷魔武那我就懂以后刷这武器是怎么样的了。
众所周知牢房坐久了是能出狱的👍要不你告诉你坝这b武器一天限制出一把还是怎样，我保证一出货马上停手。
说一下抽卡，这两天送的抽挺多，但你改的那爆率你自己笑了没，我反正全保底，还指望抽一井一看来是不现实。
刷子游戏正反馈是很重要的，上线正式服后你如果要坚持你那b爆率然后让牢玩家攒功德才能出货的话那我必喷。
炼金那块能炼出铜钢银钢，如果你说能炼出黑钢神木枝那我能拜你为神了🙏钓鱼这块鱼饵只能日常获得？希望后面能多搞点，像什么能炼出来能买什么的。（我四条大🐟就喜得四抽🤡）
明天就要开第一个活动，还不知道怎样，能得两个黑钢的话那平民玩家至少有一系玩限定能爽玩了，但是希望数值不要膨胀这么快，后面有什么角色90级100级魔宠多少星看你们怎么把控了。
",1.0,,
722621,风之痕迹,46889659,2025-11-10 15:16:55,4,745389147,游玩者,Android 设备,,['visual_music'],[],玩的时间不多 目前感觉画风和场景非常喜欢 音乐和战斗机制不错  建议角色整体实力提升不要整的太复杂 再玩一段时间再来评论  ,,3.0,
722621,风之痕迹,46889328,2025-11-10 14:29:55,3,39223207,a. ,Vivo IQOO Neo8,,"['visual_music', 'gameplay']",['operation'],怎么横屏呀 能横屏吗,,,
722621,风之痕迹,46830120,2025-11-03 07:54:30,2,64773416,猪头大炮,荣耀 畅玩30 Plus,211980.0,[],"['gameplay', 'operation', 'visual_music']","长期活动评论，标注了时间事件，没更新评论就是溜了。
开测第一天没办法登录，说h客操作，界面一直黑屏快十二个小时，正反馈没有任何回复，经历三十小时重新登录，落后其他玩家一整天活动和活动任务，官方群好搞笑建议玩家重新起号，某某龙息就是您游的下场。
11月4日官方更新没有提及和回复登录黑屏原因，距离公会boss打完黑屏闪退过去二十个小时，更新项目也没有提及。
11月6日评论改成三星🌟，这公司听人劝。
无法登录黑屏已经改善，但是还是会闪退游戏崩溃，重新登录七八次（有几率直接崩溃闪退）才能登录进入游戏，武器获取强化突破流程的材料获取有点乱，公会团长长期不在不可以罢免团长🐶，获取游戏材料繁琐花费时间巨长，各项小副本应该出个一键扫荡，补偿的东西没见到。
11月9号这帮家伙有反骨，在这个美丽的夜里我抽了180发的池子要拿200抽大保底池子的，没了，清零了，换池子，没了，今天改评论两星，其他改动肝帝来了都要肝硬化，200多把副本掉落感人。
11月10，这个游戏消失在我的游戏菜单，本土游戏环境尽头梯式金字塔抽卡。",5.0,2.0,
722621,风之痕迹,46807831,2025-11-01 05:10:50,5,31383030,跑肚型男,Android 设备,,[],[],"给个五星期待，确实很期待
测试了，超级无敌喜欢，啥时候公测啊",,,
722621,风之痕迹,46887887,2025-11-10 10:49:09,4,111761247,User111761247,小米 15 Pro,,[],[],不是哥们你要不想想这武器也不让分，重复装备又吃不到属性，关键是恶魔心什么爆率，刷我一堆垃圾重复在仓库不能分解是何意,1.0,,
722621,风之痕迹,46887204,2025-11-10 08:54:50,5,21378744,小熊饼干,Android 设备,,"['gameplay', 'operation', 'visual_music']",[],好玩,,1.0,
722621,风之痕迹,46886382,2025-11-10 06:30:41,3,56797602,nameless,Android 设备,48420.0,"['gameplay', 'visual_music']",['operation'],"游戏是个好游戏，但是
1.bug上做了个游戏。

2.各种乱七八糟的名词：不死身、幻影、激昂、奥义连锁。。。
具体效果是啥屁解释都没有，经群友提醒才知道是照搬碧蓝幻想。
问题来了，我看个效果还要跑去碧蓝幻想Wiki查，那我不如直接跑去玩人家游戏。

3.究极大杂烩混池，哪怕是up池概率提升也是微乎其微。
想到手固定角色、魔物就是“史里捞金”。
想配什么队伍不是你自己决定的，而是看系统施舍给了你什么角色和魔物。

不改这些，公测后能活我跟你姓。",,,
722621,风之痕迹,46828079,2025-11-03 02:56:14,4,84532009,挠无敌,小米 15 Pro,99720.0,"['gameplay', 'operation', 'visual_music']",[],"第一天:玩儿了一点点时间……应该是能继续玩下去的
第六天:…无论是武器盘的提升，还是获取新武器…已经感觉到无聊了…这游戏没有长远目标，感觉越玩儿越没兴趣，要不是战斗耐看，可能今天就删了。另外因为炸服给了一百抽，加上送的抽，只变成了刚刚能玩儿，所以总结下来，就是要么一直氪，要么一直肝。
第九天：已退游…玩儿两个刷刷刷游戏太累心了…
1，战斗方面：
回合制，个人喜欢。
自动战斗，极大降低了技能武器宠物BD的兴趣，完全不想去看文字说明。希望高难度副本还是手动的好。
技能轴，这东西有，能设置，但是设置的时候没有技能说明，设置之后有不触发的情况。不过整体看，技能轴的灵活性还是有的。这个东西弄好了，自动战斗的问题其实不太大了。
BD，有点看不懂是什么思路，感觉C不是那么的明显，辅助也不是纯纯的辅助，没啥思路。整体引导是向纯属性队发展…感觉属性队有专门的特色，但又不明显，这个就感觉奇奇怪怪的。好多buff没有详细说明，还得完善下。
2，剧情方面：
中规中矩的故事，对话里面有一堆莫名其妙的梗，个人觉得不是那么合适。
抽卡人物跟剧情没啥关联，玩儿起来也挺奇怪的，我为啥要带着跟故事没关系的角色打来打去。希望能补全任务剧情吧。
3，探索方面：
自动寻路、瞬间移动这部分就废了，没有探索欲望。是不是可以增加这块儿的奖励，或者玩法。
4，画面方面：
个人喜欢…整体风格类似黄金太阳，无脑好评。
5，氪金方面：
如果能加强sr的就业场景，BD组合可以设计的好一些。可以支持月卡+协议。抽卡不做任何支出。
6，音乐方面：
个人觉得不错，登陆页面听到了一首歌，但是后来就没有了，不知道为什么，挺好听的。
7，运营方面：
目前觉得运营内容体现的不多，大概率会被玩家骂死，后面再看。
说是被攻击了导致炸服，目前看运营还是希望游戏能好的，态度不错。谴责黑客攻击
送给策划：
回合制游戏，太肝死得快，太氪死得快，个人觉得氪佬容易丧失兴趣退游，月卡玩家容易肝的无聊退游。整体还可以，希望再好好考虑。
立绘方面可以再整整，有点中规中矩了。
剧情再搞搞，整几个好的写手，建议去无期挖人。
没了…后面想起什么再更新好了",3.0,25.0,2.0
722621,风之痕迹,46885417,2025-11-10 03:15:01,2,499459654,清风徐来,Realme GT Neo5 SE,6360.0,['visual_music'],"['gameplay', 'operation']",好好的游戏里有米游和网游的影子，要素过多,,,
722621,风之痕迹,46884830,2025-11-10 01:07:07,3,54480522,柠萌,小米13,,['visual_music'],"['gameplay', 'operation']",画面还是可以的，复古风。可玩性不高，界面ui设计也不合理，立绘也没有全屏浏览。编队不好用，角色和武器就抽一个就行这是加分项，但想抽到太难了。总体没有继续玩的欲望,,,
722621,风之痕迹,46876326,2025-11-08 21:48:21,2,349018095,夜游神,OPPO Find X8s+,,[],[],"今天凌晨在没有维护之前战力是22074万，维护过后上线一看战力直接给我降了变成10274万，策划请问您是怎么想的呢，还有你们的网络的确太差了，满格信号都会给我弄掉线，实在是高。卡得逼爆，网络差得吓死人，刚刚才玩了下来，这游戏伤不起，进副本，打材料都需要体力，正在战斗中，突然就掉线，满格信号哦，等于这体力就没有了，奉劝还是别玩了，该跑多远就跑多远，体力今天又修改了，之前进别人正在战斗中的房间里只需要1点体力修改后直接2点体力，打材料之前是10点体力修改后直接是25点体力，打经验本之前是10点体力，修改后直接是100点体力，刷副本和打材料打经验本，一个小时不到就见底了，不玩了还玩是继续玩我的卡车人生都比这货强。
",1.0,1.0,
722621,风之痕迹,46883821,2025-11-09 16:59:35,1,700471112,徐北游,A9000,9060.0,[],"['visual_music', 'gameplay', 'operation']",一般，太差了玩起来感觉就是浪费时间像素建模差的很,1.0,1.0,
722621,风之痕迹,46883248,2025-11-09 15:27:37,5,551548656,落情空,Android 设备,,[],[],我觉得挺好的😋，开局被陨石砸死😂,,,
722621,风之痕迹,46883209,2025-11-09 15:22:01,4,569713193,007,华为TLR-AL00,19380.0,"['operation', 'visual_music', 'gameplay']",[],好独特，感觉无意中玩到了梦中情游，是那种刷怪打副本的游戏但又有二次元风格所以玩起来更美观，光影看着很舒服，福利也还蛮多的，感觉不是很肝，喜欢竖屏！,,,
722621,风之痕迹,46805839,2025-11-01 02:15:10,3,218809,im1194501,Vivo IQOO 11S,,"['gameplay', 'operation', 'visual_music']",[],2.0武器的爆率太低了吧，刷了几天都刷不起,1.0,,
722621,风之痕迹,46882284,2025-11-09 13:16:08,3,19086852,梦千秋，幻轮回,小米24117RK2CC,,[],[],先不说其他的，k80，玩这游戏5分钟，开始逐渐发烫，玩到10分钟已经烫的不行了，我这是来玩游戏还是烧手机😅😇,,,
722621,风之痕迹,46880802,2025-11-09 09:37:02,4,49352350,寒枫,Android 设备,36240.0,"['gameplay', 'operation', 'visual_music']",[],"画风真不错 人物的画风看着很舒服 不是那种一眼ai图 平时的运营感觉也是有用心的这很好
不过故事真得再打磨一下 蕾欧娜那几个小伙伴老实说我并没觉得她们和主角关系多么好多么信任 只觉得她们是天然的呆 主角有事瞒着他们没事找他们玩 看着跟利用他们似的 看那几个小伙伴在不知情的情况下被伯爵抓住差点送命都没找我要个解释 就直接大气的开始安慰我真的挺难蚌的 再工具人也不能那么“The 工具”吧😅
还有在副本boss上要把打不了的boss也明确标注什么时候怎么做才可以打啊 这个当然知道吧 可能只是还在内测的缘故没顾得上做 这倒可以理解",,4.0,
722621,风之痕迹,46880530,2025-11-09 08:59:28,3,546432117,会飞的大熊猫,Huawei Mate 40E,,[],[],换个名字死灰复燃了？👍🏻,,,
722621,风之痕迹,46829636,2025-11-03 06:48:53,2,52480077,鹿芒,Android 设备,,[],[],"三星先观望一下吧看看后续如何
刚进游戏，画面真的不错，毕竟主打的就是画面
然后就是缺点了：帧率不行，不动感觉没什么，动起来真的有60帧吗，玩着真难受有点晕的感觉（玩其他游戏从来没有过）
还有腰杆真牛壁这位置比指纹的位置还高，在中间偏下一点根本不适合竖屏腰杆操作（建议：把聊天框缩减到侧边栏可以手动打开关闭，腰杆位置放到最下面）
这就是刚玩的体验，后续体验会追加评论
-----
修改：看到更新还以为是优化了，结果摇杆还放那么高，放那么高是准备供起来当你们策划的牌位吗",,1.0,
722621,风之痕迹,46860366,2025-11-07 04:13:13,2,631838515,诚鸽,小米13 Pro,,[],"['operation', 'visual_music', 'gameplay']","第一次写长评，不好的地方轻喷
先说优点吧 本作玩法更像是采用了碧蓝幻想共斗的玩法，队伍间存在奥义协同，同元素加成，各种buff等。
剧情是传统RPG那种，主角上来就被神剑选中，然后经历各种考验，满世界跑的破除各种封印，打败各种怪物。
福利抽卡方面 测试的时候给的抽数很多，普通池 up池都有几百抽，30发保底一个SSR200抽 自选一个up，抽角色送武器，抽数足够组四元素同色队。
资源方面 不逼氪，什么都可以去刷，只要舍得去肝，总会有，氪金不外乎是提前体验。
OK，优点说完了，那么来谈谈缺点
优化烂，卡顿，发烫，移动轮盘，交互固定在中间不好操作，各种bug这些问题一堆人反馈上去了，没见官方处理。
主线方面 地图又大又长，自动寻路还不会传送，这就导致主线冗长一直在跑图，而且主线几乎没什么奖励，但又不得不做，不做你解锁不了后续的副本。
剧情方面 主角团就是群臭傻哔，只知道热血上脑的傻哔，有点小聪明，但就是没有脑子的臭傻哔。火山那一章，前一秒跟村长谈的好好的先调查，再做决定。后一秒对自己好的婶婶死了，就直接上头一路爆干上火山了，完全不考虑后果，到主角嘴里村长莫名其妙变成所谓山神的帮凶了，隐藏的恶魔说什么就是什么，说俩句比谁都上头。队友在分析婶婶被绑的细节，轮到主角了突然就来句都是我的问题，直接就emo了，队友也跟着降智安慰上主角了，我草？！这TM是人能干出来的？这类似的操作几乎是涵盖了整个游戏剧情。
福利抽卡 看似给的很多抽数，但实际上武器角色魔兽究极大混池，还分up池 普池，保底是纯随机保底，角色还分出一个 始源化身层次的SSR，魔兽就完全没保底，这就导致这么多抽数砸下去，一支元素纯色队都组不出来都是有可能的。
资源配队方面，你一定一定是要组四元素同色队的，这个资源需求庞大无比，因为四支队伍的资源不共享，需要养的东西包括角色 武器 魔兽。其中魔兽，武器可以靠副本获取，但好用的还是得抽，不抽就低人一等，别人共斗副本一个人拿mvp 贡献 房主奖励，你没有就只能拿房主奖励，资源获取完全不是一个量级，后续就是差距越拉越大。
资源获取全靠手动打，没有自动，没有扫荡，没有多倍。
本来是想打一星的，多的一星给到八方旅人的画风好吧，这算是我个人的小私心，评论写的有点混乱，给观感不好的说声抱歉。",9.0,48.0,3.0
722621,风之痕迹,46834492,2025-11-03 19:11:32,2,2942223,業風,REDMI K80 Ultra,155340.0,['visual_music'],[],"四评：
测试天天送普池票是有点好笑的，删档测试多送点石头都不肯的。
凌晨习惯性看了眼发现不给登，仔细看了公告要更新，始源系列血量提升不是大问题，但是非克属减伤-50%是不是有点逆天了？我是四队都练了，百六的四属限定齐全，全部角色也只差三个没抽到，三属老王一队属贵带队全部都可以不嗑药手操单挑克属岛主，你是觉得所有人都可以很快把练度拉到这个水平吗？加个硬减伤强行拖进度是吧
然后就是巴武改直接掉落了，你内测天天更新要改为什么不早点改？刷了100+bp才做出来三把还在攒终突然后你说改直接掉落了😆真绷不住，你能补发多耗的体力和素材吗。
还有这火up真是看笑了，你这角色强度什么水平没点数了吗？武器是第一个浑身，角色进队带攻刃放大常驻4倍防御力大招1900%倍率。本来以为活动池都是百六了，第二个池子就恢复百三，意思你玩火属就硬着头皮下百三池捞老王和属贵是吧，这幽默概率真的的。
掐指一算接下来就是另外三属池子up，正好到12月初测试结束，商店又更新了98每个的黑钢和金刚晶礼包，越看越觉得是想捞一波就跑了。
最后一个问题，你游没有全身立绘吗？没有图鉴吗？本来就因为ai的问题在边品边观望，一个更新直接把人看笑了，演都不带演的。
带两张最好笑的图
————————分隔线————————
简单三评：
1、错怪了，新剧情推完的本才是真岛主，120%攻刃对比老王的130%才合理一些，毕竟方阵武器能肝满。
2、9日后新剧情，又卡剧情进度了，猜测是要测试新副本情况……
3、周回资源比想得多一些，出现在爬塔这里，30层挂机就平均5石/h了，这样一天挂机产出大概是一抽多一点的，一个月满活跃整体有个80+抽
4、狗粮本的角色狗粮和召唤石狗粮产出是1:1，导致了相比于角色狗粮比较大的缺口，召唤石狗粮简直多到溢出，炼金炉能不能开个转换功能，折损比例兑换都能接受
5、之前没仔细看，在配四属队伍的时候发现某个土角的ai痕迹极其严重，晚点有空仔细鉴一下其它角色。
其它看情况再补充吧
————————分隔线————————
二评：
又刷了一天，狗到了风老王和水天司……召唤石的技能效果可以说千篇一律，看一半都能猜到另一半是什么，同质化严重。
该严肃点讲点问题了：
1、这个移动键的位置极其极其难受，还没有轮盘随按下位置变动的软适配，正常人到底谁会一直把手指按在超声波指纹这个高度正中间的位置拖来拖去啊？拇指食指都非常别扭。没有考虑过移动的时候让底部菜单隐藏掉然后轮盘整体向右下偏移一些吗。
2、大概猜到是怕东西太少被一次肝完，但按日期开放剧情还是有点抠搜了。
而且我个人习惯玩什么游戏都是捏同性主角的，你游这块怎么不学gbf可以随便切主角性别了？怎么剧情就定死是女主了？我看见游戏刚上来一段简直是妈妈桑说教一样的经典桥段陈词滥调真的嫌烦，跟游戏内容和游戏性没什么关系的内容淡化一下性别存在行不行？如果你要写魔幻冒险故事，主角到底是古兰还是姬塔重要吗？
目前开放的剧情也没有主角身世展开，是怕写男主你这帝国爵府的设定出bug导致hold不住吗？还是你们有什么别的小巧思主角就必须是女的？我想了半天没感觉出有什么不能自选性别的理由。
3、除了日活周活没什么其余周回奖励，爬塔挂机给的……爬高了估计也就一天一抽。排开一次性拿完的部分，一个月大概就75抽左右吧。每次硬保底扣掉返的部分是180抽，三个月左右才攒得出一个保底。但你游第一个池子就是0.24%*4的百六但是超绝四up，不吃井的自选想一井内抽齐都费劲。在这种情况下还没有月卡或者通行证这种小氪攒抽的手段的话，有点微妙啊。
说真的要说靠美术卖卡的话，应该还是会有很多人买账，但直充买抽总归是一件很贵的事情，看礼包设置也是四个98r随机和自选，总感觉付费模式还没设计好。
4、优化不提了，第一天卡得我直接没玩，第二天好一些了但是一切后台大概率死或者假死，今天切后台存活率显著提升。还有红点是不是有点太折磨人了，尤其是背包这块的红点多得让人养胃。
5、目前除了金月银月依然没有找到黑钢ffj和jgj的获取方式，你最好是有个古战场+战货类似的玩法系统，不然纯靠重复抽兑换不氪穿是没指望终突了。
说到这个突然想起同款limited标志，还是有点难绷（
———————补个分隔线———————
一评：
风味gbf，几乎完全一样的ui风格、战斗方式、技能模组、共斗设计；四属岛主两个难度各两局一天16局，特殊副本一天四局。
目前没见到光暗角色，特殊武器制作看了一圈应该全要打类似后面开放天司本的东西掉素材。
方阵盘构筑按理说应该挺好理解的，但是岛主石头属性只有60攻也太烂了……没有老王同款的攻刃倍率放大暂时还没想清楚成型盘是怎么搭的，应该也要塞几把巴武法武之类的进去。
钢和金的获取依然很费劲，jgj怎么还学gbf搞限购。。
日常一抽周常5抽，30必金但200保底，实际出率应该是高于百三和百六的，但这个up也确实是如up，又到了无井不下池的环节了吗。
测试每天都送，暂时看不出很多弊端，如果送得少了感觉开局会很艰难。。。总之测一个月先继续品品吧。",9.0,19.0,
722621,风之痕迹,46879530,2025-11-09 06:53:48,5,432405327,希内,Android 设备,151440.0,"['gameplay', 'operation', 'visual_music']",[],卡池爆率很高，进服就送200连抽，不搞虚的，玩法很不错，喜欢像素风的，强烈推荐入坑😁😁😁,,1.0,1.0
722621,风之痕迹,46878842,2025-11-09 05:25:03,3,36002775,蛇皮蓝慕=͟͟͞͞ʕ•̫͡•ʔ,Android 设备,67680.0,"['visual_music', 'operation']",['gameplay'],刷材料非常无聊，一直挂机，也不能跳过，剧情不评价，也没出完，奔着像素风来玩，玩了几天，不知道咋玩下去的。。。 ,,1.0,
722621,风之痕迹,46878782,2025-11-09 05:15:59,1,472892476,光青,Android 设备,7500.0,['visual_music'],"['gameplay', 'operation']","刚开始是让我眼前一亮的，这个质量完全可以做成单机，我个人过主线的时候也是把角色都放到二队，一队就是主角团4小只，刚开始体验挺好，这一次更新，你绝对调爆率了吧，之前都是20抽平均一个彩，现在次次都是吃保底，120抽没有迪亚波罗，还有新角色爆杀老角色，哥们你这朴实无华的数值提高给我整笑了。
本来我冲着画风我想支持一下，你现在这个吊样，快死吧，然后出个单机版或者变成素材库，你游这强度膨胀我不想碰了。",2.0,4.0,
722621,风之痕迹,46878755,2025-11-09 05:12:30,2,628576939,凛,华为ADY-AL10,,[],['gameplay'],"就像是照搬日式手游，总感觉挺老旧的。
画面好看，移动难受，剧情流水账，ui不方便，没有策略对战，也没有探索的乐趣。理解不了要怎么玩，能玩什么内容。
25年的国产游戏照搬这种不好玩的体系，做成什么不好？像在取其糟粕，难评。",,,1.0
722621,风之痕迹,46878725,2025-11-09 05:08:51,3,463138600,xcd2122,Vivo IQOO 13,,[],[],疯狂闪退！还有请问这是什么,,,
722621,风之痕迹,46878242,2025-11-09 04:04:45,3,399273456,⭐,OPPO A3 5G/A3i Plus 5G,,"['operation', 'visual_music']",['gameplay'],初玩体验了一下，感觉游戏过于便宜了，抽奖还是套着背景的音，抽出来角色以后没有什么介绍或者故事来了解,,1.0,
722621,风之痕迹,46878130,2025-11-09 03:51:43,3,3961424,動玖天,小米13,18480.0,"['gameplay', 'operation', 'visual_music']",[],玩着还行，上来没有一大堆弹窗只有一个6元首充礼包，商店里也只有抽卡游戏都有的哪种礼包，零氪目前内测玩着也还行，就是老是闪退，玩着玩着就卡死闪退了😅,,,
722621,风之痕迹,46877883,2025-11-09 03:21:07,2,69991322,神音千翔,一加手机Ace 5 Pro,105000.0,['visual_music'],"['gameplay', 'operation']",游戏本身音乐画面还是可以的，但是作为游玩的本体，游戏bug实在是太多了，甚至出现了游戏黑屏无法进入的bug，恶性bug多，毛刺也多，UI也需要优化，希望后续可以好起来吧。玩法大体等于FGO，养成的话主要就是刷装备，刷魔宠，刷材料，主要是肝,1.0,,
722621,风之痕迹,46877782,2025-11-09 03:07:57,1,557377056,诺娅鴋曦,OnePlus Ace 2,206700.0,['visual_music'],"['gameplay', 'operation']","短小精悍的评论一下，不想写长篇大论（括号里都是碎碎念，看前面就好了）
优点很少，人物形象好看
（没了，毕竟这玩意是他自己的）
缺点，游戏各种buff是没有说明的
（包括属性基础buff凌风之契之类的）
武器，魔物词条加成也是没有具体显示的
（只有“大幅度”之类这种描述）
角色技能机制和描述是冲突的
（你上阵5个角色，“队伍”是不包括后排的，那为啥技能描述不直接写根据前排）
剧情目前是稀烂的
（各种逆天言论，还有逆天操作，不多述）
游戏的各方面都是抄的
（这个是因为最开始各种buff没描述为了研究机制去加官群里面大佬说的，包括问管理“队伍”为啥不包括后排，管理直接一句“这是设定”，后来才知道不光buff是抄的，其他都是抄的，副本，角色，设定）
抽奖池子稀烂
（各种污染池子的东西都放进去，想要角色，魔物必须使劲抽，30抽一个ssr保底，想要up自己抽满200换自选，非洲佬是这样的，要不然就是氪，之前群里还算活跃的一个氪佬氪8万左右，后面直接不活跃了）
多人副本环境烂完了
（因为副本一些武器，魔物对提升很有帮助，但是掉落率低，然后就出现了一回合爆发抢MVP掉落和贡献掉落的肝佬，打的慢的新手啥也没有buff还没叠起来，副本就被炸完了）
副本boss是nb的
（boss是有高伤攻击和即死攻击的，由于定位就是多人副本boss，血厚，高伤，对非克制属性是有减伤的，多人是抢不过的，单人刷副本是会暴毙的）
游戏优化是稀烂的
（一个回合制，像素风游戏，我是不知道为什么要那么高的运算量，玩起来手机发烫的比永劫无间还厉害，耗电量也是，感觉游戏里面全是石山代码，bug也是多的很）
（还有逆天操作更新操作，我刚发完攻略，第二天说修了bug，然后上线一看，我暖风机爆了，去问为啥法主四技能描述和机制不符合，“这是设定”，闹麻了，这设定也没谁了）
总结一下，这游戏没啥玩的，也没啥盼头，如果公测还是现在这样，或者说游戏还不改善直接原地解散吧（白瞎我6块新手礼包，屁用没有，就没怎么用上礼包的武器和角色）
说两点
1.设定是服务游戏的，不是游戏服务设定，游戏玩的是机制，为了设定把机制改了真的第一次见
2.做游戏要有自己的东西，借鉴不是抄袭，全是抄的东西玩你干嘛，况且你自己做出来的东西还不咋地",1.0,3.0,
722621,风之痕迹,42513412,2024-09-23 07:27:05,1,4464653,克卜勒,Android 设备,,['visual_music'],"['gameplay', 'operation']","像素+回合制+jrpg


没想到测试这么多次还是问题很多
而且群管理说话十分招笑",1.0,,
722621,风之痕迹,46876956,2025-11-09 01:21:45,5,417715651,零,Vivo IQOO Neo9S Pro+,31800.0,"['gameplay', 'visual_music']",[],不回给敌方增益吧,,,
722621,风之痕迹,46876511,2025-11-08 23:42:21,5,368934656,苍玄,Vivo V1963A,,[],[],刚看到看视频，有点像很久以前玩的武器及技能的游戏，当时玩了很久。后来关服了，可惜了，前几天还搜了一下，有个预约不过不是这个平台！说实话我现在有点期待测试了，现在去试试！以前叫（风之旅人）并不知道是不是一样值得期待！,,,
722621,风之痕迹,46876236,2025-11-08 20:39:03,2,125929762,不须放屁,Nubia NX721J,138180.0,['visual_music'],"['gameplay', 'operation']","bug满天飞，队伍属性，主角职业显示错误这个bug有这么难修？更别说卡顿，闪退，卡剧情等，体力显示也是经常慢半拍。游戏内容十分贫瘠，但是却十分耗时，美术确实比较有特点，但是在茫茫多缺点前不值一提，很难吸引人持续游玩。
这次卡池更新策划也是终于不装了，你不装了，那我不玩了😃",,1.0,
722621,风之痕迹,46875972,2025-11-08 18:43:26,4,17411707,手机用户17411707,华为TLR-AL00,,"['gameplay', 'operation', 'visual_music']",[],画风和游戏内容不错 观望等公测,,,
722621,风之痕迹,46875787,2025-11-08 17:59:27,5,41940148,NEIBOL,Huawei Mate 60 Pro,138120.0,"['gameplay', 'operation', 'visual_music']",[],好玩，就是容易卡退，希望继续改进,,,
722621,风之痕迹,46875616,2025-11-08 17:26:21,2,56760501,梅丽尔,Xiaomi Redmi K60 Ultra,,[],[],游戏还可以，但是资源本没扫荡或者多倍刷我给0分，没人愿意每天花一个小时去刷资源本，还有限定票去抽常驻角色，简直不是人,1.0,,
722621,风之痕迹,46875475,2025-11-08 17:01:54,2,14102068,♬,Vivo IQOO 13,,['visual_music'],"['operation', 'gameplay']","10.9日
一则公告和一次卡池轮换暴露你游尿性，不得把路人吓跑？游戏是类gbf重度刷子游戏四个大属性两稀有属性，刷图我得看自己能不能组全属性队，不然连本都刷不了，非优势属性打其他属性包括自己同属性都会给怪加上50%减伤。各种bug满天飞，吞邮件，吞抽卡等等等等，甚至最重要也是游戏核心部分的战斗方面，完成战斗后的开奖励环节也是一堆bug，拿到了MVP满心欢喜的看自己的宝箱能不能出好东西，结果直接给你吞了，对！就是给你奖励吞了，什么都没有，就算没有吞你 MVP  贡献  奖励宝箱，你游极其低的装备爆率也会喂你一嘴大的，更何况就算有装备也是完全没用垃圾装备。而卡池轮换这方面，说简单点就是你拿限定卡池票去抽常驻卡池角色，甚至概率比常驻卡池还要低，游戏里极其重要的宠物（这里称为宠物是怕看不懂）概率更是低的要命，0.01的概率你就抽吧，一抽一个不吱声，一个属性队伍有没有对应的属性宠物，对比起来已经不是天差地别了而是泰森打泰罗。😛😛😛
ps
玩家：火队打火boss没伤害啊！
策划：你用水打啊
玩家：可是我水武器打水boss要用土才行
策划：那你用土打啊
玩家：但是我土队没武器boss要用风打
策划：那你用风队打啊
玩家：风队也要风武器得拿火队打风boss啊
策划：那你火队打风，风队打土，土队打水，水队打火不就行了？
玩家：可是我一个队伍都没起来，一次还要我性练四个队伍？",,6.0,
722621,风之痕迹,46828590,2025-11-03 04:14:54,4,329096200,不要挨打,小米24117RK2CC,,"['gameplay', 'visual_music']",['operation'],我进去了，画风我真的太爱了，但为啥登录要切流量？游戏内却不需要？再就是战斗系统把奥义单独做一个按键会更好，好多次都是队友一起放奥义，我人麻了,,2.0,1.0
722621,风之痕迹,46875375,2025-11-08 16:45:41,4,3727892,沈柒浔,Android 设备,,[],[],咱就是说首页推荐位的宣传词都不看看有没有错别字吗😅,,,
722621,风之痕迹,46875281,2025-11-08 16:32:47,1,472722129,深刻之纹路,Vivo V2520A,141660.0,[],"['gameplay', 'operation', 'visual_music']",是来搞笑的吧，还没公测都敢这么玩。直接把贵的降3倍，贵游也是6。最新更新消息直接想让我们刷4队。当刷毕业了估计，咱们也能闭眼了！,,2.0,
722621,风之痕迹,46875182,2025-11-08 16:18:20,1,42006002,花生🥜,Realme真我GT NEO 3 150W,161520.0,[],"['gameplay', 'operation', 'visual_music']","火队打火boss没伤害啊！
你用水打啊
可是我水武器打水boss要用土才行
那你用土打啊
但是我土队没武器boss要用风打
那你用风队打啊
风队也要风武器得拿火队打风boss啊
那你火队打风，风队打土，土队打水，水队打火不就行了？
可是我一个队伍都没起来，一次性练四个？",,5.0,
722621,风之痕迹,46875253,2025-11-08 16:27:29,1,536984109,蚩妄,华为畅享10 Plus,206460.0,[],"['visual_music', 'gameplay', 'operation']","火队打火boss没伤害啊！
你用水打啊
可是我水武器打水boss要用土才行
那你用土打啊
但是我土队没武器boss要用风打
那你用风队打啊
风队也要风武器得拿火队打风boss啊
那你火队打风，风队打土，土队打水，水队打火不就行了？
可是我一个队伍都没起来，一次性练四个？",,3.0,
722621,风之痕迹,46875156,2025-11-08 16:14:17,5,679544486,Y.Szeretlek,Android 设备,14040.0,"['visual_music', 'gameplay', 'operation']",[],画面很好看，有一点点肝,,,
722621,风之痕迹,46874504,2025-11-08 15:03:42,4,547823550,呃,Android 设备,,['visual_music'],[],刚开服再观望一下，画风不错，就是有时候会卡住（可能是我网不好,,,
722621,风之痕迹,46874488,2025-11-08 15:02:02,4,566549381,长信,Android 设备,5100.0,['visual_music'],[],"行 先说个好笑的小女子之前把复苏的魔女和风之痕迹搞混了😄我真没招了
游戏画风真没得说 一个赛一个好看😋我舔舔舔（bs 。登录音乐也直接给我爽的起飞但是战斗方面的音乐会不会太单一了 有点敷衍的样子。。。感觉游戏会在画风的方面很吃香（画风不好看直接拒绝
福利方面来说还是太强了 刚解锁邮箱的我看到了一堆票子的心情已经没发用言语来形容了到底还有什么良心厂商会有这么多福利😋
可玩性方面其实没什么好说的 就我自己而言就是无聊的休闲小游戏 没啥事闲得慌可以消磨时间来得（被打。其实是被画风留下来的
（私心来了奥 受不了赶快逃跑）就按我现在拥有角色的男女比例来说感觉有点诡异了 说他是纯美少女吧还有点大叔混里面了 我想看小男生好吗😋
总体来说可以当做打发时间的游戏吧嗯对（再次被打。挺好的期待公测",3.0,,
722621,风之痕迹,46874312,2025-11-08 14:42:24,1,2049023,告白洋茄子,Vivo IQOO Neo7竞速版,,[],[],"点了个任务追踪就给我传回来了，然后就出不了门。
重登，脱离卡死都没用。
只能卸载了😅尊重祝福",,1.0,
722621,风之痕迹,46873756,2025-11-08 13:45:20,3,319166257,夜空的星,Nubia Red Magic 8 Pro,,[],[],怎么说呢，这款像素游戏剧情可以优化一下就当做文子游戏(个人如果介意）如果可以希望能做成冒险 战斗 打怪游戏毕竟画面风景还是挺有意思的如果换成横版游戏就再好不过了，虽然开头有点离谱但是优化后面可以慢慢来（个人介意不要网暴）,,,
722621,风之痕迹,46872868,2025-11-08 12:09:56,4,428565322,欧阳,Android 设备,,"['operation', 'visual_music']",['gameplay'],"很好玩，剧情玩法很传统 可能我玩的不够长但剧情足够掉人胃口，玩法回合制但配队在只以单一元素为主不算难，游戏大概以剧情为主战斗为辅


有没有人告诉我怎么横屏",,,
722621,风之痕迹,46872669,2025-11-08 11:48:26,5,566943046,拉湾,Nubia NX711J,,"['operation', 'visual_music', 'gameplay']",[],这么好的游戏，太适合养老玩了！希望能陪走一辈子。,,,
722621,风之痕迹,46871638,2025-11-08 09:41:53,4,561183364,好吃不,Realme真我GT6,540.0,[],[],建议出一个纯净模式吧，就跟单机差不多，摒除了多余的世界聊天和同屏人数，以及可选择性去除自动择路，可以有任务追踪，但是你点个自动追踪，它就自动跑过去了，这样就跟我玩传奇一样了，没有太高的可玩性的同时，感觉挂个分屏刷视频都能玩的下去，说起来玩这类游戏，只不过是想起了小时候玩的各类rpg游戏，画质提升了许多，却感觉到了一堆和传奇差不多一样的按钮和玩法，倒也说不上是批判，只是希望能够出那种纯净模式吧，,,1.0,
722621,风之痕迹,46869952,2025-11-08 06:30:00,4,364649489,阿悠,Android 设备,480.0,['visual_music'],[],嗯。。。进去取了名字之后就一直卡在这个界面了。。。重连重下都不管用。。。希望官方可以看一下,,2.0,
722621,风之痕迹,46869041,2025-11-08 04:45:10,3,51458941,正义的伙伴,Vivo IQOO 12,,['gameplay'],[],"刚入坑虽说点玩时遇到的
优化问题，
首先是这个轮盘问题，为什么只能固定在屏幕中间就不能把它隐藏起来或者加个调整位置你一直固定在中间有时候又用不着又影响游戏的美观。

还有这个任务追踪的问题，既然点击：任务：就能实现追踪又为什么去加个这么大的标识在那，能不能优化进：显示距离那个箭头里面。

还有界面的优化问题有的时候切换黑屏战斗画面会有点卡顿，人物界面点击不流畅，最高60帧切换装备我都感觉是在点跳过一点顺畅度都没有
另外战斗武器的打击感太弱，人物也没有专属的战斗音效",,1.0,
722621,风之痕迹,46868410,2025-11-08 03:26:07,4,583995524,atdgytct,Android 设备,15060.0,[],[],"什么？我觉得很好看的人物立绘竟然是ai跑的吗。。。。。
剧情感觉还行，简单轻松流。开局谁想出来陨石砸情侣npc的？！地狱笑话啊喂（）
像素风小人和地图也好看，根本不用自动追踪，自己走来走去和npc聊天很好玩。
就是开服测试这几天bug有点多，每天登录都会碰到不一样的问题卡死，有点麻烦，就会把它排在别的游戏后面，自然游戏时长就短了。希望正式上线的时候能稳定一些，玩得上头时突然断掉很难受啊。
测试福利送的太给力了，确实抽爽了！很快一队就都是ssr，进度好快。（建议正式上线还是要适当控制一下）因为三天上线玩一半就莫名卡死后没怎么玩，没太研究叠卡和属性队的适用，如果这方面延长了一些养成时间那没事了，否则人物数值膨胀就可怕了。
进入战斗也是萌萌像素小人，但希望不同角色大招还是能做出一点区分，或者只有限定角色大招更华丽用心也成，现在一眼看上去感觉就是不同属性颜色的波纹吧哈哈哈
",,4.0,1.0
722621,风之痕迹,46868058,2025-11-08 02:42:25,3,358374366,星陨,HONOR Magic6,,[],[],为什么一直显示网络连接失败,,,
722621,风之痕迹,46867994,2025-11-08 02:35:09,2,97705021,好难吃的麻辣,Android 设备,20640.0,[],[],玩的不多因为玩到第五天就很无聊了,,2.0,
722621,风之痕迹,46867964,2025-11-08 02:30:51,2,653155551,natse,Vivo V2353A,,[],[],所以你就让我一直卡这里。,1.0,2.0,
722621,风之痕迹,46867567,2025-11-08 01:38:42,4,421227183,ᥴꪶꪮ᭙ꪀ,Android 设备,,"['operation', 'visual_music']",['gameplay'],游戏性不够，战斗也不够好，还要优化一下性能,,,
722621,风之痕迹,46866215,2025-11-07 17:44:04,3,58881110,尼在勾叫什么,Android 设备,,[],[],无语了看完剧情写好名字没有选择性别的,,3.0,
722621,风之痕迹,46866006,2025-11-07 17:06:57,4,675463092,LongzeAming,Android 设备,,[],[],感觉画风有点像棕色尘埃二,1.0,,
722621,风之痕迹,46816574,2025-11-01 20:42:24,3,17711701,禅病君无恼,Redmi K70 Ultra,,[],[],"风格不错，就是移动好难受。。配队感觉还是有点门槛的，不知道，把送的石头抽完就删了，喜欢剧情的可以玩，毕竟剧情都不看，这游戏也没什么玩得了，立绘还是挺好看的，抽卡爆率不错30抽保底，起码给你个SSR
但说白了还是氪金抽卡拉几手游😈😈",,2.0,
722621,风之痕迹,46864190,2025-11-07 13:33:03,5,569088111,礼仪,OPPO A72,,"['gameplay', 'operation', 'visual_music']",[],这个怎么切横屏呀，我弄了好久都没弄好,,,
722621,风之痕迹,46859104,2025-11-07 00:54:20,1,70071116,颖儿,Android 设备,42360.0,"['gameplay', 'operation']",['visual_music'],"16➕？确定不是18➕吗？
૮₍ɵ̷﹏ɵ̷̥̥᷅₎ა游戏很好，麻烦出一个自选露或不露，挺好看的，一看这么个玩意，太影响体验了。
游戏整体来说还是很不错的！",,1.0,5.0
722621,风之痕迹,46863355,2025-11-07 11:57:53,1,727722135,无敌的那位大人又倒下了,Redmi K60,,[],"['gameplay', 'operation', 'visual_music']",游戏好不好玩？我不知道，但我一进游戏就碰到bug了一直卡这了,,1.0,1.0
722621,风之痕迹,46863198,2025-11-07 11:36:56,4,4659011,小浣熊,Android 设备,55440.0,['gameplay'],"['operation', 'visual_music']","人物立绘基本上都是ai加上修改完成的，加上测试期间氪金等功能其实并不完全，所以运营美术方面不好评价。
优点是地图风格类似八方旅人，像素场景还是很有特色，游戏方式也比较简单可以自动，体力给的很足，如果使劲肝可以把差距拉的很开。非常像以前的碧蓝幻想之类的刷刷刷游戏。
角色目前职介不平衡感觉很严重，每个属性都需要组队，最强六个金色，但是金色里面奶妈数量少，奶量也不高。
boss血量高，尤其是爬塔，如果挂着自动不去一直盯着屏幕点回合跳过，能四分钟爬一层，非常费时间。",,1.0,1.0
722621,风之痕迹,46863185,2025-11-07 11:34:53,5,461580265,水,REDMI K80 Ultra,,"['visual_music', 'gameplay']",[],"挺好的，画风不错，很喜欢，希望早日成功，祝好
",,,
722621,风之痕迹,46862993,2025-11-07 11:08:23,1,47225747,九桑,Android 设备,,[],[],"咕咕...下了好久打不开游戏；；
",,2.0,1.0
722621,风之痕迹,46862161,2025-11-07 09:02:28,3,100796090,小驴子,华为 Nova 8 Pro,136680.0,"['gameplay', 'visual_music']",['operation'],女主五星，游戏一星，我从三十多级就卡在这个任务了，群也加了，也反馈了，已经卡到100级了，最难刷的魔物伙伴都刷满两只了，还是没有修复，真服了，要不是氪了点就换号了,,,
722621,风之痕迹,46862083,2025-11-07 08:51:50,3,4082271,叶伏卿,Vivo IQOO Z9 Turbo+,,[],[],虽然，但是几天了，无法连接的bug依旧没修……,,,
722621,风之痕迹,46861994,2025-11-07 08:38:42,1,396322375,User396322375,Android 设备,,[],[],八方旅人和gbf也是错付了,,1.0,
722621,风之痕迹,46861854,2025-11-07 08:15:31,2,57637290,陈旧的墓碑,Android 设备,,[],[],纯八方低质量移植,,4.0,
722621,风之痕迹,46861728,2025-11-07 07:57:51,5,5612328,卡卡,一加手机Ace 3 Pro,48120.0,"['gameplay', 'operation', 'visual_music']",[],不错的小游戏,,,
722621,风之痕迹,46861552,2025-11-07 07:30:04,2,48862873,非商,小米Xiaomi 12X,120.0,[],[],唉？不是？就打了一个开场boss就卡这了，这是啥bug,1.0,1.0,
722621,风之痕迹,46861542,2025-11-07 07:28:37,2,5610287,酷酷的蝎,Redmi Note 12 Turbo,,[],"['gameplay', 'operation', 'visual_music']",卡了,,2.0,
722621,风之痕迹,46860752,2025-11-07 05:20:37,3,542787991,花君诺,小米Mi 10 Pro,5820.0,['visual_music'],"['gameplay', 'operation']",画面好看，剧情偏老套，打怪速度慢，我在中途过支线的时候打怪打完就卡住了，可以点，但没用退出不了，删后台重新进那个支线还是一样，卡住了基本上就没啥能玩的了，因为要用那个支线升级才能继续主线，某一次卡退了，建议优化。可以加扫荡，跳过等刷怪。地图我觉得可以再细化一点，加一点目标地点周围的传送点？打怪可以快速一点？,,,
722621,风之痕迹,46860498,2025-11-07 04:38:15,4,97684281,已经被禁言绝零是真的脏,Vivo V2166A,105660.0,"['visual_music', 'gameplay']",['operation'],还可以能玩，有点bug，不是啥大事，就是有一点点肝，甚至你有时间的话可以刷一整天。。。恩火最多玩火，水最多玩水，什么多玩啥！这是不对的的。,,,
722621,风之痕迹,46860486,2025-11-07 04:37:01,1,321811459,给我一世好命,REDMI K80 Ultra,540.0,[],"['operation', 'visual_music', 'gameplay']",预约挺久的，画风吸引我 一玩就笑了,,1.0,
722621,风之痕迹,46860256,2025-11-07 03:54:33,1,56827937,璆,Vivo IQOO Neo8,,[],[],头一次见不删档测试登陆都登陆不了的游戏，666,,1.0,
722621,风之痕迹,46860111,2025-11-07 03:34:10,3,461531743,ραυli,Android 设备,66600.0,"['operation', 'visual_music']",['gameplay'],"这种游戏第一次玩。上班感很强，我不太适合。
有一天没登，然后第二天落后进度了，接着就是副本单人打不过，多人没人来。
",,,
722621,风之痕迹,46859114,2025-11-07 00:57:23,3,411537671,Unnn,Android 设备,22500.0,[],"['gameplay', 'visual_music']",半成品，很无聊😮,,,
722621,风之痕迹,46858934,2025-11-07 00:12:04,2,40861803,Surgeon,Android 设备,4740.0,"['operation', 'visual_music']",['gameplay'],剧情一般，操作一般，画面不错，玩了一个多小时，玩不下去了。,,,
722621,风之痕迹,46858825,2025-11-06 23:27:51,4,490786128,A,三星Galaxy S24,13440.0,"['gameplay', 'operation', 'visual_music']",[],不知道为什么，玩一会就会掉线，能不能优化一下啊,,,
722621,风之痕迹,46858443,2025-11-06 19:17:54,1,5203537,QQ用户5203537,Android 设备,,[],"['operation', 'visual_music', 'gameplay']",卡在初始界面进不去游戏，连玩都不让玩，好大的架子，卸载重下都不好使,,,
722621,风之痕迹,46857878,2025-11-06 16:41:25,2,7294262,Erich Von Lewin,Android 设备,,[],[],删除女角色，删除女角色，删除女角色,1.0,,2.0
722621,风之痕迹,46830762,2025-11-03 09:28:09,4,397549540,茵世朽栎,OPPO A1 Pro 5G,87960.0,[],[],画风还不错，优化有点问题，挺好玩的,,,
722621,风之痕迹,46857611,2025-11-06 16:01:36,2,24610100,妞、嘴角々叼糖,华为Pura70pro,,['visual_music'],"['gameplay', 'operation']",真的卡死了，经常卡顿，黑屏，闪退，玩了五天真的想放弃了，本来想冲着画风氪点小钱，服了，我想卸载了,,,
722621,风之痕迹,46856554,2025-11-06 13:56:59,5,2801002,终焉休止符,Honor X50 ,146520.0,"['visual_music', 'gameplay', 'operation']",[],建议加入图鉴，扫荡和倍速功能,,,
722621,风之痕迹,46856226,2025-11-06 13:19:06,3,60356787,l,Android 设备,14400.0,"['gameplay', 'visual_music']",[],八方皮的GBF，而且基本是1:1缝了这两位，目前就是没有看出自己的独特之处在哪。GBF那种需要24小时坐牢的玩法+近乎无底洞的氪金上限说实话放在国内包巳的，先观望，看运营能不能走出适合国内氛围的路。,,,
722621,风之痕迹,46856062,2025-11-06 12:58:44,3,717449270,化石,荣耀30 ,360.0,['visual_music'],['gameplay'],本来美术给我的感觉就是这个游戏要是放游戏机上说不定能跟火焰纹章、八方旅人那些经典日式像素游戏齐名的东西，但是一看玩法还有那些剧情、文案，瞬间有种大脑被社会毒打榨干之后疲软的思维想不起一丁点好想法但手上有有着《风之痕迹》这个机遇，于是不管三七二十一硬着头皮上，造出来这么个美术跟整个游戏割裂感很强的玩意，真可惜啊。,,1.0,
722621,风之痕迹,46855732,2025-11-06 12:23:50,4,25633436,灬妳们唯一の蜀黍っ,红米 K40S,,"['visual_music', 'gameplay', 'operation']",[],游戏不卡，画面视角不普，剧情空,,,
722621,风之痕迹,46855626,2025-11-06 12:10:46,3,727708403,素野,Redmi K70 Ultra,960.0,['visual_music'],[],"画质什么的我还是很喜欢的，很治愈，但是这个操作也太别扭了，移动键是固定在屏幕中间的，不能调，也不能随着手指按下处移动。
宣传说能横屏，但是还在还不能横屏😓改个名字蜂蜜柚子茶什么的都说违规词，无语",,,
722621,风之痕迹,46855526,2025-11-06 11:57:09,5,62105857,zx009cvb,Redmi Note 12T Pro,,[],[],画风和音乐很种草😗,,,
722621,风之痕迹,46854972,2025-11-06 10:48:54,1,544581348,坑坑怪,HONOR ALT-AN00,,[],[],主角只有女性，真是太劝退人了，我是男的，玩女性角色实在是膈应人，还一点代入感都没有，白白浪费了这么好的美工😓😓,1.0,2.0,3.0
722621,风之痕迹,46854820,2025-11-06 10:27:42,4,5049082,沐凉痕,华硕ROG Phone 9 Pro,,"['gameplay', 'operation', 'visual_music']",[],测试老闪退咋回事。。。其他还不错就是抽卡界面角色和武器卡牌界面有点廉价感还能更精致点,,,
722621,风之痕迹,46854597,2025-11-06 09:54:55,1,15645241,溪风,HONOR Magic6,,[],[],一直卡在这个界面 ，重启没用。,1.0,3.0,
722621,风之痕迹,46828880,2025-11-03 04:53:13,5,342971566,幻光-编辑部,华为BRE-AL00b,23580.0,"['operation', 'visual_music', 'gameplay']",[],"话说作为一名四川老乡，必须得为这款少见成都厂商开发JRPG手游扎起！现在市面上游戏二游戏大多满屏抽卡，剧情水得像掺了白开水非常拉的剧情，能遇到《风痕》这种有诚意的作品真难得——玩起来那股子探索感、职业搭配的策略味，画面简直像极了《八方旅人》，剧情底子也够扎实，只要把卡顿和断网还有黑屏这些小毛病打磨好，完全能当一款带联网验证的优质单机手游来玩。
另外还有两点发本人自内心的建议想提给官方：
1. 优化氪金入口展示：希望能加个隐藏按钮，把新手礼包充值、皮肤购买相关的选项起来，或者统一收纳到商城按钮底下。新手刚进游戏别弹窗推荐礼包，真要氪金买皮肤的玩家自然会去商城找，这样能最大程度保留纯粹的游戏体验，不破坏沉联网认证单机手游浸感。
2. 新增横屏功能：强烈建议把游戏改成支持横屏模式 毕竟JRPG的战斗布局、地图探索，用横屏玩视野更开阔，操作起来也更顺手，能大大提升整体游玩质感。
以上都是作为一名真心喜欢这款游戏的玩家，实打实的体验感受和建议，盼望六分鱼制作组能看到，把《风痕之妖精剑传》打磨得更完美！
还有这款游戏成功做到了SFC时代老JRPG的那种让人想打瞌睡的感觉",,10.0,3.0
722621,风之痕迹,46854207,2025-11-06 09:01:17,3,37476590,达拉达拉,Redmi Note 12 Turbo,82860.0,[],['gameplay'],"游戏里的三大养成角色，武器，魔宠都是纯数值的
除了爆率没有随机性
坚持玩的话非氪金武器和魔宠都能拉满
但数值还是氪金的更猛
由于没有随机词缀，配队武器魔宠都存在最优解
没有惊喜，玩起来非常盲目


",,,
722621,风之痕迹,46853894,2025-11-06 08:20:08,1,501970225,高达独角兽,Android 设备,7080.0,[],"['operation', 'visual_music', 'gameplay']",换皮游戏没意思,,1.0,
722621,风之痕迹,46853737,2025-11-06 07:57:34,2,398371679,哥布林咸鱼,Android 设备,10920.0,['visual_music'],"['gameplay', 'operation']","简评一下
玩法普通简单，但是画风舒适。
对我而言最大的问题就是锁女主，不是，你分类里面也没写锁女啊，也没说是女性向啊，你的这些分类构成了我想玩的游戏，但是你上来让一个男的摸我头是个什么操作，真的不想要男玩家了吗？",3.0,2.0,
722621,风之痕迹,46841939,2025-11-04 16:46:55,1,36133794,G＆K_Commander,小米 15 Pro,,"['visual_music', 'operation']",['gameplay'],"【可玩性】
还行，适合上班族比较闲的时候玩玩；
【运营服务】
抽卡在现在动辄15块20块一抽的二游乱象来说，10块一抽的游戏很少见了，而且30抽保底，个人抽卡体验其实还挺不错，但是因为需要配置四元素队（估计公测还会有光和暗，所以一共是六元素队）显得抽卡也就中规中矩，好在四测给的福利还可以，现在能及时修服而且给一大票奖励感觉不错，公测最好福利也能跟上；没看到官方回复过评论区的差评玩家这点有点尴尬，不知道官方是否能看到玩家的声音
【不足之处】
这个游戏最垃圾的地方就是闪退，就连跑图都能给你闪退，打本的时候闪退更是让人脑溢血；2025年了，还有单通的副本不让扫荡的游戏，别的不说，角色材料升星本和经验本你总该给扫荡功能吧？重复劳动真的蠢；养成云里雾里，队伍里的血量加成原来主要是由魔物和武器的被动和基本属性决定，如果非骑空士玩家碰根本就是一头雾水；自动战斗的逻辑极其逆天，似乎程序员写了个先上buff再放技能的弱智ai，导致开局就会先手把所有恢复技能放了，然后在BOSS放大的时候干瞪眼，别说有配队助手，配对助手更是一堆的bug，在出招自定义里你甚至看不了技能描述，还得再退出去看一遍技能描述，最后还是放弃自定义干脆手打；养成路线很模糊，基本上新手教程过了以后就让你自己玩自己的，4元素基础BOSS副本🐷🌲🐵🐻前期没等级没队伍非常难打，简单难度是200w血，困难难度是1000w血，作为目前装备强化材料最主要来源，公测最好把这个难度再下调一些
总体来说还是可以观望一下的，对于上班摸鱼的社畜来说这个游戏比某些微信小游戏画面好，也不怎么氪，但就仅此而已（说的就是你，咸鱼之王一流）只能说等公测这些问题会不会改进吧
2025.11.6
更新的新副本难度有点逆天了，4000w血？那困难难度是不是要8000w？",,2.0,1.0
722621,风之痕迹,46827288,2025-11-03 00:22:33,3,675886705,瑾年,红米 K70,,[],[],今天又开始闪退了，bug也太多了吧,2.0,,
722621,风之痕迹,46853304,2025-11-06 07:03:30,1,441642069,繁华的寂静,Realme GT5 240W,,[],[],开局送我两个Bug，现在游戏进去就这样动都动不了，退出重进也屁用没有。,1.0,2.0,
722621,风之痕迹,46852920,2025-11-06 06:18:58,2,1806142,枫,Android 设备,87060.0,"['gameplay', 'visual_music']",['operation'],什么时候能修一下登陆不了的bug，有些wifi就是进不去游戏，能更新游戏但是我上不了号，再怎么做得好我进都进不去品鉴什么,,,
722621,风之痕迹,46852852,2025-11-06 06:10:40,4,10376418,云中醉梦,Android 设备,11040.0,"['gameplay', 'operation', 'visual_music']",[],目前还在测试阶段，人玩起来确实挺不错的，而且很轻松，虽然出卡池子很杂，但是爆率确实挺不错的，当然目前还是在测试阶段，公测的时候是什么样就不知道了，还有什么时候公测也不知道。如果能保持测试期间的友好状态，公测之后我是推荐玩的，游戏总体而言还是非常不错的。,,1.0,1.0
722621,风之痕迹,46852310,2025-11-06 05:02:38,5,55790083,醉酒的兔,一加 Ace 2 pro,840.0,[],[],不是，场景做这么好，你要上天,,,
722621,风之痕迹,46832958,2025-11-03 14:29:18,3,4587690,X,Huawei Mate 60 Pro,,[],[],"建议增加扫荡，优化稀碎，手机玩着玩着画面开始闪然后就卡死
",,1.0,1.0
722621,风之痕迹,46851820,2025-11-06 04:05:51,3,110086937,Flixom,小米24069RA21C,68820.0,"['visual_music', 'gameplay']",['operation'],游戏玩法可以，但是副本只能一直打，不能快速刷，确实是有点烦和累。再然后我的200抽自选，只给我武器，不给角色是什么意思呢？😅,1.0,,
722621,风之痕迹,46851689,2025-11-06 03:52:04,4,46514057,副长多串,Android 设备,,"['visual_music', 'gameplay', 'operation']",[],说实话，一进来看到页面真的很惊喜，虽然是像素风但是背景很精美，BGM也很有氛围，最让我惊喜的是一开始就只有女主的选项，而且女主人设很萌啊很萌啊，像一只生机勃勃的小麻雀，很喜欢！ 再说立绘，大部分女角色的衣服都很正常，不卖肉，但是还是有一些很魅宅的嗯……男角色感觉很少而且好普，不知道以后会不会多出点卖肉的。 不过有些人外的立绘我真的很喜欢！玩法的话，如果可以出个跳过就好了。总的来说我觉得体验很不错，期待更多w,1.0,2.0,5.0
722621,风之痕迹,46851291,2025-11-06 03:16:21,1,499255467,天珑,Vivo IQOO 12 Pro,29280.0,['visual_music'],"['gameplay', 'operation']",老是闪退，文本乱码，各种问题，一星不解释,,,
722621,风之痕迹,46851167,2025-11-06 03:06:34,1,67973472,愿汝必成✔,华为 荣耀X10,,['visual_music'],"['operation', 'gameplay']",第二天就进不去了，一直在说网络问题,,,
722621,风之痕迹,46850948,2025-11-06 02:47:38,1,603848344,狸天信,Android 设备,,[],[],本来想玩的，一看立绘是ai那还是算了吧,,,
722621,风之痕迹,46850372,2025-11-06 01:11:01,4,40722465,柳贯一,小米25102RKBEC,,[],[],我想问一下，这是风之旅人的手游吗？名字和画风都好像啊。,1.0,,
722621,风之痕迹,46850309,2025-11-06 00:58:28,3,357225921,User357225921,China Telecom Maimang 10,,[],[],体验感差了点，要是横屏就好了,,,
722621,风之痕迹,46850299,2025-11-06 00:55:19,4,13960358,Natsu_Zzz,Huawei Nova 10 SE,,"['gameplay', 'operation', 'visual_music']",[],游戏还不错  就是能不能改成横屏的 ,,,
722621,风之痕迹,46849849,2025-11-05 20:24:09,2,7888892,手机用户7888892,Vivo V2507A,,[],[],怎么手机息屏一下过2分钟再打开就要黑屏重开啊？,,,
722621,风之痕迹,46849729,2025-11-05 19:09:44,4,41518360,口中十,Vivo V1836A,,[],[],开始玩了下感觉不咋样，没啥新鲜的东西可是呢我给到4分就是冲着他给的福利打的，福利不错要是正式开服也是这福利那还是可以玩玩的，有人说和八方一样啥的，只能说画风一样八方被代理成手游后那氧金程度啊不敢恭维，后面就看剧情如何了打法下时间还可以，剧情不行的话也是有助于睡眠的😋,,,
722621,风之痕迹,46849692,2025-11-05 18:45:11,3,35423941,灰鸽,OPPO Reno13,,['visual_music'],[],"因为喜欢这个画风去下载的，不过很明显是AI，甚至那个送的粉头发角色脸部有很明显的瑕疵脸很歪还有锯齿感（图3）都AI了多跑几遍精修一下吧。
挂机玩法还行，很轻松，但战斗太慢了，只能跳过一回合，也没有二倍速。还有一个就是操控的那个圆盘方向感很差，我是喜欢自己去跑图探索的类型，有时候任务不跟着自动走，那个圆盘总是操作很钝特别让人抓狂，但凡慢一点就被怪锁上了。
剧情中规中矩，有时候会有点无厘头，基本可以忽略，就是很纯正的热血番的感觉。
最后就是感觉各种操作界面太复杂了，虽然一键编队很方便，但也不能直接把快捷编队给消了吧（）每个人物必须点进人物面板、再点替换、再点想替换的人物、再点确认，武器方面也是一样的。还有升级界面也是，不能左右滑动换成其他武器升级，非要升级一个退出来过后点另一个进去升级再退出来再点另一个升级。如果有上面说的功能而我没有找到，那就是索引的问题了。
观望一下吧，主要是最开头那个克系立绘给我很大的期待值，再加上女主设定是我比较喜欢的类型，美术ui很漂亮。

二编：还有一点我想问问，锁女主无男主没有多少男角色这点怪怪的。还是说想要玩家进来看百合……？而且看这个剧情，基本不会有男主线了吧，不会有谁家男主被锁在家里学舞蹈嫁个好人家，男线得改蛮多剧情的。",9.0,9.0,
722621,风之痕迹,46849599,2025-11-05 18:05:58,4,381471568,荹結鐿,Android 设备,21180.0,[],[],"好玩，美术风格很喜欢。就是玩久了还是有点单调。希望后面能增加一些其他玩法，特别是大世界的互动，还有玩家之间感觉可以。还有这游真有男角色吗🤔
",,,
722621,风之痕迹,46848453,2025-11-05 14:46:10,5,675397076,徐记海鲜凑库檔,iPhone 15 Pro Max,,[],[],内测中，体验还是不错的，大伙一起打公会战很开心,,,
722621,风之痕迹,46848429,2025-11-05 14:43:35,3,373785613,确实,Vivo IQOO Neo9,360.0,[],[],这个主控只能选女的吗，真搞不懂了，直接出个男女角色选多好，搞这样都有些玩不下去了,,2.0,
722621,风之痕迹,46840461,2025-11-04 13:29:36,4,472169739,夏沫之光,华为BRE-AL80,,"['gameplay', 'operation', 'visual_music']",[],"优点：像素风回合制战斗小游戏，剧情比较王道，喜欢这个风格的可以入👌
反馈建议：1自动战斗系统有bug，青驻一回合一次的技能在实战中，不知道哪里的问题，自动战斗情况下两回合才用一次。
2.完全不了解抽取角色的背景故事啊，之前没玩过这也给省了的情况。我算强度党，个人不太在意好感度，语音系统这些。但你抽的角色和剧情毫无关联确实不太合适。只重视战斗系统的话，也是一条艰难的道路……
3.刷一次经验本才10体力，也不开放扫荡，这不合理。
4.像素风地图水平有待提高。
目前就想到这么多，等后续更新。
5.这么肝？",2.0,2.0,
722621,风之痕迹,46847916,2025-11-05 13:36:37,5,647343082,我是名字,Android 设备,,['visual_music'],[],"好玩，对于不习惯竖屏的玩家出个横屏可能会更好
",,,
722621,风之痕迹,46845293,2025-11-05 06:47:19,3,437036968,过往如烟,Redmi K60,6060.0,[],[],"看见进去就是几十万的血量，我感觉数值崩坏应该很快，四星观望。
现在看来优化也是一坨，玩个半小时手机能烫的煎鸡蛋。
还有一点为什么进去就是女的？没有男角色可以选吗？咋男的不配玩？这是一个问题，以上三星观望。",,,
722621,风之痕迹,46847752,2025-11-05 13:12:32,4,51072608,The clown sees,Honor 70,13200.0,"['gameplay', 'operation', 'visual_music']",[],方向键有点难受，竖屏不太适应，战斗时间好长好长好长啊啊啊啊啊啊,,,
722621,风之痕迹,46847370,2025-11-05 12:23:25,3,15980582,可露丽,小米25053RT47C,9360.0,['visual_music'],[],"优点：画风不错，资源给的也比较大方（不知道为什么现在很多游戏测试的时候都扣的要死），概率也挺高，但非常容易歪
缺点：优化，第一天跑图跑着跑着闪退。晚上的时候走剧情图1这个感叹号死活点不了，得退游戏重进。抽卡和过地图黑屏那里会卡。就在刚刚我悬浮屏看小说游戏地图切公会长黑屏无反馈
剧情：跳过党不予评价，但是spik也会卡。
过图：急需扫荡，大多数都可以直接自动游戏，没有扫荡太消耗时间了。
总结：1优化体验2玩法内增加扫荡",,4.0,
722621,风之痕迹,46847336,2025-11-05 12:16:27,4,548346907,柠烨,Vivo Pad3 Pro,,"['gameplay', 'operation', 'visual_music']",[],每个角色希望添加玩家评论入口，新手小白完全就不知道角色的强度是怎么样的，优化一下性能，玩的时候发热比较严重， 我看也不是很吃性能的游戏，没想到能这么热,,,
722621,风之痕迹,46846781,2025-11-05 10:46:36,3,378161111,沈花醉,一加手机Ace 3 Pro,,"['gameplay', 'visual_music']",['operation'],"对这种像素小游戏有莫名好感 。于是下载玩了一下。
画面和人物立绘都很好看，场景也是个人喜欢的风格，很精致。可能是玩的时候已经有过几轮测试了，玩起来比较顺畅，没有之前几位从头就开始在玩的玩家说的容易闪退和卡顿了。新手引导比较详细。抽卡就我个人而言是爽抽了，三十必出金且1000钻一个十连的游戏在现在确实很少见。如果不介意公告里官方策划展露出的丑恶嘴脸还是可以玩一下的。
但是缺点还是有。比如说评论里老生常谈的移动键位和一键配队问题。竖屏模式把移动键位固定在屏幕重点下方是真的很不舒服。探索时容易在看着画面没注意手指放在哪里时候滑出去中断探索。
找宝箱的开宝箱判定似乎也有些问题。我遇到的大多数宝箱需要我走到宝箱侧面。不能在宝箱正面直接触发开宝箱
一键配队：我并不太明白它的一键配队到底按照什么计算的，并且一键配队默认把同元素属性的角色配在一起，并且会同时把武器魔物随从一并更换，它的配队并不是最优解，这会误导很多游戏经验不多且并不太明白打架配队的新手
剧情并不算很出彩，平平无奇，而且有些地方视角切换表达衔接的并不是很好。可以再琢磨一下人物塑造和剧情表达。有些地方很突兀的出现和背景和前因后果不太有关系的一些话还是会让剧情观感比较坏。

武器突破以及分解方面方面。目前来说是一队四个人拖家带口带一堆武器模式。那么武器突破方面就有问题了。一个满突破的武器我要再多同样的武器做什么呢？为什么不能有单个分解或者抽出满突破武器自动分解功能呢？一键分解会误伤很多需要的资源。
还有一点有待观望，测试时官方对于修复bug等补偿力度是很大的，给了110抽。但是公测之后也是如此吗？有待观望",4.0,22.0,
722621,风之痕迹,46846783,2025-11-05 10:47:00,1,66998064,我本心无泪,Nubia NX789J,,[],[],进不去是怎么回事？,,2.0,
722621,风之痕迹,46846433,2025-11-05 09:48:53,4,422298969,十六夜,小米Xiaomi 14 Pro,44220.0,"['gameplay', 'operation', 'visual_music']",[],"不知道是不是测试缘故，一天的体力直接刷了一队毕业。所以第二天基本体验完整内容了。
游戏模式：刷材料提战力，因为没锁定，一不留神把材料都分解了。
角色升级：比较优秀的是人物等级不靠抽卡，很棒。
角色技能：还挺华丽的，就是CD基本7-8个回合，加一堆buff，然后平砍。也可以猴戏，一个技能打巨多。抽到的角色会给一把武器，武器升级就靠重复的武器，要的不多整体合适。
那个魔兽：全靠抽，还不好抽，最难的部分可能就是这里了。
任务系统：没什么可看的，就是跳过跳过。
其他没有了，游戏内容比较少，也好理解。
总结还不错。",,7.0,1.0
722621,风之痕迹,46834733,2025-11-03 21:56:33,4,497991459,落,Vivo IQOO 12,42300.0,"['gameplay', 'operation', 'visual_music']",[],"我觉得还行吧，玩法挺喜欢的，画风也喜欢，有点卡卡的，就是刷材料不能扫荡也太麻烦了，体力根本不想用，打一次就很废时间了，更别说每天重复这么多次，希望能出一键扫荡。
以前也没玩过这种类型打游戏，可能我等级太低了，有些战斗能过但是耗费时间太长，非常催眠，要是有倍速功能就好了，希望战斗可以出倍速功能。
还有右上角的地图，感觉非常鸡肋，又不能放大查看，想探索一下地图都晕得不行，根本不知道自己走到哪了，想找个地方都费劲，只能到处乱窜，个人建议优化一下右上角地图和位置显示，能点开地图查看位置和地点",1.0,1.0,1.0
722621,风之痕迹,46846011,2025-11-05 08:39:55,5,493592352,辣污羁,iQOO Neo 5 活力版,,"['gameplay', 'operation', 'visual_music']",[],画风，剧情和音乐非常好，就是bug有点小多😇,,,
722621,风之痕迹,46835912,2025-11-04 02:49:44,3,60720080,STAR.sky,华为CLS-AL30,59460.0,['visual_music'],"['gameplay', 'operation']","画风一眼相中，暂时给三星待我进去尝尝咸淡

尝完了，只能给两星半，海量bug扣一星，不过还在测试阶段能理解剩下的问题扣一星半，没扣两星是画风救了一命
游戏内信息指引约等于没有，很多buff效果是啥 到底是干啥的都不知道，不能点击查看详细介绍，道具获取方式也不明确，路边杀只猪就能获得的道具它显示只能拿重复抽卡给的币去换，跑主线全靠自动寻路，没自动寻路就是无头苍蝇乱撞因为根本没有详细地图标注
地图只为主线任务服务，除了挖矿开宝箱完全没有可互动的东西，跑完主线后之前的地图就没用了 去都不用去，可以加入支线任务和其他玩法提高地图复用率不然太浪费了
游戏的技能图标和特效全是复用的，不知道是没做完还是偷懒不做
福利很足，就充了六块钱基本所有角色都拿齐了，但这是测试阶段到了公测是什么样就不知道了
目前的评价就是美术音乐剧情在C，其他的都拉夸，加油改改还能抢救一下",,,
722621,风之痕迹,46845864,2025-11-05 08:17:14,3,352110407,ㅤオニオン,Redmi Note 12T Pro,240.0,[],[],原来是gbf,,,
722621,风之痕迹,46844680,2025-11-05 05:13:39,1,485733523,前前世世,Redmi K70 Ultra,,[],"['gameplay', 'operation', 'visual_music']",不是，更新个剧情，我的东西全没了，我服了,,1.0,
722621,风之痕迹,46844325,2025-11-05 04:17:26,3,17129331,不困,Vivo IQOO 12,,[],[],卡在这动不了，如果能玩就更好了😅,,,
722621,风之痕迹,46844253,2025-11-05 04:06:27,5,2619812,秋黎,Vivo IQOO Neo9,110280.0,['gameplay'],[],好玩，不过bug不少，还时不时闪退，还需要优化,,,
722621,风之痕迹,46844185,2025-11-05 03:56:53,3,638345424,饭妤儿,Huawei Mate 60 Pro,,[],[],"这游戏不能横屏玩吗
",,2.0,
722621,风之痕迹,46827387,2025-11-03 00:50:21,4,400244099,茕兔,Redmi K70 Ultra,9300.0,"['operation', 'visual_music', 'gameplay']",[],"自动寻路和自动战斗感觉和这个游戏格格不入啊😦😦😦。
总体上还算不错的游戏呀，就是养成方面要优化一下，还有那么多红点提示点的好烦。
主线要有配音就更好了😘
",,,
722621,风之痕迹,46843571,2025-11-05 02:25:21,3,14094711,泠刻四季,小米24122RKC7C,67800.0,"['gameplay', 'visual_music']",['operation'],"先修好你那闪退问题。玩你这游戏小心翼翼的，就怕一不小心点到什么直接闪退给我看。
再者，你这副本配队系统有问题。虽然会沿用上次挑战所使用的队伍，但是还需要自己去编队变更下队伍才能正常使用。否则一进去自动就只会平a。还有，编队就编队，为什么编队一换会莫名其妙战力提升好几大十万
技能轴配置也没做完，连技能说明都没写上，搞得我配轴还要跑出去看看技能才回来配",,,
722621,风之痕迹,46843562,2025-11-05 02:23:47,1,584069507,虎之牙,Vivo V2134A,,[],"['visual_music', 'gameplay', 'operation']",不知道为什么，进去后画面一直在闪烁，怎么调试都没有用，晃的眼疼，删了,,,
722621,风之痕迹,46843528,2025-11-05 02:18:24,5,31380968,学习使我快乐,华为Mate40 RS保时捷版,238980.0,"['gameplay', 'operation', 'visual_music']",[],"兄弟们给好评有福利，评分8以上送1w钻!
我这游戏时长够有说服力了吧，游戏本身很好玩！虽然有些bug但运营很负责。",,,1.0
722621,风之痕迹,46825160,2025-11-02 14:39:47,4,10797145,蓦然雪化,华为PLR-AL50,,"['gameplay', 'operation', 'visual_music']",[],"（玩家主角短线用剑士，长线用牧师，没奶会减员严重！满血被秒别见怪不怪了）写点建议
出个宠物装备角色上锁的功能。
你武器宠物没锁？一键分解，那图签收集党怎么办，那种女角色女宠物管你强不强都留一只的怎么办？
那种武器顺眼留个当图签的怎么办？
。
来个月卡给抽卡资源，一天100石头。买月卡直接给300石头。。30大洋一张月卡
。
常驻活动，比如经验本，材料突破本，通关同一难度5次可以无限制扫荡
更亲民了。。跟机动战队大作战一样迟早要加的功能。这游戏不差那点日活
加个扫荡不会死的
。
副本，目前有武器副本和传说副本，5关分普通困难各可以打两次。每天打满是20次。
常驻有扫荡了看到有人想减负副本也出扫荡。
毕竟后面还有两大关副本没解锁
接下来来讲一下我推广的扫荡机制。
副本每关单人独自通过10次以后可以无限次扫荡。
求助，奖励按伤害比算，低于10%的半途加入者宠物和武器概率更低
不然进去摸一下一个武器宠物。。对萌新一点帮助没有，真遇到打不过的怪，五个人进去摸一下死翘……不好评价
副本积分商店加点好东西，互助伤害高于20%，积分会有所提高，50提高到70比如说。
。
在设置里分别加个取消白，紫，橙道具的提示New，不然背包红点一直亮着。
宠物武器也是，设置后一劳永逸，有锁卡后可以直接一键分解
精细化地图，在出入口来个标记，比如下水道入口的地方来个标记
徽章材料，点击会显示怪物的出产地，方便找怪刷怪，不然萌新两眼一抹黑。
（纯删档内测测bug来的emm）
。
城镇有面包房，出产面包，100金币30体力，每天一个
初始小镇有铁匠铺，每周可以打包一次武器，黄色风属性武器前期很不错的，其它零零碎碎开图签后把多余的分解当材料用。
。
其它因为bug而出现的新bug公测别有……
可以来个英雄重置等级功能，500石头一张券，商城出售，返还主角色，角色升级突破的材料……
以后出了新东西员工自个先去试试是不是bug接bug……连环bug。
氪金礼包公测时出个up池里普通角色的自选，980氪金石头。。
这混池200多抽抽不到风队核心……快300抽了。。
up池里的部分常驻角色，普池里没有，有涩涩也有强度，这混池抽不到，抽到了该过的关早打了……
up角色别塞男角色，出了大概率要寄。。
当你抽卡抽出的不是萝莉而是ssr正太青年的……
男性萌新大概率直接跑路……
写上最低配置，几百大洋的手机不知道能不能玩这玩意……
",3.0,11.0,2.0
722621,风之痕迹,46826556,2025-11-02 17:55:25,5,719335828,。,Android 设备,,['gameplay'],['operation'],"？从20点开始一直进不去是几个意思😅
好嘛，3点多能进游戏了，才几分钟呢，又崩了，有意思😇抢修了个寂寞
今天玩的时候终于没卡崩了，也算是个好消息吧，然后邮箱多了110抽补偿，删档的补偿，你说大方吧，会删档，110抽公测就没了重新开始；你说不大方吧，也确实给了110抽来抽着玩😑，改回4星观望，想起之前看的一个评论，拿删档测试来让玩家测bug，这样公测的时候就可以少给补偿了，一开始还没觉得，现在一想，好像是这么回事哦😳。还有那单人副本什么时候能出扫荡，一遍一遍的打不纯折磨人吗。
一发10连出4个，那还说啥了，5星给你😋还有，半夜是不是偷偷出“bug”了，一堆特殊材料上架到兑换商店了，是故意的还是不小心的？我没兑换，后面发现下架了换不了了😑还有，助战打完暂离两次直接吞支援奖励是怎么个事，看要打完了暂离从搜索队列进去正在打的也没了，待确认奖励里也没有😇",,,2.0
722621,风之痕迹,46842488,2025-11-04 20:50:51,3,5096963,山涧的咸鱼,Android 设备,300.0,[],[],进来五分钟就知道是果缤纷翻版了，三星观望期待后续,,1.0,
722621,风之痕迹,46842449,2025-11-04 20:20:21,3,592559335,1551新新女士,小米Xiaomi 14,,"['operation', 'visual_music']",['gameplay'],"优点:喜欢像素风，立绘也喜欢，整体画面有点灰暗但是可能是游戏基调？捡垃圾式摸宝箱和闪光我也喜欢。
缺点:①最大的问题，固定摇杆的设计让移动毫无体验感！宝箱在旁边我都摸不过去，还误触进出了一个房间好几次，实在是受不了。看了一眼不能调成移动摇杆，强烈建议改掉哈
②没地图，自动寻路完全剥夺了我捡垃圾的喜好，可能有些人喜欢吧，我反正不喜欢
③傻瓜式一键编队和自动战斗，不知道是个什么设计，反正战斗我属实是毫无体验
④闪退。优化还是得好好做
总之，目前移动难受得无法往下体验，但是画风我还是蛮喜欢的，等你们改改再说了。",3.0,5.0,
722621,风之痕迹,46842431,2025-11-04 20:11:39,3,8538988,我的名字可是最长的,小米 12,1860.0,['visual_music'],"['operation', 'gameplay']",虽然是测试，但是这也太卡了吧优化有问题？卡的我动都动不了,,,
722621,风之痕迹,46842305,2025-11-04 18:41:06,2,7402157,MY•LY丨YFL•LY,华为 Mate40 Pro,14280.0,"['operation', 'visual_music']",['gameplay'],"首先先说优点画面音乐角色立绘都很好
但同样缺点很多，首先，卡顿闪退，自动战斗，自动走路完全失去了探索与战斗的乐趣，地图没有二级地图，点击地图直接到大世界传送，想点击一下地图看一眼路线，抱歉游戏做不到，不说同类型网游，但轨迹系列和伊苏系列的地图方式就很适合或者是八方旅人，其次武器宠物人物培养的要素很多很多，目前为止的ssr40+，人物宠物都在一个池子里面，宠物人物有类似命座的系统需重复抽取五次，虽然30必出ssr，但如果想要一个角色和宠物满命也是天文数字，最重要的游戏现在属于一个半成品，遇到最严重的bug，是从副本里面闪退之后无法创建开启单人副本，剧情也是这个游戏薄弱的一个点，完全不吸引人，古早日式游戏的王道剧情，目前这个游戏的核心就是爬塔打本，每日挂机收益来自于爬塔而非游戏剧情的推进变相的制造压力，除优点外这个游戏还需要时间打磨，现在的质量约等同于微信小程序的游戏，最后补充一下一下这个游戏的福利本次测试还是可以的，开局限定200抽加普通80抽，但公测大概率缩水，非重氪建议观望，大概率会像某之破晓，归🐉潮，某螺旋，某信标一样",,21.0,3.0
722621,风之痕迹,46842085,2025-11-04 17:22:39,5,9141536,游戏喷子员,Vivo IQOO 13,,"['gameplay', 'visual_music']",['operation'],"嗯，这游戏怎么说呢？如果按照他这个邮件送的这些东西来讲，嗯，还有就是做的这个画风，还有游戏机制来讲，嗯，是非常不错的，嗯，怎么说呢？就是这个游戏可以玩，但是如果策划搞一些奇怪的东西或者说恶心人的，可能就玩不了了，因为这个游戏这个类型的游戏如果是要充钱来卡战力的话就很难玩了。
",,,1.0
722621,风之痕迹,46842049,2025-11-04 17:14:25,1,421600993,User421600993,Android 设备,34920.0,[],"['gameplay', 'operation', 'visual_music']",突然小更新把商店获取资源砍了是什么情况,,,
722621,风之痕迹,46841473,2025-11-04 15:29:48,3,25552779,Laurant,小米24115RA8EC,,['visual_music'],['gameplay'],玩了两个小时，剧情和音乐还可以，但是抽卡是五行池+光暗池，抽卡抽出来的实际上不是角色而是战力,,,
722621,风之痕迹,46841438,2025-11-04 15:25:10,1,3237415,小白鼠,Nubia Red Magic 8 Pro,,[],[],俺寻思俺是男的，你给我起个女主号这合适吗，你是没男人可以选吗,,1.0,
722621,风之痕迹,46841203,2025-11-04 14:55:27,4,649432711,王炸,REDMI K80 Ultra,28620.0,"['gameplay', 'operation', 'visual_music']",[],入坑第一天，据说这个魔物很难抽，助战效果是真顶呀！,,,
722621,风之痕迹,46840913,2025-11-04 14:23:22,3,73546268,手机用户73546268,Android 设备,21360.0,[],[],全是数值，评价为画风极佳的网页游戏或者网游，适合老板们玩,,1.0,
722621,风之痕迹,46840886,2025-11-04 14:20:15,5,7855374,飞夜,一加手机Ace,,[],[],竖屏建议把跳过按键放屏幕下方，方便单手操作,,,
722621,风之痕迹,46840415,2025-11-04 13:23:24,4,573171464,白巫女莉莉,荣耀 V30 Pro,,"['operation', 'visual_music', 'gameplay']",[],目前来看挺不错的，就是玩法有点少，立绘都很棒所以能不能出个可以看完整立绘的图鉴之类的，只有抽出来的时候能看到完整的，其他界面都会被挡住,,,
722621,风之痕迹,46840156,2025-11-04 12:46:40,3,515150349,九天,小米24117RK2CC,2760.0,"['operation', 'visual_music']",['gameplay'],稍微体验了一下，画风肯定是无可挑剔的，但是那个手摇手感的操作有点难受，30抽就必出ssr，这个是很良心的，而且这两天测试下来给的还是蛮多的 ,,,
722621,风之痕迹,46839784,2025-11-04 11:59:11,3,474075403,悠米悠米,Vivo V2463A,,[],[],和猫游比怎么样，,,1.0,
722621,风之痕迹,46839504,2025-11-04 11:15:55,4,39955776,手机用户39955776,小米13 Pro,,"['gameplay', 'operation', 'visual_music']",[],游戏好玩，优化需要加强。,,,
722621,风之痕迹,46839268,2025-11-04 10:39:36,4,11736195,Huang。,Vivo IQOO 12,14820.0,"['gameplay', 'operation', 'visual_music']",[],"终于有个竖屏的类gbf手游了！！！

很多系统的指引做的不到位，比如钓鱼，比如属性克制，比如多的武器 角色 魔物具体有什么用，比如任务做完该干什么，怎么提升，这些都应该给第一次玩这类型游戏的玩家讲清楚

总之，游戏挺好玩的，适合摸鱼发育（自动刷本需要优化），加油！😁",,,
722621,风之痕迹,46839053,2025-11-04 10:07:00,4,44726754,名字太长怕你记不住,红米 K70,,[],[],在隔壁渠道服参与的，当时想看官服的，但是taptap没有上，我又挺喜欢这个画风的，就先下了，真的很有西幻RPG的感觉，像素风也很有风格，就是不太喜欢什么组队刷本和公会这些，我觉得现在玩这种游戏的人没有搞这些的精力了，不如把更多资源投入剧情，我觉得剧情没有16+的深度，希望可以看到好的剧情这里保留一颗星，期待以后的表现呢,,,
722621,风之痕迹,46838922,2025-11-04 09:47:01,3,591260809,刀空一,华为 Mate 30 Pro 5G,,['visual_music'],"['gameplay', 'operation']","界面的操作比较别扭尤其是武器的装备。战斗体验还行吧，抽卡目前也行。画风复古我个人还是挺喜欢。今天跑着就弹出游戏，进去再试仍是如此，所以卸载了
",,,
722621,风之痕迹,46838059,2025-11-04 07:47:18,2,20781607,星流,Vivo V1936AL,,[],[],"2025年了怎么还有人在复刻gbf😅gbf的游戏模式真的好吗
",2.0,,
722621,风之痕迹,46837997,2025-11-04 07:37:43,3,26034481,沧锡,一加8T 5G,,"['gameplay', 'operation', 'visual_music']",[],"像素小人太模糊了，单角色不可选性别。方向键该有一个自由按键，这个固定在一个地方操作有点难受(竖屏玩的)。
在竖屏游戏中质量比较高，就是角色女的太多，宅味太重。本身还以为会是一个经典rpg游戏。
可以适当多点男角色，起码2比1吧。女角色2男角色1。",,,
722621,风之痕迹,46837702,2025-11-04 06:55:43,3,403100066,离尘,小米Redmi K40,,[],[],有男角色吗这个游戏?,,,
722621,风之痕迹,46820679,2025-11-02 06:39:23,4,98685080,啰嗦的小王,Oppo A58,2100.0,"['gameplay', 'operation', 'visual_music']",[],"画风是毕竟像素风，好不好看这个见仁见智，但我很喜欢这个光影，音乐也不错，养成难度不大，武器可以免费获取这点必须点赞。
另外就是剧情跳过，自动战斗与一键配对等等，也算是二游标配了没什么好说的。
但这个游戏同样有一些小问题，首先是地图只有世界的大地图，而没有地形内的具体地图，虽然地图都不大，但小地图仍然无法看到全貌，这点希望改进一下，另一个就是摇杆，竖屏的摇杆操作起来手感确实不怎么样，像这样的轻游改成点击移动感觉更合适一点，或者让玩家自己选择摇杆点击或十字键。
另外就是角色与武器之间的互相翻页，现在点一个退出后再点还是太麻烦了，希望改进。
最后就是这个红点提示，在点进去后如果没有可以使用的东西就可以消掉了，结果非要点新物品，简直逼死强迫症，这也是为什么要扣星的主要原因，太影响游戏体验了。
总之是一款不错的二游，希望官方看见后能改一改，期待明年公测。",5.0,14.0,3.0
722621,风之痕迹,46818479,2025-11-02 03:04:08,4,9152246,孤岛,小米Xiaomi 14 Pro,35580.0,"['operation', 'visual_music']",['gameplay'],我主要冲着游戏画面来的，跑起图来确实养眼，游戏玩法现在比较单调，地图也很小，然后跑图手动操作可以做成点击位置人物自动过去，长按拉屏幕直接操作移动那种比较有体验感，只有摇杆太生硬了，角色方面，有一部分技能没有注释的完全不知道具体效果有点云里雾里的，而且一个回合制普通副本没有扫荡或者倍速太伤了，一直盯着重复的画面太容易把人想玩的欲望磨没,1.0,,
722621,风之痕迹,46837350,2025-11-04 06:08:50,4,106329856,无我,Vivo IQOO Neo8,7200.0,"['visual_music', 'gameplay', 'operation']",[],上午下载的，玩到现在，闪退了四五次，能不能优化优化,,,
722621,风之痕迹,46837066,2025-11-04 05:25:44,4,23358663,国服第一金馆长,Redmi  K70 Pro,45540.0,"['gameplay', 'operation', 'visual_music']",[],"古战场逃兵最爱，问题很多但是都不是很大毕竟是内测。接下来我说几个我遇到最大的问题。
首先就是一大堆莫名其妙的bug，包括但不限于数据乱码抽卡黑屏战斗卡死还有什么抽卡角色卡没了之类的问题，制作组也在赶工修改所以我勉强能接受。
然后就是ai问题，开启自动作战之后你会发现ai唯一的智慧就是在buff之后开技能，为数不多的几个奶妈开局就把加血技能交出去然后就是喜闻乐见的暴毙，我认为这应该不是bug希望制作组能改进。
接下来就是卡池问题，30抽保底我认为很良心，但是因为是混池的原因所以导致我抽卡并不是特别顺利，三十抽保底金我认为没有任何问题，但是如果可以加一个三个金如果都不是up的话第四个必定是up金就很合理了。
接下来是我认为最猎奇的问题，也就是魔兽的爆率，0.03%是不是有点太变态了，开服到现在每天刷刷刷到现在六七十级所有掉落魔兽加起来一共四只，我认为这个爆率可以适当提高一点点。
还有就是史莱姆这种素材本的获取，我认为加一个一键扫荡很有必要，这种游戏练度需求起码是两个队，经验材料需求不小，每次打史莱姆都要看一遍我认为很浪费时间。
因为是内测问题所以手机发热画质低没语音剧情不太行这种问题我没有具体提出，希望制作组能吸取经验打磨游戏品质，祝制作组公测大卖大火❤️",1.0,1.0,
722621,风之痕迹,46836976,2025-11-04 05:13:05,1,22654678,Mesou,Android 设备,,[],[],冲着像素风来的，刚玩剧情有点吸引我，场景也挺神奇，像素风基本上都是平面RPG，场景有立体切换，可能算伪2.5？但完全没想到像素风立绘也能卖成这样，对话立绘差不多只是头像。开局十分钟被两个女角色立绘创飞，这个奶窗和露肤度是在干什么，甚至其中一个还是我们主角，何意味,,1.0,1.0
722621,风之痕迹,46836895,2025-11-04 05:00:51,5,104243525,♡,Xiaomi Redmi K60 Ultra,,"['gameplay', 'visual_music']",[],希望作者大大能添加，跳过剧情有文字说明跳过剧情大概讲了啥，还有能触屏控制行走,,,
722621,风之痕迹,46836527,2025-11-04 04:18:07,1,98527013,手机用户98527013,HONOR PTP-AN10,,[],[],进游戏命完名字以后就一直卡在这里，真的有人能进这个游戏吗...,1.0,2.0,
722621,风之痕迹,46830773,2025-11-03 09:30:13,5,404314246,看不见我ouo,Redmi K70 Ultra,15240.0,"['gameplay', 'visual_music']",[],美术方面还不错，游戏图标喜欢，玩法好玩其他中规中矩的程度，优化方面得着重一下，不然就变成↓,,2.0,
722621,风之痕迹,46835990,2025-11-04 03:00:37,5,4848488,☆Rの虚、伪★,Vivo IQOO Neo9 Pro,29820.0,['operation'],[],画风很喜欢，有以前复古味道。玩法也比较休闲简单，就是刷副本体力的时候希望能打一次当六次打，不然太费时间了。还是推荐玩的,,,
722621,风之痕迹,46835599,2025-11-04 02:03:59,1,1620752,D,小米 15 Pro,,['visual_music'],"['gameplay', 'operation']",材料副本没有倍速，没有扫荡，本身就是刷子游戏，硬拖玩家在线时间？,,,
722621,风之痕迹,46832809,2025-11-03 14:11:03,3,440181707,路人而已,华为荣耀9X,70920.0,"['visual_music', 'gameplay']",['operation'],早上发现米蒂尔回来了，希望可以把其他bug修复，比如骑士团挖宝结算跳转触发黑屏bug，能优化好游戏就行,2.0,1.0,
722621,风之痕迹,46835294,2025-11-04 01:12:07,2,544799607,Hahahaha,OPPO Find X9 Pro,,"['visual_music', 'gameplay']",['operation'],"你们游戏策划自己不体验游戏的吗，每天有那么多资源本要打，每个都要罚站看战斗场景，每日每周每月都这样看下去吗？赶紧出扫荡啊要么就是可以隐藏自动打本，不然太折磨了😅
还有战斗也赶紧出倍速。",,,
722621,风之痕迹,46835231,2025-11-04 00:58:28,4,536186590,kolami,华为 Mate40 Pro,,"['gameplay', 'visual_music']",['operation'],这是出BUG了吗，昨天更新完，副本按键就锁上了，今天还是一样，其余人都可以直接打副本，我只能靠蹭,,,
722621,风之痕迹,46834883,2025-11-03 23:15:10,5,83656868,kkaaying,Android 设备,,"['gameplay', 'operation', 'visual_music']",[],还可以，测试阶段送得多，公测了不知道开局会不会变难,1.0,,
722621,风之痕迹,46834856,2025-11-03 23:05:29,5,38572081,爱丽丝,荣耀 畅玩30 Plus,21840.0,[],[],虽然游戏剧情表现拉胯，内容中规中矩，人物塑造单薄，竖屏劣质页游感十足，地图光影拉跨。但是游戏好在爆率不低，福利还算丰厚，没有私募的命座系统以及扫码的角色专武分抽，这就已经打败了市场上至少一半网上的二游。就目前来看，这个游戏还算是潜力十足，只要后期有竖屏，再藏起来他那劣质感十足的各种七七八八的活动页面，剧情再请人精打细琢并且提升表现力，那么至少这个游戏可以活到八周年（肯定）,,2.0,
722621,风之痕迹,46834674,2025-11-03 20:57:13,5,4461188,乐宝龙金木斯,Huawei Mate 60 Pro,,"['gameplay', 'operation', 'visual_music']",[],"玩了大概1.5h,除了有部分优化没做好，和魔宠和一部分战斗系统引导不完善外，真的挺惊艳的，剧情算是近期手游里亮眼的，很多画面细节刻画的也很好，尤其是晚上女主拿着提灯的倒影，画面打磨的很好，希望继续完善正式上线时能更好！",,,
722621,风之痕迹,46834556,2025-11-03 19:44:13,5,398964241,啵啵啵,Android 设备,180.0,[],[],剧情我第一眼就知道没意思，甚至土得要命，像是小学生写的。其他的我不知道，因为我看到剧情的第一眼就退了。只能说，画面唯美，但是剧情不唯美。剧情党不推荐。,,,
722621,风之痕迹,46834333,2025-11-03 18:10:50,2,23283882,Yami,Nubia Red Magic 8 Pro,,"['visual_music', 'gameplay']",['operation'],"首先你们项目得对自己这个抄gbf的游戏要有明确定位，查一下策划是不是滚服游戏过来的，又是搞累计抽取给奖励，又是这个跑图过任务，非常浪费美术组资源，又作出一堆通马桶任务
其次为什么要分普池限定池？单独一个普池是何意味，靠福利送抽的游戏有意义吗
后面游戏卡顿黑屏闪退我都不想提了，我也不信短时间内你搞得定，超大型敌人的立绘也很糊没特色",2.0,7.0,
722621,风之痕迹,46834215,2025-11-03 17:37:17,1,42393852,黄鹂清鸣夜,Vivo X200 Ultra,4140.0,[],"['operation', 'visual_music', 'gameplay']","摇杆位置别扭灵敏度也高的离谱好好一个竖屏游戏单手操作不了。场景做得很大可以四处跑但感觉有点毫无意义的大可以互动的要素过少。游戏指南的视频说明有种说不出的low仿佛在玩flash小游戏。最后是bug太多你永远不知道下一次游戏奔溃是因为点到了什么，可以是点了一下武器商然后游戏崩了，也可以是点了一下抽卡十连游戏崩了，大哥抽卡都能崩还怎么骗氪啊？🙄

这次测试就先这样了等正式开服再看情况改评价",1.0,,
722621,风之痕迹,46834055,2025-11-03 17:02:21,4,726989275,A萧麓辰,Tianyi TYH651M-02,9120.0,"['visual_music', 'gameplay', 'operation']",[],"P1是我的个人界面，立绘的那个角色我真的一眼相中！好看🥰
P2是战斗界面，不过是我一开始过剧情的时候截的，可以自动打，这个游戏自动打很早就开了，任务也可以自动寻路，感觉就是挂机游戏，但比别的挂机游戏更让我喜欢～
P3是我一眼相中的那个角色的像素样，可爱～
我是特别喜欢的～本来我就很喜欢玩像素游戏，爆率也可以，加上送的东西可以抽出挺多的金，比我在别的游戏手气好太多了！像素的样子很可爱，大立绘也很好看！太好看了！
最开始的时候不知道为什么，卡卡的，一点不动，然后我第一天就原地下线了，第二天再给这个游戏一份机会，可算进去了！幸好内容我也挺喜欢的～扣一分就是有点卡，然后像素还可以弄得再好一点～
△总体而言：（个人体验出发）
立绘：好看，很喜欢
像素：可以再更好一点，角色表现不是很好
打斗：丰富，有角色、自带专武、魔物助战，一起打
培养：暂时感觉武器和魔物还可以，因为分解了R品质的之后可以获得升级资源，所以暂时还没有问题，但角色上面我已经卡住了💦可能因为我太菜了？
福利：其他不知道，只知道我一口气领了挺多东西，然后抽了很多东西
祈愿：抽角色的池子一共有三个，一个UP、一个常驻、一个友情，我在UP里抽了很多抽，经常出金，有一次双黄，双黄后又一个黄，基本十个十抽里我能有三四个十抽有金，比别的我玩的游戏爆率高多了😌
性质：应该就是个挂机游戏，但感觉更合我喜好，所以喜欢～
剧情：不是剧情党，不是很爱看剧情，迅速扫过了……
△玩后的疑问：
所以我改名字怎么改？是不是改不了啊？
△以下是我目前看到的剧情，有点懵，不想看剧透的划走吧！
大概就是突然被神剑选中当勇者了，幸好我们天生跳舞天才的主角本来就想当勇者哈哈哈哈哈哈！所以伊甸园的世界大蛇和新世界的创世神到底谁好谁坏？我怎么看着感觉创世神才是坏人呢？？但是现在新世界把创世神传很好我又懵了💦",7.0,31.0,5.0
722621,风之痕迹,46833824,2025-11-03 16:26:25,4,660794083,叉烧,Vivo Y55t,,['visual_music'],[],其实还是不错的，剧情不错，人物设计还行，就是除主角外的人物比较扁平，目前玩下去的动力是剧情和人物抽卡，其他的挺一般，资源上能否出个一键扫荡，一个个打体力根本清不完还浪费时间。,,,
722621,风之痕迹,46833651,2025-11-03 16:01:03,5,40021312,蝶梦浅栖香,Android 设备,,[],[],先给五星，目前来看玩法类型画风这些都是OK的,,,
722621,风之痕迹,46833638,2025-11-03 15:59:41,3,118234407,听风ゲ韩哮,Android 设备,4860.0,['visual_music'],"['gameplay', 'operation']",期待了很久，画风非常喜欢，但是bug真的多到吓人，直接给我设置和功能性按键全扣了我是真的绷不住了，任务里叫我装装备，可是你之前炸服回档，给我已解锁的功能回档回去是何意味？甚至设置都给我扣了，火速修复吧，不然只能放弃了,,,
722621,风之痕迹,46833500,2025-11-03 15:40:11,5,352444612,568,小米24117RK2CC,31080.0,"['operation', 'visual_music', 'gameplay']",[],BUG有点多，抽卡抽快了还要闪退，不知道是我手机问题还是啥。还有打副本的时候，我主编队是火属性，用进副本的快捷编队换了别的属性队伍后，主角拿的依然是主编队火武的武器职业也没变。还有这个抽卡，这个属性角色抽到了没有宠物，另一个属性有宠物没角色，还有主角突破的那个证书，感觉爆率好低。希望那些材料副本能出个扫荡或者倍速功能不然感觉打的好慢。角色的有些buff描述也不说是干啥的，都不知道有啥用。其他的还是挺好的，可玩性很不错。,1.0,1.0,
722621,风之痕迹,46833412,2025-11-03 15:29:17,5,2832382,Ninth.,Huawei Mate 50,50700.0,[],[],最为一个gbf6年玩家，还是很希望国内能有一款做的好的原味代餐的，当然我觉得可以做一些优化，比如像悠久之树的自动连战，或者一些素材本可以扫荡。现在已经不是以前了，大家愿意投入在游戏上的时间没有那么多了，而且玩法本身就偏硬核，想留住人就要想想办法，希望这个游戏能够做好，我会推举他成为新的gbf😎,1.0,1.0,
722621,风之痕迹,44473088,2025-03-28 16:10:27,2,4225494,汪了个喵,Redmi K60,5700.0,[],[],"操作轮盘应该跟随手指，以按下为中心点，！他这个轮盘固定在中间，我就知道策划肯定是没玩过这游戏！！！我大拇指要在整个屏幕左右来回滑动，伸老长了，然后就直接删游戏了😅😅😅


",3.0,5.0,
722621,风之痕迹,46832919,2025-11-03 14:23:46,2,480320880,月,Vivo V2148A,,[],[],跟期望的差太远了！玩起来很无聊，抽卡也没有跳过动画,,,
722621,风之痕迹,46832792,2025-11-03 14:09:00,3,590365396,路过的小明同学,小米Xiaomi MIX Flip,7500.0,"['gameplay', 'visual_music']",['operation'],WiFi登不上，必须流量，想换平板可惜没流量。看看后续吧，公测如果还是炸服基本可以等下一个了,,,
722621,风之痕迹,46825423,2025-11-02 15:11:49,4,553214540,伟,Redmi K50 Ultra,12900.0,[],[],昨天服务器很差今天玩得还行，培养挺简单的，就是抽兵器和魔兽伙伴，人物是随专属兵器附赠。人物突破等级界限副本获得，兵器和魔兽伙伴需要同名突破。编队拿最好的同属性人物兵器或魔物放进去就可以。抽池兵器和魔物是混池，所以很容易歪，优点是30发保底一个金，今天第二天邮件好像是送了10000钻吧，全抽up池，100抽4个up角色只抽到一个土系up角色，可见up很难抽，不知道公测时抽卡资源好不好获得？游戏角色非常锁属性，人物兵器魔物的辅助技能目标都需和自身属性相同，所以只能纯色配队，四个属性阵营要养四队。我觉得游戏还行，凑队伍简单，人物只需要抽一把特定兵器，然后把人物等级养起来就能打。,3.0,3.0,1.0
722621,风之痕迹,46832540,2025-11-03 13:38:40,2,328352308,一头小鹿,Vivo S19 Pro,8460.0,['operation'],"['gameplay', 'visual_music']","风之幻想-大陆的霸者。
缝都可以缝。
一、机制方面
1.回合制碧蓝幻想，突突扔技能、宠物技能、奥义之后就是平A阶段（PS：技能CD7-8回合）。你能决定的就是技能先后顺序。
2.血条下方那个黄槽我完全不知道有啥用，感觉就是个摆设。（当然可能是我玩的不深，也许后面的怪需要控槽呢）。
3.碧蓝那么帅的奥义连锁结算放你这就放一张图片。
4.没有link时间（当然可能是我没玩到那个地步）
5.游戏有伤害上限（这可太熟悉了，好多日游有），所以后期可能会用这个卡你输出。多段数角色大概率人上人（也许各个技能伤害上限不一样呢）。
6.有爬塔，相当于挂机系统，爬到多少层给多少产出/小时，但是不是一个塔，塔是分属性的（同下面角色属性）。
二、游戏培养的东西可太多了，具体如下：（我大概看了一下，不一定全）
1.角色分为火，水，土，风四个属性，每个属性都有克制的属性，同一属性角色能互拐，而且按开头剧情和日游的尿性，绝对还有光暗互克的属性。每个队伍最多6人，也就是说，抽人方面不考虑角色淘汰，你要全属性全队伍起码要36个人，每个人还有命座可提升。
2.武器也要抽，本作装备系统不是以往的mmo，更有点像一个小游戏背包英雄，全角色一共九个武器格子，同属性武器能拐同属性角色，所以，按照上面元素属性计算就是54个武器，然后武器还有命座。（武器可以打造，我在打造栏看到了很牛的装备不知道打造的材料怎么样，材料可以打副本，打副本可以组队，可以做SSR，但是我注意到了一点，有的武器的被动名字是一样的，可能同名被动只生效一个）
3.宠物要抽，金色宠物（ssr）不知道是不是顶级，被动能甩紫色（sr）一条街。然后同上，宠物也分属性，一共四个宠物栏，也就是需要抽24个宠物，宠物也有命座哦。
4.上述的东西培养都是老一套了，升级，突破，升级，突破，这些是不用抽的。
5.角色升级很简单，刷刷经验副本即可。
6.武器升级很不简单，材料目前没找到副本，地图上有矿要挖，那个就是升级材料。
6.5升级武器是强化式的，有成功率，你材料不够填到100%可能会失败（我是非洲人不敢赌）。
7.宠物升级没用过，不做评论，经验材料和角色经验本是一起的（应该）。
8.角色突破材料本，分属性，而且有点难度（PS：需要练度）你光是角色满级可打不过。
最后，我就玩了一晚上，有很多可能没体验到，但就这个肝度，我跑了兄弟们（这可太像碧蓝幻想了，开头剧情那个血条和黄条我就没绷住）。",,,
722621,风之痕迹,46832524,2025-11-03 13:37:18,1,29512191,泡沫一团,OPPO Find X8 Pro卫星通信版,9780.0,[],[],"就是二次元抽卡游戏
",,,1.0
722621,风之痕迹,46832432,2025-11-03 13:25:29,4,3435396,爱，无悔 恨，无为,Vivo IQOO Neo10,34080.0,[],[],"
内测30抽保底，以后公测不知道会不会改，池子有点杂，爆率感觉还可以，就是魔物比较难抽。 

我现在的队伍有点杂，以后肯定是要组纯色队的，这样来看以后需要的资源很庞大。 

游戏内没有扫荡，没有跳过战斗，只有跳过本回合。 

游戏的主要玩法之一：自定义技能轴的设定挺不错的（至少我是这么觉得的）buff放前，攻击放后，不过其中也有一些bug，比如设定的技能图标消失，设定的技能没有释放出去等；还有最重要的是这样会很消耗时间！！！ 

移动轮盘！移动轮盘！移动轮盘！现在的移动感觉很难受，还有地图希望可以做的精细一点（游戏右上角的地图）每个地域的地图能不能做出来，就放个名字在那很难分辨唉！ 

钓鱼希望可以列个鱼类列表出来，钓鱼bug放后面说。 

爬塔挂机感觉发热有点严重，以为没有跳过战斗，爬塔是一件很恶心的事情！会消耗大量时间在这里挂机！！！ 

其他的bug也很多，各种闪退、卡顿、抽卡动画重复两次（抽的时候一次，退出抽卡界面又出来一次）；跑图角色经常被改回主角；展示界面角色消失，无法添加；钓鱼时提示感叹号点击之后的动画消失，只有声音，再点击钓鱼则进入下一条鱼的垂钓阶段，白损失一个鱼饵；所有角色、武器、魔物、道具的new提示很恶心！！！；希望可以加一个主角各职业的等级同步（主角职业影响主武器佩戴种类，我最开始因为主武器怎么找都找不到郁闷了好久，还以为是bug）；希望查看人物技能的时候，点击各buff之后可以给个详解，有很多buff效果都不知道具体内容； 

毕竟是内测，有情况暂时还能容忍，希望公测不要暴死[表情_开心] ",,1.0,
722621,风之痕迹,46832312,2025-11-03 13:11:29,5,364480272,不败的龙魂,Vivo X200 Pro卫星通信版,3600.0,"['gameplay', 'operation', 'visual_music']",[],不懂就问，公测会开放横竖屏切换吗？我是喜欢用竖屏的，但如果只能竖的话可能会筛掉一部分受众。除此之外，玩法，画风，剧情都不错,,1.0,
722621,风之痕迹,46832212,2025-11-03 12:57:58,5,37108047,木头人,华为GLK-AL00,5160.0,"['gameplay', 'operation', 'visual_music']",[],还是挺细节的吧！城镇一些NPC有单独的对话，有些文本很搞笑，笑死orz 就是不知道有没有没发现的隐藏支线，运营真的得给文案组磕一个,,,
722621,风之痕迹,46831926,2025-11-03 12:22:32,4,347789550,西索,华为 Mate40 Pro,28560.0,"['gameplay', 'operation', 'visual_music']",[],应该增加已通关副本扫荡功能，不然刷经验和材料太浪费时间，不可能浪费大量时间在一个游戏上,,2.0,
722621,风之痕迹,46831894,2025-11-03 12:18:20,5,1328170,无聊的大人,一加手机Ace 3 Pro,3900.0,"['gameplay', 'operation', 'visual_music']",[],是好玩的，但能看出内测目前完成度不太高，配队受属性限制太大了，不够灵活。希望后面可以改进一下,,2.0,
722621,风之痕迹,46831644,2025-11-03 11:48:02,5,40730051,开心老薯条,Vivo X100 Pro,3780.0,[],[],画风有、像八方，gbf内味很浓，但品质挺扎实的，总而言之就是个不错的小众游戏，公测好好打磨打磨细节，爆火不大可能，但应该能成常青树手游,,1.0,
722621,风之痕迹,46831433,2025-11-03 11:18:32,5,678106223,龙井,红魔9S Pro+,4800.0,[],[],冷知识：内测目前支援是不会掉体力的，只掉精力。我可算知道那么多人说可以无限刷材料是怎么来的了。不知道公测会不会改,,,
722621,风之痕迹,46831425,2025-11-03 11:17:37,4,411945974,甜蜜猫娘,荣耀 V30,,"['gameplay', 'operation', 'visual_music']",[],推荐是可以的，但武器方面可以一个角色拿1~2把武器，这么多武器结合在一起还是有点猎奇的😅😅😅,,,
722621,风之痕迹,46831294,2025-11-03 10:55:16,5,5437570,xyuexiuya,Redmi K70 Ultra,,[],[],虽然很多bug，虽然我一直卡在流星雨，只能换手机号。。不过还是给个5星，多一点包容，希望开发加把劲😂😂,1.0,1.0,
722621,风之痕迹,46831284,2025-11-03 10:53:55,4,37202139,咸鱼神枪向西来,Realme GT5 Pro,9120.0,"['gameplay', 'visual_music']",['operation'],别的都还不错，就是这也太卡了吧，这个优化实在是不敢恭维。还有就是这个养成...这游戏的玩法就决定了你必须所有属性都养一队，这导致养成消耗的资源是几何级上升。如果你希望做出一整套基本毕业的配队，保守估计啊，人民币七位数起算。,,,
722621,风之痕迹,46831204,2025-11-03 10:41:56,5,690835642,朝阳,Honor Play 40 5G,,[],[],这款游戏啥气候能内测！好不好玩,,,
722621,风之痕迹,46831184,2025-11-03 10:38:42,5,485604498,一心向上,iQOO Neo5 SE,3780.0,[],[],还可以吧，目前这条赛道算是一片...emmm蓝海？gbf牢手玩的挺爽的。就是目前剧情比较薄弱，还要好好完善下,,,
722621,风之痕迹,46831126,2025-11-03 10:29:31,3,232525,星辉石,OPPO Find N3 Flip,9180.0,['visual_music'],"['gameplay', 'operation']","也太像八方旅人了，希望能做好吧，三测还像个半成品，别做做又变成普通二游了……服务器就不说了，好好修吧。
1，剧情拖沓，西幻背景老用些烂梗，也没啥演出，可以说全部跳过也不影响理解，目前（打完第二章）来看可以说是没有故事。
2，画风很好看，但是UI略丑，养成界面丑还看不懂。画风复古UI就要好好做，不然看起来像真的老。（还有既然是学别人的画风如果敢用ai就等死吧🥰
3，战斗系统不上不下。要认真做复古回合制就别做自动，要做自动就做加速和扫荡或者直接挂机，现在很尴尬。
4，其实不懂搞网游的意义，地图上一堆玩家很出戏，也没什么联机玩法。你说为了圈钱吧，这个像素小人也看不出氪金大佬和零氪的区别啊
总的来说没看到创新点，剧情玩法画面音乐网络全都很老，节奏还不现代，那我为什么不直接玩正版老游戏……",,,
722621,风之痕迹,46830964,2025-11-03 09:59:07,3,74947130,雾月如华,魅族21 PRO,,[],[],玩法ememem怎么说呢，你可以借鉴一下八方旅人，感觉和挂机游戏一样,,,
722621,风之痕迹,46830379,2025-11-03 08:26:21,5,32835150,dollars,Android 设备,,[],[],国产gbf，福利挺好的，运营态度不错，好玩爱玩多玩，希望公测前把bug修完,,1.0,
722621,风之痕迹,46830124,2025-11-03 07:54:46,5,417728662,music,小米23090RA98C,,"['gameplay', 'operation', 'visual_music']",[],"好玩，爱玩，福利比gbf好很多，自动也智能。不过还是要优化服务器和自动设置，boss血量槽最好把特动划分点，显示出来，不然实在很难确认后面要出什么特动。
运营态度也好，至少不装死。期待公测喵",1.0,,
722621,风之痕迹,46830074,2025-11-03 07:47:43,5,417913773,夜岚,iPhone 13 Pro,,[],[],运营肉眼可见地在加班修bug，并且互动很多，bug在修了.jpg,,,
722621,风之痕迹,46824270,2025-11-02 13:04:14,5,60451111,林子,华为Pura70pro,25440.0,"['visual_music', 'gameplay', 'operation']",[],一万水晶吗，如果公测也能这么大方好评大大的有,3.0,1.0,1.0
722621,风之痕迹,46829954,2025-11-03 07:30:58,5,27771276,知守,Android 设备,138960.0,"['gameplay', 'operation', 'visual_music']",[],"之前的几次测试我都玩过，相比起之前完成度很可以了，我个人还蛮喜欢玩的，说一些问题和建议吧。
1、剧情的话中规中矩，但有些时候剧情里玩梗有点突兀了，需要再打磨一下。
2、画面上因为是像素游戏，可以多搞一些像素小人的剧情演出，可以参考下弹射世界，那个的像素小人演出是真的强。
3、游戏性能上还是要再优化优化，还是有些一卡一卡的。
4、战斗上希望能显示一下有些buff的词条说明，能够点击查看详细。",,7.0,1.0
722621,风之痕迹,46826385,2025-11-02 17:18:35,4,558889988,泛黄的行人,Redmi K60,2640.0,['visual_music'],['operation'],"这我可太熟了，这美术风格可以说是这么多年来模仿八方旅人最像的，几乎看不出来什么区别，我就吃这一套。
一星扣在幽默服务器和意义不明的抽卡",,,1.0
722621,风之痕迹,46829857,2025-11-03 07:19:34,5,3149776,月亮被我啃弯的,Android 设备,,"['gameplay', 'operation', 'visual_music']",[],辛苦了🫂,1.0,,1.0
722621,风之痕迹,46829669,2025-11-03 06:54:52,2,10555268,桥,三星Galaxy S25+,,[],[],这个界面是真难受 摇杆能不能搞成可以自定义的这位置都到屏幕中间了 聊天界面能不能改成小图标 点击打开  菜单都做到可以收起来不行吗,,8.0,
722621,风之痕迹,46829533,2025-11-03 06:34:49,4,648837220,，，,WIKO JEY-AN00,,[],[],玩法是好的，就是画面太粗糙了，还有一堆bug😓😇,,,1.0
722621,风之痕迹,46829462,2025-11-03 06:24:57,3,468231791,朱永吉,Vivo IQOO Neo5S,,[],[],只有女主，游戏网络不稳定,,1.0,1.0
722621,风之痕迹,46829446,2025-11-03 06:21:41,5,504811834,战神帝,小米 12,,[],[],30抽必出金 而且几率成谜😂,,,1.0
722621,风之痕迹,46829420,2025-11-03 06:18:58,3,3410896,釉色,Vivo IQOO Z9 Turbo,,[],[],不是你这个卡池真的好抽象啊，抽到常驻也清空保底啊？啊？当期up概率也太低了,1.0,2.0,
722621,风之痕迹,46829364,2025-11-03 06:11:06,3,67064893,流域,华为 Mate40 Pro,240.0,[],[],你这个画质也太糊了吧，像素是不是过分低了？,,,
722621,风之痕迹,46829245,2025-11-03 05:50:54,3,476537517,妹,HUAWEI Nova 9,,['visual_music'],"['gameplay', 'operation']",画面好看，但玩法真的无聊，主线冗长开不了新玩法，其余的就是挂机刷材料，没意思，没有探索的欲望,,,
722621,风之痕迹,46829146,2025-11-03 05:34:26,3,443064844,Sss,三星Galaxy S24+,660.0,"['gameplay', 'operation', 'visual_music']",[],"怎么切换不了横屏
",,,
722621,风之痕迹,46829020,2025-11-03 05:14:31,3,38126133,元始天尊张元清,小米Xiaomi 14,18060.0,[],[],卡了下，重新上号就这样了，我在城里面逛半天了，玩毛线😁,,,
722621,风之痕迹,46828890,2025-11-03 04:54:25,5,10580354,老菠萝,小米25053RT47C,,"['visual_music', 'gameplay', 'operation']",[],刚开始玩一会，就发现和碧蓝幻想好像，bug蛮多了，很容易闪退，希望公测会更好,1.0,1.0,
722621,风之痕迹,46828767,2025-11-03 04:37:24,3,521669320,霹雳大夸嚓,荣耀 X30i,,['visual_music'],['operation'],展示图片不是横屏吗 我进去是竖屏啊 竖屏真的很影响游戏体验 画面空间被缩小了根本体验不到宣传的画风精美 而且刚刚创建的账号在退出一次软件后就消失了 开头的故事情节是否有些地狱 主角和教导夫人的对话文笔真的不行,,1.0,
722621,风之痕迹,46828762,2025-11-03 04:36:49,5,703747602,老兆,Huawei Mate 60 Rs,,[],[],这态度可以 就是技术差了点,,,
722621,风之痕迹,46828725,2025-11-03 04:32:50,3,16069673,阿杰,Android 设备,1920.0,"['gameplay', 'operation', 'visual_music']",[],bug真的太多了，打开配对一片黑，根本看不到角色，主界面下面功能显示全是锁的状态，根本点不了一点儿，但是不看这些bug的话单论游戏还是不错的，赶紧修复吧！游戏质量第一，用户体验也要第一！,,1.0,
722621,风之痕迹,46828639,2025-11-03 04:21:57,4,429535652,红莉栖,HONOR PPG-AN00,,"['operation', 'visual_music']",['gameplay'],画面美术很不错，剧情也还行，但是玩法只能说很单调，而且固定属性的配队也是完全感觉不到策略性,,,
722621,风之痕迹,46828587,2025-11-03 04:14:25,2,646258636,不一致,坚果 Pro3,,['visual_music'],"['gameplay', 'operation']",玩家强制默认只能是女吗？不敢玩，怕被百合以及男友剧情😑骑脸,,1.0,
722621,风之痕迹,46828405,2025-11-03 03:45:28,1,61571089,洛克王国还我伊里斯,小米24117RK2CC,,[],"['gameplay', 'operation', 'visual_music']",歧路旅人+AI绘画+无保底池+角色宠物塞一个池,2.0,,
722621,风之痕迹,46828394,2025-11-03 03:42:27,1,47380352,侯kirff,Xiaomi Redmi K60E,,['visual_music'],"['gameplay', 'operation']",换皮传奇，看上像素风的可以不用下了,,,
722621,风之痕迹,46828364,2025-11-03 03:38:19,4,5550794,Eric,小米Xiaomi 17,,"['visual_music', 'gameplay']",['operation'],刚玩感觉还不错啊，八方旅人画风,,,
722621,风之痕迹,46828300,2025-11-03 03:30:47,2,29776699,谢叔叔,Android 设备,780.0,['visual_music'],"['gameplay', 'operation']","画面风格是我喜欢的
但是，每次重新打开游戏都要重新登陆，自动登陆就像个观众一样笑话我作为小丑来体验这款游戏
无数次的游戏内断网重连也让我失去了耐心
压死最后一根稻草的是主线任务区域因为未解锁进不去，我刚1级😄😄😄
祝愿这游戏尽早暴毙
",,,
722621,风之痕迹,46826374,2025-11-02 17:16:46,3,541645626,Doresa,WIKO JLG-AN00,18480.0,[],[],"进不去了，一进去就黑屏，然后只有音乐，退出重进或者手机关机重启也都进不去
重新下载了一下，然后又重进了两次，刚刚进去了",,2.0,
722621,风之痕迹,46828092,2025-11-03 02:58:03,3,32932900,GO菇,小米Xiaomi 12S Pro,9960.0,"['gameplay', 'visual_music']",['operation'],游戏其实能玩，这种像素风我喜欢。现在最大问题就是各种卡死，黑屏，玩的不爽。,,,
722621,风之痕迹,46809135,2025-11-01 07:08:53,3,496829651,LvH,Vivo X200,,['visual_music'],"['gameplay', 'operation']","答应我，活下去！HD-2D我可太爱了啊！但多爱多哀呀。😔
完蛋了，HD-2D的像素风在我看来像个噱头了，仅仅地图和小人儿是偏复古的像素风格，游戏UI和各种道具武器啥啥的都还是一股网游味儿，一旦点开了一个界面就会产生与地图上的复古像素风格迥异的变化，割裂感很强。尤其是人物立绘和对话框所展现的风格完全没有复古的味道，怎么说呢，大概是吉田和生岛他们的画风在我的脑子里的印象太深了，以至于已经形成了HD-2D角色立绘就该是那个风格的感觉，现在这游戏打开抽卡界面扑上来的角色完全没那个味道，只是普通二游立绘的感觉。
总之，现在玩起来完全没有Octopath traveler那种质感，也没有BL幻想那样完全靠角色立绘就能惊艳我的感觉。",,,
722621,风之痕迹,46827338,2025-11-03 00:36:19,3,24762787,苍叶,Android 设备,36420.0,[],[],登录游戏后，进去一直黑屏，只能听到背景音乐，以为手机问题，卸载重下之后还是这个样，看评论才知道不止我一个这样😔😔,1.0,2.0,
722621,风之痕迹,46827337,2025-11-03 00:36:17,1,662500800,。。。,华为PLU-AL10,,[],[],真不是明抄gbf吗😨,2.0,,
722621,风之痕迹,46827296,2025-11-03 00:25:58,4,327201301,ۣۖิ小ۣ姐ۣۖ别臭美.,Android 设备,420.0,[],[],很难绷啊，为什么进一次游戏登一次账号，我注册的时候也是手机号也注册了，还没注意呢，又给我重新弹出来,,,
722621,风之痕迹,46827086,2025-11-02 22:50:52,3,528929896,^w^,Vivo X100s,,"['gameplay', 'operation', 'visual_music']",[],等了一天还是这个弹窗，这个短时间是有多短？,,,
722621,风之痕迹,46827073,2025-11-02 22:43:18,3,18914366,大不了用令咒,Android 设备,,[],[],很期待像素风游戏，也很对我xp，但是为啥我进不去游戏一直提示我网络无连接啊。技术力疑似有点低了，希望好好打磨打磨，公测应该还是会玩的，希望别再搞这些幺蛾子了,,,
722621,风之痕迹,46826719,2025-11-02 18:47:58,5,295351,User295351,Android 设备,8940.0,"['operation', 'visual_music', 'gameplay']",[],角色都挺好看的，编队战斗跟gbf类似，虽然目前炸服了登不进去，但希望你能好好活下去，加油,,,
722621,风之痕迹,46826418,2025-11-02 17:25:45,5,428569944,梨花,Android 设备,,"['gameplay', 'operation', 'visual_music']",[],"有一说一，画风音乐都是我喜欢的点。测试嘛难免有问题，关系不大，但是抽卡不能加个独立的音乐吗？boss转换阶段也换点紧张的音乐吧？还有new也得红点很不方便，左右换角色和武器也没有，加油优化吧
",,,
722621,风之痕迹,46823494,2025-11-02 11:39:21,1,614101023,ε٩(๑> ₃ <)۶ з,华为FGD-AL00,,['visual_music'],"['gameplay', 'operation']","除了画风和音乐不错，其他方面都不行
剧情没有配音
界面整得跟换皮页游似的，让人看着真不舒服
优化太差了
特效拉胯
战斗玩法还是那老一套回合制，不好玩",1.0,4.0,1.0
722621,风之痕迹,46826198,2025-11-02 16:44:25,1,746867875,鱼,Android 设备,11040.0,"['operation', 'visual_music']",['gameplay'],我觉得这个游戏比如说我打过的单元应该设置一个扫荡功能，不然的话每一次打过了之后又要重新回去打，太麻烦了，如果是新剧情的话肯定就不用扫荡，这还能节省很多时间，它本来就是一个刷体力的，要是觉得这个要求不合理的人，麻烦请不要在下面评论，你自己玩的开心就行,,,
722621,风之痕迹,46824528,2025-11-02 13:31:53,4,332844164,clessssssss,Android 设备,41640.0,[],[],"编辑∶疯狂炸服就不说了，总结下意见吧
①文本优化，都玩jrpg了肯定要沉浸式体验冒险氛围啊，实在不行参考下时空猫
②刷塔和挑战开倍速，挑战最好能速通
③小地图优化
④编队，选择成员/武器的时候显示的在编居然是所有队伍通用的，每次新建队伍编队的时候都要退出来看当下这支队伍选没选过这个角色/武器
⑤能不能自由选择画面是否显示其他玩家，很出戏，也显得很乱
⑥支线任务（村民派的任务）之后会不会有？比如刷材料刷怪跑腿啥的
⑦人物对话是不是能多叠几层，只能重复有点单调
美术风格太喜欢了，就是文本烂得一塌糊涂，有种想幽默又没梗，想正经又没那个水平的感觉，不上不下的，以及战斗能不能开二倍速，地图和编队机制都优化下吧
理论上副本次数可以一直炼，估计会非常肝",1.0,8.0,1.0
722621,风之痕迹,46826108,2025-11-02 16:31:28,3,33136413,分五小创,Realme GT Neo5 SE,,[],[],为什么我开了60帧率但是没有60帧率。其他我都能接受就是这个我不能接受,,1.0,
722621,风之痕迹,46826030,2025-11-02 16:21:53,4,2248148,读作CL,小米Xiaomi 14 Pro,,"['visual_music', 'gameplay', 'operation']",[],很早就希望有类似gbf的游戏，希望福利能好点(照着gbf操作业应该没啥问题吧),1.0,,
722621,风之痕迹,46825898,2025-11-02 16:04:43,5,746991965,超越时间线,OPPO PFGM00,,[],[],服务器再炸我跟你拼命了，换个服务器呗😁😈😈我氪金支持了啊，一回档给我全弄没了,,,
722621,风之痕迹,46825773,2025-11-02 15:51:16,3,11603407,耳机依赖患者,小米25053RT47C,,['visual_music'],[],"首先这游戏没玩多久进去玩一会一直掉线重连
1，画面很好，下载之前我看宣传片我在想会是艾诺迪亚那种的，后面发现不一样，要是用这画面做一个艾5那一定很棒。
2，这是竖屏的，我比较喜欢横屏，当然这不是太大问题，个人爱好。
3，剧情，我进去开场一个男的）向女的表白，我还以为是男主呢，后面发现自己是个女主，我希望有两套模板剧情分男女主的，
4，自动引路的那个，有时候能用，有时候不能用，要不然全自动，要不直接搞一条黄线在地面指引方向，
5，战斗，千篇一律。个人喜欢烟雨江湖那种自动战斗。
6，UI也是一坨，经典腾讯小游戏的UI
最后总结:屎盆子镶金边",,1.0,
722621,风之痕迹,46825851,2025-11-02 15:59:11,4,431020694,衣服骨刺,一加手机Ace 5至尊版,,"['visual_music', 'gameplay', 'operation']",[],玩了几十分钟，游戏很好，就是为什么没有横屏切换还有60帧不生效呢还是说我卡什么bug了,,,
722621,风之痕迹,46825824,2025-11-02 15:56:39,5,24177267,花开堪折直须折,Android 设备,,[],[],游戏不错，希望下次换个好点的服务器,1.0,,
722621,风之痕迹,46825791,2025-11-02 15:53:25,3,424121604,大明湖畔的嬷嬷哒,Android 设备,,[],[],刚设置完名字开始舞会对话，网络正常的情况突然显示没有网络。退出重进以后就无法进入游戏了哟😂这是为什么呢？,1.0,,
722621,风之痕迹,46825708,2025-11-02 15:43:52,4,61234807,生而陌路,Vivo V2463A,12000.0,"['gameplay', 'operation', 'visual_music']",[],"省流：经常闪退，服务器不稳定，一但网络波动立马退出战斗，甚至没有重连的机会，战斗时间过长，没有倍速，路上有些场景怪会避让很长时间才会给掉落，看得出来是想要尽量延缓玩家进度延长游戏寿命，但是这样还不如直接战斗更快，或者真想延迟进度还不如删掉怪物避战一定时间掉落这一点，另外希望能自定义键位，这个移动摇杆有点太靠上了，左上角的活动没办法收起来，影响画面，另外希望战斗结算能让ACE说句话，哪怕是干巴巴的说一句胜利算有个提示，对于上班摸鱼用熄屏挂机连蓝牙知道战斗是否结束这真的很重要，希望宝箱和采集点一样有闪光特效，宝箱、采集点交互范围稍微有小，另外经验券不能全选，每次只能选一种很麻烦，打boss进房间很不清楚，有时候能进好几个房间，直接加个自动匹配多好，英雄品质之间伤害差距过大，sr和ssr同样30级，伤害天差地别，希望数值能稍微平衡一下，不至于差好几倍，另外武器格子没有规则解释（如同样一把武器放在几号格子收益最大化，不知道武器到底谁用了，该给谁用，一键排列确实很省心，但是这样还不如直接各装各的）关于属性问题，目前一键排列只能选择一种属性，希望能让队伍有两种 甚至两种以上的属性互相打配合，让玩法更多样性，也能在一定程度上抑制数值，很多地方还是需要优化
我真的很喜欢这种八方画风，手机上的歧旅大霸战斗系统玩不太懂，现在这个带一点点网络用语，战斗简单明了，尤其背包筛选功做的最好。",,3.0,1.0
722621,风之痕迹,46825665,2025-11-02 15:38:32,4,601745226,ooo,Vivo IQOO Z9,,[],[],点玩进入游戏就不动了咋点都没用，我感觉真的好玩让我进去吧,,,
722621,风之痕迹,46825605,2025-11-02 15:32:06,3,6316758,迷途旅者,一加手机Ace 3,18120.0,"['gameplay', 'visual_music']",['operation'],"喜欢的像素风，喜欢的日式西幻勇者剧情，给的钻石多，但看起来要抽的东西也多，抽到角色就送武器（或者这个游戏里角色就相当于武器。），有点搞不懂养成机制，希望能改改，或者引导做好一点。
然后最蛋疼的一点，是ui功能，很繁琐卡手，很多无效操作，这个真心希望改改。
最后吐槽一下组队功能或者说社交功能，也是真心不喜欢强制社交的说，打一个普通boss，居然搞了个30人组队，房主点了十几次开始，都没成功，让人很是红温……
也不知道这策划是怎么想出这功能的，如果不修改，那正式公测我可能不会玩这游戏……
最后是卡或者网络连接问题，不知道这次测试有多少，但玩着玩着莫名卡掉出去数次，网络连接没响应只好自己退出重启数次……
如果正式上线也这水平，那就很让人觉得前景堪忧了……
最后像素画风和剧情是真喜欢，我还给氪了六元拿了个首充角色……本来先截图的，但又给卡死了，也是无语……
（补一个微信记录吧）",,,
722621,风之痕迹,46825580,2025-11-02 15:29:59,2,33637096,无敌,HONOR 90 GT,,['visual_music'],"['operation', 'gameplay']",抱着很大的期待玩这游戏，也玩了有大半天了，除了up难出，这点倒还是能接受，毕竟看脸，最让我接受不了的是，日常材料副本，居然打过了一次难度后不能扫荡，每把都要手动刷，跳过战斗也只能跳过一回合，你就看着吧，真的难受，浪费时间！这点能不能学点市面上的游戏，日常扫荡啊！这都什么年代了，还要每关都手刷😅,2.0,,
722621,风之痕迹,46825565,2025-11-02 15:28:12,3,74716668,静静的热狗,小米24129RT7CC,,"['visual_music', 'gameplay']",['operation'],本来想说这游戏还不错，结果卡成这样。爬塔一关打了快十分钟，剩20%了结果给我断线重来，真是气到吐血，浪费我时间！,3.0,,
722621,风之痕迹,46825545,2025-11-02 15:26:31,2,45623436,阿虎,Android 设备,,"['operation', 'visual_music']",['gameplay'],平平庸庸，没啥特色，玩法枯燥，除了像素风格以外玩不到任何新意，期待了几个月玩了一个多小时就卸载了，之前玩了个黑色信标就是这样，估计这游戏大概率公测后也是一样的结局吧😑,,,
722621,风之痕迹,46817278,2025-11-02 00:42:37,3,632196198,啊啊啊啊啊啊,一加手机13,,['visual_music'],"['gameplay', 'operation']",一般般，画面很刺眼，比较难分辨，玩法很古老，除了画风以外没有可以可圈可点的地方，另外好臭的武器数量和搭配方式,,8.0,1.0
722621,风之痕迹,46825352,2025-11-02 15:03:32,5,3075405,苍狼,华为 Mate40 Pro,14340.0,"['gameplay', 'visual_music']",[],"能让我在为数不多的游戏里面眼前一亮，千万不要爆死哇～
画风比较像歧路旅人，玩法类似gbf，每样我都体验过，这种像素画风的手游玩的太多了，关服的也不少（克鲁赛德战记和世界弹射物语），真的希望能够好好优化好好运营🙏",,,
722621,风之痕迹,46825329,2025-11-02 15:00:42,4,607736755,冲冲冲,荣耀 X30,,[],[],什么时候上线,,,
722621,风之痕迹,46825218,2025-11-02 14:45:45,3,57803911,橙子鲸鱼,Redmi K50,,[],[],看在是小作坊的份上支持一下，画风还是很不错的，这种2.5d像素风我个人是比较喜欢的，而且市面上这样的也不多，但是游戏整体仍需打磨，一些细节的地方比如竖屏摇杆移动稍微有点别扭，可能是灵敏度的问题，聊天频道分得更清楚点，队伍求助的频道专发队伍求助，聊天吹水另开比较好。总体的设计其实和市面上其他小作坊差不多，除了美术画风独特也没什么特别的了。建议再整个一键自动寻路刷怪。,,,
722621,风之痕迹,46825053,2025-11-02 14:28:24,3,28612952,冤冤香宝和时鸟,一加手机13,13560.0,"['gameplay', 'visual_music']",['operation'],"上手完了，游戏性就是传统的养成和下本。
画风是3d场景混着2d角色，画风偏中世纪。
游戏玩法就是养成角色，抽卡，下副本刷装备和一些武器卡跟辅助卡。
好了，以上的游戏大概讲完了，我要开始喷了。
首先就是你那跟屎一样登录界面，每次进去，都会弹好几次登录界面（不确定是不是手机问题），我光登账号就能登4，5次，有时候还会显示账号已登录，然后就退出账号，让我重新登，啊米诺斯！
第二个就是boss多人本，那个等待界面，就是准备的界面，你能不能加点东西呀？你加个踢人的，或者是让准备的时候可以聊天也行啊，人一多起来十几分钟都开不了一把，不是有人不准备，就是退出了，重新进来没有准备界面，再就是有一些勾八玩意儿，一直点取消，我不知道你是专门过来恶心人的，还是点取消感觉好玩，你能不能滚啊？房主一开你就点取消，咋了，那取消键是不是跟你有仇啊？你这官方也是的，那取消准备能不能加个次数？别人游戏匹配到准备了，取消也会扣信誉分的，你呢？
再一个就是你这屎一样的网络优化，我手机小窗挂个直播或视频，你都能给我一直搞连接，我也不知道是不是你服务器炸了，就一直给我显示网络连接失败，可问题是我小窗还挂着视频或者直播呢，直接一个连接失败，给我干到登录页面，然后又给我弹好几次登录，让我重新登，直接就给我干红温了。
还有我不知道是不是有暗箱操作啊（大概率没有，也可能是脸黑），有的玩家30抽三个金，我90抽了三个金，还有一个是送的，你🐴，虽然有可能是我脸黑，但我感觉你就是有暗箱操作的嫌疑。
还有就是游戏内移动的延迟，我不知道你们有没有，反正我就感觉跑的就很难受，哎，总是你这边滑到底儿，他需要愣一下才会走。
再一个就是你的游戏内的红点，特别是背包的，你能不能改成打开背包看一眼再退出去红点就没了那种啊？你知道我打开背包，一个一个点物品，一个一个消红点，有多难受吗？每次退出去发现背包还有红点，然后再跟着进去重新点一下。我真的很难受，你知道吧？
总之你这次测试游戏性还有系统以及网络延迟等问题都有待优化，特别是游戏性，除了你这混搭的画风外，跟传统的卡牌对战没啥区别，都是回合制的，而且多人游戏性有限，除了那几个本能跟别人一起玩之外，好像也就单纯是在大世界，能看到别人而已，而且你那也不算是联机吧，就是一堆人打一个怪，而且你也看不到别人，你可以理解成滚服游戏里的跨服boss战，你回合完了，等别人回合也完了，然后一起计算伤害，超过boss血量， boss就嘎了，然后按照伤害排名，多人联机游戏性非常局限了，除了那个和公会，你基本上就可以当成单机游戏玩了，只是有很多人在世界频道上讲话而已。
哦，对，那个公会也是拉中之拉，除了一个商店，好像没啥屌用了，而且商店里面的东西，你现在一个都买不了，我大概看了一下，好像也没啥东西，就像是一个为了聚集玩家而做的，没啥卵用，除了聊聊天，吊毛用都没有，哦，对，有个助战卡可以选。
总之好好优化吧，画风还可以，可以说是特立独行了，但不知道是不是我错觉，就是玩的时间稍微长一点，或者是在游戏界面待的长一点，总感觉好容易看腻啊，而且还有昏，还好是测试，要是公厕或正式服，我感觉直接就炸了，还有登录界面里的那个个人中心啊，不知道是不是手机屏幕问题，那个个人中心点一下，上半部分直接就是空白的，但是还是有个横杠在最上面，你往下拉，直接就有一半是看不见的。",1.0,1.0,
722621,风之痕迹,46825104,2025-11-02 14:34:52,4,42367011,铭刻历史的星星,Vivo S15 Pro,8340.0,"['gameplay', 'operation', 'visual_music']",[],"整体挺好玩的
有几个小意见
①希望音效和音乐能更丰富些
②红点问题，希望点完红点能消失，强迫症真的很……
③跑图问题，小地图不能点开
④怪兽做的太潦草了，希望改进
⑤移动手感很差，容易转圈",1.0,,
722621,风之痕迹,46825025,2025-11-02 14:24:56,5,50551469,隐者(•̀⌄•́),Honor 70,,[],[],竖屏吗,,,
722621,风之痕迹,46824983,2025-11-02 14:20:54,4,411331168,啦啦啦德玛西亚,Vivo IQOO 12 Pro,,[],[],"只玩了几分钟，竖屏的移动操作很不舒服，没有看见有横屏切换的设置。角色三十抽保底让我怀疑后续的资源获得难度和角色保值度。角色技能没有专门解释，看不懂。
",2.0,,
722621,风之痕迹,46824943,2025-11-02 14:16:50,5,475387907,钉宫骂我,华为Mate30 Pro,8820.0,"['gameplay', 'operation', 'visual_music']",[],"给5星期待因为我还算喜欢这款游戏
官方目前非常活跃所以运营肯定是没问题的
期待横屏，竖屏移动稍微有点难受
画风肯定没的说非常好看，很少有这样唯美的像素风格
剧情还没体验到多少因为还没更新
组队打怪这个设定还是非常不错的，可以看看自己的输出等方面，以后还能带带新手吧（？）
氪金方面我觉得用肝度就可以弥补氪金方面的空缺，基本每个属性你拿个4个角色就能打了后面再用肝度弥补一下其他属性的角色，先用属性最多的先爬塔再说吧
可玩性上也就是传统回合制打怪刷副本提战力，后面不知道会不会有新玩法，特别是组队类的要多开发哟
要是角色在主城能多点互动也非常不错，社交也是游戏可玩性之一，比如表情包，或者打字都行
最后祝这个游戏能长久经营下去！",1.0,1.0,2.0
722621,风之痕迹,46824851,2025-11-02 14:07:35,4,426782430,炫绿白衬衫,Redmi K70 Ultra,26220.0,['visual_music'],['operation'],前面剧情铺垫都很好，一到抽卡开始整体剧情氛围就崩了。这要是买断30块我还是愿意付的😃,,,
722621,风之痕迹,46824826,2025-11-02 14:05:15,4,63683432,手机用户63683432,Nubia Red Magic 8 Pro,,[],[],这个游戏一个玩gbf的人来看一目了然是怎么回事，希望你们沿用30抽一个SSR这个池子，然后把gbf那些缺点都给改掉，福利再良心一点，一些功能多利好玩家一点，我觉得是能活的这游戏，玩法决定了不能大红大紫，但是如果能做到成为一个轻度电子盆栽，我觉得会很长远得发展下去，做像素真的很讨我的好感，希望你们越来越好😁,,1.0,
722621,风之痕迹,46824669,2025-11-02 13:48:56,5,99124790,鲲者也,HONOR DNN-AN00,,"['gameplay', 'operation', 'visual_music']",[],"剧情很有想法和意思，尤其是最开始那一段直接让我想到darksoul系列了，推荐。就是现在剧情量太少了，不知道公测会不会来点大的
----------------------------------战斗系统更复杂点就好了，仔细看了下战斗系统发现还是传统回合制+角色一对一固定技能组，不过这样也挺不错，玩的挺轻松，工作的时候手机放一边挂起
----------------------------------
对了，希望能出个简洁模式，游玩的时候能把大多数ui和其他玩家隐藏",1.0,5.0,1.0
722621,风之痕迹,46824638,2025-11-02 13:46:22,4,40340681,与光比邻,Android 设备,,[],[],挺好的。就是玩法不能扫荡太可惜了，明明都能秒了，还要一遍一遍的刷， 几百体力要刷到啥时候啊。,1.0,1.0,1.0
722621,风之痕迹,46824629,2025-11-02 13:45:01,4,33897747,依菲,Redmi K60,,"['visual_music', 'gameplay', 'operation']",[],玩过两年悠久之树，gbf这种玩法的游戏，好玩是好玩，太肝，我一开始以为是4个属性，后面发现还有两个，玩家少的话不方便，肝多了也疲惫了，建议减点负,1.0,,
722621,风之痕迹,46824626,2025-11-02 13:44:57,4,2704723,天真吴邪,Android 设备,,"['gameplay', 'operation', 'visual_music']",[],卡死好几次，做任务有很多人的时候看玩家乱摇头，需要改进一下,,,
722621,风之痕迹,46824335,2025-11-02 13:12:00,3,74225720,孤单的路西法,Android 设备,10140.0,[],['gameplay'],"披着八方旅人外衣的多人副本游戏。
主要玩法就是打那个联机本然后祈祷自己爆SSR魔兽和SSR武器。
我都不想称之为刷子，这也算的话那杖剑传说打副本开宝箱也叫刷子了？
而且主线卡天数，副本难度卡天数，啥玩意都给你卡完了。
只适合能接受天天打联机本的人。
个人感觉不如去刷圣遗物，还有点随机性。",,,
722621,风之痕迹,46824250,2025-11-02 13:00:15,3,346397602,冬瓜大王,小米Xiaomi 14,600.0,"['gameplay', 'operation', 'visual_music']",[],画风挺不错的，很独特，也很精致，就是你这操作方式。跟吃了🐶屎一样，谁教你的把方向杆放屏幕中间呀。别扭的要死。很难操作,,,
722621,风之痕迹,46824163,2025-11-02 12:51:53,5,70926034,卷心菜,Realme真我GT7 Pro,,['gameplay'],[],"希望公测也是这个爆率，玩了一天游戏感觉还不错，就是游戏战斗时长最好能优化一下，打副本能多次，爬塔能加速什么的，希望能多出一些挑战活动，还有其他地方，我用一句话概括一下。
……",,1.0,
722621,风之痕迹,46823964,2025-11-02 12:30:19,3,17145105,手机用户17145105,HONOR PTP-AN10,,"['operation', 'visual_music']",['gameplay'],"八方旅人+gbf玩法的游戏，但是太半成品了

1：武器盘太单一了，方阵武每个属性只有一把？

2：bpap药炼金刷的比gbf还累，要一直来回跑，时间不多的根本没办法刷

3：技能图标也很单一，而且5毛特效，建议参考一下last cloudia

4：帧数感觉3060没区别，非常卡顿，刷新感觉也不流畅

希望正式开服会体感好一点吧",,,
722621,风之痕迹,46823876,2025-11-02 12:20:59,3,371698110,不上班包治百病,OPPO Find X8 Ultra,25380.0,[],[],爬塔太慢不能跳过，已通关的副本不能扫荡😅,1.0,3.0,
722621,风之痕迹,46823869,2025-11-02 12:20:30,3,668513646,吾,三星Galaxy C55 5G,,[],[],我感觉这个画风是我喜欢的类型，然后光影挺好的但是就一直在打，有点无聊,,,
722621,风之痕迹,46815980,2025-11-01 17:53:33,3,420027446,啊啦啊啦,Android 设备,,[],[],唉，主角是女的，我本人还是喜欢像素RPG的，有点童年的感觉，但是重剧情的游戏不代入我是玩不下去的，简介也不说一下主角是个女的,,,
722621,风之痕迹,46823605,2025-11-02 11:52:16,3,577798967,陈,小米M2103K19G,1980.0,[],[],"发热好严重啊,时不时还会有卡顿,甚至于卡死,我还没怎么玩,走一遍主城,手机就发热得很严重了,我画质也调到最低了呀,发热怎么会这么严重",,,
722621,风之痕迹,46823576,2025-11-02 11:48:41,4,68097297,闲语山空,Vivo IQOO 13,840.0,[],[],美术可以的，不过我刚做到抽卡哪里就闪退了😨,,,
722621,风之痕迹,46823457,2025-11-02 11:35:16,4,451814410,黑琦懿刃,Honor荣耀X60 PRO,,"['operation', 'visual_music', 'gameplay']",[],有谁知道怎么切竖屏吗？横屏看着有点不舒服,3.0,,
722621,风之痕迹,46823440,2025-11-02 11:33:50,3,4426071,现实与梦,小米24117RK2CC,420.0,['visual_music'],"['gameplay', 'operation']",一般吧，花风我喜欢，但游戏玩法……反正慢慢来吧,,,
722621,风之痕迹,46823313,2025-11-02 11:19:00,3,29802142,夏困游光,Web 官网,,[],[],"美术很有印象，但这游戏的动效很有问题。哪怕开60帧，连对个话都会给你很强的卡顿感，但好像不是游戏帧数问题，是过度的动画效果做的就很突兀。看起来是卷剧情的游戏，那没有配音的话就感觉差点意思了。然后是技能的图标以及登陆界面都给人很强的廉价感，以测试来说这个水平可以接受，但正式游戏也这样的话整体游戏给人的品质感会很差。



然后如果这游戏打算主打国内市场的话没有横屏适配很是问题。
其他等深度体验过后再补",1.0,,
722621,风之痕迹,46823306,2025-11-02 11:17:24,4,21884222,李瑞珂lyric,小米Xiaomi 12S,,"['gameplay', 'operation', 'visual_music']",[],"测试期抽卡概率估计是偏高的，因此实际抽卡合不合理有点看不出来……
1，像素风格是有人吃这套的，但毕竟比较小众，因此立绘上还需要下功夫；
2，剧情就看了一天的，目前看不出好坏，但是锁女主确实是败笔，看剧情脉络理论上出个男主版本的是没问题的
3，操作的话竖屏确实难顶，操作杆在中间还不能挪
4，触怪到进战斗好像有点卡，每次我都跑出去两三步突然就进战斗了。战斗动作也比较匮乏，有点审美疲劳
5，副本在确认的时候竟然能加人，然后就一直开一直没全部确定……
6，感觉要素有点多，6个战斗人，10多个武器，5个宠物，然后还得最好配同属性的😅，看后面应该还需要配多个属性队，难顶
7，粉毛竟然只有小技能是治疗，刚开始我以为纯医护人员",6.0,3.0,1.0
722621,风之痕迹,46823238,2025-11-02 11:09:56,5,29939373,Stone cold,HONOR PTP-AN60,12900.0,[],[],游戏本身还是不错的，但是那个组队开本是真的很无语，因为总是有人不点确定，你们还是考虑一下要怎么改吧,2.0,,
722621,风之痕迹,46823148,2025-11-02 10:58:01,1,36207015,安祺,华为MIS-AL00,,[],[],自动没倍速，纯抽卡氪金游戏。好好的RPG糟蹋了,,,
722621,风之痕迹,46822967,2025-11-02 10:36:41,2,6308610,言酱酱,一加手机Ace 5 Pro,,[],['gameplay'],"角色立绘疑似ai（主角头发都没抠干净）,画面参考的八方旅人风格，带有光影的像素3d风，战斗是回合，另外游戏画面非常卡，但是没有发热现象，我配置是骁龙8至尊。新手教程还没过我就已经没有任何想体验的想法了",1.0,,
722621,风之痕迹,46822909,2025-11-02 10:31:48,4,26456375,哇七,红米 K40S,14820.0,"['gameplay', 'operation', 'visual_music']",[],挺有意思的画风非常戳我，如果有更加细节的大地图设定就好了，类似城镇流浪猫可以摸的动打卡喂鱼之类的，可以和npc培养好感，可以在可互动建筑物门口贴讨伐任务等等的小设定，钓鱼判定太粗糙希望能优化,,1.0,
722621,风之痕迹,46822805,2025-11-02 10:19:56,4,410603351,jistlike,华为nova 7 5G,4260.0,[],[],"测试期间，我给四星，希望公测加油，公测如果还是这个样子，我给俩星。
剧情什么的还在体验，就目前体验的感觉，人物对话还是比较接近现实的，有点暴躁老哥的感觉，毒舌。有时候我也是这么想的😋
图一：抽卡十块钱（100石头）一抽，30抽保底，限时up界面有四个，且会歪，回合制战斗，但是可以简单手搓一下，也可以自动战斗，这点还可以。
图三：角色分属性，武器分属性，有的武器有被动，但是被动只对同属性角色生效，不同的只能吃到面板加成，武器对全队生效。这个基本上固定了游戏的队伍组合，拉高了配对成本。后面肯定是全员风属性穿风装，其他角色和装备塞其他队伍里了。这点不是很喜欢，角色同属性还能说打减抗，爆发，但是武器如果再绑定属性，那么抽到的武器和角色万一不是很搭，那就难受了，抽到武器穿还是不传，金光闪闪的武器塞仓库吗？穿了吃不到武器被动。
图二布局，卡顿发烫问题，有种对话和走路是ppt的感觉，战斗也是 非常影响体验感，我玩了一会直接就睡了。这个我看下午好像修改了，但是我游玩的时候，战斗方面还是不连贯，
下面就是一些小建议了，图二方面，能不能把那些多余界面比如七日活动，限时up啥的出个隐藏功能，个人感觉，这样看起来会舒服很多。
就这么多了，希望公测能见到一个更好的风之痕迹。蒸蒸日上吧


",6.0,14.0,4.0
722621,风之痕迹,46822613,2025-11-02 09:59:32,4,251169906,鸡块,Android 设备,2880.0,"['gameplay', 'operation', 'visual_music']",[],图标很高级，玩法不喜欢，但说到高级,3.0,1.0,1.0
722621,风之痕迹,46822479,2025-11-02 09:46:32,2,699101561,解决,一加手机11 5G中国版,12000.0,[],[],难以想象是2025年的游戏,,5.0,
722621,风之痕迹,43488420,2024-12-18 05:29:17,4,21346137,茄,Vivo IQOO Neo9S Pro,23280.0,['visual_music'],[],第一天任务做的也差不多了，要是有攻略或者角色队组推荐就好了。得吐槽一下这个卡池，大锅池里面放了很多角色这就会导致欧的很欧.非起来就很难受。一百多抽了现在，估计要保底200才能拿到火属拉格娜。boss开的房间不能设置密码或者限制什么的。自己一人挂机里边打，跑进来别人还把我一名拿了敲！感觉今天抽卡是真的黑，想玩火队，歪了不少其他角色。除了爬塔其它关卡目前没难度，组队那四关我都是单刷的。后面困难的一个人估计不行。我10点进的游戏看到里边玩家还挺多，战斗时候遇到两次网络重连就没遇到其它bug了，希望官方多多优化吧。,1.0,5.0,
722621,风之痕迹,46822345,2025-11-02 09:27:33,4,605037920,旱鸭子,Honor X50 ,,['visual_music'],[],有谁知道怎么横屏吗？,2.0,1.0,
722621,风之痕迹,44917070,2025-05-11 02:09:58,3,15604883,七夜狩,Android 设备,,[],[],"体力限制的话，那就不是很有必要玩说实话，只靠拖时间来凑内容，连个合格的刷子游戏都算不上，只有像素风格的一个优点，公测可以直接埋土里了
难说还是一卡一卡",1.0,6.0,
722621,风之痕迹,46822336,2025-11-02 09:26:49,5,28479244,奥菲斯,Android 设备,,[],[],刚玩了个开头，锁女主大好评，这年头的手游想在大厂内卷里杀出一条路就得另辟蹊径。美术很棒，不过游戏内是黑天，进剧情变白天还是有点突兀，可以调整一下。卡顿现象就不再提了，努力解决吧。,1.0,1.0,
722621,风之痕迹,46822023,2025-11-02 08:50:51,2,73316241,云中归月,Vivo IQOO 11S,420.0,[],[],开局就绷不住了，配角让主角滚，我以为他多牛批，结果来了句这是我们平民之间的恩怨😂主角再不济也是个贵族啊，这也太没big了吧😂,2.0,1.0,1.0
722621,风之痕迹,46821945,2025-11-02 08:44:07,3,16616552,Y,Android 设备,,['visual_music'],"['gameplay', 'operation']",还是抽卡充值那套，这是网游呵呵。挂着单机像素的皮，回合数值游戏,,,
722621,风之痕迹,46821906,2025-11-02 08:40:59,3,37551169,秀优,Android 设备,,['visual_music'],"['gameplay', 'operation']",一堆bug就不说了，up池还没有up角色保底机制，存了半天三连歪，全程0体验感。唯一满意的就是角色立绘和画面了，如果是横屏的就更好了，移动键最好也能自己设置位置，一直在中间不舒服,2.0,2.0,
722621,风之痕迹,46821814,2025-11-02 08:29:56,3,481427010,周防天音,Android 设备,10020.0,[],[],bug太多了，副本战斗打一半给我强制退出房间，显示战斗异常，房间组队更要好好优化，一直有人点取消，开都开不了,,,
722621,风之痕迹,46821542,2025-11-02 08:01:35,1,2248712,天,Android 设备,,[],"['gameplay', 'operation', 'visual_music']", 我都帮你规划好了 公测一个星期畅销榜144名左右 一个星期后444名开外 然后谣言满天飞 什么裁员呀 什么永久月卡呀 什么延期更新呀 一个月走完了悲催的一生,,,
722621,风之痕迹,46821284,2025-11-02 07:37:28,3,103701063,离离离,Android 设备,,[],[],"画风还不错，剧情中规中矩，竖屏玩起来挺方便
缺点：战斗太慢了需要二倍速甚至四倍速，副本不能扫荡，组队总有好几个不确人得等好长时间，遥控杆不能调在中间太离谱了，抽卡好像没有保底只有井但是四个限定,优化太差了手机烫死了，主角转职业等级居然不继承吗，暂时就想到这么多",2.0,,
722621,风之痕迹,46821148,2025-11-02 07:23:04,2,159963132,烤地瓜大王,Android 设备,,[],[],混池一直歪，资源给的也不多，实在是没玩下去的欲望,,1.0,
722621,风之痕迹,46820628,2025-11-02 06:33:53,5,661263463,低头是地。,小米24115RA8EC,,[],[],感觉挺好的，特别是路人的对话很有意思,,1.0,
722621,风之痕迹,46820571,2025-11-02 06:29:32,5,68121162,YYyf.,华为P40 Pro,15960.0,"['gameplay', 'operation', 'visual_music']",[],玩的好爽，刷宝类就是好玩，竖屏摸鱼太方便了，音乐也不错，演出特效也还行，再接再厉，别寄😈😇😈😇,,1.0,
722621,风之痕迹,46820456,2025-11-02 06:17:54,4,454959862,知元,OPPO Pad,13020.0,"['gameplay', 'operation', 'visual_music']",[],看到世界频道上有一些人遇到了bug，我没怎么遇到，我10∶01进的游戏，推主线的时候没啥人也没遇到bug，后面人都来了，才稍微卡了一点，主要这像素游戏对于30帧和60帧没啥太大的区别，所以基本上30帧完全没有影响，卡顿这方面没怎么遇到，就氪6元礼包的时候闪退和连续单抽闪退一次，其他时候没遇到，第一天就能堆buff让主角的猎人职业打到单伤74万 单通副本完全没压力，运气好点完全可以配一个单属性队伍，抽卡资源还是比较好的，100魂石一抽，30抽必出SSR，没命座机制，日活周活和成就给的资源不少，然后是爬塔产出，整体来说没啥压力，就看运营策划，后续怎么做了，第一天就能拿100多抽限定，常驻有50来抽，所以抽卡这方面基本上没啥问题，唯一想说的是随机性太大了，可以加一个锁定池，选几个角色和魔物伙伴为必出进锁定池。然后是副本这方面，副本体力可以靠世界探索捡的小垃圾炼金获取，完全没压力，奖励也没啥好说的，比较看运气，主要是进本这个确认，进本的时候有人加入队伍，整个队伍里的人就无法进本，30人的本还得每一个人都确认，万一有人故意不进还挺麻烦的。这个游戏优点是有的，这美术还是很吸引人的，，缺点也是不少，就光没有横屏就劝退了很多人，还有给角色刷经验书的本，不能一次多刷，只能一次一次的刷，很浪费时间！,5.0,12.0,4.0
722621,风之痕迹,46820244,2025-11-02 05:59:23,2,4857572,三面下落,Android 设备,,[],[],太磨叽了，家人们，光个新手强制教程就跑图跑半天，更搞笑的是跑图时候啥都看不了，不管点什么都会停止跑图，你只能一直盯着它自动跑图😄💧，生活太如意了属于是,,5.0,
722621,风之痕迹,46820189,2025-11-02 05:54:35,3,112557133,光芒,Honor荣耀X60,,[],[],up池子摆着看的，3只ssr歪到姥姥家去了😃,,,
722621,风之痕迹,45005769,2025-05-21 05:38:54,3,25478087,酒葬花,Android 设备,,[],[],"立绘画风喜欢，剧情里女主性格挺合我口的。
扣分在，单人副本已经通关过的没有跳过，虽然可以疯狂按回合开始回合跳过但是能省省点时间吧，组队副本没的跳就算了。
战斗有些许卡顿，角色移动切60帧会好一点不会那么卡手。
没有角色命座，但是有武器星数，重复的提升武器用，但是感觉加成不大。
不追求排行榜以及进度算是普通副游了，打发时间随便玩那种。
总结就是一般游戏，希望再出个跳过做合格副游，总不能每天刷个单人素材本还在这看一会战斗",1.0,1.0,
722621,风之痕迹,46820171,2025-11-02 05:52:36,3,104902988,ハロニハ,Android 设备,7080.0,[],"['operation', 'visual_music', 'gameplay']",端这种立绘上来还不如没有立绘直接全像素。副本没扫荡就算了甚至选次数连战都没，这都几测了还纯手动挡刷关？养成材料爆率那么感人就硬拖时长是吧,,,
722621,风之痕迹,46820051,2025-11-02 05:38:43,3,2115498,玩腻了,Android 设备,,[],[],这就是像素的魅力吗，30帧玩的比60帧舒服,,,
722621,风之痕迹,46820022,2025-11-02 05:34:43,5,25913358,。,Android 设备,120.0,"['gameplay', 'operation', 'visual_music']",[],"gbf玩法受众，回合制受众牢玩家，gbf树游都有玩过，对你游还是持支持态度的希望能做的更好（已经氪金支持了）
目前想搞清楚公测光暗属性会不会补全，目前没光暗角是没做完吗，还是是打算类似gbf贤者系统一样搞成做出来的光暗角吗？（我感觉不大可能）
以下是一点建议
都有八方的画风了也学学八方整点角色支线剧情吧，角色抽到了也没有大立绘
道具的页游风太重和主美术风格不是很搭建议修改，八方的画风配这道具画风非常不协调
还有目前角色很容易歪，还有沟槽的0.3召唤石，想做老王盘稍微有点难度，学学gbf整个召唤石保底获取途径吧gbf还有黑卡呢，金月系统上一下呀
bp也没有比较便宜的获取途径，不能爽刷，建议添加bp的获取途径",,8.0,1.0
722621,风之痕迹,46819957,2025-11-02 05:27:59,2,100110699,聽風看月,华为P40 Pro,,['gameplay'],['visual_music'],唉，这游戏竖屏怎么能糊成这样，玩了俩小时累的眼睛生疼，还卡的一批，玩的心里真隔应，有强迫症的别下了，真心累眼👁,2.0,,
722621,风之痕迹,46819877,2025-11-02 05:19:19,3,46487784,紫茉·璃语梦馨·魅烟,Android 设备,8220.0,['visual_music'],"['gameplay', 'operation']",一进去这个画风我确定喜欢，所以忍不住玩了几个小时。这个游戏玩的重点不在剧情，而是在战斗、提升队友那些东西……总是玩的这几个小时里几乎都在战斗，虽然战斗场面弄得也很好看，但是游戏最重要的是剧情啊，而这个游戏几乎就没有剧情这个玩意儿，一玩起来战斗占绝大部分时间，如果喜欢剧情、瞎逛、探索、采集的话 ，这个游戏没有必要下载玩。,6.0,,
722621,风之痕迹,46819835,2025-11-02 05:14:16,4,65414766,绑个萝莉,Vivo IQOO Z8,,[],[],为啥不能选性别，为啥爷一定得是女的,2.0,,
722621,风之痕迹,46819803,2025-11-02 05:10:42,5,482128043,米米米,Honor 50 Pro,70860.0,"['gameplay', 'operation', 'visual_music']",[],很喜欢游戏的美术风格，我觉得一个游戏有一个方面让我特别钟意我就可以给游戏打满分，但是如果其他几个方面能继续优化的话，我就会愿意给游戏充钱。,,4.0,
722621,风之痕迹,46819785,2025-11-02 05:08:56,5,16939733,手机用户16939733,Android 设备,360.0,[],[],"还挺有意思的，可惜不是我爱玩的类型。
我不喜欢回合，随从，抽卡什么之类的，但尽管不是我喜欢的类型，我还是想给五星，加油吧，让喜欢这个类型的朋友们玩的更愉快。",,1.0,
722621,风之痕迹,46819731,2025-11-02 05:02:53,5,47218500,绝对绝望奈奈子,红米K70E,78180.0,"['gameplay', 'operation', 'visual_music']",[],玩了哼唧四测，已经分不清游戏还是现实了，脚踢果缤纷，拳打🌲u指日可待，前面忘了中间忘了后面忘了，总之这就是风游,,,
722621,风之痕迹,46819713,2025-11-02 05:01:35,4,192901,黑之读姬,Redmi K60,4560.0,[],[],整体评价就是除了画面风格之外毫无特点平平无奇。,,1.0,
722621,风之痕迹,46819708,2025-11-02 05:01:06,3,633920389,释放so,Vivo Y300,1140.0,['visual_music'],[],不是说横竖屏自由切换的吗？为什么我把竖屏锁定给关了，手机没有毛病横着放它切不了，在游戏里找也没找到切换按钮，设置里只有音乐和画面，那该怎么切成横屏？😡,,2.0,
722621,风之痕迹,46819607,2025-11-02 04:52:04,1,487617992,樱花,Android 设备,,[],"['visual_music', 'gameplay', 'operation']",神人游戏，Ai跑图，还抄星铁，那个阿格莱亚不一定是，但旁边那个车票贴图可解释不了,1.0,1.0,
722621,风之痕迹,46819524,2025-11-02 04:43:58,4,584142729,嘤嘤嘤,Redmi Note 12 5G,,[],[],"总的来说：还可以。

画面，少了一点质感。中上。
美术还是不错的。

玩法，中下。
基本没什么策略性可言。
就是抽，你克的多就厉害。
也没给你操作的余地。
就是自动。

总得来说还可以。中上之资。
距离优等差一格档次，只能说中上。

改进建议：
玩法上。给点策略性。让玩家有点参与感。

画面又打不过星铁，别人为啥不玩星铁玩你？
请回答一下？",3.0,,1.0
722621,风之痕迹,46819486,2025-11-02 04:38:59,5,236175,快乐的轰爬爬,一加手机Ace 3 Pro,35700.0,"['gameplay', 'operation', 'visual_music']",[],gbf系游戏，bug挺多但还行吧，至少我还算喜欢玩，希望能活下去desuwa（毕竟充了200呢x）,,,
722621,风之痕迹,46819470,2025-11-02 04:36:40,5,586237319,xhxddyg,一加 Ace 2 pro,341520.0,"['operation', 'visual_music', 'gameplay']",[],四测的福利是真的良心钻石获取难度超低，很快就攒够 200 抽，剧情还直接保送火队 3 个 SSR，对新手太友好了。材料副本也不卡关，小岛主难度不高 solo 无压力，角色成长没什么条条框框，技能树能自由搭配，收集碎片还能永久提升属性，养成体验很顺畅，不用为了资源发愁。,,12.0,2.0
722621,风之痕迹,46819386,2025-11-02 04:28:34,5,555458246,ashdjfko,HONOR DNN-AN00,,[],[],"真的真的很喜欢这个地图风格😭考虑到还在测试也不说啥了，打个五星鼓励一下，一定要听劝啊，一定要听劝啊，一定要听劝啊，重要的事说三遍，多打磨打磨再出来赚钱好吗？

要是全程横屏就好了，是的话我都不敢想我要截多少图",,,
722621,风之痕迹,46819377,2025-11-02 04:27:24,4,23223014,沧海横流,Vivo V2520A,,['gameplay'],[],画风还行风格也不错就是打击音效和技能特效太潦草了点，还有为啥不能设置横屏,,2.0,
722621,风之痕迹,46819346,2025-11-02 04:23:48,5,6662926,waitkaga,Vivo X100 Pro,423960.0,"['gameplay', 'operation', 'visual_music']",[],首先，资源给得很大方。先锋测试的钻石获取难度不高，能很快攒够（比如 200 抽）早期的卡池资源。过主线剧情会直接赠送三个火 SSR ，新手也能速速推。然后针对材料，材料副本难度适中，不会刻意卡进度，单人也能比较轻松地应对。角色成长体系也比较自由，技能树可以自由搭配。当然，作为测试期，尤其能看出是小厂在努力打磨的作品，游戏中也存在一些优化上的小问题或 Bug。不过，作为小厂也是无法避免的问题了🤣,,7.0,
722621,风之痕迹,46819284,2025-11-02 04:17:19,3,465536977,梨,Android 设备,,[],[],能不能把你那破移动键改成自定义啊，在屏幕中间谁按的到？,,,
722621,风之痕迹,46819336,2025-11-02 04:22:49,5,3809400,神,Vivo IQOO 13,,"['visual_music', 'operation']",[],从1测玩到现在，确实看到了在一步一步改进。一开始是被画风吸引，再加上对玩法也有点兴趣入的，结果bug。。。现在的游戏虽然也还有一些问题，但与一开始bug多到玩不下去已经截然不同了。小工作室效率虽然不高，起码态度还行，有一直在听取意见修改。希望能顺利活到公测吧，别似了啊哼唧😂,,1.0,
722621,风之痕迹,46819297,2025-11-02 04:18:35,5,419393489,周末,Redmi K70 Ultra,,"['gameplay', 'operation', 'visual_music']",[],像素不代表粗糙，反而用极简的色块勾勒出极致的浪漫。无论是流光溢彩的星空场景，还是角色灵动的小动作，都藏着开发者的巧思。bgm和画面完美契合，沉浸其中就像闯入一场梦幻的像素梦境，后劲十足。,,2.0,
722621,风之痕迹,46819285,2025-11-02 04:17:21,4,7281061,小紫最喜欢摸鱼,Redmi K50 Ultra,3540.0,[],[],喜欢八方旅人的画风玩法，就是太卡了，掉帧严重，抽卡还来了个未响应，玩了一个小时头昏😅，加油继续努力吧,1.0,2.0,
722621,风之痕迹,46819283,2025-11-02 04:17:16,5,38354462,说晚安了吗,一加8 Pro 5G,278400.0,"['gameplay', 'operation', 'visual_music']",[],"前排提醒：5星好评属于个人喜欢这类型游戏
玩法是碧蓝幻想like，是cy本家的页游，不是relink也不是vs，游戏内容以组盘子组队伍，共斗刷掉落为主。
上手有难度，不过老骑空士应该能无缝入坑。
测试目前还存在很多问题，bug多，内容卡进度，成长曲线不合理，小作坊。
不过目前官方比较活跃，能改，有bug能提会回复，也会修。
长远来看现在的风游提升空间很大，至于说愿不愿意玩能不能入坑，自己体验一下也许会更好。",,15.0,
722621,风之痕迹,46819281,2025-11-02 04:17:10,2,328624361,薯片,Android 设备,7440.0,['visual_music'],"['gameplay', 'operation']",除了画面，毫无游戏性，不如加点剧情改成单机还可以勉强救一下,,,
722621,风之痕迹,45965955,2025-08-07 09:42:39,5,364724667,Deeply dantui,Vivo IQOO Neo10,,"['visual_music', 'gameplay', 'operation']",[],本来抱着随便试试的心态玩四测，结果直接被剧情圈粉了！围绕 “生命意义” 展开的主线特别有深度，不是那种浅尝辄止的冒险故事，很多对话和抉择都带着哲思感，支线任务也能补全角色背后的故事，完全沉浸进去了。而且剧情支持跳过但完全舍不得跳，每个角色的语音和演出都很细腻，能感受到制作组在叙事上的用心，公测必追更！勝利を信じて!,,2.0,
722621,风之痕迹,46819244,2025-11-02 04:12:56,2,84038223,冷冷ovo,华为BLK-AL80,,[],['visual_music'],我实在搞不懂 你都像素游戏了背景为什么不做成像素平面 背景弄个2.5d又没有那个技术弄的背景粗糙的要死开局就劝退  没什么玩法内存足足两个g 我估计全部都是这破2.5d背景占的内存 ,,1.0,
722621,风之痕迹,46819231,2025-11-02 04:11:33,3,701826499,redbottle,华为BTKR-W00,120.0,['visual_music'],['gameplay'],虽然就玩了一会会，但大致可以感觉出游戏的大概。感觉一般，画面是顶尖的，非常满意，本来就是因为风景才试玩的，但剧情和操作方式感觉就不太行了，尤其我用iPad玩时竖屏移动非常麻烦，还是期待可以横屏，更便于欣赏美景，这样的话平庸的剧情就勉强还可以接受。整体还是期待最后的优化的（舍不得这样好看的像素风，但如果操作方式还是这样的话，感觉真玩不下去）,,1.0,
722621,风之痕迹,46819212,2025-11-02 04:09:52,5,62333969,安言,Android 设备,199620.0,"['operation', 'visual_music', 'gameplay']",[],游戏潜力很大，由于是小作坊，测试的表现欠佳。好好打磨，相信会越来越好,,,
722621,风之痕迹,46819129,2025-11-02 04:01:21,3,4615272,不忘青春,Android 设备,,[],[],"玩了两个小时，说一下我的具体感受
游戏画面：画风和立绘还是可以的，我也是玩过八方1-2还有大霸的人，虽然在剧情中人物对话中的动作和表情变化基本没有，但也是可以的了，希望以后能变更好！
战斗：首先跑图不是踩雷式的这点好评！就是进入战斗的转场不自然，还卡帧，战斗中的战斗音效也是太平庸了，基本像没有一样，技能特效中规中矩吧，要吐槽的一点就是你们打算让怪突脸攻击就得做出动作来啊，平移过来碰一下这样真的很廉价哦😅，不然你们直接学八方那样让怪上前一小步，做一个打击动画出来也是可以的啊
抽卡：出货只能说还行，就是抽一次十连要的花费挺多，期待后面的活动，毕竟才玩了两小时。
音乐：游戏音乐中规中矩，只能说战斗有战斗音乐，boss战有boss战音乐，不同场景有相应的场景音乐这样，毕竟也不是音乐领域的，所以只能这样评价了。
总体来说就是这样，不过对于你们工作室第一次做的游戏，而且还是像素jrpg的游戏，给你们四星支持一下，还有很多缺点，希望你们越做越好

",3.0,20.0,2.0
722621,风之痕迹,46819104,2025-11-02 03:59:33,5,1099061,TAKA,Vivo IQOO 13,1560.0,"['gameplay', 'operation', 'visual_music']",[],画质很好，对战挺佛系的，其他正在体验，是我喜欢的画风,,,
722621,风之痕迹,46819048,2025-11-02 03:54:27,5,669128223,我是,Android 设备,,"['gameplay', 'operation', 'visual_music']",[],这才是我真正想要的高画质，特别唯美，满分！,,,
722621,风之痕迹,46812541,2025-11-01 12:15:06,1,552547968,拾月,一加手机Ace 5至尊版,,"['gameplay', 'operation', 'visual_music']",[],这游戏还得慢慢打磨呀，60帧玩起来都觉得卡，战斗时不时的掉线，后台运行占用也大，赶紧优化吧,3.0,12.0,
722621,风之痕迹,46818896,2025-11-02 03:43:12,1,109941679,周杰伦,Android 设备,360.0,[],"['visual_music', 'gameplay', 'operation']",的确像微信小游戏，好无聊，感觉没什好玩的。,,,
722621,风之痕迹,46818874,2025-11-02 03:41:28,2,441958536,(♡>𖥦<)/♥,华为Mate 20 Pro,5040.0,['gameplay'],"['operation', 'visual_music']",不要首充页面糊脸，把主页面做的干净些，少些大面积多次数的充值页面，玩的时候看到这些真的很闹心，像玩传统老页游一样,,3.0,
722621,风之痕迹,46818807,2025-11-02 03:34:56,2,365578241,随便玩玩,Realme真我Neo7,,[],"['gameplay', 'operation', 'visual_music']",画面不错，除了画面没有拿点比得上gbf。,,,
722621,风之痕迹,46818735,2025-11-02 03:29:31,1,641919149,寻星,小米Xiaomi 17 Pro Max,,[],"['visual_music', 'gameplay', 'operation']",锁女主啊，那没事了，再见😓,,,
722621,风之痕迹,46817957,2025-11-02 02:16:30,2,332993801,神,HONOR Magic6,,['visual_music'],"['gameplay', 'operation']","刷子游戏，挂机模式懂得都懂。
画风可以，操作上拉胯，技能特效也拉垮，摇杆又不能跟随手指滑动，只是固定的。
而且还没有点地图的走动，本来手机竖屏就不方便摇杆操作，也不搞个横屏功能（公测出），你游画面都这么精细了。
同时你那个主角是什么情况？原本剑士（主角）的职业我升到40级，转成猎人职业，又变成零级，我要重新升级吗？最后，猎人（风属性）我又点一键调整队伍（对应队伍属性），风属性猎人变成了火属性？你这什么跟什么，乱七八糟的，一个很简单的属性转换，你要搞这么复杂干嘛？还要搞到整合队伍里面，谁能看懂啊？不知道的以为是bug，真离谱。

抛开其他问题，你把资源挂机，把时间如此沉重的东西算的这么精打细算，那我觉得这游戏本身也没有什么值得玩的。",,4.0,
722621,风之痕迹,46818639,2025-11-02 03:19:18,2,15908708,小鸟沃德嘎,Android 设备,,[],[],竖屏，但听官方说还有横屏，只是没开放。画质很糊，因为是测试，卡倒是小问题。但整体玩下来感觉像个微信小游戏一样，有点难绷，我还预约了这么久，可惜了。,,3.0,
722621,风之痕迹,46818564,2025-11-02 03:12:00,3,29645061,有舍,小米Redmi K40,,[],[],"
如题，好像主角是默认女性 
可以选男性主角吗？ 
不然没带入感😂😂😂",1.0,4.0,
722621,风之痕迹,46818542,2025-11-02 03:10:23,3,21453231,流萤,一加 Ace 2 pro,2040.0,[],[],"不是我爱玩的类型
又长又臭的剧情，回合制战斗，熟悉的限定+常驻+友情抽卡，比换皮抽卡游戏多了些地图特性，如地图上有交互，怪物巡逻，捡宝箱等，也算是有点特色吧，坚持了半个小时坚持不下去了",,1.0,
722621,风之痕迹,46818522,2025-11-02 03:08:15,1,556382296,再更一集,Android 设备,3540.0,[],[],我嘞个豆啊，去商店换UP池卡，结果去抽卡发现全变成普池卡了😅😅😅😅要干嘛？要干嘛？我清晰明了的记得我换的是左边的（左边是up池卡，右边是普池卡），这bug有点太大了吧？直接不让我抽up池了😓😓😓😓😓😓😓😓😓😓😓😓😓😓,1.0,,
722621,风之痕迹,46818382,2025-11-02 02:55:56,1,426818475,鹭户川,Android 设备,,[],"['gameplay', 'operation', 'visual_music']","1.开局一进战斗重复连接
2.地图移动很不方便，地图探索基本也就靠自动引路，实际上自己没什么好走的
3.在2的基础上发现这游戏的亮点就是背景画面好看，角色立绘真的很奇怪
4.抽卡没有什么反馈感
5.换的限定抽卡的变成常驻了
6.屏幕莫名闪烁不停
7.剧情没什么吸引人的地方，感觉每个人都是应付一下赶紧过了得了",1.0,,
722621,风之痕迹,46818381,2025-11-02 02:55:52,3,7759719,花祭,HONOR PPG-AN00,,"['operation', 'visual_music']",['gameplay'],"割裂感太强了
美术是顶级，这种渲染绝对有se的水准，但是UI人物立绘，武器立绘，还有字体，他们就像是缝合在一起。😑一款像素风的游戏，怪物的像素颗粒大小居然和角色不一样，这真的很像到什么地方拿了个素材就用上了 。音乐更是，一首好好的音乐，一旦切换场景，就会重新播放😌",,4.0,
722621,风之痕迹,46818352,2025-11-02 02:53:12,2,443911287,祈风酱,Android 设备,,[],[],剧情不行，很尬。举报键也没用，自己看吧。,,3.0,1.0
722621,风之痕迹,46818275,2025-11-02 02:46:05,3,355463906,杂鱼芝士酱,一加手机Ace 3,420.0,[],[],南泵，也就预下载的时候用收了个短信结果现在登录失效了在尝试告诉我过于频繁😐😠😠😡😡😡,1.0,,
722621,风之痕迹,46818256,2025-11-02 02:44:44,2,718507544,🙃,OPPO PFZM10,,[],[],游戏锁女主,1.0,1.0,
722621,风之痕迹,46818173,2025-11-02 02:37:54,3,110572563,三维弹球,Android 设备,1800.0,['visual_music'],"['gameplay', 'operation']",夏迪是在这里吧？那人呢？抽象完了,1.0,,
722621,风之痕迹,46818131,2025-11-02 02:33:32,2,59598017,邪气懊闷痛,Huawei Mate 60 Pro,300.0,[],"['visual_music', 'gameplay', 'operation']","我没记错的话你游刚上宣传的时候对标的是八方旅人吧！现在搞这个？去年有一款末世像素割韭菜游戏，跟你游今天呈现的模样非常像，所以还是活成自己最讨厌的样子了咯！现在韭菜这么好割吗？想想自己的初心。
懒得评价了，取消预约。",,,1.0
722621,风之痕迹,46818090,2025-11-02 02:29:33,5,19551114,梅天狸,小米24122RKC7C,,[],[],拔网线的BOSS吗，那很厉害了😨🙌,,,
722621,风之痕迹,46818086,2025-11-02 02:28:40,5,358970390,歪比歪比,Realme真我GT7 Pro,,[],['gameplay'],开局一直卡新手教程是几个意思，一弄就是网络波动，然后重新过剧情，过了5，6遍，新手教程都没过,1.0,,
722621,风之痕迹,46818082,2025-11-02 02:28:32,5,35013704,白毛浮绿水,OPPO Reno11,,"['gameplay', 'operation', 'visual_music']",[],开服15分钟后，服务区卡死了。啥时候能优化一下,1.0,,
722621,风之痕迹,46818049,2025-11-02 02:25:48,3,397913605,清醒一点,Android 设备,540.0,"['operation', 'visual_music', 'gameplay']",[],画风和游戏感我都非常喜欢，就是，就不能做个男女主角，我个人是不喜欢当女主角的，后面我会根据游玩体验再评价的，也不要总是推百合啊，之前看雪松也是这个样子，就让你选个名字，进去之后发现自己是女主角，这一点非常不喜欢,1.0,4.0,1.0
722621,风之痕迹,46818023,2025-11-02 02:24:00,5,112411676,丈量化派,Android 设备,120.0,[],[],过个剧情动画卡住了,,1.0,
722621,风之痕迹,46818016,2025-11-02 02:22:35,3,16168621,乐我得安,Honor Magic5,,[],[],"只能选女主很劝退啊
",1.0,1.0,
722621,风之痕迹,46817971,2025-11-02 02:18:06,3,44607871,小武,Vivo IQOO Neo9 Pro,,"['gameplay', 'operation', 'visual_music']",[],怎么没有横竖屏切换啊。我是平板唉 。,,,
722621,风之痕迹,46817961,2025-11-02 02:16:54,2,740151,赤红,红米 K70,,[],"['gameplay', 'operation', 'visual_music']",锁女主，一打狼人就卡,1.0,,
722621,风之痕迹,46817937,2025-11-02 02:14:51,5,2196257,Alone,小米Xiaomi 14,,[],[],一直在卡开局，打到一半就网络异常加载强制退出战斗重来，然后就是进入战斗又被强制退出死循环,8.0,2.0,
722621,风之痕迹,46812924,2025-11-01 12:49:20,5,36806724,沐凡,Nubia NX666J,,[],[],画风不错 我还没玩过 看了下视频是回合制 不想玩 要是能做成战斗之心那样的战斗方式会很好 可惜这画风了,2.0,1.0,4.0
722621,风之痕迹,46814715,2025-11-01 15:24:40,2,604503987,han,Realme GT5 240W,,[],[],进都进不去?,1.0,,
722621,风之痕迹,46813009,2025-11-01 12:55:52,1,3673,阿斯普洛斯,小米Xiaomi 14,,"['visual_music', 'gameplay', 'operation']",[],TapTap上面下载的是什么鬼东西 游戏都没下载 在手机里面下载到沙盘里去了 有病属于是,3.0,17.0,4.0
722621,风之痕迹,46811658,2025-11-01 10:53:14,5,584992299,希望传说,Android 设备,,['visual_music'],[],"坐等开服。
",,,
722621,风之痕迹,46810884,2025-11-01 09:37:33,5,625466403,芄稚,Xiaodu XDH-25-B3,,[],[],有点奇怪为什么要打别玩,1.0,13.0,
722621,风之痕迹,46807914,2025-11-01 05:19:16,4,25137535,西街东喵！,Android 设备,,[],[],画风真好啊，可是我不玩回合制😭,2.0,6.0,1.0
722621,风之痕迹,46807898,2025-11-01 05:17:29,2,375291969,375291969许愿氤氲之息,华为 Mate 30,,[],[],说好的定档，结果是删档计费测试，无语,1.0,1.0,1.0
722621,风之痕迹,46807457,2025-11-01 04:36:58,5,7456346,杏花雨疏,Android 设备,,"['gameplay', 'operation', 'visual_music']",[],PV里展现的那些我是真喜欢啊，一股冒险的探索欲快要溢出来了，这是一切高画质游戏给不了的感觉，这是像素游戏的优势区间，注意力不会分散给其他地方如果实机能展现出这种效果那我必定捧场，暂时还没进测试服，希望画面表现至少不输于LAST CLOUDIA,104.0,57.0,7.0
722621,风之痕迹,46807426,2025-11-01 04:33:16,4,69523941,穿到异世开后宫,Redmi  K70 Pro,,[],[],可惜这画风了，如果是圣剑传说2、3那种即时战斗ARPG，再加点大盗五右卫门、黄金的太阳那种解密就好了。,1.0,2.0,
722621,风之痕迹,46700684,2025-10-23 04:24:50,3,544318787,Divan,一加手机Ace 5 Pro,,[],[],要不是回合制多好,,,1.0
722621,风之痕迹,46695236,2025-10-22 12:55:38,4,735484738,亿泽纯水,Vivo IQOO Neo6 SE,,[],[],只要你开服不炸服，我就给你打好评😄😄😄,,6.0,
722621,风之痕迹,46686032,2025-10-21 08:51:50,4,736971489,中国人,荣耀 X30i,,[],[],感觉可玩性很高呀，有点像歧路旅人的画风呢，很期待哟！😃,,2.0,
722621,风之痕迹,46613049,2025-10-13 14:19:58,5,73305,ANDY,iOS 设备,,[],[],不是开玩笑是真的戳中我的点！！瓦尔基里！女武神！像素风！！,,2.0,
722621,风之痕迹,46305986,2025-09-07 21:20:10,5,715966451,代号：『穷人』,Vivo V2463A,,[],[],谁来告诉我战斗系统是哪种？即时战斗还是回合战斗？,1.0,3.0,
722621,风之痕迹,46184981,2025-08-26 14:02:50,4,439343397,白金小帅,一加 Ace 2 pro,,[],[],单看画风和玩法还是狠狠期待的，要说唯一缺点就是多人联机吧……看着一堆人跑来跑去真的很影响剧情体验，希望上线后可以出一个屏蔽所有人的设置，当单机游戏玩，这样肯定有很多人买单，不然可惜了这么好画风的沉浸式日式RPG游戏,,12.0,1.0
722621,风之痕迹,46111574,2025-08-20 03:27:52,3,8937254,木呐嘞,iPhone 15 Plus,,[],[],为啥下载不了，没有国服吗,3.0,10.0,1.0
722621,风之痕迹,45887800,2025-08-01 01:45:58,1,597244094,雕虫小技竟敢班门弄斧🤘,红米 K70,,[],[],第一次听说 一个手游测试卖资格的！ 我在 tap上也是资深游戏测试员了 😌。  预约 进群 什么都做 没给资格。 一看其他平台居然一堆卖测试激活码的！ 你牛  让我想起企鹅了,1.0,7.0,
722621,风之痕迹,45647035,2025-07-14 19:08:55,2,2217695,帕拉丁大叔,Android 设备,,[],[],"土味二次元立绘版八方旅人，看上去没什么内核。出了再试试。
",,,
722621,风之痕迹,45544306,2025-07-06 13:44:13,5,359988494,大笨牛,Redmi  K70 Pro,,[],[],都预约多久了，到底出不出？,,1.0,
722621,风之痕迹,45535182,2025-07-05 19:46:47,5,567176780,666,iQOO Neo 5,,[],[],赶紧公测,,2.0,
722621,风之痕迹,45455211,2025-06-29 01:27:22,5,677345077,园丁,小米Xiaomi 14,,[],[],希望能快点上线,,2.0,
722621,风之痕迹,45254471,2025-06-11 16:42:38,1,107601594,芭芭拉冲鸭,Vivo IQOO Z9 Turbo,,[],[],难道又是回合制吗,,2.0,2.0
722621,风之痕迹,45162669,2025-06-03 15:57:34,5,20247355,聆听漫,华为 Mate 30,,[],[],骑空士探头，希望真能做到和gbf一样不限制体力肝到爽,1.0,3.0,
722621,风之痕迹,44876917,2025-05-06 12:17:44,5,34048454,天晓风,Android 设备,,[],[],"类似于碧蓝幻想的游戏，之前很早就听说过了就特意来预约了，上次测试玩了一下
画风复古我很喜欢，加上我对RPG的热爱，也是那几天测试每天都在玩
国内类碧蓝幻想的游戏目前我就知道两个一个是风之痕迹另一个叫悠久之树，悠久之树我玩到现在属于全勤玩家，只要是树批就没有不认识我的，我不推荐玩悠久之树，对比风之痕迹我觉得还是后续玩风痕。😁",7.0,32.0,1.0
722621,风之痕迹,45003575,2025-05-21 00:50:19,1,1463489,我愿成疯♟,华为P50 Pro,,[],[],这画面怎么这么像八方旅人啊,,4.0,4.0
722621,风之痕迹,44974168,2025-05-17 12:03:26,5,453242265,我就看看,华为CLS-AL00,,[],[],什么时候公测，公测了我就把大霸卸载了😊,2.0,7.0,
722621,风之痕迹,44966938,2025-05-16 23:34:09,4,360524703,蒋平友,荣耀畅玩 20,,[],[],我没玩过，没办法，但是我看他宣传就是我觉得我有必要来打个好评，我靠，我喜欢他的美术，就是我喜欢那种感觉,1.0,7.0,
722621,风之痕迹,42513607,2024-09-23 07:53:00,1,514672201,质检员,Redmi K50 Ultra,,[],[],"魔女都复苏了，还不公测？

而且一直举报我评论干什么，一点差评都受不了😑",,22.0,2.0
722621,风之痕迹,42512938,2024-09-23 06:24:22,5,98769453,有男爽玩,华为 Mate 30 5G,20340.0,[],[],"评论具有时效性，最新评论（5.16）请滑到最后
总的来说，游戏内很多BUG都已修复，游戏体验还是不错的，但仍然需要打磨
2024.9.24
本人期望及可能产生的雷点提示，偏主观。
省流：有着八方旅人美术并附带地图探索的国产GBF
1、
通过游戏图片能看到武器词条和“武器盘”字样，还有“跨平台共斗”那张图的战斗界面GBF既视感很重（右边甚至还留了一个召唤石槽位）以及游戏简介下方说的：
“硬核数值，超好玩的冒险！
最多携带十把武器的武器盘，Rougelike般的体验。
多人共斗为核心的回合制玩法
在多人合作的战场之中不断战胜强敌，提升自己。”
从这些信息可以得知，风之痕迹是二次元抽卡手游没跑了。
2、
而他的主要玩法就是回合制共斗，即玩家合作讨伐强力BOSS。
目前国内的类GBF手游共有悠久之树和弹射世界（雷霆代理的CY游戏）。
这类游戏通常会比较耗时或者说比较肝。
因为他们的养成应该算是长线养成。
以风之痕迹及GBF举例，像简介上说的，一个武器盘由十把武器组成，而这些武器可以是卡池里的武器，也可以是讨伐BOSS，活动掉落以及商店兑换获得的武器。
而每一把武器都可以使用相同的武器精炼提升等级上限，部分究极武器则需要高难BOSS掉落的材料提升等级上限及解锁词条。
此外，这只是一个属性全满破的武器盘。
一般这类游戏会有多属性角色和武器，也就是为了会战或者活动本，你得每个属性都练。
属性通常为：火，风，水，土，光，暗
除了武器，玩家还需要养成的部分有主角职业解锁，角色等级，角色属性点或技能等级或天赋树。
以及召唤石（最后一张图片的右边那个槽位就是），召唤石可以是卡池氪金的“老王”，也可以是通常共斗副本掉落的“方阵”。
养成一般就这些（不算天人啥的话）。
3、
这类游戏我个人还是挺喜欢的，因为可以和好友一起合作打怪爆装备。
小群里发救援码，就会有大佬来帮你打怪，大佬可以装波，新手可以获得奖励，双赢。
而这种共斗模式也变相提升玩家粘性。
这种付出有回报，一步一步构筑武器盘，提升伤害带来的正反馈是很不错的。
但同时，出新副本和装备的时候又容易坐牢（一把几分钟，甚至可能翻车），再加上会战啥的也会比较肝。
虽然可以竖屏适合上班族摸鱼，但我还是希望能够减负一点，不要太肝。例如：日常一键扫荡，或者活动会战可以扫荡之类的，将讨伐成功BOSS的时间尽量缩短。
4、
像素美术类八方旅人，我不是这方面的受众，就不评价了。希望怪物做得精致一点。
视频的主题曲不太和个人口味，不是很喜欢这种主题曲，更喜欢游戏内的BGM纯音乐。
音乐方面可以在BOSS战上下功夫，BOSS转阶段可以更改背景和音乐啥的，提升一下BOSS压迫感以及史诗感。
5、
剧情方面应该是轻主线（推完主线解锁所有共斗BOSS），以活动支线为主。
6、
氪金方面，估计就是小月卡，各种648礼包以及“必得”和“超得”，皮肤通行证我感觉应该不会出，因为小人是像素，相当于花钱只买了一张壁纸，还不知道这张壁纸能不能放在主界面。
7、
你期待的国服GBF又何必是GBF？希望你游福利好一点，别搞什么200，300井，抽卡出货期望60—100抽这样最好了，因为这类游戏的角色也是非常重要，更不用说各种强力限定角色。
目前就说这么多，总之还是非常愿意体验一番的，如果能在明年玩到就最好了。😍
2025.1.8修改
测试前我可以给5星，看了测试后的实机感觉2星都多了。
玩法和之前说的一样，gbflike。
这次一测资格发放少（我没抽到资格，看的直播录像），也是还好没有去玩这坨史😁
BUG满天飞就不说了，根据我所了解的信息谈一谈对风之痕迹的看法，如有不对的地方欢迎指出。
如上面所说，风之痕迹是gbflike玩法，这类玩法在国内比较少，但是用户粘性大。
而制作组估计也是GBF狂热爱好者，从武器盘，召唤石，角色职业，队伍搭配（3主站2备战）以及战斗界面还有召唤石助战选择界面就能看来，纯纯照搬一款九年前的页游（GBF），最多改个界面框框，连GBF的个人贡献的pt和“骑空士”名词都不改（不过有刷新键），如果非要说改了什么的话那就是把GBF的6个属性改成了4个属性。
属于是抄一款九年前的页游还没抄好来，精华没学到，糟粕一大堆。
角色像素没什么好说的，主要是立绘感觉有点糊，而且角色立绘不够立体。
角色小人大招是否有大招动画这个不太确定，不过我感觉角色大招动画应该是二游标配。
召唤石是否有动画不太确定。
剧情是否能跳过不太确定。
顺带一提，抽卡和GBF一样（没错，我就是不拐GBF就不会说话了，但是不能不拐，因为这就是国产GBF），抽出角色是自带武器的。
有个地方不太确定，如果是真的那还不错，好像是讨伐共斗BOSS四属岛主胜利后概率掉落SSR武器自选箱，比起GBF随机掉落，自选应该可以加快武器盘的构筑。
然后资源副本好像是没有扫荡的，只能手动刷新A，不太确定。
如果说非要和GBF区分开来的那就是加了一个大地图移动探索功能，类似BD2，个人感觉屁用没有。
竖屏移动体验不好，横屏谁没事玩你那破大世界？
感觉就是一款粗制滥造没有精细打磨的微信小游戏（说小游戏都是抬举他了）。
最后只能说是我擅自期待擅自破防吧，希望官方像他们说的那样“小厂会听取玩家意见”，如果后续测试拿到资格我一定会进行更精准的评价。
感谢观看，再见。
2025.1.23修改
十年风批不请自来！
大晚上收到个快递的电话，我寻思最近也没网购啊，然后下楼拿快递拆开一看竟然是风之痕迹的周边？
之前官方不是说我没中奖么？果然是刀子嘴豆腐心啊😁
不过也好，既然送了那么我将成为风之痕迹十年老粉！（实际上更想要100元的京东卡，但是快递里只有一个周边）
所以什么时候公测？最近回坑了悠久之树，福利是真的不错，不求别的，只希望风之痕迹也有扫荡和联机快速作战
到时候再来个PC端，横屏挂树，竖屏挂风，刷到天昏地暗！
2025.5.9
OK，历经千辛万苦也是终于拿到二测资格了。
之前就认为风是大便，没想到是这么一坨臭的😁
我都不敢相信这居然是一个已经二测的2025年的手游。
打分的话如果有我甚至可以打负星。
抛开满天飞的BUG和运营饥饿营销逆天操作不谈。
以下对于二测第一天的游玩给一个偏主观的简易评价。
简单来说，风之痕迹是一个终极缝合怪。
八方旅人的美术+碧蓝幻想的玩法+棕色尘埃2的竖屏地图探索+悠久之树的小霸王服务器
先说优点：
1、游戏美术很对我胃口，我相信很多人都是为了这个而来的
2、二游传统，不滚服（实在是找不到什么优点了）
3、30抽必出SSR（1500十抽）
4、二测福利还行，日常，周常，签到啥的给的钻和券都很多
5、继承GBF，池子是武器魔物召唤石混池，抽出武器附赠角色，角色一个完全体，武器魔物需要同名破上限
6、共斗玩法（我本人比较好这口，但没想到风的共斗就是恶心人，下面细说）
7、副本武器掉率较高
8、相比一测改了战斗界面，但还是有GBF的影子
9、剧情有跳过
10、战斗有跳过回合
11、角色有濒死动作
缺点：
1、池子有男角色和女角色，继承GBF和悠久之树的优良传统，我自身是无所谓的。但是，风游主角锁定为女性，GBF可以选古兰姬塔，悠久之树有男女探索者，而风游不能选男性主角
2、右上角小地图不能放大，且地图上没有传送点位，只有前往挑战BOSS的时候可以传送
3、游戏流程非常短，只有一个主线以及巴布塔的引导任务，任务列表也打不开，塔任务连指引都没有
4、之前主线卡天启四骑士，一队火属性角色加火属性SSR武器刮痧没打过，后面更新了也没打过，但是直接过关了，可能是剧情BOSS必定要输（官方已修复BUG）
5、地图探索类似棕色尘埃2，可以收集光点和宝箱，光点多是100金币，个人感觉地图的出现完全多此一举了，地图的存在除了让你做任务赶路耗时就没什么用，删掉地图变成角色立绘的主界面没准还能卖卖皮肤
6、有个比较逆天的地方，目前游戏已开放四个属性，但是编队只有三个属性，想要开第四个编队还得花道具解锁，设计出这种东西的人真的神了（官方已修复，现在只要1000金币就能解锁）
7、解锁了巴布塔之后才能看到素材本，不然只能从日常进，但日常的任务也有BUG，通关素材试炼不能完成
8、风游作为一款类GBF的刷子游戏，它的共斗BOSS的武器掉率挺高的，但是，无论是角色突破还是武器突破都需要金币，而突破一次就要几万金币，目前并没有稳定的金币获取途径，打本不掉金币你敢信？官方邮件发的29万金币升不了几个武器和角色就用完了（官方已修复，史莱姆和古战场会给大量金币）
9、每个BOSS每天只能自发两次，之后要打就得去右下角蹭别人开的BOSS，而这些BOSS多半都是游戏内置人机开的。
玩家要是蹭其他真人玩家开的BOSS，基本上会被吞材料，或者说不掉任何材料
喜欢我风游共斗零收益吗？
这样下去谁还愿意带人？
这还没完，楼主也是自发并SOLO了两把2.0风属性BOSS，你们猜结束给了什么？
一把只给了两瓶风之精华，其他啥都没有
这还不如野兽类BOSS掉的多，野兽还掉一堆副产物
以上官方已修复掉率，并且开了限时100%掉率
10、自动战斗抽风，明明设置了全部自动，但蹭别人的BOSS总会直接普攻A出去（官方已修复）
11、风游不像GBF和悠久之树，它只有一种体力
12、游戏没扫荡，只能手动打
13、打多人本升级快，体力完全溢出清不掉
14、身为2025年的抽卡手游，风游角色是没有奥义动画的，魔物召唤也同样没有动画
15、角色战斗动作非常单一
16、任务剧情战不能切换编队
17、游戏引导非常差
18、游戏内魔物（召唤石）很难获得，虽说BOSS上显示掉落物有召唤石，而且还是两种（看上去像老王或者方阵以及大马），但目前没有掉过，楼主目前的火队还是用卡池抽出来的狼人（官方已修复，100%掉率轻轻松松满破）
19、立绘粗糙不立体（这测立绘画风不错）
20、没有筛选BOSS的功能，也没有快速加入房间战斗挂机的功能
先说这么多吧，总的来说比较失望，一测到二测过了四个月还是这个质量……
之前官方说今年公测，但我看就这种质量公测一定会褒姒，不褒姒我直接吃
说完了，欢迎指正
追加：
上述反应的问题和BUG很多都已经改了，程序员和策划都积极回应玩家问题，游戏氛围和群里氛围都不错
更何况二测是周五开始，官方和程序员周末也都在加班，确实不容易，看得出来他们也想做出好游戏
修复的BUG例如第四编队花1000金币就能解锁，主线四骑士问题，掉率问题，自动战斗问题，金币问题等
然后体力理论上无限，开了古战场理论上无限钻石，金币也不会缺，抽的比较爽，就是抽卡要是有跳过就更好了
抛开仍然存在的部分BUG和游戏完成度略低以及哈基米不谈，风之痕迹作为一款电子瓜子（通勤摸鱼挂机游戏）还是很不错的
希望三测做得更好，我永远喜欢风之痕迹",30.0,253.0,24.0
722621,风之痕迹,44943561,2025-05-14 09:21:03,4,326858298,秋梨膏,魅族20,,[],[],跟棕色尘埃差不多,,,1.0
722621,风之痕迹,44922621,2025-05-11 12:43:53,3,21377018,而今闻语只余叹,红米 K70,,[],[],会出买断制吗？出必买哦,,1.0,
722621,风之痕迹,44919642,2025-05-11 06:56:51,5,6491458,呓语*夜微凉,Android 设备,,[],[],画面有点像ns的三角战略,,2.0,
722621,风之痕迹,44915624,2025-05-10 19:30:49,5,3246853,森烛萤时,Nubia NX789J,,[],[],等了挺久 但是看了看截图和视频是不是只有女主，锁女主有点不想玩了😂,,2.0,
722621,风之痕迹,44913364,2025-05-10 14:06:26,3,43843559,1,Android 设备,,[],[],什么时候能上线？,,2.0,
722621,风之痕迹,44908424,2025-05-10 05:52:24,5,716242509,独树一帜的管理员,iPhone 16 Pro,,[],[],画风超级好 期待,,2.0,
722621,风之痕迹,44900303,2025-05-09 09:35:29,5,715806928,七,红米 10X PRO,,[],[],游戏的像素画风令人印象深刻，画面细腻且制作精湛，场景设计优美，为玩家呈现了一个广阔而富有层次感的世界，期待,,6.0,1.0
722621,风之痕迹,44896673,2025-05-09 01:31:27,1,515374595,y,小米Xiaomi Pad 6 Pro,,[],[],等了有段时间，结果资格让黄牛抢走了，挂闲鱼还卖死贵，没话讲拜拜,1.0,8.0,
722621,风之痕迹,44883410,2025-05-07 09:45:12,5,714014829,无理,小米2411DRN47C,,[],[],剧情丰富，抓紧上线吧,,2.0,
722621,风之痕迹,44876858,2025-05-06 12:08:52,1,509915502,淡定的人生,Android 设备,,[],[],"我一直相信游戏开发水平是一方面,游戏的运营水平才是决定游戏能否长期活跃在国内这个市场内,特别是手游市场卷的不行.
不得不说,官方运营肯定是小米的死忠粉,先让你加群说才有资格领取测试资格,然后等了大半个月终于要发测试资格了,本来以为是按活跃度或者taptap游戏时长,等级这些都ok,结果没想到是拼手速,估计一共就放出来几十个,我可能也就间隔了0.0几秒,打开链接就秒没,然后你去闲鱼搜一下你就会发现,测试资格随便买😅.

这游戏谁爱测试谁测试吧,市面上这么多正常的游戏,谁不正常谁玩你家游戏,找虐受呢😖",4.0,13.0,
722621,风之痕迹,44876428,2025-05-06 11:01:43,1,51571062,明夕明夕,小米24117RK2CC,,[],[],号全被黄牛拿走了，群里的测不了，卖的高了也不乐意买，到时候官方没收集到数据，黄牛号烂手里了，我也没玩上,1.0,39.0,
722621,风之痕迹,44861214,2025-05-04 13:29:12,5,634001865,小道王爷,Vivo V2353A,,[],[],这款美术风格很吸我啊，希望游戏也不会差,,1.0,
722621,风之痕迹,44844171,2025-05-03 03:15:30,4,708593641,Tong,Android 设备,,[],[],希望早点公测 以前没玩过这种类型,,,
722621,风之痕迹,44767648,2025-04-28 01:44:24,4,20947069,ℳ.Ys_忆城ღ,HONOR AMG-AN00,,[],[],是故意的还是不小心哼哼啊啊啊啊啊😵,1.0,3.0,
722621,风之痕迹,44759581,2025-04-27 01:36:30,4,5467076,烨红,Realme真我GT7 Pro,,[],[],114种武器514种搭配是吧,,2.0,
722621,风之痕迹,44722410,2025-04-22 20:34:38,5,20282082,ATEMU,Honor 80 GT,,[],[],自带竖屏，那不得不期待了,,1.0,
722621,风之痕迹,44721196,2025-04-22 15:18:48,5,26021368,VKD,Vivo Z3i,,[],[],原谅我，可能是我黄油玩对了，看到这种游戏有种不详的预感，总之很期待😁,,11.0,1.0
722621,风之痕迹,44700478,2025-04-20 12:12:11,4,588222591,鑫☆鑫☆鑫,Vivo Y37,,[],[],"我去，还在测试。
",,1.0,
722621,风之痕迹,44681143,2025-04-19 02:12:50,4,41432957,文艺复兴,小米23090RA98C,,[],[],我就想问一问这个游戏是不是国际服的“棕色尘埃2”，有没有大佬解释一下？,5.0,6.0,
722621,风之痕迹,44676765,2025-04-18 13:20:45,1,640631165,体验官,Android 设备,,[],[],"这是电影还是游戏，呵呵。
",,2.0,5.0
722621,风之痕迹,44673914,2025-04-18 07:57:42,5,413802732,夜染,红米 K70,,[],[],看着不错，希望买断制但估计不可能充值的话就怕出非常多影响游戏体验的比如抽卡之类的,,8.0,4.0
722621,风之痕迹,44671018,2025-04-18 02:43:41,5,18195169,傲天,Vivo V2133A,,[],[],终于测试了，冲,,,
722621,风之痕迹,44492701,2025-03-30 10:18:12,3,534269131,求我,Huawei Nova 11,,[],[],不要跟大陆霸者一样就好了,,,
722621,风之痕迹,44426344,2025-03-24 04:26:47,5,484238678,qing.,Android 设备,,[],[],上线必玩呀，希望快点开服,,2.0,
722621,风之痕迹,44421162,2025-03-23 11:40:25,5,475711649,Night,Android 设备,,[],[],我只能说这个武器，十分甚至有九分不对劲😋,4.0,12.0,2.0
722621,风之痕迹,44328852,2025-03-13 10:12:15,5,57347650,三猪pigsss,三星Galaxy S21 5G,,[],[],你知道的，我纯纯gbfx八方画风舔狗，然后赶紧把二测端上来吧😡😡😡,1.0,,
722621,风之痕迹,44138092,2025-02-20 15:43:36,5,18444423,星影,红米 K70,,[],[],gbf是啥啊,1.0,,1.0
722621,风之痕迹,44083985,2025-02-15 02:14:29,5,28463841,社交牛逼妄想症,iPhone XS,,[],[],像素游戏忠实用户报道,,1.0,
722621,风之痕迹,44066419,2025-02-12 21:19:00,5,6574931,初檬,小米24117RK2CC,,[],[],横竖屏我就只能想到棕色尘埃2。差个眼先。,,2.0,
722621,风之痕迹,44021861,2025-02-08 07:31:59,4,606748187,泷,一加 Ace 2 pro,,[],[],"很不错的游戏,2D和3D结合起来的画面,在不失美感的情况下又恰当的包容了各个群体,喜欢异世界冒险的可以试一试。",,6.0,
722621,风之痕迹,43877514,2025-01-24 16:00:49,5,411635578,APHASIA,NZONE S7 Pro 5G,,[],[],好臭的装备搭配数😂,,1.0,
722621,风之痕迹,43867664,2025-01-24 02:34:37,5,20275841,木阿呆,Android 设备,,[],[],很期待 希望有丰富的玩法 😍我也很喜欢竖屏游戏,,1.0,
722621,风之痕迹,43862070,2025-01-23 12:46:34,4,429501494,嗣音,Android 设备,,[],[],"没办法，HD-2D游戏基本全都是对八方的拙劣模仿，八方开创了这种风格，但这种风格只可能有八方这一个ip，不可能再有游戏能超过了，随便搜一个HD-2D游戏，看到图片的第一反应都是这不是八方旅人吗。
这游戏也一样，无论是地图还是角色给人的感觉都是山寨的八方旅人。
HD-2D很难有自己特色的新游戏了。",,2.0,
722621,风之痕迹,43861117,2025-01-23 11:29:36,5,444518357,༺ༀ༂泊進༒の介༂ༀ༻,OPPO A9中国版,,[],[],画风有点像歧途旅者 ，看样子值得期待 ,,1.0,1.0
722621,风之痕迹,43853975,2025-01-23 02:43:58,3,397363724,星星虎,华为P30,,[],[],就宣传片来说，画面偏暗，更希望画面做得明亮一点。就我个人而言，我很喜欢像素风，但是昏暗的场景让我很难受。,,5.0,
722621,风之痕迹,43846388,2025-01-22 10:14:14,5,41926135,天津甘栗,Vivo S17 Pro,,[],[],"114514（警撅）
八方两部都玩过了，看画面非常期待",1.0,1.0,
722621,风之痕迹,43842791,2025-01-22 05:24:02,5,690665676,姬塔,Redmi Note 12T Pro,,[],[],只要你给我美少女贴贴的故事，我就给你五星好评😋,,2.0,
722621,风之痕迹,43839070,2025-01-21 19:56:38,4,14675603,x-mingE,OPPO Find X7 Ultra,,[],[],化粪池武器了属于是,,1.0,
722621,风之痕迹,43828599,2025-01-21 02:44:55,4,329728472,忆往梦如歌,Vivo V2049A,,[],[],八方画面和音乐和世界观我都超喜欢，只要不是苟氏的伪随机遭遇战我就能接受，看不见怪赶路的时候太难受了,,6.0,1.0
722621,风之痕迹,43821108,2025-01-20 08:49:32,5,353357275,Ghayatal-Hakim,HONOR FLC-AN00,,[],[],美工无敌的，故事的讲述方式我也很喜欢，首先我不是白河豚，其次（剧透消音）。希望上线以后养成需求方面不要太卷，让社畜玩家也能享受你们的故事，最后，蕾欧娜大姐，我的蕾欧娜大姐（手抓空气）,,4.0,
722621,风之痕迹,43809841,2025-01-19 07:55:32,5,579105018,红尘,Honor X50 ,,[],[],看第一眼像八方就果断预约了，就喜欢这种风格的，但我只希望，剧情有个跳过就行😅,,4.0,
722621,风之痕迹,43769836,2025-01-15 16:18:54,4,17415560,日常祭,Web 官网,,[],[],希望二測能好起來。,,1.0,
722621,风之痕迹,43763811,2025-01-15 07:08:14,5,6990985,BAKAの转转,Web 官网,,[],[],"因为官方宣传gbf玩法 x 八方画面关注的游戏。

拿到了游戏第一次内测资格，我自己玩了一天把主线部分给推完了，后面看公告的话是更新了类似gbf古战场的玩法，因为一测游戏优化问题在手机端太容易卡了，有设备锁也不想一直抱着手机玩，所以打完主线就没继续玩了，就说说游玩主线部分的体验吧。

画面表现HD-2D RPG那个方向做的，好感度还是不错的。

主线部分流程不长，玩不了多久就打完了，从里面大概能看出来的：

1.跑图中有基本的地图交互，有跳跃场地，投掷特定的场景物品，一些机关解密；

2.地图场景变化有做，白天黑夜下的光线变化之类的是有的；

3.目前的过场动画演出较少，角色动作细节、一些施法特效演出细节这些不太明显。

4.战斗部分和养成部分基本和gbf一致，也有gbf的刷新功能，看了一下主线后的内容，也有农盘，共斗，团战这些，这些就没深入体验了。

因为游玩过程中发现数值设计、音乐、UI等这些素材都是很明显地在偷懒套用，测试品质和最终成品差距完全看不出来，所以这方面可能就得等后期一点的测试看看变化才能下推论。



游玩下来第一感想就是，团队对于打磨出质量优秀的主线明显是有追求的，期望值大概在用中等的篇幅能讲完，尽量讲好一个王道冒险故事。

战斗刷新这个速度还是很流畅的，而且也有auto战斗设置技能轴的功能，那个我简单看了一下设置，可以设置队伍角色的行动逻辑，每个技能都可以设置时机，妥当使用的话战斗auto体验应该会很不错，虽然我当时用的时候保存技能轴功能的时候出问题了（草），然后主线也不难，就没有进一步捣鼓这个技能轴的配置功能了。



然后说两个我个人很在意的不足。

一个是过场动画演出，目前的角色以及场景模型碰撞设计设计的很粗糙，角色模型可以很轻易地嵌入一些墙里面，NPC这些也没有模型，啪的一下就能穿过了，早期测试嘛这些倒是非常能理解，不过完的时候看到这些部分确实感觉有点哭笑不得，单机主线部分的话我认为应当尽量避免这种容易出戏的情况。

另一个就是便利性还是比较一般，手游日课一样的部分并没有像gbf一样足够便利，一个最简单的例子，gbf的日常周常奖励，我是完成了它就会自动提示我已经完成奖励，并且把奖励发放，直接跳过了去领取奖励的步骤。战斗以外的部分，也就是UI切换，跳转之类的需要同样下功夫，之前玩妮姬这种AFK RPG游戏，我就是被它烂的不行的加载速度给整得不想玩了，有些页面下无法通过日常按钮快速跳转，进有些页面还巨卡，做日课真的很墨迹。

除此之外的话，gbf可以双窗一边打本一边整理box，调整养成build之类的，不知道风游能不能有实力做到这个。



最后说一下我对风游的一些看法

实际上要养成的话，大概打完主线的部分，就是直接像gbf一样快捷到各种页面刷刷刷了，所以既要做主线的游玩，又要做gbf一样的核心玩法应该难以避免地把主线和核心玩法变成两种游玩体验。

给不知道gbf的人说一下，gbf作为一个刷刷刷游戏，最大的优势就是网页载体，页面跳转以及战斗结算可以全部通过刷新来快速跳转，这个和一个常规RPG流程的体验可以说是完全冲突，因此要兼顾主线玩法的话这两个部分一定是两种体验。

既然是两种体验的话，我觉得主线部分和核心玩法部分可以直接拆成两个相对独立的部分，比如在进行主线剧情/活动剧情中，只能使用主线专用编队，以保证任何养成水平的玩家都能正常体验剧情的战斗演出，也适合沉浸式体验主线剧情；在新手教程，游戏功能解锁完毕后，游戏的核心玩法就应该和主线几乎解绑，想爽刷提升自己变强的开始养成编队，想继续体验游戏主线的就体验。

后续更新的话，有时间主线部分我一定会乐意体验一下，我很期待游戏在探索中最后会变成什么样的形态。

",11.0,198.0,11.0
722621,风之痕迹,43761849,2025-01-15 04:00:56,5,7838464,向日葵,一加 Ace 2 pro,,[],[],很喜欢这种八方的美术风格和bgm，以及gbf的模式。gbf的系统本身已经很完备了，但就目前的地图互动来说除了开头能开bug的石头没啥体验，或许后面有能战斗系统和地图系统向融合的地方？总体体验来说对于拿出来的一测还是合格的，也希望后面能给我们整个大活。,,57.0,3.0
722621,风之痕迹,43761110,2025-01-15 02:47:51,5,327696447,路过的小五,Android 设备,,[],[],"你知道的，我一直是忠实的风之哼唧玩家（以下略）
首先是很高兴能拿到首测资格，开服当天就进行了游玩。一测在剧情方面还只是序章程度，没有什么风浪，期待能较好的复刻《长名公主》的剧情，如果在此基础上能做到更优异的改编就更好了。
然后就是手机里有一款公会无法签到的游戏。一测有很多bug和错误，像是地图加载问题、闪退问题、游玩卡顿问题、优化差等等，所幸制作组改动速度也比较快，基本上反馈了就能马上改，效率方面倒是不错。希望下一次测试能把bug和相关问题进行解决和优化。
接着就是玩法，回合制，玩过GBF或者其他类似的游戏（例如悠久之树）基本上能快速入手，新手教程做的也还行，但是我希望能多考虑一下一些新手，可以出一个相关的武器盘搭配小指南，告诉新手哪些词条能用，哪些方阵好用，召唤又要怎么搭配。基本上玩法这块没什么好说的，和GBF不能说是近似，只能说是一模一样，所以玩法在一些玩家看来可能相对落后，但是我坐牢习惯了所以觉得这样还不错。
然后就是一些建议，二测开始就要把很多内容进行修改了，像是素材和音效等。然后就是新玩法的加入和实装，以及像是我那一直没出的湿婆，这方面也可以考虑要不要加入保底可以换个召唤的机制，不然有时候正好没抽到人权召唤就会减少很多游玩体验。希望能好好利用地图资源和相关交互，这方面感觉能塞不少玩法。
总的来说就是这样，希望哼唧二测能做的更好吧。
总结：我好想玩风之哼唧啊。",2.0,20.0,
722621,风之痕迹,43759747,2025-01-14 22:33:00,4,554276583,红红火火恍恍惚惚,Android 设备,,[],[],画风看起来不错，感觉有望成为下一个八方旅人的样子。,,1.0,
722621,风之痕迹,43746837,2025-01-13 14:37:38,4,600146611,马路牙子,小米 15 Pro,,[],[],喜欢像素画风，不过可以竖屏横屏互相切换吗，比较习惯横屏看着舒服。,,,
722621,风之痕迹,43743281,2025-01-13 08:37:33,5,6042880,(=ﾟωﾟ)ﾉZeng,一加手机Ace 3V,,[],[],必玩，咱就是说，一看就是我喜欢的类型！,,2.0,
722621,风之痕迹,43740193,2025-01-13 02:44:23,3,9221103,Aquaeris,一加手机Ace 3,,[],[],我觉得gbflike死路一条,,1.0,
722621,风之痕迹,43716183,2025-01-11 03:54:33,5,444076964,一个爱捣蛋的小坏蛋,小米13 Pro,,[],[],"114514（警觉！）
我怀疑你是故意的
怎么哪里都有homo啊（悲）",,11.0,
722621,风之痕迹,43701673,2025-01-09 14:35:21,4,606739162,Maloo,Honor 70,,[],[],喜欢美术风格，期待,,1.0,
722621,风之痕迹,43688044,2025-01-08 08:23:30,4,637850034,拉面超人,Web 官网,,[],[],四星期待一下！画风喜欢 多人联机休闲玩法有点好奇咯(ง •_•)ง,,1.0,
722621,风之痕迹,43687856,2025-01-08 07:59:05,5,417000337,星穹霓虹猫,Redmi K70 Ultra,,[],[],游戏介绍页面的美术风格挺像歧路2，观望一波,,,
722621,风之痕迹,43678099,2025-01-07 04:06:02,5,329214166,不重名的芜湖,HONOR 100,,[],[],"真的很期待玩这款游戏，我真的很喜欢这个美术
",,,
722621,风之痕迹,43672754,2025-01-06 09:33:49,5,83180253,忧伤的小金刚,Vivo IQOO Neo9S Pro,,[],[],是八方旅人那样的2D-HD风格吗,,1.0,
722621,风之痕迹,43670677,2025-01-06 03:38:52,4,357230920,Azurlane,Vivo V2162A,,[],[],"框架还是不错的，优点有材料副本不卡关，小岛主难度较低很容易单刷，FA设置较为详细，能应对大多数情况。测试钻石来的很容易，很快就200抽了，剧情保送火队3ssr，希望公测也是这样。
说说不好的，首先就是这个沟槽的优化，就算是首测我觉得也不应该让人玩十几分钟就卡的不太能动。然后是这个无敌的ui，当我看到4chain冒出来这个毫无润色的文字时都给我整笑了，还有FA设置界面的那个ui，全是颜色方块，也是逆天。当然首测一般是测试玩法，我们群里几个人玩的也没太计较这个ui问题。
然后是强度问题，那个土属性贵族(神盾pro版本)，常驻500%防御是什么概念？建议制作组数值策划还是多学习一个。
暂时就玩了这么多，不是我不想体验，是真的卡爆😂
还有一个，建议增加一个主界面展示角色立绘，你游制作组不是gbf资深玩家吗？看看别人主界面是怎么做的，或者学学棕色尘埃2也可以，抽出来角色我可不想除非点进角色详情，平时一直对着像素小人的。",,5.0,
722621,风之痕迹,43668707,2025-01-05 16:37:34,5,11952065,ゼロ*,红米 K70,,[],[],多平台有网页版吗,,,
722621,风之痕迹,43665707,2025-01-05 10:38:20,5,3355239,黄金泥头车,Android 设备,,[],[],好玩爱玩我要一直玩😁,,,
722621,风之痕迹,42512839,2024-09-23 06:09:12,5,16080508,miyipi,魅族20 Pro,,[],[],"测试感觉美术风格和音乐确实不错，剧情很王道。目前一测问题很多，比如优化啥的，但是还有很长时期去改良。完全可以期待一手公测。
游戏玩法是限时回合战斗类，武器盘这种形式很新颖，在国内没见过几个类似的。diy程度很高，多人共斗也是很有意思，期待正式上线",,40.0,2.0
722621,风之痕迹,43663053,2025-01-05 05:32:47,5,644497340,氙,HONOR 90 GT,,[],[],游戏总体还不错，但还需要改进的，要有自己的特色才行啊！期待一下吧！,,1.0,
722621,风之痕迹,42514103,2024-09-23 08:55:54,1,15766043,咲yue了,华为P40,,[],[],不是哥们你真一点都不改啊,,10.0,
722621,风之痕迹,43661975,2025-01-05 03:24:00,5,100575138,蛇R-R,小米15,,[],[],作为gbf老玩家还是有点期待的😎,,1.0,
722621,风之痕迹,43660091,2025-01-04 18:51:23,5,19560120,Exquisite,Android 设备,,[],[],一直很期待风游！,,1.0,
722621,风之痕迹,43649608,2025-01-03 20:58:56,3,30825054,大西瓜瓜瓜,HONOR Magic6,,[],[],买断制我就玩😘,,2.0,1.0
722621,风之痕迹,43643920,2025-01-03 07:25:43,1,332040828,千颜,Android 设备,,[],[],测试资格要关注，又不提前说，先砸个差评再说,,9.0,
722621,风之痕迹,43642206,2025-01-03 03:48:51,5,629102882,落花兮*天依,小米Xiaomi 12 Pro,,[],[],非常好玩的游戏，很早以前就接触这类游戏了，一直很希望能玩的同样类型的好游戏，支持支持,,4.0,
722621,风之痕迹,43636353,2025-01-02 10:21:52,1,16655444,小天,小米 15 Pro,,[],[],关注了也不给资格，取关了,,3.0,1.0
722621,风之痕迹,43632902,2025-01-02 03:38:47,1,9849542,德德德德德克萨斯,三星Galaxy S23 Ultra,,[],[],八方旅人的拙劣模仿,,12.0,
722621,风之痕迹,43626027,2025-01-01 08:14:07,5,16403343,哈喽,三星Galaxy C9 Pro,,[],[],喜欢八方旅人这样像素游戏，所以不是有什么特殊情况的话肯定玩！加油！因为听说没八方3了😂,,8.0,
722621,风之痕迹,43619530,2024-12-31 14:22:54,5,11859284,Việt Cộng,OPPO PGU110,,[],[],"看了描述，感觉是类剑法的，全职业都可以养成的多人共斗抽卡换装类型的mmo，总之观望一波。
不过剑法自从四周年往后数值爆炸，出的武器越来越多，怪的血条越来越厚，之前是几千亿，到现在的几兆。一堆的氪金活动，但出新武器的概率太低导致被诟病。
基本上主要玩法就是多职业养成合作，还有换装社交，现在每次活动基本上必定出新服装，然后肝活动点数换衣服。",5.0,5.0,2.0
722621,风之痕迹,43594167,2024-12-28 17:42:03,5,118310006,花月夜花鼓摇,红米 Note 9,,[],[],"114种武器搭配
514种无意识构筑方式🤓",2.0,7.0,
722621,风之痕迹,43557753,2024-12-25 00:14:49,5,463313531,哦哦！,Redmi K50,,[],[],这不就是12+的棕色尘埃2吗,,,
722621,风之痕迹,43552264,2024-12-24 08:07:59,5,546053134,带鱼,Redmi K50,,[],[],第四张图…114514，好臭的数字（绝望）,,2.0,
722621,风之痕迹,43551866,2024-12-24 07:15:18,4,99196525,Shelter,Vivo V2136A,,[],[],这是对标冈易代理的八方旅人？,,,
722621,风之痕迹,43545961,2024-12-23 13:07:21,5,408811250,诩晴2号机,Redmi K60 Pro,,[],[],"给个名额给个名额
干翻悠久之树
鹅鹅鹅鹅鹅",,1.0,
722621,风之痕迹,43529555,2024-12-22 01:04:59,5,7052046,就这样^_^,小米Xiaomi 14 Pro,,[],[],我是掌管游戏的神,,1.0,
722621,风之痕迹,43506239,2024-12-20 02:07:16,5,22715939,林绪海,Vivo IQOO Z8x,,[],[],想玩想玩想玩😭求求你了快点上线吧🥺,,1.0,
722621,风之痕迹,43494833,2024-12-18 18:11:40,4,469579096,肆羽,Vivo Y55t,,[],[],"期待还是挺高的哈，但是就是有点太高了，我填测试资格的时候直接给我弹出来一个广告，穷啥样了？
",8.0,13.0,3.0
722621,风之痕迹,43493071,2024-12-18 14:29:51,5,47127717,爱莫能助,红魔9S Pro+,,[],[],看完宣传片咋一股子《空之轨迹》的系列既视感（单画面）也希望这游戏玩法也能给我眼前一亮。十分期待这游戏😍。同时求一个测试资格,,8.0,1.0
722621,风之痕迹,43492891,2024-12-18 14:11:50,5,415756892,北冥天,OPPO A3中国版,,[],[],我了114514种武器啊,,1.0,
722621,风之痕迹,43492350,2024-12-18 13:14:20,5,446332301,。,Honor V40 Lite,,[],[],最期待的！画面超级美人物立绘也好看还有多人联机休闲玩法我真的好喜欢求你让我早日玩到！(;∀;),,4.0,
722621,风之痕迹,43492207,2024-12-18 12:54:50,5,48962745,暮冬二六,Android 设备,,[],[],希望音乐和战斗能做好就行，还有我要进测试,,1.0,
722621,风之痕迹,43492184,2024-12-18 12:53:10,5,57429646,喝好,华为畅享10 Plus,,[],[],是否真的可以联机？是否是全地图随时相遇随时pvp？官方受累详细的介绍一下！,,4.0,
722621,风之痕迹,43490604,2024-12-18 09:52:38,5,22493333,千寻墨,Vivo IQOO 13,,[],[],"五星期待一波，宣传片配这个BGM，不知道有没有感同身受的

就是恍惚一下，回到当年那个普通的下午第一次点开艾诺迪亚被主界面音乐吸引到的感觉",3.0,39.0,
722621,风之痕迹,43490160,2024-12-18 08:57:41,5,646348672,该用户已注销,小米Xiaomi 14 Ultra,,[],[],改名字了？我记得以前不是这个名字，玩了一个内测，没玩下去。,,,
722621,风之痕迹,43488696,2024-12-18 06:04:15,5,452409902,枪枪爆头,Android 设备,,[],[],报名了，正好歧路旅人2刚打完一周目，挺期待的,,5.0,
722621,风之痕迹,43487697,2024-12-18 04:13:07,5,439083168,River,Redmi K50,,[],[],很喜欢这种画风,,1.0,
722621,风之痕迹,43487419,2024-12-18 03:41:04,1,102311763,长毛沾屎，戳谁谁死,Android 设备,,[],[],国产游戏能不能有点创新？不看音乐和立绘简直和八方旅人(跂路旅人)一模一样😓你好歹改一下我都不骂你,13.0,10.0,4.0
722621,风之痕迹,43485018,2024-12-17 18:24:00,5,690507527,名,华为STG-AL00,,[],[],什么时候出啊！！！,,1.0,
722621,风之痕迹,43344436,2024-12-12 05:13:28,5,24614204,天衍,Android 设备,,[],[],马赛克游戏的人物立绘一如既往的漂亮啊！,,,
722621,风之痕迹,43273633,2024-12-07 12:37:40,5,29061837,心之所向,华为 Mate40 Pro,,[],[],"要等多久啊，一点消息都没有，好想玩啊
",,,
722621,风之痕迹,43130043,2024-11-24 11:45:04,5,65487731,昭离,红魔9S Pro+,,[],[],希望不是那种玩起来跟卡牌一样的游戏就行了，比如那个什么铃兰什么剑的，让人失望透顶,6.0,14.0,2.0
722621,风之痕迹,43083371,2024-11-19 23:34:12,5,585759484,洛特,Huawei Mate 60 Pro,,[],[],什么时候能玩上啊😖😖😖,,,
722621,风之痕迹,43042282,2024-11-15 10:57:22,5,6161731,坤酱,红魔9S Pro+,,[],[],联机，像素，刷宝这三点非常吸引我，期待一波😋。,,,
722621,风之痕迹,43022147,2024-11-13 07:52:12,5,635010014,解燕白,Vivo IQOO Neo7,,[],[],到底多久开测啊！赶紧开测啊！我受不了啦 出点皮肤行不行啊,,,
722621,风之痕迹,43012029,2024-11-12 04:32:47,5,26820532,手动挡拖拉机,OPPO Find X7 Ultra,,[],[],什么时候才有得玩？,,2.0,
722621,风之痕迹,42894818,2024-10-29 16:24:23,5,4792919,琴咲,小米Xiaomi 14 Pro,,[],[],不错不错，看画风来的,,,
722621,风之痕迹,42851525,2024-10-25 12:13:14,3,9804,玛修·基列莱特,小米Xiaomi 12S Pro,,[],[],gbf居然还在追我😨,,1.0,
722621,风之痕迹,42790476,2024-10-18 20:13:35,5,21050938,沫沫_依赖,Vivo IQOO Z9 Turbo,,[],[],八方旅人的铁粉，不说在游戏原汁原味复刻吧哪怕占个百分之六十外带联机功能我都可以玩一辈子，希望这个联机功能有做的有个性啊！！,,5.0,
722621,风之痕迹,42781567,2024-10-17 17:29:25,1,10803422,沈公子丶,OPPO Ace2,,[],[],想学网易就死的快🙄,,8.0,2.0
722621,风之痕迹,42759016,2024-10-15 02:26:44,2,18827210,银砸,Web 官网,,[],[],没别的想法，就看这个角色图，这不是夏尔的脸么！！！！,,3.0,2.0
722621,风之痕迹,42758152,2024-10-14 23:51:10,5,5953777,狂炫炸薯条,Huawei Mate 40E,,[],[],开始内测了么，什么时候能玩，画风玩法期待 没玩过这类游戏，期待！,,,
722621,风之痕迹,42714567,2024-10-10 00:14:18,5,535649,黑剑雷恩,Realme真我GT6,,[],[],"乍一看，种田休闲游戏。
一展开，心脏骤停，变成GBF修仙了。",,,
722621,风之痕迹,42634619,2024-10-02 05:39:52,5,67159708,巫师,Vivo IQOO Z9 Turbo,,[],[],期待，快快公测,,,
722621,风之痕迹,42614442,2024-09-30 13:35:06,3,29058646,风无伤,Android 设备,,[],[],"八方旅人能火，不是因为，什么像素画风，回合制战斗，而是传承了最终幻想4到6，像素时代的独特机制，比如不同武器可以学习不同技能，不同角色的独特能力，比如只有猎人可以捕捉宠物，只有盗贼可以偷取物品，风水师可以利用地形战斗，最深刻的还是ff6里面的剑士的独特战斗方式……
如果只是单纯的八方旅人画风，那隔壁的歧路旅人也还可以下载回来继续玩，总之先三星观望",29.0,205.0,8.0
722621,风之痕迹,42610516,2024-09-30 07:37:50,4,31487505,优梨,Redmi  K70 Pro,,[],[],朋友们，玩过魔女之泉，这个玩法类似嘛？,,,
722621,风之痕迹,42604818,2024-09-29 15:59:14,2,27435686,急急如律令米家人退,Honor 70,,[],[],😁为啥不叫《风之圣痕》呀，叫风之圣痕不是好听多了。,4.0,7.0,2.0
722621,风之痕迹,42604589,2024-09-29 15:34:58,5,23301785,墨-痕,Redmi Note 12 Turbo,,[],[],你这画风我真喜欢啊，快出,,,
722621,风之痕迹,42602763,2024-09-29 13:02:53,5,8381323,吴彦祖,小米Mi 11,,[],[],可以横竖屏切换的rpg，稳了,,,
722621,风之痕迹,42601956,2024-09-29 11:45:43,4,440153294,policim,Vivo IQOO 12,,[],[],一看抽卡手游，但是福利能像棕2的话还是值得一玩。,2.0,,
722621,风之痕迹,42584454,2024-09-28 03:47:23,5,58772608,古罗艾斯,Vivo V1816A,,[],[],"先期待一下吧！单靠宣传片很难知道它是属于哪一类的模式进行游戏的！我分析了一样分别为：
1.类似单机游戏《轩辕剑天之痕》这类方式进行行走，战斗是另一个画面！
2.类似当年的《幻想计划》一样的进入画面，自由行动，时间限制式的攻击过关！
3.就像《铃兰之剑》一样，剧情式与方格式战斗！
4.就像最近流行的挂机式剧情模式
",3.0,6.0,1.0
722621,风之痕迹,42580931,2024-09-27 17:11:52,3,590471589,米嘎嘎哟,Redmi  K70 Pro,,[],[],说国产pv一看哪有一点点国产的样子英文日语？日本做游戏也没你这么贴心😂,,1.0,1.0
722621,风之痕迹,42580845,2024-09-27 17:01:00,5,39902227,急急急急急我是急限战士,Android 设备,,[],[],我可太爱像素了，期待值拉满,,1.0,
722621,风之痕迹,42576738,2024-09-27 11:37:36,5,318133743,留白,Honor 80,,[],[],观望，希望福利好点,,,
722621,风之痕迹,42573699,2024-09-27 07:05:51,5,3776947,梧桐之剑,Xiaomi Redmi K60 Ultra,,[],[],我勒个国产 gbf 啊，不得不品尝一下了😋😋😋,,2.0,
722621,风之痕迹,42572297,2024-09-27 04:53:37,4,206298,MrWnn,小米Xiaomi 14,,[],[],抽卡。。。我留着买几斤排骨不好么。。。玩黑猴去咯,1.0,,
722621,风之痕迹,42568919,2024-09-26 21:09:37,4,64460264,希卡,Realme真我V13 5G,,[],[],如果是买断的话就好了可惜是gbf😭😭😭😭😭😭,,,1.0
722621,风之痕迹,42566542,2024-09-26 15:31:33,4,519293,BestSEason,Redmi K50 Ultra,,[],[],有f5吗？没有不玩😂不是，怎么大家都在说买断制啊，这就是国产gbf啊，联机就是最重要的一环啊,,2.0,
722621,风之痕迹,42559575,2024-09-26 09:15:25,4,22502406,江流,联想Legion Tab,,[],[],期待一下，希望是买断制,4.0,,
722621,风之痕迹,42550152,2024-09-26 01:43:16,5,2907899,第五尊,红米 K40 Pro,,[],[],爱了，有种云和山的彼端的感觉,,,
722621,风之痕迹,42548239,2024-09-25 22:47:13,3,35261662,极光,华为 Mate40,,[],[],"类八方的画风也是有的，棕色尘埃2啊，福利高还涩，今天更新后还有联动。
你要是类八方的单机我可以考虑，一看预约的“十连抽”还是算了…不指望",,10.0,
722621,风之痕迹,42546691,2024-09-25 16:34:37,1,68427600,茉子,Realme GT5 Pro,,[],[],我希望他做的是中国的“八方旅人买断制rpg，而不是有着八方旅人画风的抽卡游戏。本来看了PV还蛮期待的一看抽卡瞬间没想玩的欲望了。你好好打磨做买断哪怕价格高点我都能接受😓,12.0,35.0,4.0
722621,风之痕迹,42545860,2024-09-25 15:54:17,5,543283898,️️️️c,Android 设备,,[],[],观望 有石块就一星,,1.0,
722621,风之痕迹,42545046,2024-09-25 15:16:27,5,25241864,手机用户25241864,Web 官网,,[],[],GBF碧蓝幻想本体页游运营超过十年到今天，各方面都较为臃肿和落后于时代，所以今年就弃坑了。但绝不否认它那一套玩法是有可取之处的，希望咱们国内厂商内做到取其精华，预约了！,,13.0,
722621,风之痕迹,42544638,2024-09-25 14:58:09,5,45231587,新上,Honor Magic5,,[],[],期待像歧路旅人一样出色，还有希望是买断制,,,
722621,风之痕迹,42538968,2024-09-25 10:22:44,3,49794222,霜冻玉豆腐,三星Galaxy A52 5G,,[],[],"看美术还可以
希望手机端优化好好做
（不然我就只能电脑模拟器里体验了）",,2.0,
722621,风之痕迹,42536815,2024-09-25 08:25:01,3,17472126,黑狗,Vivo IQOO 10,,[],[],本来看画面还挺期待的，一看预约奖励十连抽，瞬间没有玩的欲望,,2.0,
722621,风之痕迹,42536386,2024-09-25 08:00:25,5,48127766,ゼロ,红米 K30 Pro,,[],[],看着不错，期待一下,,,
722621,风之痕迹,42533381,2024-09-25 04:57:50,5,124755266,风花雪月,华为BON-AL00,,[],[],期待早点上线，非常喜欢这种风格！音乐也很好听,,1.0,
722621,风之痕迹,42533299,2024-09-25 04:52:59,4,36429925,远道,Redmi K50,,[],[],"像素游戏我喜欢
rpg我也喜欢
歌也好听
期待一下
",,,
722621,风之痕迹,42531897,2024-09-25 03:32:15,5,17488437,绝不当盾血十字盾,Huawei Pura 70,,[],[],画风是挺好看的，也喜欢像素，但是最近日式rpg像素游戏好像有点多,,,
722621,风之痕迹,42530591,2024-09-25 02:17:43,1,571357562,树,Honor 60 SE,,[],[],这不是铃兰之剑的风格吗,,13.0,6.0
722621,风之痕迹,42530419,2024-09-25 02:08:17,5,283189,User283189,小米Xiaomi 14,,[],[],因为是竖屏，五星期待一下，画面风格很喜欢，有点影之诗的感觉,,,
722621,风之痕迹,42529598,2024-09-25 01:02:55,4,364102706,予瑜尔念,Android 设备,,[],[],有点像八方旅人,,,
722621,风之痕迹,42526144,2024-09-24 14:30:29,1,111125781,土豆同学,PTAC ALH-BD00,,[],[],游戏离不开抽奖抽卡了。。。。,1.0,22.0,4.0
722621,风之痕迹,42525945,2024-09-24 14:11:04,5,55989933,花还开吗,HONOR VER-AN10,,[],[],很少发评价，这个画面是真的戳我了，太喜欢像素风游戏了，希望早点上线，必玩啊🙉,7.0,6.0,
722621,风之痕迹,42525550,2024-09-24 13:28:41,4,437122330,Beluga,Android 设备,,[],[],画风不错，没有副本即时ARPG就更好了。不过以现在这个样子估计是抽卡副本了，估计和风之大陆差不多玩法，四星给画风,,4.0,
722621,风之痕迹,42524968,2024-09-24 12:20:39,1,68707718,灵魂在咆哮,OPPO Reno Ace,,[],[],抽卡能不能死啊。。。,15.0,30.0,3.0
722621,风之痕迹,42524911,2024-09-24 12:14:30,5,118890802,大侠,小米Xiaomi 14,,[],[],这画风，太期待了😍,,1.0,
722621,风之痕迹,42524820,2024-09-24 12:02:20,4,63810703,老俊…,小米Xiaomi 12 Pro,,[],[],看起来好像铃兰之剑，看图画风和地图都有有点像,,,
722621,风之痕迹,42524741,2024-09-24 11:52:13,5,10146614,手机用户10146614,OnePlus Ace 2,,[],[],我就说为什么看的这么眼熟，玩过废都物语还有一些游戏后，有段时间对RPG制作大师制作的游戏特别感兴趣，这块十几年下来了看到简介还能有眼熟感，必须预约,,5.0,
722621,风之痕迹,42524583,2024-09-24 11:29:41,5,60316024,露娜先生,Vivo IQOO 12,,[],[],很好，是我最喜欢的类型，我喜欢主线故事丰富的游戏，玩起来像是在看番剧一样，只要别搞什么锁卡跟各种限定，就能玩的下去，最好是买断制，先观望一波，剩下的上线再说😋,,6.0,
722621,风之痕迹,42524431,2024-09-24 11:11:39,5,9250442,大葡萄,OPPO Find X2 Pro中国版,,[],[],可以竖屏必须支持,,,
722621,风之痕迹,42524330,2024-09-24 10:59:25,3,6795522,游戏人生如戏,Huawei Mate 60 Pro,,[],[],这不是歧路旅人吗😮,,,
722621,风之痕迹,42524194,2024-09-24 10:42:17,5,330617951,云颠,Huawei Mate 60 Pro,,[],[],很期待游戏，在抖音上看到别人直播，感觉好喜欢这个游戏啊,,,
722621,风之痕迹,42523175,2024-09-24 08:36:31,4,108529372,深渊,红魔9S Pro+,,[],[],卖相看着不错,,,
722621,风之痕迹,42523150,2024-09-24 08:34:19,3,464182272,里尘,Redmi K60,,[],[],廉价的立绘和Ui成了最短板，不改必死，立言为证。,,,1.0
722621,风之痕迹,42522007,2024-09-24 06:18:13,3,586611761,不会起名,Vivo S17 Pro,,[],[],这么像艾诺迪亚啊？,2.0,1.0,
722621,风之痕迹,42521601,2024-09-24 05:29:35,2,121240358,User121240358,Android 设备,,[],[],"两星给画风，剩下的玩法之类的保持怀疑态度
画风看着是不错但是我个人更注重操作性还有玩法，再就是剧情，剧情也要好。
如果抽卡的话还算可以接受，但是真的不想玩那种每天一玩游戏就一股子的上班的感觉，要知道我是来玩游戏的！不是让游戏来玩我的！
但是呢，说什么横屏竖屏切换我觉得就是一坨，至少游戏竖屏的💩是真的多，而且这游戏说是横竖屏切换的，我都不敢想象正式版出了之后评分会有多低！我可以确定的是与其搞这什么横竖屏切换还不如仔细搞搞游戏玩法怎么让游戏好玩
还有就是这游戏现在评分这么高官方是花了多少钱的？就凭画风博来的高评分？如果只是因为画风才评这么高的分那瞎子还真的多
还有一句话，希望官方是真的来做游戏的。",9.0,18.0,3.0
722621,风之痕迹,42520686,2024-09-24 03:51:22,5,1960840,宇宙之花,一加 Ace 2 pro,,[],[],竖屏，武器构筑，多人共斗，看起来很好玩的样子。,,,
722621,风之痕迹,42520492,2024-09-24 03:33:12,5,403331203,esvw1346,Vivo V2148A,,[],[],国内居然有人做这种游戏，看ui和玩法至少不会是抄袭游戏，加油,,,
722621,风之痕迹,42520234,2024-09-24 03:10:22,5,13132681,ヾ折 喵,Xiaomi Redmi K60 Ultra,,[],[],2.5D我的爱,,,
722621,风之痕迹,42520007,2024-09-24 02:50:06,5,58151014,西瓜弈秋啊～,OPPO PFTM20,,[],[],我想问和《八方旅人》有何区别😅😅,,,
722621,风之痕迹,42519832,2024-09-24 02:31:34,4,410581634,极端的颜色,Vivo IQOO Neo7竞速版,,[],[],不错，画风和玩法都很吸引我，就看公测的时候行不行了,,,
722621,风之痕迹,42519557,2024-09-24 01:56:48,5,479534764,云中的猫,Android 设备,,[],[],高质量的像素风，狠狠期待一波。,,,
722621,风之痕迹,42519484,2024-09-24 01:46:46,4,37808024,三晴,Nubia NX721J,,[],[],咋老整2d像素风啊,,,
722621,风之痕迹,42519283,2024-09-24 01:12:14,3,68050234,雷斯林,华为平板 M6,,[],[],国产八方，不知道能否玩出点新名堂😁,,1.0,
722621,风之痕迹,42519094,2024-09-24 00:25:22,3,48897575,天久鈴,Android 设备,,[],[],开服多送几个jgj,,1.0,
722621,风之痕迹,42518014,2024-09-23 16:52:40,4,56548467,龙侠,Vivo V1938A,,[],[],114种武器 514种搭配……😂,,3.0,
722621,风之痕迹,42517469,2024-09-23 15:37:35,4,19836634,风华绝代浩哥哥,Realme GT Neo2 5G,,[],[],看着怎么这么像八方旅人  期待一下,,,
722621,风之痕迹,42517312,2024-09-23 15:20:50,5,510613093,康复平安,三星Galaxy F52 5G,,[],[],很期待，尤其是听了视频里的音乐，太酷了，游戏如果是买断制也可以，买断制公平点，希望早日推出。我真的太期待了,,6.0,
722621,风之痕迹,42517284,2024-09-23 15:18:22,5,342964959,NANA·NOKA,Vivo IQOO Neo9,,[],[],"像素的异世界题材是不错的，如果是买断制，那就更好了，因为可以用更久的时间打磨剧情，还有一些细节，人物之类的，唯一就是剧情讲究水平要高一点，不论是偏黑暗人性题材还是龙傲天。
龙傲天偏代入感，让人觉得这就是“我们”，而非上帝视角被迫去观察，去操控，去模拟这一系列的事件，甚至做选项的回答也是，做选项的回答使人有更强的代入感，因为它能决定剧情的走向是好是坏，，而不是固定的路线，如果固定了（如果写得很好就另当别论），那就会导致剧情会被玩家一直跳过，因为后面的走向玩家都能猜到了，没有意思也没代入感，只剩下数值的打打杀杀，导致游戏终结，差评一大堆。比如决定角色本身是什么性格，根据选项的不同，也会改变角色不同的性格，是友善还是冷酷，都可以，就好比我们自己，如果面前有一位白毛兽耳少女等着被你拯救，是救还是不救，如果将其拯救，好的结局，说不定能进入后宫团之类的，成为你的助力，但也可能在某一天背叛你因为不得已，这时又会根据剧情走向出选项，是将她处决生不如死还是原谅，如果刚开始没有救她，在后面的剧情说不定能在某个地方看到她冰冷的尸体，又或者她会成为反派的一方，与你对立，会质问你“这个伪善者”。有了这些剧情会舒服很多，既不是让人烦躁的圣母，也不是从头杀到尾的杀戮狂，是一个拥有了自我的中立的人。
如果是偏黑暗一点的就更好写了，剧情就比较固定了，杀或不杀，现实比梦里更魔幻，随机一个支线任务，一个天真的小女孩闯进了一个屋子，屋子里看到了一个奄奄一息浑身是血的人，小女孩很有善心，就一直帮那个人，时间久了，那个人跟她说做个交易，因为羡慕她那健康的身体想与其互相交换一天，结果那个人交换完身体瞬间反水，没错，《魔女之家》，可以将其改编完成那未满的愿望，这时候主角就可以来了，剧情可以写为“虚无缥缈的拯救”。像素RPG也是部分游戏的起源，也有人说瑟瑟的尽头就是像素，这些话不无道理的
我也是第一次写这种长评论，有很多东西也不是评论得很好，只是表达一个观点，因为我自己比较喜欢这种游戏，很喜欢异世界风格像素rpg类型，但并不是那种标准的勇者斗恶龙的标准剧情，我比较喜欢那种偏黑暗人性一些，黑中带点假龙傲天，这种情况下才能产出更好的自我，说白了就是有更强的代入感可以让现实的疲惫与无力感忘在后脑勺 。
最后还是想问一句，游戏是买断制吗，如果不是，那剧情，玩法，和氪金方向是怎样的？
",17.0,106.0,13.0
722621,风之痕迹,42517249,2024-09-23 15:13:47,5,5615368,大白小白都是白,Android 设备,,[],[],希望国产2D-HD能胜过霸者吧 switch上那两部就不说了 联机玩法也让人眼前一亮 加油加油😁,,9.0,
722621,风之痕迹,42517172,2024-09-23 15:04:59,5,676947952,单纯的动作大神,iPhone 12,,[],[],预约关注关注一下 ,,,
722621,风之痕迹,42517152,2024-09-23 15:02:54,4,7358310,◡̈,Android 设备,,[],[],这这这难道是50一方？,,,
722621,风之痕迹,42516824,2024-09-23 14:29:14,4,17157022,手机用户17157022,小米Xiaomi 14,,[],[],游戏能改名叫暗之痕迹吗，让我们蛤也爽一爽,,,
722621,风之痕迹,42516745,2024-09-23 14:22:01,3,37285771,一滴の影響,魅族20 Pro,,[],[],希望明年公测,,,
722621,风之痕迹,42516614,2024-09-23 14:08:45,5,16473671,您今天要来点咸鱼嘛,Realme GT5 Pro,,[],[],这种画风开起来还挺不错的，期待一波,,,
722621,风之痕迹,42516452,2024-09-23 13:52:40,5,4251820,羯瞳MAX,Nubia Red Magic 8 Pro,,[],[],超期待！画风真的很不错，快点端上来吧，我要氪金😋😋😋,,,
722621,风之痕迹,42516168,2024-09-23 13:22:04,5,5879073,乌裃,iQOO Neo 5,,[],[],看着很有沉浸感，希望能在其中体验别样的异世之旅。,,1.0,
722621,风之痕迹,42515883,2024-09-23 12:46:25,3,535776922,321321,Vivo IQOO Z6x,,[],[],回合制吗？不爱玩,,,
722621,风之痕迹,42515822,2024-09-23 12:39:33,5,551517060,带带大军师,小米Xiaomi 14 Pro,,[],[],中国人自己的gbf，加油做，干掉cy,,2.0,
722621,风之痕迹,42515784,2024-09-23 12:33:33,3,17506278,宝示禾口,红米 K40S,,[],[],这是网游还是单机？,,,
722621,风之痕迹,42515372,2024-09-23 11:44:32,5,10392959,关罗君,Honor 90 Pro,,[],[],这画风看起来和艾诺迪亚系列挺像,,,
722621,风之痕迹,42515162,2024-09-23 11:19:01,5,423537701,森林,Realme真我GT Neo2T,,[],[],啥时候上啊，问下,,,
722621,风之痕迹,42515104,2024-09-23 11:10:47,3,57057477,手机用户57057477,Honor Play 6T,,[],[],有好敢系统吗？,,,
722621,风之痕迹,42515054,2024-09-23 11:05:22,5,640383351,666,华硕ROG Phone 6 Series,,[],[],看上去不错，像歧路旅人，期待一手，希望是买断制,,1.0,
722621,风之痕迹,42514957,2024-09-23 10:54:03,5,74716822,ANNA9⁵,小米 Redmi Note 9 5G,,[],[],看起来蛮有意思的，画风也很顺眼，插个眼先😚话说图集，怎么哪里都有homo啊（恼）,,10.0,
722621,风之痕迹,42514895,2024-09-23 10:46:16,5,489381369,武田晴海,Redmi K60,,[],[],hd2d，jrpg！音乐好好听，看着画面比歧路旅人手游更胜一筹！快点端上来吧,,,
722621,风之痕迹,42514820,2024-09-23 10:35:10,3,190182,闪,小米Mi 11 Ultra,,[],[],没战斗画面真不好评价,,,
722621,风之痕迹,42514232,2024-09-23 09:16:03,5,16258787,广翼云,华为ABR-AL90,,[],[],非常期待，希望能早点玩到成品！,,,
722621,风之痕迹,42514142,2024-09-23 09:03:29,4,443903668,河鬼很懒,Realme真我GT6,,[],[],首先竖屏游戏吸引到我，多人联机感觉可以交到朋友，希望可以有独特的战斗设计，不是只拼数值一人带飞的，希望侧重点在社交方面。,1.0,4.0,
722621,风之痕迹,42514100,2024-09-23 08:55:23,5,7932123,芝士- ( ゜- ゜)つロ,Huawei Mate 50,,[],[],希望是能成为gbf竞品，团友还都挺期待的，希望能猎金到时候和团长一起转战了,,6.0,
722621,风之痕迹,42513980,2024-09-23 08:40:44,5,376746,哔啵,iPad (8th generation),,[],[],什么时候上线什么时候上线！,,,
722621,风之痕迹,42513952,2024-09-23 08:37:48,5,58137348,手机用户58137348,Huawei Mate 30E Pro 5G,,[],[],画面，玩法看起来都不错，希望早点上，不知道肝不肝,,,
722621,风之痕迹,42513914,2024-09-23 08:32:46,5,119257529,猫立杀,联想Legion Tab,,[],[],期待，好看，必玩,,,
722621,风之痕迹,42513879,2024-09-23 08:29:33,3,365857555,雨 木,Android 设备,,[],[],是买断制游戏吗？,,,
722621,风之痕迹,42513874,2024-09-23 08:29:01,5,16197328,爪子,小米Xiaomi 12S Pro,,[],[],看画风非常期待! 希望别搞隔壁铃兰之剑的门内门外+抽卡那一套!,,,
722621,风之痕迹,42513713,2024-09-23 08:08:20,5,8839826,可颂,Android 设备,,[],[],像素风YYDS！狠狠期待！希望玩法能丰富一些，肝度不要太高，尽快把测试服端上来吧！等不及了！,,5.0,
722621,风之痕迹,42513662,2024-09-23 08:00:00,5,35799125,咲,小米24069RA21C,,[],[],画风看起来很棒啊，像素也很喜欢，期待求别似。😍,,,
722621,风之痕迹,42513543,2024-09-23 07:42:55,5,501139694,yimanke,Redmi K50,,[],[],一直在等一款手机上的像素rpg，不要做出八方那样的抽卡包五星的,,,
722621,风之痕迹,42513541,2024-09-23 07:42:35,5,1388633,旑奇夨亦,OnePlus Ace 2,,[],[],希望是买断制游戏，不然就是浪费这画风,,,
722621,风之痕迹,42513494,2024-09-23 07:37:17,5,26469637,白的夜是黑,Honor 30S,,[],[],就冲这画风，名字都感觉得劲,,,
722621,风之痕迹,42513458,2024-09-23 07:32:06,4,31437079,肖申克的救鼠,Redmi K60,,[],[],这个画风我很喜欢！！！期待！,,,
722621,风之痕迹,42513398,2024-09-23 07:25:08,5,511088452,尼德霍格,华为 Mate40,,[],[],看着pv画面，音乐都感觉非常好，期待(*^o^*)期待！！希望能玩到让人眼前一亮的好游戏，制作组加油加油！！！,,6.0,
722621,风之痕迹,42513352,2024-09-23 07:19:27,4,65114069,玉藻玉藻,Vivo IQOO Neo8 Pro,,[],[],看着好像还不错，等一手测试怎么说,,,1.0
722621,风之痕迹,42513286,2024-09-23 07:11:49,5,5304819,sans,Realme真我GT2大师探索版,,[],[],喜欢到极啊~期待一下,,,
722621,风之痕迹,42513232,2024-09-23 07:05:16,5,24208071,流量了,魅族20 Pro,,[],[],作为up的老粉，一直关注着up的作品，新作希望超越八方的手游好吧，这画面，和配乐，梦回我高中玩八分的时候,1.0,5.0,
722621,风之痕迹,42513212,2024-09-23 07:02:37,5,410493,那时花海底,小米Xiaomi 14 Ultra,,[],[],像素风就是最好的😭😭,,1.0,
722621,风之痕迹,42513209,2024-09-23 07:02:31,5,384073949,林星,Realme真我GT 2 Pro,,[],[],看上去有点像艾诺迪亚,,,
722621,风之痕迹,42513147,2024-09-23 06:53:02,3,9967959,再睡五分钟,Android 设备,,[],[],乍一看还以为是八方旅人,,,
722621,风之痕迹,42513106,2024-09-23 06:47:45,5,360221299,流泪猫猫头,荣耀 50,,[],[],怎么还不开测，感觉身上有小福在爬！,,2.0,
722621,风之痕迹,42513090,2024-09-23 06:45:33,5,9783012,天灾,Vivo IQOO 11,,[],[],风游能掉坏兽小精灵吗😡,,,
722621,风之痕迹,42513040,2024-09-23 06:39:35,5,209756,冬马和纱ToumaKazusa,iPhone 13 Pro,,[],[],能玩。,,,
722621,风之痕迹,42513006,2024-09-23 06:34:40,5,18787715,明天,Android 设备,,[],[],希望能成为gbf有力的竞品~,,,
722621,风之痕迹,42512886,2024-09-23 06:17:30,5,70312597,ame,Web 官网,,[],[],期待，希望游戏在立绘不要省，重生之我再风之痕迹坐牢,1.0,1.0,
722621,风之痕迹,42512832,2024-09-23 06:08:15,5,5676674,User5676674,Redmi K60,,[],[],你们这游戏暗属强吗，暗属性全是女角色吗。有男不玩哦😡,2.0,,
722621,风之痕迹,42512830,2024-09-23 06:07:34,5,122632802,呆呆,华为 Mate40 Pro,,[],[],是我看了预约榜里，除了异环第二期待的游戏了，画面确实精美，如果有好的剧情和音乐会更好！,,13.0,
722621,风之痕迹,42512811,2024-09-23 06:06:20,4,631615056,工匠卿,Redmi Note 11T Pro,,[],[],观望，我个人是非常喜欢八方旅人系列的，但很多人不知道，八方系列制作费用是很高的，美术，音乐等等，所以比较担心国产是否能拿得出可以接受的质量,,12.0,
722621,风之痕迹,42512783,2024-09-23 06:01:14,5,38445911,江帅笔,三星Galaxy S24,,[],[],期待一手，看图片还是非常喜欢的,,,
722621,风之痕迹,42512704,2024-09-23 05:49:25,4,693303,零℃,红米 K70,,[],[],看画风和美术很合口味，期待一下希望是好游戏！,,,
722621,风之痕迹,42512580,2024-09-23 05:30:29,2,55703027,手机用户55703027,Vivo IQOO Z8,,[],[],二次元的八方旅人是吧,1.0,6.0,3.0
722621,风之痕迹,42512504,2024-09-23 05:22:18,3,110527678,User110527678,Android 设备,,[],[],"三星观望
类似八方旅人么？",,2.0,
722621,风之痕迹,42512435,2024-09-23 05:12:45,5,329054572,飒然,vivo Z3,,[],[],就冲这画风就冲这宣传图就冲这首歌，我就必须预约，真的一一眼看起我就知道这个游戏特别适合我，我特别喜欢玩那种像素类的游戏,2.0,13.0,1.0
722621,风之痕迹,42512275,2024-09-23 04:50:22,5,557934362,星夜,Vivo Y53t,,[],[],这不是八方旅人？,,2.0,
722621,风之痕迹,42512196,2024-09-23 04:40:05,5,4736266,┾断┡ē誸,Vivo X100,,[],[],什么时候上线？,,3.0,
722621,风之痕迹,42512130,2024-09-23 04:28:37,5,8801633,睡水,三星Galaxy S10,,[],[],"主要是市面上已经有竞品八方的手游了，肯定会让人对比的，希望能好好做，起码hd-2d应该做到八方2的水平，吊打一下大霸！
",1.0,36.0,
722621,风之痕迹,42512075,2024-09-23 04:21:12,4,2840402,Heavyrain,华为 Mate40 Pro,,[],[],期待一个，画风喜欢,,,
722621,风之痕迹,42512072,2024-09-23 04:20:43,5,6277129,无尽邪恶,Android 设备,,[],[],看着好像是回合制，不爱玩,2.0,,
722621,风之痕迹,42512046,2024-09-23 04:17:01,5,302449,丝瓜,红魔9S Pro+,,[],[],看宣传无敌了😻炒鸡期待,,,
722621,风之痕迹,42511872,2024-09-23 03:50:59,4,6522070,水色空蒙,Vivo IQOO Z9,,[],[],mark一下，像素风不在我的好球区，不过也能接受，看后续立绘和玩法情况吧，但是看绘制风格像gbf，而游戏色调像影之诗？感觉偏暗，更希望是那种明快的色调😢😢,3.0,9.0,2.0
722621,风之痕迹,42511818,2024-09-23 03:43:26,5,367178382,墨染,Oppo A36,,[],[],我了个豆，9.9你们都打出这么高的评分了，我也来个五星,,2.0,
722621,风之痕迹,42511790,2024-09-23 03:39:53,4,24746100,伊阡,红米 K40S,,[],[],慕名而来，先观望一下看看能不能做成好的国产gbf,,,
722621,风之痕迹,42511672,2024-09-23 03:25:38,5,602709756,飒爽的大将,iPhone XS Max,,[],[],我们中国要有自己的碧蓝幻想,,8.0,
722621,风之痕迹,42511378,2024-09-23 02:47:30,5,21788958,丶The waiting,Nubia Red Magic 8 Pro,,[],[],什么时候上线呢🙏🙏🙏🙏,1.0,4.0,
722621,风之痕迹,42511215,2024-09-23 02:25:50,5,40696914,没有甜味的可乐,Web 官网,,[],[],这类风格的游戏真是太爱了，没法说,,4.0,
722621,风之痕迹,42511130,2024-09-23 02:15:00,5,2710519,晴空有阴,Redmi K50 Ultra,,[],[],看上去不错。有没有海外版先玩玩,1.0,3.0,
