app_id,app_title,review_id,review_publish_time,review_score,review_author_user_id,review_author_user_name,device,review_played_spent,up_rating_aspects,down_rating_aspects,review_content_raw_text,comments,review_up_votes,review_down_votes
378321,绯色回响,46466077,2025-09-27 15:29:04,2,738981337,啊？,Android 设备,,['visual_music'],"['gameplay', 'operation']","b服玩家（和官服一样的服务器，同区不同登录渠道），所以这边没时长。
目前160级，9亿多战力，打不是满配阵容的，越战打赢18亿都有过几次。区一公会，战区一联盟，勉强算进入深度玩家行列了吧
一句话，氪金滚服游戏。所有的活动、玩法都是为了pvp服务，吸引玩家氪金，pvp打赢别人。
氪度对pvp影响巨大，角色、武器、道具、宠物的更新迭代速度很快。
一个月，3角色和专武，1道具，1宠物，基本上后出都比新出强（偶尔持平，也就是不起决定性影响那种），缺了新的，就打不过差不多配置，但是有新的人、武、宠的玩家
零氪微氪玩家，就是去成为满氪高氪中氪的游戏体验的。。",,1.0,
378321,绯色回响,46461531,2025-09-27 06:40:04,5,511980602,洪日恒,华为P20,,[],[],账号能找回吗？,,,
378321,绯色回响,45231977,2025-06-09 13:08:37,4,612488474,菜得多练,Android 设备,,"['gameplay', 'visual_music']",['operation'],"当副游整挺好，就是12:00刷新服务器有点不符合我的登录习惯（有时候日常做一半就刷新了）其它的还不错，除了效能的显示。一千二百万效能几回合把一千八百万效能的玩家（确定）秒了，等级比我高一点但UR星数太平均了，5个2星一个三星打不过我三个四星。战力显示注意一下吧。这条评论是昨天写的，今天被我遇到bug了，原因：打完活动的每日挑战后持续显示加载中（不止一次这样），点击“取消”后重进就发生了奇怪的一幕（显示我什么玩法都没解锁，每日十连也一样）虽然不影响什么体验，但还是得修复一下吧，这样游戏才能蒸蒸日上嘛。
我去你的！我老玩家心寒了",,1.0,
378321,绯色回响,46456690,2025-09-26 17:36:57,3,373183710,夏.慕瑾,一加 Ace 2 pro,,[],[],讲真，立绘好看归好看，整体游戏体验很一般，新手没有资源，只能一直玩到了后面才会玩的爽，神器的概率也很感人，爆率特别低，同类型的手游，三幻要比绯红神约好得多，不知道现在的新手福利改没改，我当时新手玩的就很难受,,,
378321,绯色回响,46454873,2025-09-26 14:01:43,3,582907454,星の光,OPPO Reno12,,"['gameplay', 'visual_music']",['operation'],"🃏抽卡体验：
现在还不错 小保底60大堡底120

🔖运营服务：
💩💩💩💩

💎资源获取：
新手还行

🎮可玩性：
还行",,,
378321,绯色回响,46454415,2025-09-26 13:16:50,1,6130418,被风吹过,Android 设备,,[],"['operation', 'visual_music', 'gameplay']",不能说好，只能说是一坨玩了一年存的钻石，5万多钻石和300抽结果，抽不出来一个限定卡池梅尔满命不说还拉了一坨大的本来就是保底60抽才出来一个限定角色梅尔了，然后你还能再抽保底就歪一个SSR角色，而且还不是一次而是一直都是这样到最后这个限定角色也就只升到了4星，真是服了，我只能说能做出来这种事的也不愧是你了绯色回响。。,,,
378321,绯色回响,46410582,2025-09-21 08:18:32,5,6412002,猎魂:,红魔9S Pro+,,"['gameplay', 'operation', 'visual_music']",[],我去最欧的卡池😁，爽了爱你官方,,7.0,
378321,绯色回响,46446360,2025-09-25 18:02:49,1,517008066,欧阳小枫,荣耀畅玩 20,,[],[],优点：布料便多了一些，不过总比什么都看不见强，刚开服的时候2万点卷，而且所有抽奖池，都是40到50抽必出奖池色，角色的原皮啊，皮肤啊，都很好看，没有画蛇添足……缺点：现在2万个点卷，一个uR角色奖池里面都抽不出来一个，麻烦你们把抽奖系统改回去，为什么要砍到大动脉上，你就像你刚出来的时候讲规则呀，模型什么的像这样参考，来只有放弃了，而且还没有回归礼包，以前你是什么号就是什么号？我去玩魂器学院去了，真的，你们这种连那种游戏都不如，这么好的游戏被你毁到手里面，,,,
378321,绯色回响,46430491,2025-09-24 03:03:11,1,19672794,回忆无情,Vivo V2156A,,[],[],游族游戏 滚服命座 石块 数值膨胀看到赶紧跑了吧 打五星的水军多买点 6.0还不到,,,
378321,绯色回响,46408013,2025-09-21 02:51:49,5,9161312,手机用户9161312,iPhone 16 Pro,,[],[],想花500买个号，有没推荐的,,,
378321,绯色回响,46383546,2025-09-18 03:00:51,5,608448445,榆,iPhone 14,,[],[],撞大运啦,,,
378321,绯色回响,46370278,2025-09-16 08:13:54,1,450510292,轩,一加 Ace 2 pro,15000.0,['visual_music'],"['gameplay', 'operation']",我15万全员SSR，干不过一个5000的，三个SR两个SSR，这游戏真是难崩,,1.0,
378321,绯色回响,46360306,2025-09-14 17:15:13,1,319971064,玛卡巴卡,Android 设备,,[],"['gameplay', 'operation', 'visual_music']","这游戏一言难尽，主线给的石头（抽卡的东西）越往后越少，还踏马吞我首冲双倍，活动显示已领取的角色到仓库一看还没解锁，
",1.0,1.0,
378321,绯色回响,46363961,2025-09-15 09:08:54,1,696065699,北璃初,Android 设备,,[],[],对这种进游戏超长时间的强制引导真的很烦……我只想企图打开游戏设置把声音关掉，结果根本不让点，一直强制引导到抓狂……大招动画好丑，古早动漫画风，跟立绘完全两个画风，割裂感拉满,,1.0,
378321,绯色回响,46342520,2025-09-12 17:34:20,3,721996152,墨染,华为MIA-AL00,,[],[],"时装卷换不了
",,1.0,
378321,绯色回响,46351872,2025-09-13 17:16:36,5,103502388,亭.,HONOR ALT-AN00,,"['gameplay', 'operation', 'visual_music']",[],"💎资源获取：
还可以

🎮可玩性：
有点单一

🃏抽卡体验：
可以

✍🏻建议：
多送资源，多送好看的皮肤

建模：
很好看，特别喜欢😍

✍🏻建议：一定要多送皮肤，充钱的好看是好看，但是买不起，做任务送就很好了",,,
378321,绯色回响,46338776,2025-09-12 09:22:22,4,549869997,无铭,Vivo V2002A,,"['operation', 'visual_music', 'gameplay']",[],个人觉得氪到是不氪大部分得UR都是可以抽出来的，肝的话只能说40级之前不是很肝之后就比较肝了各种升级材料，还是比较值得入坑的,,,
378321,绯色回响,46122541,2025-08-21 02:35:54,1,388892239,弈,Redmi K60 Pro,179340.0,[],"['visual_music', 'gameplay', 'operation']","总体评价：又肝又氪的滚服游戏，只能说不愧是游族
💎资源获取：
这一块还是太权威了。前期玩的是挺爽的，就是说开服送充值优惠券素在？好了这个先不提。等新手期爽完了，好不容易能有好几个活动来拿资源，等着吧，跨服来咯。战力活动全跨服，被老服当🐶打，奖励拿不满不说还一肚子憋屈。拿死海举例吧，我们还在六七十万落地的时候人家老服的大哥落地三百万堵复活点，有什么办法呢，滚服游戏就是这样的，只不过游族做的离💩更近吧。还有最近一次大更新资源背刺的问题，开服第一天的全勤比后入坑的少了两个免费UR，还有主线奖励，七日签到奖励全部改的面目全非啊。前几天游族发邮件说会补，后面问客服又说不发，是什么意思呢。
☄️成长体验：
还是那句话，前期很舒服。当过了前面几章主线拿了一点资源以后就开始卡等级了。两级三级的卡。到中期（55级+），要一个星期才能堪堪过三章主线，拿到整整三抽，太多了吧～养成也是滚服那几样，角色星级武器星级装备星级魔女宠物助战古物家具等等等等，每一个都是养成点，懒得说了，下一个。
🃏抽卡体验：
角色池子概率还能接受，武器池子那个说是80%概率中其实也没那么高，抽忘忧专武连歪两个能超越吗。常驻自定更是连歪三个保底吃满（武器up池没有大保底机制），这点很💩。
🔖运营服务：
大便中的大便。在第一点已经提到过了。还有客服的冷处理态度，扯皮条，或者演都不演直接明说。背刺事件客服的回答是“我们游戏就是这样子的，福利改动是很正常的，请多多关注游戏公告呢”笑死，公告根本没提会改福利这档子事。每天定时弹出的每日礼包诱导消费也是有水平。没的说，这个游戏的运营就是大便中的大便。
🎮可玩性：
玩法挺多，但是都很无聊。回合制放置游戏的玩法就是战力，其他玩法只能说形同虚设，都是为战力设计。
🌃画面音乐：
个人比较喜欢这类画风，音乐仁者见仁智者见智吧，我觉得很一般。
可能这个游戏最值得我留恋的就是公会系统了吧，在里面也交到了朋友，也在一起玩别的游戏，这点确实不错。在公屏有什么不会的问大家，也都会给你回答，没搞懂的还能几乎手把手教你解决，这个环境很好。但是得注意分清，群众里有坏人。懂得都懂吧。
✍🏻建议：
ch做个人吧。
2025.9.11
其实昨天就退游了，但是我还是要回来吐槽
80抽保底的源质兽没有大保底！武器池30抽没大保底就算了，这东西80抽啊！三连歪直接破防退游及时止损。
再提一嘴前哨行动这个活动吧，把新区和前面几亿战力的老区匹在一起是要干嘛",2.0,8.0,2.0
378321,绯色回响,46329118,2025-09-11 02:39:25,5,452076466,老邓,Honor Play7T,464460.0,['gameplay'],[],某些资源获取的途径有点少啊。能不能多出点获得钻石的活动，我好抽角色。永恒契约里面也没什么能兑换的了，想兑换的一个海拉没有了，我还肝到了50级，好感度,,,
378321,绯色回响,46318911,2025-09-09 16:19:29,1,483471653,听、花落,HONOR JDY-AN00,,[],[],一颗星都不想给充值界面说的是首充双倍返还我充了一个6元却只给了60剩下的60个邮件里面也没有，根本就不知道跑哪去了。,,,
378321,绯色回响,46317493,2025-09-09 13:04:27,5,577778805,二蛋,Vivo X80,36240.0,"['gameplay', 'operation', 'visual_music']",[],"这个游戏可以建议大家都玩，以后还出中文就能听到人物说的啥了


",,,
378321,绯色回响,46296551,2025-09-06 17:33:10,5,625564984,无语的柠檬,Android 设备,18420.0,"['gameplay', 'operation', 'visual_music']",[],16+，美术确实不错，XP直接冲,,,
378321,绯色回响,46293159,2025-09-06 10:26:42,1,634386453,星云月,OPPO Reno7中国版,1500.0,[],[],真服了，抽卡给我卡bug。抽到SSR角色共呜者根本看不见。,,,
378321,绯色回响,46290784,2025-09-06 05:57:56,1,738847562,エロ焼餅先生,华为MRT-AL10,360.0,['visual_music'],['gameplay'],额我才玩了两天啊但是本身是冲着立绘皮肤去的(说白了就是XP党找副游玩)，可玩性不高感觉纯数值啊没有好角色玩不下去，开始就被资本做局了氪了一点获得一个ur玩起来是爽但是渐渐发现好多都要钱，个人感觉玩不太下去了又舍不得退毕竟花钱了，有没有大佬能解惑啊，我该怎么办😭😭😭,2.0,1.0,
378321,绯色回响,46284779,2025-09-05 12:40:56,1,24535971,桃子,Realme GT5 Pro,,['visual_music'],"['gameplay', 'operation']","觉得这个游戏好玩的，说实话全都是神人，除了立绘，没有一点是像人的，战力到后面直接崩了，我1.25亿战力打不赢5000多万的战力，只要有钱在这个游戏横着走，现在坚持玩这个游戏的原因就是为了收集角色还玩了这么久，这游戏玩的后面剧情也没有，每天上号就是为了做做任务，攒攒钻石，等他出新奖池，不充钱的别玩这游戏，除非你只是单纯立绘会好看的话
",2.0,2.0,
378321,绯色回响,46271527,2025-09-04 02:27:51,3,713332478,挺好独居,OPPO Reno10 Pro 5G,,[],[],"游戏太多槽点，就挑几个说说吧。
首先是抽卡ur或者其他类型的保底的歪点，这个坑会劝退至少百分三分之一玩家，好不容易抽到保底结果歪了，真是爽歪歪。这点要是不改我干嘛要充钱去搞这些不确定性太高的坑。
皮肤一类一言难尽，没有充钱欲望 而且当期活动过后立马就可以用皮肤卷买，完全不用浪费钱，制作组完全戳不到玩家XP，游戏才半死不活，看看同样的二游碧蓝航线（开服玩家氪金到现在至少三万），本人对于碧蓝航线皮肤完全没抵抗力，特别是现在越来越懂玩家，每期皮肤一出就感觉钱包遭不住的感觉。（多个角色皮肤任选，过活动只能等复刻，不像本游一样过期直接白送没区别）
近期魔女，过图卡显示浪费玩家时间，这点也是毒，二游玩的本来就是消磨时间，但是绯色回响完全浪费时间的图还有活动太多，各种模式槽点满满，太浪费时间了，让人厌烦。不过有个一键完成每日各种杂活的模式很不错，后期希望把各种模式加入进去节约时间。
充值模式，完全没充值欲望，充值648元才获得6480钻石外加其他东西，完全没有性价比，其他礼包也是各种槽点，你就给那么点东西要我氪648我肯定懒得充钱了（各种活动平均获得1500-2000钻石）。钻石比例上完全不需要，毕竟咸鱼玩家没必要充钱也没充钱欲望。
至于其他杂七杂八的就懒得说了，后期不更改游戏凉凉只是早晚的事，不是因为收益过低破产就是弃坑人数太多游戏凉凉。
",,,1.0
378321,绯色回响,46241967,2025-08-31 04:51:34,4,366162743,？,Vivo IQOO Z9,,"['gameplay', 'visual_music']",[],整体上来说还挺好的，但有些角色的身材比例严重失衡，建议可以改一下,,,
378321,绯色回响,46232807,2025-08-30 07:14:29,4,703902397,爱冒险的小黄人,华为Nova 4,,[],[],"个人感觉其实还可以，不去打PVP的，只把这个当个休闲游戏玩其实挺轻松的。
优点：1.游戏中人物的立绘还是挺好看的。
2.游戏福利挺多的，一张小月卡的情况下新角色基本都能拿下（欧一点不用月卡也都能拿下）
缺点：1.新角色基本不会复刻要么一次性抽满要么只抽0+0
2.游戏出新角色的速度太快了一般两周一个新角色，有时一周就两个角色更新换代的速度太快了
3.太氪了，氪得多的战力就几千万到上亿，你不氪基本打不了PVP只能被其他氪佬薄纱
4.游戏里等级卡得非常严重，到50级之后想要升一级要肝个4、5天。而且要想解锁游戏全部内容至少要到70级
综合来说把它当个休闲游戏玩一玩还不错，如果想玩得厉害对于氪度要求很高",,,
378321,绯色回响,46229094,2025-08-30 01:09:06,3,418794514,海棠有信,OPPO K12 5G,,"['gameplay', 'operation', 'visual_music']",[],在未出ssr或ur角色情况下抽46抽不显示up池累抽,,,
378321,绯色回响,46226683,2025-08-29 16:08:58,3,56590880,凯牙,OPPO Reno Ace,,"['visual_music', 'gameplay']",['operation'],关于奖励领取那里真的挺不解的，多弄几个一键领取会死吗？一个一个的点击领取真的很浪费生命啊。,,,
378321,绯色回响,46224494,2025-08-29 13:05:12,2,738137206,、，，,Vivo Y300i,,[],[],问问大佬们为什么会变成这样？换了几个软件，下也是这样😭,,,
378321,绯色回响,46223762,2025-08-29 12:20:49,3,730502906,望余雪,Incar P600,28680.0,"['operation', 'visual_music', 'gameplay']",[],"

☄️成长体验：进游戏之后是Q版的小人。特效的话，虽然说特别好看，但最起码不丑。还是不错的。

🃏抽卡体验：
抽卡体验，不知道别人怎么样，反正我的就是一坨。基本上就在一直歪。好像小保底就没中过。我目前抽三个up。已经歪了两个常驻了。第三个现在还在攒，两个up都是快吃满保底了，还差几抽。有点痛苦。如果是肝帝的话还是挺好拿的这个。里面的资源还是挺好拿的，基本上平时做做活动就行。",,1.0,1.0
378321,绯色回响,46218217,2025-08-29 05:30:54,1,736468433,星雨,Android 设备,,"['gameplay', 'visual_music']",['operation'],刚开服22天的老区，首充还是送老ssr。新区都是ur伊童。,,,
378321,绯色回响,46186543,2025-08-26 16:45:39,1,676395945,ASL,Android 设备,,[],"['gameplay', 'operation', 'visual_music']",爆率不高，别玩，坑的很，高战打不过低战，能给人气活,,1.0,
378321,绯色回响,46184082,2025-08-26 12:39:28,5,534241530,林,小米23076RA4BC,,"['visual_music', 'gameplay', 'operation']",[],"福利还行就是抽卡让我最气没有欧过
",,,
378321,绯色回响,46176496,2025-08-25 17:20:20,1,506881689,尘土,iPhone 16,,[],[],那么多人补发了九兵卫，为什么我邮件里没看到,,1.0,
378321,绯色回响,46180477,2025-08-26 06:18:53,1,362001947,123哦哦,Android 设备,20220.0,[],"['gameplay', 'operation']",你这复活了，还不如不复活呢，冲了30块钱，结果发现也玩不下去，一个章节才一抽，这么想钱想疯了，这还怎么玩？你告诉我，策划，真想赚钱，你还不如出0.1折游戏去呢。不建议微氪和零氪玩家玩这个,,2.0,
378321,绯色回响,46176350,2025-08-25 16:59:21,5,73997064,User73997064,华为 Pura 70 Pro+,8100.0,[],[],那个盛夏共鸣者该选哪个啊，有大佬推荐一下吗😕,,,
378321,绯色回响,46174367,2025-08-25 13:29:23,1,52821689,成宝,Android 设备,200760.0,['visual_music'],"['gameplay', 'operation']",游戏懂得都懂，你要想玩什么策略的就可以过了，服务不行，一副你没有就活该的态度😅,,1.0,
378321,绯色回响,46168516,2025-08-25 02:21:41,5,613633357,雨爱Rainy Love,小米24094RAD4C,20040.0,"['operation', 'visual_music']",[],"很棒的一款回合制游戏，剧情方面表现良好，自动战斗也不怎么让人红温
立绘福利……这个先不提（非常nice），游戏的资源福利这个真的没得说，我入坑大概2个来小时就获得了第一个UR角色“梅尔”（是抽取的，真的非常美😖）
5小时体验下来没感觉出太多槽点，就是一天的一个时间段玩的时间长了，行动体力可能会有一点不够用，其他的个人感觉是Perfect
（怕图片不过审，简单打了点儿遮挡，勿喷😋）",3.0,22.0,4.0
378321,绯色回响,46074010,2025-08-16 15:28:54,1,469081622,琼酒,Android 设备,87060.0,"['gameplay', 'visual_music']",['operation'],"资源获取：
很少 主线一章就一抽官方你怎么想的？同类型游戏一关就给30或者50个抽卡资源星数奖励又要打好几关 现在还改奖励背刺老玩家所以这个一星你应得的 至于其他像pvp或者pve的活动也拿不了多少当然等级上去之后拿钻石也没那么难 但是升级速度并不快后面有的还有两天或者三天升一级
抽卡体验：
还是很差 双金概率还可以吧但容易歪而且要抽一个ur的钻石也不少你不抽ur是不可能的 现在用抽的ur有3个歪了两次至少我没双金过😂而且你光抽本体到后面pvp也打不过 抽专武什么的又要钻石 所以要抽的东西很多
画面音乐：
这个还行 如果是为了立绘入坑的那还行 但是小想看角色你也要抽 皮肤可以白嫖但是要肝很多😥画面是还可以的
运营服务：
石 背刺老玩家 改签到活动的奖励和主线奖励 补偿几乎没有 老玩家还会少领几个角色 所以纯石
可玩性：
就是放置游戏没什么可玩性 活动不少 但是也都大差不差
成长体验：
不氪金要肝很多 甚至注册还给充值优惠券 纯逼氪呗😨
总之纯石吧
",3.0,13.0,
378321,绯色回响,46122882,2025-08-21 03:02:11,1,450081915,散,小米24117RK2CC,315600.0,"['visual_music', 'gameplay']",['operation'],☄️成长体验：作为一名新区开服玩家，玩到一半被策划背刺，签到奖励与开服的时候形成反差，开服时就送SSR的共鸣者加专武，后面版本更新好，修改了新手福利，现在的新手开服人手一个UR，对我们这些老玩家的游戏体验造成了不好的影响，建议补偿我们的游戏奖励,,6.0,
378321,绯色回响,46158287,2025-08-24 01:22:28,5,524285762,顺顺爱香肠,OPPO A93 5G,,"['visual_music', 'gameplay', 'operation']",[],自从玩了这个游戏，瞬间感觉火影不香了😍😍😍,,1.0,
378321,绯色回响,46154162,2025-08-23 12:51:51,1,405662714,霓裳,Android 设备,,[],['operation'],神人游戏，玩过这类卡牌的应该都知道现在大部分卡牌游戏在你完成新手任务后会给你一个一百抽自选连或者是一个无限抽抽到你满意为止就能直接领取，这个游戏需要你完成至第三章它会让你抽一个自选，但是需要你打完第七章才能领取，还是一点用没有的ssr，甚至打关期间会给你比大部分游戏更离谱的卡关数值，进入游戏完成升级指导后的关卡也是直接跳脸充值页面，福利活动的肝度也不小,,,
378321,绯色回响,46147554,2025-08-23 01:59:06,2,663134423,繁昕,华为BKY-W10,,['gameplay'],['visual_music'],有的角色布料有点少啊，但玩法还可以,,,1.0
378321,绯色回响,46146191,2025-08-22 19:46:34,2,36722069,神月結奈,Android 设备,,[],"['gameplay', 'operation', 'visual_music']",福利逆天少的可怜，送的自选十连甚至不愿意直接给，还要你打到后面才能拿，画面ui简陋，唯一能看的就是角色立绘了，经典换皮游戏模式,,,
378321,绯色回响,46145788,2025-08-22 18:04:06,1,534884020,欲望,小米24117RK2CC,,[],[],这个沙海玩的我是真难受，你打了半天的boss升到等级，人家一开局战力就比你高，搞个小游戏拿活动奖励都要搞这种战力差距，哦，平民玩家就不配玩游戏吗？,,,
378321,绯色回响,46125046,2025-08-21 05:33:57,5,603039161,学无止境,OPPO PEQM00,78840.0,"['gameplay', 'operation', 'visual_music']",[],"良心❤️

💎资源获取：
给新手玩家带来了幸福感，开局就送一个ur，战力大增，且送50抽，每抽必中SSR！

🃏抽卡体验：
通过新手活动必中ur，在后续的闯关中大幅提升效率

🎮可玩性：
角色多样，阵容搭配可根据玩家的需求进行搭配，组队能够增进与好友之间的感情

🔖运营服务：
能够听取玩家的意见，能够给新手玩家引路，知道技巧与方案的同时，能够给出相应的建议",3.0,,1.0
378321,绯色回响,46135207,2025-08-22 01:06:47,3,733638274,嗯嗯，没问题,一加手机Ace 5 Pro,,"['gameplay', 'visual_music']",['operation'],"一群骗子，爆率好低，抽个想要的UR好费劲，攒了好久，去抽，还净来些R，sR，抽真仓半天抽不到，这UR池坑人                                
再跟评一下，这游戏的战力数值有水分，团兽争霸里面，会有眀明战力比你低，但别人UR强，有皮肤的，你打不过他，比如你70w战力打不过50w战力的
",1.0,2.0,
378321,绯色回响,46137668,2025-08-22 05:04:17,1,684772327,月映江淮流,小米25053RT47C,14880.0,[],"['gameplay', 'operation', 'visual_music']",我都没有领，你就显示我领过是几个意思啊？我才玩7天，原本那个SSR的那个我就没有领到。现在换成新的，然后这个新的和SSR的都没有补发给我。合着我成大冤种了呗。,,2.0,
378321,绯色回响,46132263,2025-08-21 15:15:04,4,639012757,黎明前的钟声,Android 设备,,['visual_music'],['operation'],刚玩三天感觉还不错但看了评论有些怀疑了，我感觉呢这游戏我比较喜欢立绘其他感觉到处都是充钱入口不是很喜欢，其次爆率一般三天才两个SSR的角色其中一个还是送的,1.0,1.0,
378321,绯色回响,46131531,2025-08-21 14:13:37,1,58845630,galaxy,Honor Pad 7,,['visual_music'],"['gameplay', 'operation']",服了，其他游戏是主线推升级，这个是升级推主线。就是让我氪金吗？吃相别太难看。,,3.0,
378321,绯色回响,46130394,2025-08-21 12:38:40,5,725876643,你好,华为STG-AL00,,[],[],能把这些福利还给老玩家吗？,9.0,3.0,
378321,绯色回响,46122218,2025-08-21 02:03:04,2,603218144,没事,Honor荣耀X70,,[],"['operation', 'visual_music', 'gameplay']",可以，非常之棒啊 更新闪退了.  登上号50多抽没了。,,,
378321,绯色回响,46104906,2025-08-19 11:35:15,3,649249106,😘,iPhone 13 Pro Max,,[],[],挺容易歪的  而且一直吃保底（我脸黑？）我好几个 up 都是吃了大保底 提前出很少,,,
378321,绯色回响,46104782,2025-08-19 11:22:18,3,678591229,$,华为畅享10s,4200.0,[],[],前期有点肝,,2.0,
378321,绯色回响,41597776,2024-07-24 01:38:00,1,125254756,硫光抑彩,小米23076RA4BC,20580.0,['visual_music'],"['gameplay', 'operation']",哥们儿，我号呢,1.0,3.0,
378321,绯色回响,46090156,2025-08-18 06:27:01,5,705988180,稀月月本月,Vivo V2057A,10440.0,"['gameplay', 'operation', 'visual_music']",[],福利好，角色设计也特别的鲜明个性，超级好玩儿，剧情简直堪比神作,1.0,,2.0
378321,绯色回响,46075892,2025-08-16 21:19:21,4,661850130,黎平,OPPO A2 5G,,"['visual_music', 'gameplay']",['operation'],这游戏我玩了也就一年多了，给的钻石是真的很少，15000钻石我才抽出来两个UR，这些钻石攒了差不多要有1年左右，他一天也就给个二三百钻，你要是拉满的话，就相当于不克，根本冲不上去,5.0,4.0,
378321,绯色回响,38533843,2023-11-29 03:59:31,4,399357371,十丈尘十里风,Android 设备,,[],[],回归玩家的回归自选武器卡池bug，无法自选，之前还好好的，更新一次之后就没了，好几天一直没修,,5.0,
378321,绯色回响,46070461,2025-08-16 09:51:18,5,670109461,砂狼黑子,小米22095RA98C,480.0,[],[],"并非12+，建模和皮肤都很顶
",,2.0,
378321,绯色回响,46063249,2025-08-15 16:52:35,5,526735500,老六,Vivo V1962A,,[],[],好玩是好玩。爆率也很高。但是在哪换皮肤？,,1.0,
378321,绯色回响,46061389,2025-08-15 13:54:04,5,721253074,衍满,Android 设备,,[],[],有点意思其实我个人并不怎么喜欢2d战斗 回合制的游戏  跟之前那个龙族卡塞尔之门一样，但是这个有点意思,,,
378321,绯色回响,46058628,2025-08-15 10:04:22,5,370222660,33龙王,OPPO PFGM00,,"['gameplay', 'operation', 'visual_music']",[],爆率真的很高,,3.0,
378321,绯色回响,46058589,2025-08-15 10:01:00,2,30511169,BINGO,Realme GT5 Pro,,['visual_music'],"['gameplay', 'operation']",一般般，SSR都没用的，福利没怎么感觉到很好，抽得也不爽,,,
378321,绯色回响,46042285,2025-08-14 03:58:49,4,734790201,英一末,OPPO A93 5G,24660.0,"['visual_music', 'gameplay', 'operation']",[],挺不错的。还可以领很多，SSR的共鸣者。25级还可以免费领UR的共鸣者。非常良心。,1.0,1.0,
378321,绯色回响,46040375,2025-08-14 00:01:17,3,695933921,镜花水月,华为荣耀 Play 9A,,['visual_music'],"['gameplay', 'operation']","爆率很高，福利都还行得，需要前期花的时间玩，后面才开始真正的爽，不过的话，对于那些看重这个游戏的立绘的人，前期是很难熬的，到后面之后钻石多，起来之后稍微干一干就可以抽到很多角色，活动角色爆率很高，爆率不是很低，前面的有很多关卡，到后面之后很卡等级，送的那一箱自选十连抽也没什么用，我玩的应该也不算久，账号的话才将近700万战力，等级64，Ur角色挺多的，好像有15来个，总体而言，如果你是能肝一些的话，然后会看中它的立绘的话，可以玩，如果你是看这种玩法和可玩性的话，还有比较轻松的话，那就直接不用选，因为到后面真的很单一，很没有可玩性

",4.0,10.0,6.0
378321,绯色回响,46038066,2025-08-13 15:04:47,1,710305789,暖暖春天的风，蝴蝶也恋爱了~,Vivo V2115A,,[],"['gameplay', 'operation', 'visual_music']","可玩性：2025了还有体力条，笑死个人。
画面音乐：AI卡片人，要么长得不像人，要么大雷加骚姿势（一个200RMB），不如去玩黄油。
运营服务：到处都要钱，送的十连没保底，自选十连不直接给你，逼你氪金打到30级。而且图鉴看不到，所有抽卡都没保底，跟拆盲盒一样。",,,1.0
378321,绯色回响,46036952,2025-08-13 13:33:45,5,435107895,🍃,Vivo IQOO Z6x,,"['gameplay', 'operation', 'visual_music']",[],燃尽了,1.0,3.0,
378321,绯色回响,46035749,2025-08-13 11:34:55,5,125270326,Etuid,小米Mi 11,,"['gameplay', 'operation', 'visual_music']",[],"我觉得这个真挺良心的，每日10连➕自选10连，虽然自选10连要打关卡
而且UR角色我40抽就中了，可能是运气问题，另外一个70抽还没中，但SSR角色爆率真不低
每日福利也不少：每日十连、每日登录的福利、稍微打打关卡就一堆福利、超物质（抽奖用的，每天打打就能领到几个）也很多。反正福利多多
UR角色在任命时也有独特的风格:臀部特写、大雷抖动（反正我是爱不释手，想试试的就来）
钻石也有很多，玩一会儿就几百个（钻石也可以抽奖，150一抽）我抽奖的话，30%靠超物质，70%靠钻石
关卡和一些副本用SR都能过，通关过的福利我领都不想领了。关卡达到的星达到一定个数还能领1500钻石（10抽）
角色升级得金币更深不用愁，而且剧情很丰富，一连串的，不管是关卡还是副本，都有。觉得啰嗦的可以跳过，他也会给你概括
我这才玩第三天，就2个UR了，反正他是真的良心，你们一定要试试，不试真的会后悔
不好玩来骂我！不好玩来骂我！不好玩来骂我！不好玩来骂我！不好玩来骂我！
",11.0,3.0,2.0
378321,绯色回响,46025960,2025-08-12 14:01:47,1,613785530,衣服,Honor X50 ,,[],['gameplay'],"0氪主我差点就没打过，体验感太差了，要不是最低才能给一星，如果可以，我直接给你打个0.1星如果可以，我直接给你打个0.1星
",1.0,1.0,
378321,绯色回响,46010091,2025-08-11 06:40:36,4,715338470,无声,联想XiaoXin Pad Pro,,"['operation', 'visual_music']",['gameplay'],剧情后面就一直在卡等级，打3章卡2级，福利挺好,,,
378321,绯色回响,46009934,2025-08-11 06:26:43,4,606060986,汐,小米 Redmi 10X,,"['operation', 'visual_music']",['gameplay'],皮肤可以白嫖，价格不算太贵。就抽卡很非 ，也可能是我自己很非,,,
378321,绯色回响,44114032,2025-02-18 08:24:23,4,631113382,芙门~盦盦,Vivo V2002A,,"['gameplay', 'operation', 'visual_music']",[],"💎资源获取：
新手可以获得的福利挺多，但是维修补偿非常恶心，一天差不多可以获得两三百钻石，也就是两抽，加上各种活动获得20~30抽左右，主线钻石给的太少，本人已无心无力。。。限时活动，每一章30个钻，差不多有四五章，加起来也就200钻，换算成一抽，周年福利太长太烂，天天登录没人顶得住，建议福利好一点，一天送三~五抽，再不济可以一天送一抽！
☄️成长体验：
前期升级简单好玩，随便抽几个SS尺角色就能过主线，但是到了后期，主线剧情又臭又长，好处可以跳过，不过主线战斗就得吐槽一下了，资源给的少，到了十多章左右，不抽UR就过不去了，而且需要的经验极其多，关键他还限制等级功能，不到60级都不能解锁全部功能。
🃏抽卡体验：
每天固定十连，必保底。UP60抽小保底，%40概率爆率却非常低，一般小保底出个金，大保底才出彩。本人欧皇十抽出专武，但角色总吃保底，体验一般。
🎮可玩性：
玩法挺多，但前期不解锁，每天就是做日常，做活动，肝主线、回溯，打黑渊，玩法比较无聊。
🌃画面音乐：
立绘无话可说，非常精美，还有人物的小立绘也非常可爱。本人对于绘画比较满意。音乐有旋律。画面音乐上的绯色回响，可以说是在网游中非常出色的游戏之一。
🔖运营服务：
有时候玩着玩着就闪退，非常影响体验感。客服态度一般。维修补偿建议把奖励提一提，并且不要只新年和圣诞出活动，活动玩法换换，每天都一样真的很疲惫。
✍🏻建议：
最后建议福利加强，本人三次入坑，每一次都是痛苦退游，就是因为拿不到资源，无法抽取角色，，而导致的原因，还有任务奖励一定要堤起来，不然玩家没有动力，像我一样，现在45级就已经开始养老了。
以上仅为个人建议，不喜勿喷！",26.0,96.0,24.0
378321,绯色回响,46006564,2025-08-10 22:05:05,1,734227168,游戏玩家吴彦祖,Redmi K60,,[],"['gameplay', 'operation', 'visual_music']",硬控你玩十几分钟玩完后，才有5g的资源下载666，这十分钟全是打关卡不知道的还是什么高难度游戏呢，教十几分钟想笑😂😂😂😂😂,,,
378321,绯色回响,45992343,2025-08-09 13:10:18,1,730270656,？,小米15,,[],"['gameplay', 'operation', 'visual_music']",可玩性低，画的一般，游戏内疯狂催冲钱，爆率还特低，没啥诚意,,1.0,
378321,绯色回响,45979381,2025-08-08 10:47:34,4,704344792,冷白,iOS 设备,,[],[],"总得来说做得不错，就是后面的主线能不能别强制要求等级这一点太烦了，到后面只能用体力硬刷😢  


抽奖爆率方面还算高，副利只要每天上线两小时以上，都能肝完，玩法有点少建议多加点玩法，皮肤方面用钻石换皮肤卷就行大概在8000+(钻石)🥰",2.0,2.0,1.0
378321,绯色回响,45970996,2025-08-07 17:01:46,1,658100555,顾简,iOS 设备,,[],[],开服就玩，玩到出UR为止闪退问题一直解决不了，问客服就说重新下载，不氪金很难玩下去，出UR之后更是颠覆了之前SSR的强度，真后悔没早点退,,,
378321,绯色回响,45965482,2025-08-07 09:07:14,1,41346157,诸葛靓,OPPO Find X8,55680.0,[],"['operation', 'visual_music', 'gameplay']",你停服补偿发的晶石邮箱领取了，那库存咋没有，发不起就别发，给你五星好评，剩下四颗星分期分四次给你😅,1.0,3.0,1.0
378321,绯色回响,45965263,2025-08-07 08:50:27,1,626258150, ,Vivo IQOO 10 Pro,28920.0,"['gameplay', 'operation', 'visual_music']",[],"💎资源获取：
今天不是维护吗？发的那个400晶石，邮件那里显示领到了，那是在外面那晶石数量还是零？我也还没有用",2.0,2.0,2.0
378321,绯色回响,45964427,2025-08-07 07:47:03,1,708502532,墨白御,华为FGD-AL00,557160.0,[],['operation'],这对吗？不是说补偿给400晶石吗？我领了，退出首页看看，居然是0个👎👎👎👎👎👎😡😡😡😡😡😡,,2.0,
378321,绯色回响,45958867,2025-08-07 00:28:20,3,385762366,大爷,OPPO Reno5 Pro+ 5G,,[],['visual_music'],角色都包的太严实了，不然人气不会这么低的，可以更新下角色立绘建模，然后以建模为主打广告,,,
378321,绯色回响,45952181,2025-08-06 09:18:11,1,569178949,赫尔墨斯,OPPO Reno13,2700.0,[],[],第三章解锁免费10连，到了第七章才能领取，有点意思哈，第一次玩到这种游戏，六星好评给上,,11.0,1.0
378321,绯色回响,45949421,2025-08-06 05:33:59,5,646500796,北渚,iPhone 15 Pro Max,,[],[],不错，但是ios推荐国际服，福利更好,,,
378321,绯色回响,45937570,2025-08-05 06:20:02,2,586957191,Eleven,华为 Mate40 Pro,,[],[],"给我一种玩微信小程序的错觉。
",,,
378321,绯色回响,45935810,2025-08-05 03:43:33,1,515222447,暗狱,OPPO PFTM20,,[],[],告诉我这怎么玩,1.0,,3.0
378321,绯色回响,45923659,2025-08-04 02:01:35,4,679617030,sk.y(已有血族),OPPO A3 5G/A3i Plus 5G,,"['gameplay', 'visual_music']",['operation'],"萌新时期资源很多，肝起来也很爽，爆率也是非常的高😋下面是两次十连出双UR的经历，而且没有吃保底，超级欧，公屏上的发言尤其是晚上，特别引人不适，而且游戏卡等级，等级低了就啥也干不了只能天天刷本升级
",,2.0,1.0
378321,绯色回响,45914261,2025-08-03 05:15:12,3,50878151,刄,Android 设备,24420.0,"['gameplay', 'operation', 'visual_music']",[],其他都可以的 就是打公会那个什么的时候 打一次加个跳过吧 一次次打太费时间了,,,
378321,绯色回响,45905717,2025-08-02 10:13:25,1,674053527,lll,Vivo Pad3,,['visual_music'],"['gameplay', 'operation']",养成真NB，从0开始不氪金养满一个角色要几年？,1.0,,
378321,绯色回响,45898492,2025-08-01 18:24:04,4,354178007,飞龙在天,Android 设备,,"['gameplay', 'operation', 'visual_music']",[],"🃏抽卡体验：后面五十多才出，好在没歪过，新手时期单抽出，十连双

🌃画面音乐：白，大，长
背景音乐我没开

☄️成长体验：难受，当时搞升级的玩意搞了好久，还只有一点，根本不够

💎资源获取：前期暴利，后期虾米
",,,1.0
378321,绯色回响,45893583,2025-08-01 10:05:36,1,25201384,手机用户25201384,Android 设备,,[],"['gameplay', 'operation', 'visual_music']",20级了图鉴功能还提示需要权限等级1级才能解锁，游戏里反馈给我的建议是继续提升等级，有点看不懂了,,,
378321,绯色回响,45887357,2025-08-01 00:46:16,5,698326448,织梦如画,Vivo S17 Pro,,[],[],原来我之前玩的是私服，开局送两个648，每天都送15抽，唯一的缺点可能就是版本比较落后,6.0,2.0,2.0
378321,绯色回响,45884944,2025-07-31 15:47:43,5,414003430,Ray,Android 设备,,"['visual_music', 'gameplay', 'operation']",[],菲浪节活动，我登录了没有送我UR角色啊，怎么回事？,,,
378321,绯色回响,45871931,2025-07-30 16:05:39,1,547721314,千寻.♡,Vivo IQOO 13,,[],[],下载游戏然后卡着不给进?,,1.0,
378321,绯色回响,45871578,2025-07-30 15:26:35,1,732223426,爱吃醋,华为 Mate40 Pro,,[],[],为啥没反应？一直不动？谁知道是什么情况？,,1.0,
378321,绯色回响,45869669,2025-07-30 12:45:14,3,37345001,养只呆萌小怡.,Redmi K70 Ultra,,[],[],为什么进不去啊,,2.0,
378321,绯色回响,45869278,2025-07-30 12:12:49,2,16869403,维维豆奶复读叽,华为 MatePad ,15840.0,[],[],不是哥们，iOS是闪退，平板和模拟器直接就不让我进了？,,1.0,
378321,绯色回响,45867588,2025-07-30 09:56:23,5,111282998,我的头发是真发,Vivo V2057A,,"['gameplay', 'operation', 'visual_music']",[],我是新手，各位大佬们我问一下怎么获取角色皮肤,,,
378321,绯色回响,45854868,2025-07-29 10:57:00,5,683569785,6班的橙子,Vivo IQOO 13,,[],[],没人比我运气好吧！,,2.0,
378321,绯色回响,45853027,2025-07-29 08:20:25,5,354356983,百鬼夜行,iPhone 13 Pro Max,,[],[],福利多角色好看皮肤更好看,,,
378321,绯色回响,45852935,2025-07-29 08:13:12,4,110261814,jj580,小米24129RT7CC,,[],[],服装商店里面的时装没了,,,
378321,绯色回响,45838784,2025-07-28 05:49:55,2,597866180,難蕁,小米Xiaomi 14 Pro,,[],[],哎，不是，我就想知道。你们的客服电话是有人接还是没人接呀？还有你们的公众号是有人回还是没人回啊？还有你们那个实名认证是怎么回事啊？你这个游戏我都没玩过，我拿我手机号一注册，显示我未成年。找地方申请都没有。,1.0,,
378321,绯色回响,45837494,2025-07-28 03:45:21,1,445358446,追光少年,小米2311FRAFDC,,"['gameplay', 'visual_music']",['operation'],666这个游戏还活着呀自从初二到初三更新之后，我号就不见了也是够离谱的,,,
378321,绯色回响,45833023,2025-07-27 14:52:36,5,64706517,手机用户64706517,Vivo V2463A,,"['visual_music', 'gameplay', 'operation']",[],挺好玩 就是等级难提升,,,
378321,绯色回响,45824868,2025-07-27 02:51:34,1,731648946,搞笑的吧,华为Nova 3,,[],[],不是说夏活登录就送UR自选吗？我怎么没有22级的没有，50多级的也没有,,,
378321,绯色回响,45822256,2025-07-26 18:04:43,3,84984102,剑道无心,OPPO Reno11,,[],[],自选uR在哪？,,,
378321,绯色回响,45821234,2025-07-26 16:06:37,4,69793582,达咩呦,华为 Nova 5 Pro,,"['gameplay', 'operation', 'visual_music']",[],"这款游戏可玩性不太高，就是传统类的养成系统，但是100%的养成资源返还，这一点做的很可以。
其次就是这个主要游戏的立绘，非常的涩😍，到后期资源获取会比较容易，可以当个休闲类的",,2.0,
378321,绯色回响,45815127,2025-07-26 08:01:06,1,639766689,我。。。,OPPO Reno5 Pro 5G,,[],"['gameplay', 'operation', 'visual_music']",资源多，角色建模好，但氪金的地方太多了，不然的话你的战力提不上去,,,
378321,绯色回响,45795409,2025-07-25 01:30:44,5,631835004,二十四桥明月夜,Redmi Note 12 Turbo,341640.0,"['gameplay', 'operation', 'visual_music']",[],不错不错，现在夏日和回归福利真不错😋值得玩玩看，但是要有点耐心,,1.0,1.0
378321,绯色回响,45806927,2025-07-25 16:33:21,1,725066041,零,Android 设备,,[],"['gameplay', 'operation', 'visual_music']","玩个屁  抽什么都歪了  起码120一个英雄  200抽一个宠物
",,,
378321,绯色回响,45802624,2025-07-25 10:58:42,3,698896209,uitityoc,Android 设备,,"['gameplay', 'visual_music']",['operation'],我觉得可以直接把新手教程跳过，太膈应人了，感觉玩个游戏还要被支配,,1.0,
378321,绯色回响,45802256,2025-07-25 10:31:08,2,674257099,维尔汀重度依赖,Android 设备,,[],[],其实玩法我觉得还可以 我也知道这游戏比较吸引男孩子 但是也有女孩子玩 比如我 所以你这个问卷是什么意思？,6.0,21.0,3.0
378321,绯色回响,45793282,2025-07-24 17:29:10,2,491074221,"偷塔小王子,小号",Huawei Nova 11,5340.0,[],[],为什么我会闪退😓,,,
378321,绯色回响,45777243,2025-07-23 17:53:53,4,608644401,幻枯境,Vivo V2068A,,"['gameplay', 'visual_music']",['operation'],前期可能很一般，但玩的时间长了还是可以的,2.0,,
378321,绯色回响,45728184,2025-07-20 04:34:46,1,609161440,我的不,Realme真我GT Neo6 SE,,[],[],我号没了，我删了重新下以后再一登录我号没了😓,2.0,,
378321,绯色回响,45668336,2025-07-16 10:53:13,3,698217820,是久田泉奈喵,Android 设备,12600.0,[],[],"评价为玩法和苍雾差不多不过东西比苍雾多
不过不如打碧蓝航线
界面太花里胡哨了感觉
",1.0,5.0,
378321,绯色回响,45578058,2025-07-09 12:07:20,4,524765347,黎揾,Android 设备,25020.0,"['gameplay', 'operation', 'visual_music']",[],"我现在玩着感觉还可以
资源的话我感觉前期获得难度不大的后期还不太清楚
角色挺好看的，衣服可以攒攒钻石买时装兑换券买（这个我还挺喜欢的就是为什么限购啊！！▄█▀█●）
（好像没什么好说的了啊啊啊  QAQ）
最后给大家看看我攒的钻（比较少是因为我抽了角色  ovo）",12.0,31.0,27.0
378321,绯色回响,45564371,2025-07-08 09:34:58,5,463091828,风系星辰,荣耀 X30,,[],[],怎么查看账单，建议有个账单查询功能，不方便啊,,1.0,
378321,绯色回响,45540529,2025-07-06 07:52:27,5,35169565,手机用户35169565,iPhone 16 Pro Max,,[],[],很瑟,2.0,2.0,1.0
378321,绯色回响,45483785,2025-07-01 13:48:11,5,521277650,魔宇神王,Vivo Y53t,9840.0,"['gameplay', 'operation', 'visual_music']",[],"💎资源获取：初期还是挺多的，玩法比较休闲，用来养老或许不错？
最重要的是角色好看啊
",,,2.0
378321,绯色回响,45480631,2025-07-01 08:10:42,2,584261640,十里悲歌,UNICOMVSENS VP004,,[],['gameplay'],你敢信，我们区有个170级的佬😂,,,
378321,绯色回响,44690699,2025-04-19 16:39:28,4,533810112,Suou Thoyin,Android 设备,262800.0,['visual_music'],[],"不知道有没有人体验剧情……
前期资源只要愿意肝也不算少吧，后期只能靠赛季和活动签到什么的了，单纯想抽卡可以买自抽号，保底机制和出货率不算太难看（此号刚出角色三黄和专武双黄）。
我玩的游戏版本不对？大保底不是120吗……武器池80%不歪，大保底60。平时商店啥的也能拿很多，还能接受了？
美术没怎么崩过，想看原版立绘可以下个国际服玩。不过国服有很多不需要月卡的特权，战力不知道为什么也比国际服好拉一点，所以主肝国服了。
排期比较紧复刻也算频繁，得规划一下钻。
…多给一颗星是被我这个号的欧收买了😭补药说我

只要抽数一多出多金的概率好大！",4.0,8.0,4.0
378321,绯色回响,45459238,2025-06-29 07:39:14,1,681133444,哲别,Android 设备,,"['operation', 'visual_music']",['gameplay'],数值膨胀严重氪金问题也严重 一开始SSR最强，后面膨胀出什么UR，平民玩家游戏体验极差,,,
378321,绯色回响,45380056,2025-06-22 14:24:00,5,723496622,好喜欢这样,"iPad15,3 ",,[],[],有点干，到45以上天天要干等级， 但不希望凉，希望管方能够帮助可怜孩的孩子吧,3.0,1.0,
378321,绯色回响,45408695,2025-06-25 14:52:36,1,552434422,活泼的二次元玩家,Huawei Mate 30E Pro 5G,,[],[],"自选十连为啥没有啊！
",,,
378321,绯色回响,45407372,2025-06-25 12:32:49,1,701224987,熙 颂,Android 设备,,[],[],能优化一下死海求生的操作吗？这么恶心，会做游戏吗？,,1.0,
378321,绯色回响,45397363,2025-06-24 11:39:03,5,455974311,长思,Honor X40,,"['gameplay', 'operation', 'visual_music']",[],这种养成类我真没玩过多少，这游戏还是很推荐的，抽奖压力小，欧皇玩着很舒服,1.0,,
378321,绯色回响,45388357,2025-06-23 12:12:43,1,697965546,一根葱,华为 荣耀30 Pro 5G,,[],"['operation', 'visual_music', 'gameplay']",官方人呢发的少年那个兑换码不能用怎回事,,2.0,
378321,绯色回响,45369976,2025-06-21 17:46:15,2,35050840,野泽千沭,HONOR Pad 8,,[],[],太黑了，20抽都没一个SSR,,,
378321,绯色回响,45349725,2025-06-20 03:40:50,5,549706048,小钊源,HONOR PPG-AN00,,[],[],今天签到送魔女普琳娜怎么，共鸣者里没有呢，去哪了,,,
378321,绯色回响,45348514,2025-06-20 01:14:59,3,73257543,淡定的小昆,一加手机Ace 5 Pro,,[],[],好玩，但肝度或氪度比较深，建议纯粹当一个爽副游,,1.0,1.0
378321,绯色回响,45341338,2025-06-19 08:14:57,1,710931110,三角函数,Huawei Nova 10 Pro,,['visual_music'],"['gameplay', 'operation']","1.亮点本来是立绘的，不过国服因为审核不过，只能出布料遮挡，这是劣势1。
2.可跳过的副本不能跳过，这是劣势2
3.福利低，养成系统多没问题，但是你获取资源的方式少就是你游戏问题，这是劣势3。",1.0,5.0,
378321,绯色回响,45312465,2025-06-16 11:20:03,1,5320458,烟雨ぃ,小米15,,['visual_music'],"['gameplay', 'operation']",你游的新手指引怎么那么多？主线推不推要你游戏厂商指引干嘛，想出去设置还得要打完第二章才能点，恶心的要死🤮,,,
378321,绯色回响,45309149,2025-06-16 04:35:53,3,697341018,yin人,Vivo IQOO Neo10,,[],[],反和谐怎么搞啊,,,
378321,绯色回响,45294843,2025-06-14 22:18:29,5,708287008,龙王天符,OPPO A9中国版,,"['gameplay', 'visual_music']",[],好玩爱玩，对我个人来说太好玩了，玩了大概快一年了吧，非常好玩，不喜欢玩放置卡牌的别玩，别乱评😑,1.0,,1.0
378321,绯色回响,45284482,2025-06-14 04:47:47,1,556694863,木槿,Android 设备,,[],"['gameplay', 'operation', 'visual_music']",不氪金玩不了，能救一个是一个，这年头养成道具居然还有氪金是唯一获得途径的游戏,,3.0,
378321,绯色回响,45205451,2025-06-07 08:48:47,1,705200852,yt,PTAC ALH-BD00,,[],[],玩不了，根本玩不了，我这人不太信邪，第1次玩不了的时候，我选择重登，然后他3000多m资源还得重新下，那前面下的算什么？，我下了两次，反正结果就是玩不了😡 一直卡在那个资源下载100%那里。我有那个时间我都能下两个游戏了😓,,1.0,
378321,绯色回响,45194204,2025-06-06 13:30:58,2,11332907,不了,小米24117RK2CC,,[],"['gameplay', 'operation', 'visual_music']",不是这么久了还有这种抽象bug吗？抽到的人在界面里看不到，也是配得上这半死不活的命了,,,1.0
378321,绯色回响,45153622,2025-06-02 17:32:18,3,414993122,L,红米 K70,,[],[],新手教程比命都长,,,1.0
378321,绯色回响,45102654,2025-05-30 01:10:09,5,583376816,君不见,Vivo X200 Pro卫星通信版,,"['gameplay', 'operation', 'visual_music']",[],绯色回响联动的圣杯也是很不错的🤓🤓🤓🤓,1.0,2.0,
378321,绯色回响,45055425,2025-05-25 12:00:29,2,447450914,X！,华为 Mate 30 Pro 5G,,['visual_music'],"['gameplay', 'operation']","角色画面没得说，玩法就是摆小人开自动挂机的回合制，纯数值游戏。新人福利还是不错的，刚开始可以肝很多资源，不过不知道是是不是为了防止刷号，卡池要通关特定章节才开。国服要开fhx，有些皮肤可以活动白嫖，也可以砖钻石换皮肤卷，不过大多数都要氪金。养成越后期越乏力，关卡会卡等级，而且等级越后面需要的经验越多，而且想解锁全部玩法还要卡你等级。战力更不用说了，越氪越强，数值越高越强。如果只是当电子盆栽玩玩还行，游戏性是没有的，很枯燥。抽卡也是新号爆率高，后面会归于平均水平，每日十抽不到保底不会出SSR，还有个很sb的什么抽卡，出的碎片，武器抽卡还行。
总结 如果追着画风来，也还行，不过越到后面越无聊，资源越来越少，活动也扣，不如其他同类型游戏。如果又看画风又看游戏性，那就路边一条。
给他这sb卡等级恶心坏了，我能过主线，非要卡这等级，需要经验值也多。",1.0,3.0,1.0
378321,绯色回响,45055173,2025-05-25 11:36:14,1,627428205,368,Honor X50 ,,[],[],"不是，我就是想问一下，自选十连在哪？
",,1.0,
378321,绯色回响,45043552,2025-05-24 12:03:30,1,636462548,阿米诺斯,小米24094RAD4C,,[],"['visual_music', 'gameplay', 'operation']",别玩游戏根本进不去,1.0,1.0,
378321,绯色回响,45043454,2025-05-24 11:54:06,4,488536353,天晴,Oppo K10 5G,,[],[],问一下，国服有这个吗？（没玩过国服）,5.0,6.0,1.0
378321,绯色回响,45001950,2025-05-20 15:35:04,2,346060359,User346060359,Android 设备,,['visual_music'],['gameplay'],刚出的时候玩了，越玩越累，战力上不去，主线推不动，微氪只能止步于此,,1.0,
378321,绯色回响,45001782,2025-05-20 15:11:19,5,603895415,东辰紫云,小米MI 9,,"['gameplay', 'operation', 'visual_music']",[],玩了断断续续也有半年了，挺好玩的希望越来越好   还有就是多来点福利🙏,3.0,7.0,2.0
378321,绯色回响,44993967,2025-05-19 14:34:22,3,537681525,一雨三更时,华为ADA-AL00,,[],[],不懂就问，我得自选十连呢，你给我吞了啊,1.0,2.0,1.0
378321,绯色回响,44935584,2025-05-13 08:18:20,2,636596392,分分合合,vivo Y200i,,[],[],为啥不能自选十连抽啊，在哪搞啊,,1.0,
378321,绯色回响,44934816,2025-05-13 06:25:53,1,412157744,User412157744,Android 设备,2700.0,"['gameplay', 'visual_music']",['operation'],"💎资源获取：
第三章自选十连没了",,2.0,
378321,绯色回响,44931358,2025-05-12 16:06:31,5,33433166,王洋,联想拯救者平板Y700,,"['gameplay', 'operation', 'visual_music']",[],"屏占比不匹配怎么修改呀？
",,1.0,
378321,绯色回响,44924163,2025-05-11 16:11:48,1,109384900,手机用户109384900,Android 设备,,[],"['gameplay', 'operation', 'visual_music']",给氪佬玩的游戏 到后期剧情都打不过 逼你磕 ,,2.0,
378321,绯色回响,44887293,2025-05-07 18:37:14,2,413950332,晓美焰,一加手机Ace 5,240.0,[],"['operation', 'visual_music', 'gameplay']",md，快跑吧，又臭又长的指导服了,,3.0,
378321,绯色回响,44879644,2025-05-06 23:10:31,4,412273033,最恶的皇冠,iPhone 13 Pro,,[],[],这个游戏可以，画风好看,,,1.0
378321,绯色回响,44853728,2025-05-03 23:11:31,5,530776641,狐闹🦊,iPhone XR,,[],[],好玩的很嘞~每天氪点金香的嘞~,,1.0,
378321,绯色回响,44852044,2025-05-03 16:07:47,1,702171499,元气满满的修仙者,iPhone 14 Pro Max,,[],[],说白了，狗游戏做不起做什么，我就不信有人抽齐了😓,,6.0,1.0
378321,绯色回响,44850581,2025-05-03 14:10:24,1,56550948,星羽,Vivo IQOO Neo9,,[],"['visual_music', 'gameplay', 'operation']",什么垃圾游戏 下载4次 切换线路都不行,1.0,1.0,
378321,绯色回响,44846032,2025-05-03 06:31:03,5,492677503,dkskskfjejwisif,IPhone 7 Plus,,[],[],发个蛋蛋,,,1.0
378321,绯色回响,44825313,2025-05-01 10:04:06,5,529877075,凌柏初兰,Vivo IQOO Neo10,,"['gameplay', 'operation', 'visual_music']",[],有一起玩的吗？一个人玩太无聊了,,2.0,
378321,绯色回响,44755612,2025-04-26 12:00:18,2,395622056,姜政,Vivo IQOO Neo8,,"['operation', 'visual_music']",['gameplay'],除了皮肤之外，纯纯氪金游戏氪了也不能变强，要一直氪,,1.0,
378321,绯色回响,44706278,2025-04-21 04:34:00,2,397148889,🏃,Vivo V2136A,,[],"['gameplay', 'operation', 'visual_music']",玩了半年吧大约7000万战力，这游戏开荒时期特别干，活动巨多。说到抽卡前面还好，越到后面越外次次大保底，弃坑了。,,,
378321,绯色回响,44703321,2025-04-20 17:37:08,3,701637327,帅哥,Vivo IQOO Neo9,163380.0,[],[],刚创个新号，过完第3章没有看见自选十连就算了，把第7章过了 连个毛都没得，卡池还是这两个B池子，把我当日本人整是吧， Up池也没了，太尼玛吊了😅😅😅,3.0,1.0,
378321,绯色回响,44702976,2025-04-20 16:34:29,5,501665595,hhgffv,Vivo IQOO Neo9,,[],[],什么时候开新区,,,
378321,绯色回响,44673820,2025-04-18 07:46:41,4,480367719,Tu me manques.,Hi nova 9 SE,6360.0,[],[],卖偏游戏，不过我喜欢,,,
378321,绯色回响,44648710,2025-04-15 16:43:32,3,675324365,皮诺斯,Vivo IQOO Neo9S Pro+,,[],[],刚开头节奏安排的太难受了，本来满腔的热情和新鲜感愣是给磨没了，新手教程一大段，剧情全跳过都有十几分钟，完全得跟着系统走,,,
378321,绯色回响,44645947,2025-04-15 10:35:46,3,599076679,柚木琴,Oppo A58,,[],[],什么福利少，我记得我刚入坑给了我给了我一个角色，一个主控皮肤，还有4000多钻石啊，和够10抽的那个啥(忘记了)是我记错了吗，怎么好几个在说福利少(不懂就问),,2.0,
378321,绯色回响,44633735,2025-04-13 14:46:17,5,544073954,小山神在乎你,OPPO R15中国版,423300.0,"['visual_music', 'gameplay', 'operation']",[],不错，就是穿得有些厚,,2.0,1.0
378321,绯色回响,44624796,2025-04-12 15:45:26,1,25368705,User25368705,联想Legion Tab,,[],"['gameplay', 'operation', 'visual_music']","进不去游戏
拯救者y700二代
垃圾游戏",,,
378321,绯色回响,44618065,2025-04-12 04:21:15,3,664370681,dcv,Realme真我V50,,['visual_music'],['gameplay'],我想注销账号，为什么他说手机号格式错误。,,,
378321,绯色回响,44615179,2025-04-11 18:06:23,5,608360569,无道,小米24117RK2CC,,['gameplay'],[],12+的游戏做的像黄油一样很好继续保持,8.0,1.0,
378321,绯色回响,44592079,2025-04-09 06:05:36,5,12130549,日常破防（1/n）,Android 设备,,['visual_music'],[],很大很白，很有数值，ur全身上下都充满了数值的魅力，三刀顶我其他五只ssr的全力输出，养成巨良心，脸黑（我第一次抽ur池恩吃了两个保底啊，也是没谁了，其他人一次十连出俩ur，这对吗？qwq）也能玩，可以放普池的自选心愿单里（甚至也是40%概率出的金是你想要的美女姐姐），太有实力了,1.0,3.0,2.0
378321,绯色回响,44610419,2025-04-11 08:16:47,1,37559832,咸鱼王,一加手机Ace 5 Pro,,[],"['gameplay', 'operation', 'visual_music']",从未见过如此资源匮乏的游戏，第一天都攒不满2个10连,,3.0,
378321,绯色回响,44586042,2025-04-08 11:02:22,5,709889986,啊赵,HONOR PGT-AN20,,"['gameplay', 'operation', 'visual_music']",[],非常不错，值得好好玩，活动在加点,1.0,,1.0
378321,绯色回响,44583895,2025-04-08 06:00:49,2,104225193,手机用户104225193,华为 Mate40 Pro,,"['gameplay', 'visual_music']",['operation'],这还是所谓的官方服？自选百抽呢？,1.0,,
378321,绯色回响,44539561,2025-04-03 17:18:19,1,536453937,健忘的小白猫,Android 设备,113880.0,[],"['gameplay', 'operation', 'visual_music']","还差一个就能升五星给我歪了，本身你就玩法不行，还这么容易歪，从新手开始就只有小保底，而且每天十连根本就中不了金，甚至紫的都中不了。
不是誓约还只能氪金搞，唉，算了，本来就只是看例会的，只要能让我打动活动关卡也行吧。",2.0,,1.0
378321,绯色回响,44526480,2025-04-02 20:41:53,1,660249063,ℳ̶̶̶̶♡̶҉度年,Vivo S18,,[],"['operation', 'visual_music', 'gameplay']",纯ls，抽卡老是歪,,,
378321,绯色回响,44514766,2025-04-01 13:58:00,4,685072437,桂老狗,HONOR ALT-AN00,,[],[],爆率还不错,,4.0,1.0
378321,绯色回响,44504906,2025-03-31 15:36:12,1,498742777,猫猫不爱次鱼🐟,Honor Play 30,,[],[],很久没玩老子号没了,1.0,3.0,
378321,绯色回响,44494426,2025-03-30 13:42:11,1,352088244,星语,一加手机Ace 3,,[],"['gameplay', 'operation', 'visual_music']","活到二周年，活不到也是你自己作死垃圾，我骂你我都觉得你恶心2025年福利从垃圾桶装出来的
☄️成长体验：
把玩家当傻子是吧有水军护着确实不会凉

💎资源获取：
你策划自己来体验一下抽卡那些东西😂",,6.0,1.0
378321,绯色回响,44493910,2025-03-30 12:41:39,4,624936731,TapTap,OPPO PEMM20,,['visual_music'],[],"去掉和谐就更好了
",,,1.0
378321,绯色回响,44488048,2025-03-30 02:18:37,1,508610030,坚埃, iQOO Neo7 SE,129660.0,[],"['gameplay', 'operation', 'visual_music']",这游戏抽卡给我当日本人整,1.0,4.0,
378321,绯色回响,44475046,2025-03-29 00:24:10,1,548555929,ss,小米Redmi K40,,[],[],为什么就这一个抽奖池,3.0,,
378321,绯色回响,44462904,2025-03-27 20:28:13,3,567384476,白夜月,小米Xiaomi 14,,[],[],我池子呢？第八章都打完了没见到自选？,1.0,,1.0
378321,绯色回响,44447616,2025-03-26 11:48:09,3,521046167,珺,Vivo IQOO Neo9,,['visual_music'],"['operation', 'gameplay']",立绘是真的特别好，但是资源也是真的特别少，零氪不充就考虑考虑自抽号，或者想想自己能不能肝下去，微氪月卡党建议入坑，谁会拒绝每天上号欣赏自己lp呢,1.0,1.0,1.0
378321,绯色回响,44446413,2025-03-26 09:15:45,4,708544672,小萤火虫，,OPPO A5,,['visual_music'],['gameplay'],16+✘18+✔,,,1.0
378321,绯色回响,44435814,2025-03-25 07:38:20,4,528131723,哈哈哈,Vivo IQOO Z9 Turbo+,,['visual_music'],"['gameplay', 'operation']","💎资源获取：
肝

☄️成长体验：
还好

🃏抽卡体验：
120保底",,,1.0
378321,绯色回响,44430958,2025-03-24 15:29:55,2,647705941,从米粉到米黑需要多少次失望,红魔9S Pro+,,[],"['gameplay', 'operation', 'visual_music']",看快手up推荐的，还在涩涩手游里排第五呢，我特么就这？,7.0,,
378321,绯色回响,44427167,2025-03-24 06:42:14,1,8144379,久日·,红米 K70,,['visual_music'],"['gameplay', 'operation']",新手教程又臭又长，让人没有自主权，没有想玩的欲望,1.0,1.0,
378321,绯色回响,44426438,2025-03-24 04:40:16,1,38314374,远方,红米 K70,,[],[],美术可以，但是吃相太难看了。各种礼包弹脸，活动全是氪金，氪金和不氪金的区别比人和狗的区别还大，人家第二天就1000多万战力你可能100万都没有。零氪pvp奖励基本拿不到，关键pvp还很多。还有一个悬赏的活动人家打七星的，你不充钱就连自己刷到的都要让给人家打。自己可能就只能打个3.4星的。我玩了快一个星期充了500多公会就连活动的据点都没有。因为活动是跨服的，人家充钱多的一个公会占几个据点，你进去就被打。就只能去边缘据点领人家三分之一都没有的奖励。说白了就是通过pvp骗你氪金。我看了下那个活动甚至后面还有自选ur，可是你不充几千千战力根本打不过。氪佬越来越强你的差距越来越大。所以这游戏老服不让进，都开新服又割一波韭菜。,1.0,3.0,
378321,绯色回响,44426177,2025-03-24 03:59:49,2,482694824,灿羽,OPPO A93 5G,,[],"['gameplay', 'operation', 'visual_music']",这游戏也不像是刚出一天两天，但点进去卡池后只出现一个基础池子，这么久了，还能有这种bug，可想而知有多摆烂,1.0,,
378321,绯色回响,44407894,2025-03-22 09:08:24,5,17312754,Lostears,Android 设备,,"['gameplay', 'visual_music']",[],"💎资源获取：
除了副本，其他途径过去的资源有限
立绘不错，其他一般",,,1.0
378321,绯色回响,44400895,2025-03-21 15:08:14,1,39147116,吃榴莲会喷火,Vivo IQOO Neo9 Pro,19080.0,[],"['operation', 'visual_music', 'gameplay']","我说白了，就是二游版少年西游记，换汤不换药，充的越多，战力越高。这个工作室的游戏只会做这样的游戏，兄弟们赶紧避雷吧。如果你是富哥纯热爱，当我没说 。（一坨）
",,1.0,
378321,绯色回响,44397723,2025-03-21 08:53:31,4,632843453,乐子人,Vivo V1829A,,['gameplay'],[],后面的主线还有等级卡关，我现在是卡在了53级，升一级要1万多的经验,1.0,,
378321,绯色回响,44397432,2025-03-21 08:12:15,1,340373885,白茶,小米Xiaomi Pad 6,,['visual_music'],"['gameplay', 'operation']",角色前期会诱导抽奖，然后角色强度要求很高，差距太大了，没容易卡关，玩的很憋屈，这个游戏真不适合想养老玩家，不推荐,,,
378321,绯色回响,44380573,2025-03-19 08:21:15,1,363415046,洛塔克斯特,Huawei Mate 60 Pro,10740.0,[],"['gameplay', 'operation', 'visual_music']",新号抽卡也踏马的一直歪一直沉，滚尼玛吧,,,
378321,绯色回响,44388748,2025-03-20 07:26:29,1,706852812,九兵,红魔9S Pro+,,[],"['gameplay', 'operation', 'visual_music']",福利少的可怜，前期抽的全给垃圾，爆率賊低，角色还被和谐，玩没玩的看没看的,2.0,,
378321,绯色回响,44384592,2025-03-19 18:11:44,2,18112525,原初,iQOO Neo 5,,[],[],"卡的要死，还容易卡退
",,2.0,
378321,绯色回响,44378453,2025-03-19 02:56:04,1,402616665,User402616665,Android 设备,,[],"['gameplay', 'operation', 'visual_music']","

☄️成长体验：
虚假宣传，说新手通关主线多少章就有自选十连，我都通了结果点进去还是只有常驻，浪费我的时间",,,
378321,绯色回响,44373115,2025-03-18 07:21:14,1,111638656,凉冬不忆春时,小米 15 Pro,82920.0,[],"['gameplay', 'operation', 'visual_music']",谢特游戏，不充钱战力纯路边一条，主要是b站宣传图是没有和谐之前的版本，结果上国服直接就和谐了，还没有小开关，不建议入坑，想吃屎最好去steam服，至少那边没有和谐。,,2.0,
378321,绯色回响,44370146,2025-03-17 17:41:17,2,356721982,又见一头狍子,Android 设备,,[],"['gameplay', 'operation', 'visual_music']","不好玩+不好看→大部分玩家不买账→没办法大赚→没钱请好程序员+美术→不好玩+不好看
😏形成闭环",,,1.0
378321,绯色回响,44357913,2025-03-16 07:27:03,1,352333255,馄饨王,小米Xiaomi Pad 6 Pro,,[],[],"腊鸡游戏，打完第三章说是送自选十连，界面也有个自选十连的图标，但是我找遍背包和点遍构建界面所有UI元素（跟着引导点进去），花了十几分钟愣是没找到自选十连藏在哪里。我玩抽卡游戏玩了这么多年，这是第一个让我在首抽之前打差评的。
别的抽卡游戏可能各种缺点，但从没遇到过连抽卡道具都找不到的情况。
而且这游戏第三章最后一关就死的只剩一个残血角色了，主线初期就这么难，感觉是强行逼氪。",1.0,2.0,
378321,绯色回响,44345951,2025-03-15 05:18:44,1,563231861,蓝铁,Vivo IQOO Z9 Turbo,,[],[],不是！我老婆耳朵呢？！,,,
378321,绯色回响,44342869,2025-03-14 22:24:25,1,100073919,筱叶秋凉,Redmi K50 Ultra,,[],"['gameplay', 'operation', 'visual_music']","我在模拟器上玩的，蝶舞59庭院深几许 我可以明确告诉你们抽卡概率绝对被控制了，刚开始出金概率非常高甚至会三金双金，但是后面玩的多了会很非，武器池80%概率不歪的情况下三连歪，这0.8%的概率都能让我碰上，加上之前抽角色氪五百多才抽了三只，连歪（将近七八百抽了），跟开始的欧完全相反（三金两只up），每天把充值界面甩你脸上，是真的饭键的游戏
退游，打听打听你这公司在哪里",1.0,1.0,
378321,绯色回响,44338542,2025-03-14 10:29:14,5,630799939,浮萍,HONOR ALT-AN00,,[],"['gameplay', 'operation', 'visual_music']","有点三国内味了
除了活动和主线那一点，基本没有关键资源钻石的获取途径，byd的垃圾玩意，绯色大舞台，有钱你就来。",,1.0,1.0
378321,绯色回响,44337677,2025-03-14 08:40:53,5,521032257,🐑,Huawei Mate 40E,,[],[],为什么电脑用模拟器能用微信登，这里用不了，刚模拟器上抽到这个,,,1.0
378321,绯色回响,44336093,2025-03-14 05:14:46,5,47348649,超级白菜,华为 Mate40 Pro,,"['operation', 'visual_music']",['gameplay'],立绘好看 ，就是养成分支太多了，而且老角色很难上场，能加强就最好不过,,5.0,1.0
378321,绯色回响,44322291,2025-03-12 19:29:37,2,674977610,各地,小米24115RA8EC,,"['gameplay', 'operation', 'visual_music']",[],更新游戏WiFi更新不了吗，非得要我的流量才能更新。,,,
378321,绯色回响,44316843,2025-03-12 05:04:24,5,592497845,芙芙来喽来喽,Realme Q3 Pro Play,,"['gameplay', 'operation', 'visual_music']",[],上线就送一千抽,,1.0,1.0
378321,绯色回响,44315299,2025-03-12 00:56:37,5,570082697,。,Android 设备,,[],[],哇塞，双up了,,,1.0
378321,绯色回响,44312784,2025-03-11 13:26:09,5,538145517,零介,华为P30,,"['gameplay', 'operation', 'visual_music']",[],"可以入手试试
偏2d爱玩3d的玩家还是算了吧",,,
378321,绯色回响,37212384,2023-08-13 05:58:44,1,50682271,伊尔殇,Redmi K70 Ultra,2033340.0,[],"['gameplay', 'operation', 'visual_music']","2025.3.11
跨服活动全是全服跨，全服，不是片区，是全服，所有区抢一个奖励，什么施舍活动。
而且绝大部分都是跨服活动，你们懂得。
每个月的小活动变少，直接钻石收益下降三分之一以上。
10.18
杀不完的水军，tap甚至攻略都没有。
—
非10w氪以上，别争榜了，氪金力度之可怕，白嫖勉强能玩，被坑3w的小白路过…",4.0,9.0,
378321,绯色回响,44302835,2025-03-10 07:45:22,2,414700596,明日安在？,Vivo IQOO Neo6 SE,,[],[],立绘做得天花乱坠，打斗建模全是大头娃娃，战斗玩法全靠自动，玩得犯困,,1.0,
378321,绯色回响,44301860,2025-03-10 05:15:49,3,23549754,陌♪名,iQOO 8 Pro,,[],[],卡死了能不能优化下！！！！,,,
378321,绯色回响,44297107,2025-03-09 12:27:39,1,20292578,枫梳烟沐,小米13,,[],"['gameplay', 'operation', 'visual_music']",垃圾游戏  体验极差  说好的通关自选十连结果毛都没有垃圾,,,
378321,绯色回响,44293013,2025-03-09 05:14:15,2,432194288,天启,小米Xiaomi Pad 6 Pro,,[],[],为什么我收不到验证码？,,,
378321,绯色回响,44279011,2025-03-07 20:28:49,2,15077912,含灵巨贼,小米Xiaomi Pad 5 Pro,,[],"['gameplay', 'operation', 'visual_music']",新区完了不到半个月小氪了几百然后两三百抽要的就出了三个，你充钱的次次小保底，一次就0.4的几率，这游戏不高星没什么用，相反不充钱的反而会各种十连双出三出的，七八百抽充钱的不会有一点运气好的可能，建议各位别充钱，充了钱没什么用。,1.0,2.0,
378321,绯色回响,44278594,2025-03-07 17:47:21,5,343803130,陌上如玉,Xiaomi Redmi K60 Ultra,2280.0,[],[],有人说这是伊甸园的骄傲2？是这样的嘛？,,,
378321,绯色回响,44277043,2025-03-07 14:18:53,4,412779818,Flowersssss,Android 设备,33420.0,"['operation', 'visual_music']",['gameplay'],太多活动了，应该少点简单点,,,
378321,绯色回响,44276579,2025-03-07 13:28:07,1,2186101,Space maker,OnePlus 10T,,[],[],讲个笑话，自选10连无抽卡界面。抽卡显示出奥黛丽，结果秒变vv。就连vv的结算画面都是奥黛丽！两姐妹合体无敌了！,,3.0,
378321,绯色回响,44272213,2025-03-07 04:12:44,4,656372068,琴柳风,iQOO 8 Pro,,"['gameplay', 'operation', 'visual_music']",[],前面还好后面就无聊了,,,
378321,绯色回响,44269373,2025-03-06 16:16:28,1,681453659,时快时慢,Vivo IQOO Neo9S Pro,4380.0,[],"['gameplay', 'operation', 'visual_music']",不是这个游戏角色怎么还缺失啊，我主角在里面也找不到,,1.0,
378321,绯色回响,44262390,2025-03-06 03:13:09,5,362440232,血煞風雲城,Vivo IQOO Z9 Turbo+,,"['operation', 'visual_music', 'gameplay']",[],刚回归就双金太爽了,,,1.0
378321,绯色回响,44259686,2025-03-05 15:38:57,5,51787644,-心死意绝-,iOS 设备,,[],[],"good,就玩吧，一玩一个不吱声
",,1.0,
378321,绯色回响,44253707,2025-03-05 04:22:09,5,706413884,勿忘我,Android 设备,,"['gameplay', 'operation', 'visual_music']",[],"不管是游戏画面还是角色都很好
",,,1.0
378321,绯色回响,44251408,2025-03-04 18:23:46,1,389882417,曙光小羊,Android 设备,,[],"['visual_music', 'gameplay', 'operation']",没玩过这么抠搜的抽卡游戏，爆率还低，打广告说的是成人游戏，一打开角色穿的这么多，战斗无聊而且好不容易熬到跳过，还三关里面有一个不准跳过，主页混乱，完全玩不下去,,1.0,
378321,绯色回响,44235999,2025-03-02 19:14:06,1,588995473,心动予与端阳,Huawei Nova 10,,[],[],刚回归，渠道服是不是废了，有人知道之后的角色为什么我图鉴上一个都没有，怎么好像还是开服时的样子,4.0,17.0,1.0
378321,绯色回响,44234377,2025-03-02 14:46:25,2,839462,欧阳周阳,Redmi Note 12 Turbo,,[],[],绷不住了，没有扫荡的游戏战斗加速得充钱买，然后活动福利，全部通关的奖励加起来＝1抽😂比米哈游还扣啊，你们多吃点，我撤了,,4.0,
378321,绯色回响,44225017,2025-03-01 18:01:17,1,420635676,边境,一加手机Ace 3,,[],"['visual_music', 'gameplay', 'operation']",新手福利扣扣搜搜，新手教程时间太长，而且是强制的，并且刚开始玩，资源全给，等级升级到上限，前面新手关卡难度直接上升，随便一个平A就打了三分之二的血，人物技能伤害还不如普通攻击，玩的很憋屈,,,
378321,绯色回响,44223654,2025-03-01 15:19:31,4,67067389,閑魚飛天,Redmi K70 Ultra,,[],[],国服布料太多了，还是国际服好,,,
378321,绯色回响,44220557,2025-03-01 10:30:33,3,679855287,iswhy,Vivo S19,,"['gameplay', 'visual_music']",['operation'],纯新手，谁能告诉我，这种情况的运气好不好？,1.0,,
378321,绯色回响,44217321,2025-03-01 05:22:49,3,111968527,噗叽噗叽,Huawei Mate 50,,"['gameplay', 'visual_music']",['operation'],"玩了两天，画面立绘玩法，都是中规中矩的水平
评分略低，应该是抽卡福利和人物福利的原因吧
总体还是可以玩玩的",,1.0,
378321,绯色回响,44204883,2025-02-28 01:10:16,2,2794442,Super Monster,小米24117RK2CC,2520.0,['operation'],"['visual_music', 'gameplay']",涩涩方面不如国际服/台服一根，个个穿棉袄，其他也没啥可玩性,,,
378321,绯色回响,44199780,2025-02-27 08:19:03,1,62979217,温戾,华为 nova 6 5G,,[],[],客服相当于没有，出问题全赖你身上,,2.0,
378321,绯色回响,44194164,2025-02-26 13:48:51,5,668506836,。,红米 K70,,[],[],养成挺容易的，也不容易歪，为什么有这么多差评,1.0,2.0,2.0
378321,绯色回响,44191309,2025-02-26 07:12:54,2,8232471,余烬,Android 设备,,[],[],没绷住，没看懂新手送啥了，邮箱里面送的两个折扣卷上来就让你氪金，虽说两三块不多，就是这吃相是真难看。送了个什么十连要先过第五章才能用，就等于什么都没给，拿头硬玩，第三章送个什么自选十连，哎哟我，更是厉害，新手就四个人打对面六个，6666。逆天游戏。,,5.0,
378321,绯色回响,44190041,2025-02-26 03:45:20,1,9930854,手机用户9930854,iPhone 15 Pro,,[],[],只能说 16+还是和谐太多了，比起国际服来说，真的就是史比细糠了，实在不行改成 18+吧，真不想看和谐的了(╥﹏╥),3.0,14.0,
378321,绯色回响,44189159,2025-02-26 01:29:57,3,506962568,小橙七点,Honor Magic3 Pro 5G,,['operation'],"['gameplay', 'visual_music']","资源获取：途径很少，如果推主线，越到后期能拿到的钻石越少，大概每天3-4抽的样子，充值的窗口过多，经常有充值界面弹出，各种所谓的福利基本都是氪金，活动较为单一，能得到的也不是很多。
游戏内容：跟明日方舟差不多，但缺少方舟的可玩性，SR与SSR卡的数值差距有点大。玩久了容易腻。

",,1.0,
378321,绯色回响,44188184,2025-02-25 17:57:33,3,7889861,©飘~ぐ零＆№,Android 设备,1611480.0,['visual_music'],"['gameplay', 'operation']",不是哥们，tap签到还能砍奖励的啊？各种砍，签到半个月最后一天拿个一抽？之前都是三抽😅，你还是快点似吧,,1.0,
378321,绯色回响,44186379,2025-02-25 13:15:45,2,566952539,落雪,Vivo V2156A,18060.0,[],[],六百六十六 新手限定还必须花钱抽呗,1.0,1.0,
378321,绯色回响,44184854,2025-02-25 09:35:16,5,3964691,つ北斗。,Redmi K40 游戏增强版,,"['gameplay', 'operation', 'visual_music']",[],我也要晒图,,,2.0
378321,绯色回响,44180929,2025-02-24 20:14:03,2,126939236,尘.,Black Shark 5,,[],[],说些实话都是为了角色立绘去的不充钱白嫖就完了但是一打关碰一下就闪退不知道是我手机老了还是纯属bug,,,
378321,绯色回响,44174419,2025-02-24 02:06:14,5,360978313,User360978313,Vivo IQOO 13,,[],[],官方能不能修复一下，老是返回主页面会卡顿，真的太难受了😅,,1.0,
378321,绯色回响,44174124,2025-02-24 01:11:05,5,7781740,肆风,Vivo X80,1200.0,[],[],什么时候新区,,1.0,
378321,绯色回响,44169868,2025-02-23 10:41:13,5,22372008,一只咸鱼而己,iQOO 9,44340.0,[],[],原本是不想评价的，这样我很难办啊,,1.0,1.0
378321,绯色回响,44173629,2025-02-23 21:22:04,1,332906712,桜椛之恋塚,Redmi  K70 Pro,,[],[],勾石一般的新手教程,,1.0,
378321,绯色回响,44171210,2025-02-23 13:09:07,4,604663598,愚人众第12席,Vivo X9s,,"['visual_music', 'gameplay']",['operation'],"立绘可以的钻石给太少爆率低小保低我基本没中过专武，别看他是80%跟50%差不多比较脸黑的40抽不一定出专武UR跟ssr差距也是非常大建议抽UR不要浪费钻石抽SSR
🃏抽卡体验：
💎资源获取：",3.0,16.0,5.0
378321,绯色回响,44163883,2025-02-23 01:30:05,5,643562153,纯洁,Vivo V2048A,25080.0,"['gameplay', 'operation', 'visual_music']",[],"非酋吃满了。
💎资源获取：
福利送的多。
☄️成长体验：
直接跳过的，好吧。
还是那句话。刷时长",,1.0,1.0
378321,绯色回响,44160026,2025-02-22 14:00:49,5,554968717,流云雪,华为Nova 4,,"['gameplay', 'operation', 'visual_music']",[],说实话吧，客观评价，立绘很好看，很瑟，但是也没有很过分。很氪，但是零氪也能玩，当个图鉴收集游戏很有成就感，不要太在意强度就行。,,1.0,
378321,绯色回响,44149183,2025-02-21 18:34:31,1,558349169,小顾不睡觉,iPhone 13 Pro,,[],[],垃圾爆率一直歪，tap上签到活动也出问题签到完不给礼包码的,,2.0,
378321,绯色回响,44148860,2025-02-21 17:27:59,4,559251059,千,小米Redmi 9A,,[],[],一醒来天塌了，号没了,,,
378321,绯色回响,44122219,2025-02-19 05:42:05,2,441192160,轻语TVT,Android 设备,,[],"['gameplay', 'operation', 'visual_music']",被诈骗了，兑换码给的东西太少了花100多买了个寂寞,,2.0,1.0
378321,绯色回响,44118097,2025-02-18 16:45:55,1,704919015,超菜的策略大神,iPhone 12,,[],[],垃圾 一直闪退,,2.0,
378321,绯色回响,44088686,2025-02-15 11:18:25,5,699355053,坚定的设计师,iOS 设备,,[],[],"好玩，爱玩，下次还玩
",,,
378321,绯色回响,44084268,2025-02-15 02:53:59,5,552222505,污龙茶,iPhone 13 Pro Max,,[],[],有战斗有养成，纯纯的数值小爽游,,,
378321,绯色回响,44077535,2025-02-14 06:16:01,1,55836636,千珏ˇ,Android 设备,1140.0,[],"['operation', 'visual_music', 'gameplay']","首先玩法没意思，其次角色也没有太吸引人，感觉好像人物比例怪怪的，但是！这些都是个人的感觉，就不算这些的影响，这游戏的福利才是最绝的
    首先是第一个，抽十次十连然后选一个十连，但是要主线打完第三章才能开始抽，这十连没有一次双金，不知道是运气还是设定，最绝的是想要领这一发十连，还需要你主线打完第七章，真的给我看笑了
然后这游戏的输入体验也贼离谱，刚开始输入手机号我就感觉怪怪的，输进去了显示顺序是乱的，然后我删了准备重新输，结果收起输入框发现手机号还在那里，输入名字更是一绝，一开始里面有一个神秘的星火，我以为是底字就没管，删了之后输入，结果点确定的时候发现那几个字还在那里，我输的名字就一个字进去了，贼好笑，然后改名字还要一抽的资源
总之就是扣扣搜搜的，没啥好说的",,7.0,3.0
378321,绯色回响,44070079,2025-02-13 08:03:22,3,322552486,海的地平线,Redmi K60,,[],[],"前期质量和后期质量差了不只一点，福利也是
",,,
378321,绯色回响,44068301,2025-02-13 04:22:07,5,668128106,Sakura,Vivo V2156FA,,"['gameplay', 'operation', 'visual_music']",[],角色很漂亮，UP池也很容易抽到，爆率高🙃,,,1.0
378321,绯色回响,44061031,2025-02-12 08:08:01,1,20246520,苏梓璎,Android 设备,,[],"['gameplay', 'operation', 'visual_music']",什么辣鸡游戏，次次保底不说，还歪，一堆氪金点，主线一大堆推不完，碾压局打boss关还不让跳。还有送的ssr有毛用？都是用UR的，数值差距老大了，一堆ssr和sr有啥区别？,,,
378321,绯色回响,44050354,2025-02-11 08:04:41,1,610374807,111,iPhone 7,,[],[],能不能重视一下闪退问题 为什么ios总是闪退 玩不到两分钟就闪退一次 真搞人心态,,,
378321,绯色回响,44048343,2025-02-11 04:16:13,1,699041889,卡哇伊,华为HBN-AL10,,[],[],又肝又氪，非洲人民退避,,,
378321,绯色回响,44034167,2025-02-09 12:33:00,1,525606961,憨太狼,荣耀 50 SE,,[],[],第五章点进去就闪退6666,,1.0,
378321,绯色回响,44024172,2025-02-08 11:34:38,4,73515088,ぬ天师府-张陵ぽ,OPPO Reno13 Pro,,"['gameplay', 'visual_music']",['operation'],太肝了，福利不到位，各大软件上的评分并不高，满分10分能给到5.5,,,1.0
378321,绯色回响,44011161,2025-02-07 05:51:40,1,485923804,我是马🐴牛🐮B,Vivo IQOO Pad2,,[],[],"这个和黄油我选黄油

",1.0,,
378321,绯色回响,44007958,2025-02-06 17:32:40,1,11802479,梦牵魂,Android 设备,,['visual_music'],['gameplay'],好久没玩过这么无聊的游戏剧情了。玩法也是照抄没有一点改动可操作的地方太少了。画质什么还行，但是真心不要玩，差点给我玩睡着了,,,
378321,绯色回响,43998216,2025-02-05 18:45:38,3,642872832,龍少,华为 Mate 30,,"['visual_music', 'gameplay']",['operation'],"没得说绘画都很不错 ，但是卡池很黑，三个号，110～130抽才出一个ur，福利的话，一个活动最多能获得23抽（这是懒的人）勤快点的话，最多能换个30抽，整体上还不错。

☄️成长体验：
但是这个成长经验我就得说一下，你前期升的等级没什么问题，但后期升的等级非常非常慢（基本一周或者四五天才升一个等级），而且你等级升不上去，连主线都打不了",,,
378321,绯色回响,43993722,2025-02-05 09:44:16,3,663327336,666,Vivo IQOO Neo9 Pro,,"['operation', 'visual_music']",['gameplay'],"怎么说 
玩法有点单一了，后面每天就领点东西就下了",,1.0,
378321,绯色回响,43982887,2025-02-04 07:43:41,1,702220985,埃里个洞,小米Xiaomi 12S Pro,,[],"['operation', 'visual_music', 'gameplay']",这游戏一点都不建议如坑，完全就是大坑，700抽抽不满一个角色，概率低的离谱，说的2%，但我感觉不到1%，游戏玩法枯燥无味，就有些角色的图片好看一点，但是根本不如同类型的其他二游,,,
378321,绯色回响,43808007,2025-01-19 04:50:36,3,650570371,青川,OPPO A系列,,"['visual_music', 'gameplay', 'operation']",[],天天不是保底就是保底，小保底没一次是出up角色，全歪😁,,,
378321,绯色回响,43979033,2025-02-03 18:59:12,1,449086093,无趣,iPad Pro (11-inch) (2nd generation),,[],[],抽卡坑到地狱18层，180抽伙伴，歪2个，中一个。70抽武装，3个全歪！！删游戏，充值给你全家吃药,1.0,,
378321,绯色回响,43977200,2025-02-03 14:49:20,2,6652186,懒懒青草,Vivo V2131A,3300.0,['visual_music'],"['gameplay', 'operation']",例会没得说，但是fhx就超麻烦了。你那东西真的是又臭又长又麻烦,,,
378321,绯色回响,43954713,2025-02-01 11:51:47,4,555909692,夏死我了,Android 设备,,"['gameplay', 'operation', 'visual_music']",[],吃了我两个号，都是两三百万效能的，但没吃我大号，也算给我减轻负担吧(╥_╥)现在肝习惯了，感觉一天不肝就难受。它是一个养老游戏，所以就我一个人玩。玩了300多个小时，我只能说：“太好玩了”,6.0,3.0,2.0
378321,绯色回响,43948051,2025-01-31 18:53:10,3,425025396,User425025396,iPhone 15 Pro Max,,[],[],活动迭代太慢了，来来回回就那几个,1.0,,
378321,绯色回响,43945865,2025-01-31 14:09:08,4,469577033,小夜,Vivo IQOO Z6x,,"['gameplay', 'operation', 'visual_music']",[],很喜欢 我很喜欢立绘和角色😋😋好多角色都可以抽到 抽奖爆率也高👍👍,2.0,1.0,
378321,绯色回响,43914998,2025-01-28 06:18:54,4,35051320,手机用户35051320,iPhone XS Max,,[],[],还行吧，就是皮肤贵了点。,,,
378321,绯色回响,43911832,2025-01-27 17:44:14,4,577646185,介么取名这么难啊,Android 设备,,"['gameplay', 'operation', 'visual_music']",[],像越玩越上头的小游戏但是r16,,,
378321,绯色回响,43911482,2025-01-27 16:46:42,1,595772262,LLDD,红米 K40 Pro,35220.0,['visual_music'],"['gameplay', 'operation']","💎资源获取：
极差，前期开荒结束基本就没有钻石获取途径，一天白嫖党开荒都只有5000左右。一章170钻，每60星50钻。玩了5天，第5天就只有1500钻收入，还是有俩个活动，没活动我都不敢想会惨。

🃏抽卡体验：
极差，保底120抽，一个10连1500钻，一个UR要18000钻，要几天才能肝到一个UR。另外UR换代快，7天一个好像，一个比一个强，0星到7星要12只。啧啧，只有氪佬才有那种实力，12只每只120抽保底，一只1万8千钻，那就是21万6千钻，每天最多1000(开荒期每天5000左右，包括各种礼包，日常100，副本170一章，有等级限制，竞技场第一都只有88钻每天)，看B站上一个up主半年一个5星的UR。

🌃画面音乐：
这个不如隔壁交错，但还行。

✍🏻建议：
资源太少，抽卡还容易歪，做个活动还抠，一个活动900钻，抽个UR保底120抽，1万8千钻，你就肝去吧，一肝一个不吱声。
氪佬随意，白嫖党建议赶紧跑！！！",3.0,2.0,
378321,绯色回响,43902009,2025-01-26 19:52:25,2,505704312,李三,iPhone 13,,[],[],不是哥们咱多优化优化行不，玩不到五分钟就闪退，每次都是干啥没干完就闪退了。好好优化优化吧。,,,
378321,绯色回响,43899623,2025-01-26 14:29:56,2,360064447,Tic,HONOR 100,,[],"['gameplay', 'operation', 'visual_music']",差到爆炸，以前玩过后来忘记为什么卸了，刚回来还得走一遍新手教程，墨迹得很，巨烦躁，新手关肯定要赢你搞那么墨迹做什么，脑子抽了？？？？？？？,,,
378321,绯色回响,43890259,2025-01-25 18:08:32,2,677593514,一命通关的运动达人,iOS 设备,,[],[],ios一天不闪退个两三回都算奇了怪了,,,
378321,绯色回响,43855140,2025-01-23 04:10:39,4,319665405,ちょうさん,OnePlus Ace 2,,[],[],"有一说一有bug难道不应该修吗，我打完第四章了那个自选十连一直提示我可以抽，结果点进去根本没有自选十连，我还把普通池当自选十连抽了二十发，找客服客服也像个人机一样，一直叫我升到三十级，我就绷不住了，你真是三十级出自选十连这个功能你放这么大一个手和新在抽卡池上面是个什么意思😅
1月24日修改
连出两个彩好玩😋",,2.0,2.0
378321,绯色回响,43875294,2025-01-24 13:02:43,3,679029631,喜,小米Redmi 9A,,['gameplay'],"['operation', 'visual_music']",不如关服的战火使命,,5.0,
378321,绯色回响,43874610,2025-01-24 12:06:12,1,348342527,张国鑫,OPPO PEAT00,,[],"['gameplay', 'operation', 'visual_music']",我想问问我登个账号发验证码为什么就是发不过来呢,,,
378321,绯色回响,43868717,2025-01-24 04:00:46,5,678288465,y y y,iPhone 11,,[],[],立绘好看福利也还好,,,1.0
378321,绯色回响,43853177,2025-01-23 01:37:59,5,427318754,陆,OPPO R15梦境版,,"['gameplay', 'operation', 'visual_music']",[],"返场八云，求求了
😁

💎资源获取：
简单",,,
378321,绯色回响,43852550,2025-01-22 23:50:36,1,23645955,＊* *,OPPO Reno12 Pro,,"['gameplay', 'operation', 'visual_music']",[],新手保护期一过就是次次拉满直接给我来个五连歪,,,
378321,绯色回响,43852313,2025-01-22 21:52:43,4,699175287,我要玩黄油,华为荣耀8青春版,,"['gameplay', 'operation', 'visual_music']",[],好玩是好玩，就是太肝了(如果你想每个卡池都抽)，而且皮肤有点费钻石，兑换次数有限制，能不能改改啊。,,,
378321,绯色回响,38300702,2023-11-14 07:23:14,3,11085440,曾经拥有 天长地久,Vivo IQOO 12,,[],"['gameplay', 'operation', 'visual_music']",求作者不要改成和谐版本，真的一点都不好看，无论是国际服还是台服，玩着都还可以，可是一搬到国服，除了人物立绘各种遮挡，就连各种氪金也是层出不断，福利更是少的可怜，玩着就给人豪无诚意的感觉，除了氪金还是氪金！,3.0,1.0,1.0
378321,绯色回响,43843452,2025-01-22 06:21:22,1,697640241,、,Huawei Enjoy 10,7920.0,"['gameplay', 'operation', 'visual_music']",[],不知道为什么，我都玩到第七章了还没有限定UP池,,1.0,
378321,绯色回响,43842885,2025-01-22 05:31:51,2,449714929,平凡的天使,Vivo X20,,[],[],我不说什么就是这个自选十连怎么感觉我点这个卡是进去就一个池子呢,,,
378321,绯色回响,43834221,2025-01-21 11:07:05,5,415769514,☁️,iOS 设备,,[],[],连金+双金爽。🌝💅,,,1.0
378321,绯色回响,43805509,2025-01-18 20:16:04,1,39870662,zoe,Android 设备,98220.0,[],"['gameplay', 'operation']","布什哥们，你游说好的40概率当期up，我怎么连歪10次啊😅

🃏抽卡体验：真一坨
",,,1.0
378321,绯色回响,43800084,2025-01-18 09:31:08,5,444746587,懒,华为 荣耀30S,,"['operation', 'visual_music', 'gameplay']",[],角色很好看，游戏也很好玩！推荐大家玩，，但是保底歪的需要200多抽,,,
378321,绯色回响,43787756,2025-01-17 07:41:50,5,697254497,善良的卡牌玩家,iPhone 14 Pro Max,,[],[],还行吧现在大保底120还可以接受,,,
378321,绯色回响,38368006,2023-11-20 15:58:27,3,441569237,七生符,Android 设备,,['visual_music'],"['gameplay', 'operation']",立绘配音方面可以，游戏性不太行，当副游的话能玩,,2.0,49.0
378321,绯色回响,43770247,2025-01-15 17:14:26,3,70104735,天真珈百璃,Vivo V1941A,322680.0,[],[],什么时候把pc端弄上来，国际服都上steam了。更清晰喵,1.0,,
378321,绯色回响,43768839,2025-01-15 14:47:27,1,61370550,真月,华为P30 Pro,,[],"['gameplay', 'operation', 'visual_music']",并没有免费十连，也没有特殊之处，各种挺希望充钱的提示。,,,
378321,绯色回响,43747295,2025-01-13 15:22:03,1,125973777,无聊之人,Vivo IQOO Neo10,,[],[],能玩 就是优化好差  真是服气 点一下 卡一下 ,,2.0,1.0
378321,绯色回响,43745738,2025-01-13 12:54:22,1,435762163,.hhhhhh,Redmi Note 12 Turbo,,[],"['gameplay', 'operation', 'visual_music']",什么fw引导，打完第三章之后点自选，居然没有自选的卡池？？？,1.0,3.0,
378321,绯色回响,43743077,2025-01-13 08:15:07,2,539608977,omy6m2vmt,iPhone 14 Pro,,[],[],出货率是还行，但是一个角色要抽十个本体才能拉满啊。拉满了角色又要拉更难拉满的专武，又要拉装备，还有圣遗物。养成巨困难，剧情巨敷衍，战斗又巨无聊。如果想玩可以提供情绪价值的二游，比绯色回响更好的选择有很多。结论就是建议别碰。,,2.0,
378321,绯色回响,43742385,2025-01-13 07:00:26,1,59153967,风致,Android 设备,,[],[],垃圾，进去强控让你过主线章节，然后赠送的福利也要等你过好几个章节才能给你，奔着瑟瑟的人物立绘去的，结果就是你章节不打到一定位置你连瑟瑟人物的卡池都见不到，送你十连抽但是卡池要等你打一个小时主线才能看见哦，纯一坨屎，浪费时间,,,
378321,绯色回响,43737346,2025-01-12 15:50:48,3,567542329,Y.,Vivo IQOO 11S,,[],[],自选在哪里，为啥一点进来啥都没有，而且仓库也没有道具,,,
378321,绯色回响,43727819,2025-01-12 01:12:56,1,565192658,玖,华为荣耀畅玩6X,,"['gameplay', 'operation', 'visual_music']",[],真服了，下了，删了以后再下回来就进不去,,1.0,
378321,绯色回响,43713175,2025-01-10 17:51:30,3,55653096,手机用户55653096,iPhone 11,,[],[],欧了这两次之后，能给我歪到妈都不认识,2.0,1.0,
378321,绯色回响,43712748,2025-01-10 16:42:38,1,71402176,陈,Huawei Mate 60 Pro,,[],"['gameplay', 'operation', 'visual_music']","我本身是一个不爱写评论的人，但我是真的被官方的逆天操作弄破防了，玩了一天直接给劝退
首先就是神金的抽卡，官方说的给自选十连和多少多少抽，到了游戏里是得让你通关第四关然后在继续推图才给的，最开始通关第四章后没有自选十连我以为出bug查了一下才知道得到20级，这里说一下20级之前是只有一个卡池的差不多是常驻池保底是50必中一个ssr，然后通关哪关来着还会解锁每日十连，我到了20级以后刚想去抽结果一打开出来了一堆ur卡池，合着我20级之前抽的都打水漂了呗，然后你抽完一共7个自选十连以后还是不会给你的你还得通关第七章才能在7个里面选一个，我是真的无语了不想给直说呗，然后不知道是不是我的运气问题每次ssr都保底，极其非
其次就是战斗方面这游戏的sr和r就是一群没用的东西在战斗时和ssr比同一等级同一装备差出将近10倍的攻击，游戏里还有许多大大小小的问题在我看来这款就是个半成品官方用来圈钱的工具
最后就是皮肤方面，原本不想说的毕竟皮肤想买就买也没强制，但是我想和喜欢的女角色契约获得契约皮肤居然还得花128块钱去买并且我没找到任何获取渠道
最后的最后希望你游早点关服别做些妖魔鬼怪出来祸害人了😅
",16.0,15.0,1.0
378321,绯色回响,43702728,2025-01-09 16:21:07,3,109797099,流失声,Redmi K50 Ultra,181320.0,[],"['gameplay', 'operation', 'visual_music']","玩了有快一个月，也给冲了个大小月卡，总体来讲就是平平无奇，新的卡永远比旧的卡厉害，UR也大多都比SSR要猛，也不存在什么阵容需要特别费心的去搭配，无脑前排上新出的肉后排输出，UR和氪金的往上堆就行了。越战也越不了多少，都是用的那几个人物。人物角色之间也没啥可以讲的配合。
💎资源获取：九分 资源给的还可以，零氪想攒抽卡的水晶也是挺好攒的，想搞战力那几个乱七八糟的活动做也能得很多东西，但想上排行榜不氪金很难
☄️成长体验：两分 总体就是刷图，然后那些来回都是那几样的活动，还是刷。想玩战力光刷图还根本没用，还得克
🃏抽卡体验：八分 抽卡倒是很良心，所有的新的角色60多差不多就抽到，歪的概率感觉也不大，我就歪过一次
🎮可玩性：两分 刷图，刷图，活动也是刷图，点意思没有 剧情也就那样，一般。
🌃画面音乐：五分 画面还可以，角色做的也还算不错，但就是平平无奇，即使有点h也是平平无奇
🔖运营服务：五分 没感觉有什么良心的活动，还来回就是那些东西，处处都是氪金
✍🏻建议：建议养老玩或是氪金玩。平民玩挺耗时间还没啥成就感。二游的通病，毫无新意
刷图养成游戏，都是那样，不如玩个喜欢的漫改游戏，至少还能有点收集的成就感。
",,2.0,
378321,绯色回响,43693071,2025-01-09 00:03:17,1,580167959,桃花遇到春雨,Android 设备,,[],"['visual_music', 'gameplay', 'operation']",垃圾游戏，完全是在浪费时间,,2.0,
378321,绯色回响,43692761,2025-01-08 20:56:59,2,64706093,阙邪,华为JAD-AL80,,[],"['operation', 'visual_music', 'gameplay']",新手教程又臭又长还没加速,,1.0,
378321,绯色回响,43692282,2025-01-08 17:32:49,5,678429672,春风从不入睡,Vivo X100,,[],[],我玩的时间不长，但游戏还可以啊，不清除差评为什么多，有没有大佬细细说，立绘好看，剧情比其他的二游差，可能我是竞技游戏玩家，不喜欢剧情，纯因为打竞技弘文，来二游降温,1.0,,1.0
378321,绯色回响,43690700,2025-01-08 13:57:36,1,404042024,jkallaks,Vivo V2203A,,[],[],"账号说没就没
",,1.0,
378321,绯色回响,43681657,2025-01-07 12:16:49,3,566180003,暮灬冬, iQOO Neo7 SE,,"['gameplay', 'visual_music']",['operation'],它的返回键有点卡，然后我感觉我每次抽卡都是保底出，而且很难攒钻，体力用很快,2.0,,
378321,绯色回响,43679058,2025-01-07 06:31:45,2,17989642,福瑞才是最棒哒,Redmi K70 Ultra,,['visual_music'],"['gameplay', 'operation']","两星防折叠，如果你看到这条评论，你还没玩但打算入坑啊，我建议你赶紧跑，又肝又氪
他解锁对应的养成道具啊，需要升级，解锁这些up池也要特定等级，然后解锁对应角色的专属武器池也要特定等级，乍一看没啥问题对吧，但是他卡等级，正常来说，你一个新的自建号，要玩到九天才能把这些7788东西解锁完，这个时候他开的这个up池已经快结束了，然后他一个月正常来说，他会开2到3个up池还都是ur的，如果你不氪金，你这个本体就抽不全，如果你氪金，你还是会因为卡等级抽不全，这就是恶心的地方，关键他这些副本全部都是，战力只要碾压，就能一路平推，除了副本以外，没有任何可以玩的东西，竞技场那是富哥们玩的东西，这个没有什么好评价的，然后就是服务器的卡顿，我这个手机，他点进抽卡或是返回主页啊，他都会卡
反正我是玩了九天，赤石吃了九天，如果你是因为蛇蛇来玩的呢，我也不建议，毕竟市面上蛇蛇类型的游戏好玩的也有",2.0,1.0,
378321,绯色回响,43674892,2025-01-06 14:35:17,1,569448045,同性风格,Android 设备,,['visual_music'],['gameplay'],无聊得不能再无聊的游戏，玩了几天你就会发现，这游戏浪费了几个G的流量,,,
378321,绯色回响,43672049,2025-01-06 07:45:13,5,453907336,哈哈娣,小米24117RK2CC,,"['operation', 'visual_music', 'gameplay']",[],"我是二次元游深度玩家😍
单这动态立绘，我就可以打满分✓
这个游戏有很多活动、宿舍升级等都很好玩。除了有点肝，需要花很多时间去升级。
但、总体来说，还是很好玩的。我很喜欢这里的老婆们😍 。",,6.0,2.0
378321,绯色回响,43671387,2025-01-06 05:43:20,5,117516861,狂奔的蜗牛,Android 设备,,"['operation', 'visual_music']",[],怎么说呢，就是很大🥵,,,
378321,绯色回响,43670292,2025-01-06 02:32:23,2,45262019,颜有缺,小米Xiaomi 14 Pro,,"['gameplay', 'operation']",[],"多一星给立绘
很商业的游戏，明明白白的告诉你要什么花钱买就好了
大多数活动不掏钱永远肝不最终奖励，补领体力和买没太大差别，想跟上节奏体力就必须得买
有誓约婚纱皮肤，但玩儿了几天下来没发现除了买之外的誓约戒指获取渠道，而且是直购，对没错，不是充值货币购买，是直购，也就是说128买张动图无任何折扣
无聊且混乱的战斗系统，ur就代表了断层，别管是啥，别管技能，因为基础属性就可以碾压了
优化像一坨，只要返回主界面必然会卡
混乱且无聊的剧情，你都没兴趣知道这游戏的主题是讲什么，不伦不类，拿着主pve的题材还老是让玩家花pvp的钱
总结：就一涩图模拟器，几天开个新服割一波韭菜，估计什么时候割不动了就跑路了",,22.0,2.0
378321,绯色回响,43665496,2025-01-05 10:08:43,4,409186134,欧杨,小米23090RA98C,,[],[],"礼包码怎么卡没了？
",,,
378321,绯色回响,43658857,2025-01-04 15:36:46,1,31958104,手机用户31958104,三星Galaxy S20 5G,,[],[],优化是真的不太行，我俩手机玩都会时不时卡顿，内容我不是剧情党，表示无所谓，人物角色没毛病，但是！没资源！没资源！没资源！连着出 ur 池子！连着出了六七个了！我们玩家的钱是大风刮来的吗？！吃相太难看了吧，资源获取又难，听我句劝，进游戏就养老，别氪，就白嫖，慢慢嫖，该有的早晚都会有，别急，急了就是氪完了还生闷气，听劝兄弟们！,,1.0,
378321,绯色回响,43654094,2025-01-04 07:55:41,5,461223717,晚霞,HONOR ALP-AN00,,[],[],其实还好 一个10连出两个UR,,1.0,
378321,绯色回响,43648571,2025-01-03 16:23:15,2,408585142,TDZS,小米Redmi K40,,['visual_music'],"['gameplay', 'operation']",我觉得up池可以改为120抽内出了，抽了5个up，全是110左右出的，剧情关卡还得一个个点跳过，服务器也卡😒,,,
378321,绯色回响,43647370,2025-01-03 14:17:22,5,16428956,阿帕,Android 设备,,"['operation', 'visual_music', 'gameplay']",[],这款游戏有一说一，立绘深得宅男之心，目前最好的宅男游戏？如果说玩法，现在市面上的卡牌游戏都差不多，所以，出于宅男之思路，这款游戏是首选，再无其他,,1.0,2.0
378321,绯色回响,43645361,2025-01-03 10:32:21,1,379731685,00,iOS 设备,,[],[],开头看到少年工作室我就明白了一些内容再进去体验了大致的玩法。豁！原来是少年三国二的换皮啊！直接给我换皮成二游了啊！想体验的直接去玩少年三国志二你会明白一切的孩子👌,,,
378321,绯色回响,43644774,2025-01-03 09:20:14,1,646486985,wyr,Nubia NX721J,,[],"['visual_music', 'gameplay', 'operation']",上来就强制看那个劣质小动画，无聊,,,
378321,绯色回响,43642180,2025-01-03 03:45:22,1,19395003,观笙,华为 Mate40 Pro,,[],[],为什么通关第三章之后，点击十连进入是这个页面，请问，我的十连呢？,3.0,,
378321,绯色回响,43631056,2025-01-01 21:27:43,1,327315553,秋凉墨笙,Vivo IQOO Z6x,540.0,[],[],完成4章了，也没看到十连在哪，就一个卡池，玩不下去，bug都这样了，拜拜,4.0,,
378321,绯色回响,43630634,2025-01-01 18:01:55,1,566694897,不是花火,小米24117RK2CC,,[],"['gameplay', 'operation', 'visual_music']",这破游戏跟没做好就出来圈钱希望的，做的稀烂，大便一托，体验差到离谱,,,1.0
378321,绯色回响,43326334,2024-12-11 19:09:02,5,606263424,屮屮43,Android 设备,127620.0,"['gameplay', 'operation', 'visual_music']",[],一点不也肝 福利也多 但是我被我朋友说玩黄油,,,2.0
378321,绯色回响,43627543,2025-01-01 11:16:03,5,588627776,朴,LeBest L202206,,"['operation', 'visual_music', 'gameplay']",[],"💎资源获取：
今日抽奖运气非常的不错哦！😇😍
",,2.0,1.0
378321,绯色回响,43626277,2025-01-01 08:42:02,2,42812950,浣轻尘,CMDC SP100,,[],['gameplay'],你游的资源包下载速度 一分钟都见跳一下的😅,,,
378321,绯色回响,43626064,2025-01-01 08:18:39,4,612957244,午一写情诗,小米MI 8 Lite,,"['gameplay', 'operation', 'visual_music']",[],我觉得这个福利可以再多一些，然后不歪概率应该提升到50%，武器我觉得挺好，可以多弄一些福利比如什么新年送10抽之类，打关卡的时候经验给的多一些，不然不容易升级。,,1.0,
378321,绯色回响,43625674,2025-01-01 07:38:06,1,584043508,qwe2653,iPhone 15 Pro Max,,[],[],"我是真的无话可说没见过这么低劣的游戏
除了画风一无是处",,4.0,
378321,绯色回响,43623296,2025-01-01 03:24:15,5,524386307,道.,红米 8A,,"['gameplay', 'operation', 'visual_music']",[],"非常可以，我不氪，只要稳妥着玩，非常好玩
",,,
378321,绯色回响,43619094,2024-12-31 13:29:15,1,590684861,海豹先生,Android 设备,,[],"['gameplay', 'operation', 'visual_music']",福利少的可怜，爆率低的离谱，新手开荒开一晚上凑不出个小保底来，以后能拿多少资源都不敢想。,,1.0,
378321,绯色回响,43619162,2024-12-31 13:38:40,3,120894257,泪目,Vivo Y83A,,['visual_music'],[],不是吧！我以前的号怎么没了？,,,
378321,绯色回响,43615236,2024-12-31 05:38:52,2,21749031,Ivan,Android 设备,,['visual_music'],"['gameplay', 'operation']",玩法没什么新鲜的，跟三国志幻想大陆差不多。亮点就是立绘，可惜不够涩，画风太幼，白瞎了这么多技能cg,,1.0,
378321,绯色回响,43611646,2024-12-30 17:31:14,1,635072049,ice,Vivo IQOO Z8,,[],"['gameplay', 'operation', 'visual_music']",垃圾游戏，虚假宣发，说得第7还是第8章后送自选十连，看了半天没看，6元首充当喂狗了,,1.0,
378321,绯色回响,43609544,2024-12-30 12:50:10,4,48741774,？？,Redmi K50,6780.0,[],[],游戏是中规中矩，但😘,,1.0,
378321,绯色回响,43604728,2024-12-29 23:00:25,5,520818086,西海子,HONOR Magic6 Pro,,"['gameplay', 'operation', 'visual_music']",[],我滴个妈呀，谢了,2.0,5.0,
378321,绯色回响,43595776,2024-12-29 01:49:33,1,438108801,鏗篁岭人,Honor 80 GT,,[],"['gameplay', 'operation']",新手池要充钱才能抽，,,3.0,45.0
378321,绯色回响,43593481,2024-12-28 16:14:09,1,450896544,顺,华为nova7pro 5G,,"['visual_music', 'gameplay']",['operation'],首先游戏模式和少年三国2一样，游戏可玩性还行，游戏角色立绘很不错，原本我还想长期玩的，只是这个抽卡概率让我有点蹦住了，UP角色退出80%的概率60打底还能抽歪了，歪一次我还可以忍忍，不就是攒攒再抽而已，可以哟自以为是的而已，连续抽歪，我推荐冲1000一下的不完玩了，心态会蹦滴哦，得不偿失。,,1.0,
378321,绯色回响,43565419,2024-12-26 00:52:58,1,332681786,落,Vivo IQOO Neo9S Pro,,[],[],全是bug，第一次玩活动点进去卡住，这一次活动点不进去，打关黑屏,,,
378321,绯色回响,43556593,2024-12-24 16:34:28,1,395809783,User395809783,Android 设备,,['visual_music'],"['gameplay', 'operation']",武器池你告诉我80%不歪？80%歪才对吧，8抽里面6次都是歪的,,3.0,
378321,绯色回响,43548712,2024-12-23 22:35:42,3,26259923,手机用户26259923,Vivo IQOO 12,17460.0,"['gameplay', 'visual_music']",['operation'],玩了一会儿一股子少年三国志2的味道，少三2怎么样懂得都懂，希望这个能好点,,4.0,
378321,绯色回响,43544908,2024-12-23 10:57:51,3,456281191,耿耿.,Vivo Pad2,,"['visual_music', 'gameplay']",['operation'],这个古物池子补偿是怎么回事啊 有些就3抽 有些补了280抽 甚至400抽都有 这个补偿是按照什么规则补偿的呀 可以讲解一下吗？,1.0,,
378321,绯色回响,38054148,2023-10-19 04:11:50,4,68690679,千手洗红豆,iQOO Neo 5,,"['gameplay', 'visual_music']",['operation'],本来特色就是特色，现在都被对半砍了，抽奖概率比内侧还低，一次比一次低，连充三天，性价比特别低，没什么用，最好用情怀玩，小氪没必要氪,,,
378321,绯色回响,43543401,2024-12-23 07:40:05,5,368741960,User368741960,iPhone 14 Pro Max,,[],[],好玩,1.0,2.0,
378321,绯色回响,43538963,2024-12-22 15:57:22,1,425475352,𝓜𝓻.𝓭𝓮𝓷𝓰,Android 设备,,[],[],不好玩，tap没显时长，纯L,,,44.0
378321,绯色回响,43528790,2024-12-21 21:10:37,3,454776637,南尘,小米24115RA8EC,,"['gameplay', 'visual_music']",[],角色好看，但是抽卡机制是真想吐，刚攒了120抽，歪两次。。。不是很懂，怎么能歪两次的😅,,2.0,
378321,绯色回响,43521047,2024-12-21 08:08:00,4,448083907,燃烧吧熊熊火焰,Vivo Y79A,,[],[],啥都好就是不知道为什么我手气黑的要死每次都抽保底都抽吐了,,,
378321,绯色回响,43513591,2024-12-20 15:25:43,5,458173224,555,Redmi Note 12 Turbo,,"['gameplay', 'operation', 'visual_music']",[],新手请求返场黛妮莫卡，求求了。,,1.0,
378321,绯色回响,43494048,2024-12-18 16:13:38,1,630543418,W夜魔,Android 设备,,['visual_music'],"['gameplay', 'operation']","我之前玩过的账号数据不见了 ，还得重心玩服了这个游戏，不玩了
",,,44.0
378321,绯色回响,43479328,2024-12-17 07:19:49,3,477309726,直直,Android 设备,,[],"['gameplay', 'operation', 'visual_music']","自选十连在哪我几米看不见
",,,
378321,绯色回响,43475514,2024-12-16 23:55:01,3,651183593,来来来,Android 设备,,[],[],这游戏在日服就是一卖肉的，在这就变正经了,,2.0,
378321,绯色回响,43474288,2024-12-16 16:42:48,5,680978728,第五部对,OPPO Reno标准版,,[],[],一定要活下去。,,,
378321,绯色回响,43462168,2024-12-15 16:00:30,4,656532464,星河,iPhone 12 Pro,,[],[],还行吧，不是很肝就氪了一块,6.0,,
378321,绯色回响,43452458,2024-12-15 05:25:12,1,542512998,小黑子,Honor X50 ,2580.0,[],"['gameplay', 'operation', 'visual_music']",我玩了一小会儿终于知道这游戏为什么5.2分，（第一）这游戏玩起来十分枯燥，玩法单剧情我很难说（第二）可以能是我个人脸比较黑每次都要吃保底，福利感觉还行（第三）这游戏立绘好看但不像一些人说的很露,1.0,1.0,1.0
378321,绯色回响,43324785,2024-12-11 17:56:11,4,689055189,惠泽,iPhone 15 Pro Max,,[],[],角色巨涩，但是玩法有点单一，ai自动战斗，卡池改成60小保底，挺不错，当副游玩还可以，皮肤值得氪，但是礼包嘛。。。性价比不高,,3.0,2.0
378321,绯色回响,43304265,2024-12-10 15:46:54,5,127325712,宇智波,iPhone 15 Pro Max,,[],[],就冲这个无敌了,,,
378321,绯色回响,43263486,2024-12-06 18:04:59,1,374391608,深情皆遗憾,iOS 设备,,[],[],保底60抽40发一个不出UR，然后让一个ssr代替6,,,63.0
378321,绯色回响,43242644,2024-12-05 14:21:06,5,671035626,。,Vivo IQOO Neo8,6360.0,"['gameplay', 'operation', 'visual_music']",[],主打一个好看😙,,,
378321,绯色回响,43224000,2024-12-04 16:07:59,3,554661536,白衣,Vivo V2054A,,[],[],只能说瑟瑟方面很强，但是其它一言难尽，福利少，抽卡歪，注意是极歪，对自己运势方面不自信的还是别入了,,,
378321,绯色回响,43191770,2024-12-01 02:18:03,5,37305946,手机用户37305946,Honor 70,,[],[],不是，为什么我章节过关送的奖励都领不到啊，十连啊和自选十连,,,
378321,绯色回响,43189614,2024-11-30 17:14:00,4,111209385,User111209385,华为 Nova 8,,"['visual_music', 'gameplay', 'operation']",[],官方能不能适配一下华为手机啊一进别人的家园就闪退还有进活动的关卡也闪退求求你修修吧😭😭😭😭,,,
378321,绯色回响,43140527,2024-11-25 21:34:21,5,543564006,女丑,iPhone 15 Pro,,[],[],很好 大招动画做的真心不错,,,
378321,绯色回响,43128060,2024-11-24 07:40:46,3,685864960,煌,Android 设备,69960.0,['visual_music'],"['gameplay', 'operation']",越玩越肝，越玩越非，越玩越没意思，不知道怎么回事现在连点进游戏都感完是一种折磨，战力是永远提不上去的，只能抽角色，到40章后越打越崩溃,,1.0,
378321,绯色回响,43126415,2024-11-24 04:38:27,2,72887897,手机用户72887897,Vivo IQOO 13,,[],[],建模还可以之前刚刚公测玩过就是一个氪金游戏零氪可以随便玩玩,,,92.0
378321,绯色回响,43123756,2024-11-23 20:00:42,4,685791673,卡卡西重度依赖😇😇,魅族M1822,,"['gameplay', 'operation', 'visual_music']",[],好玩，上手体验感好。但是萌新的话要过很久才能完全解锁游戏全部内容,3.0,,1.0
378321,绯色回响,43118726,2024-11-23 09:50:35,5,632244024,六舅,Honor X50 ,,[],[],我就没明白那个限定卡池呢,,,1.0
378321,绯色回响,43111347,2024-11-22 15:05:38,1,645845903,憎,OPPO A91,,['visual_music'],"['gameplay', 'operation']","真服了，之前的账号找回不了，白肝了
",,,101.0
378321,绯色回响,43098550,2024-11-21 09:55:55,3,560400553,东方玉龙,Android 设备,,[],[],福利和优化不行，普攻都卡更不要说剧情。新手强制时间很久没有见过那么长了，开局刀1分钟认识妹妹非常6。强行拖玩家在线时间，想要你克金想疯飞脸。,,1.0,
378321,绯色回响,43091198,2024-11-20 17:54:41,1,602806250,。,OPPO PGBM10,,[],[],这福利有点太少了吧，新手教程又臭又长,,1.0,102.0
378321,绯色回响,43077958,2024-11-19 06:10:20,2,375110572,一期一祈,Redmi Note 12 Turbo,,[],[],不是，你还能吞我池子啊，打到第八章了，18级，Up池我不知道要多少级解锁，但是我的自选十连池子呢😅,2.0,6.0,
378321,绯色回响,43067257,2024-11-17 15:18:05,2,427953163,寻路,Android 设备,,[],[],不是这自选十连给个图又用不了，给干嘛,,,102.0
378321,绯色回响,43054391,2024-11-16 11:34:46,5,418758414,降,小米Xiaomi 14 Pro,,[],[],新手直接起飞,,,1.0
378321,绯色回响,43046792,2024-11-15 20:43:09,1,23391547,parado,iPhone 14,,[],[],零氪体验极差,,,118.0
378321,绯色回响,43036209,2024-11-14 16:36:22,1,685205688,。,Realme真我V20,,[],[],啥都没有了，自选10连没了，皮肤也没了，啥也干不了，只能抽那个人机池，重进也没有,1.0,,41.0
378321,绯色回响,43006274,2024-11-11 08:23:01,1,120622843,.夕夕.,Realme真我GT Neo6 SE,,[],"['operation', 'visual_music', 'gameplay']",我还以为什么呢结果什么东西都抽不到皮服白嫖还有限制角色全是埃及人公司头头是埃及人吗😂😂😂🤮🤮啥国产游戏,,,1.0
378321,绯色回响,43002299,2024-11-10 15:41:04,1,126969298,一身仙气,Vivo IQOO 12,,[],"['visual_music', 'gameplay', 'operation']",换皮游戏，新手引导就很劝退了，刚下了更新完，进游戏没打几轮又要更新，等新手引导打完以后，去主页逛了一下，到处都是要氪金的样子，给的福利都是扣扣搜搜的，还有大招动画怎么跳过？没开一轮都要放一次，烦的一批，又不好看。,,2.0,
378321,绯色回响,42998424,2024-11-10 07:47:02,3,23716470,离黎烟火,Android 设备,,[],"['operation', 'visual_music', 'gameplay']","客观评价，本人脸黑，氪了70几元，主要是买一个永久的战斗加速（嫌战斗太慢了）
这种养成模式的游戏玩过几款，最相似的就是三幻（玩过的很清楚，没玩过的也没事），不过就目前来看体验挺糟糕。
先说卡池和抽卡福利，ur角色up池51抽出的歪了，经典的2%出金几率，up角色当期40%不歪，脸黑可能就一路黑到底了，没仔细看，应该是最多歪4次，哈哈哈，属实难绷。有很多的活动，什么签到送ssr，通关送的抽卡资源，还有前期活动送的，不算少，但绝不算多。不过每通过一定章节可以送你一次10连ssr，不过这个自选还是看脸，应该是有5次，第一天应该只能拿2次，但是现在已经一队ssr了，目前推到第10章没啥压力。后续福利应该是就是推出的活动了。
然后是养成，嗯……只需要用养一个队伍的资源，然后换角色可以继承对应位置等级和突破等级。但是嘛，角色还有个星级，就是需要靠抽卡升星，角色技能等级也和星级挂钩。这个没法继承，而且角色还有类似于专武的专属装备，这个又是额外养成区间。还有类似于御魂（或者说圣遗物）的养成，一个四个位置，品质和角色品质分级差不多，最高ssr，但是获取难度挺高。拿当期活动举例，一个活动只能换一个ssr的御魂，6个角色需要24个，有些角色适配度还不同，不氪金的情况下，这是长期养成过程。其他的培养就不说了，这些是主要的。
氪金体验，月卡大月卡（30和68），战令（68基础98进阶）和98元基金（大量抽卡资源）算是最值的，还有一些低氪金礼包，比如6元5张抽卡卷这种。不氪自然最好，小氪怡情。哈哈，现在还在想是不是不该急着氪金。
就目前游玩几个小时体验来看，稀有度之间属性差异挺大，这个大是实在看得到的。中间几关sr角色打起有点墨迹，然后基础属性不高，差点暴毙，换ssr瞬间就轻松多了。
我才玩到第10章，如有问题，多多包涵。玩游戏无非关注的就是福利和游玩体验。差，肯定是差点意思。这个游戏突出的体验也就是游戏角色和皮肤了。当一个简单美少女养成肯定没问题，开心就好，最后祝玩家十连全彩。

",4.0,23.0,3.0
378321,绯色回响,42995894,2024-11-10 03:08:55,5,674959514,微光入星河,Android 设备,,[],[],回归玩家，10连两个UR😁,,1.0,2.0
378321,绯色回响,42993026,2024-11-09 16:05:59,5,684047212,人气爆棚的船长,iPhone 14 Pro,,[],[],人物太好看了,,,
378321,绯色回响,42991421,2024-11-09 13:27:57,1,512798361,芙宁娜,荣耀 50,,['visual_music'],"['gameplay', 'operation']",游戏只有日语一种语言,,4.0,117.0
378321,绯色回响,42991193,2024-11-09 13:05:54,2,508118473,世界霸主吴旭淳将写散文,Android 设备,,['visual_music'],"['gameplay', 'operation']","就最新出的这几个UR 我只能说逆大天 明明根本没啥影响力的角色 比一群领袖领主品阶还高。强度这方面早就崩到不能再崩了，不论是装备 角色 还是神器。我承认高阶应该比低阶强 那也不至于跨一个阶强4 5倍吧😅😅然后自选10连也是根本玩不起，非得让玩家赤石打那个b副本 第二次十连您猜怎么着，第七章打完就解锁结果要第20章领😇钻石送的也是扣的要死 我记得三幻已经很骗氪了 天天出碾压上一个版本的角色 人家一天还能让你抽个几十抽的 说白了你要是有点玩法 这个钻石水平也还可以接受 也可以氪点金 但是这种老套到不能再老套的玩法就该送送送，不然谁会去玩
时装也是给惊掉大牙了 198的时装花钻石买24000才能拿下😅😅我现在基本过了新手期了 也就拿了七八千钻石，后面岂不是得上百天就为了买个时装？
一开始我还挺期待二次元+战力向的游戏 结果吃相确实比较难看，就比传奇那种的好一点。不过这游戏确实立绘好 也没有一个男角色。说实话还是有点想继续玩下去，但是目的只有一个就是养角色养好感度😇 就算如此我也不会给这个游戏充一分钱。剧情可能也能看看（？）但是如果不暴雷的话 其实也就是平庸到不能再平庸的那种了",1.0,,
378321,绯色回响,42987091,2024-11-09 05:40:48,1,34802776,东流,小米Xiaomi 14,,['gameplay'],"['operation', 'visual_music']","把玩家当韭菜

🃏抽卡体验：
60发小保120大保，角色连着上四个高强度稀有，
抽了角色抽古物，属于是把割韭菜玩明白了，周年庆不能好好过？

",,,
378321,绯色回响,42984559,2024-11-09 00:59:55,3,506149014,啦啦啦啦,CMDC SP300,,[],[],自选十连根本用不了。。,,1.0,
378321,绯色回响,42983880,2024-11-08 21:08:10,2,9264681,青柠橘九,一加手机12,12000.0,[],[],"牠明明可以直接抢你的money，偏偏还让你玩一会游戏。还怪好的呢。要不是内心坚定，差点连我都跟着氪金币了
不得不说这游戏从新手教程结束就开始了各种骗氪，无所不用其极
说实话，你骗氪就骗氪，好歹让人多玩一会游戏。那冗长的关卡和千篇一律的怪物，领个自选10连除了第一次后面得打到20-60章。我倒是有时间，问题你这抠搜的体力值就像对我热情的嘲笑。像孩子饿了跟你说要吃饭，你从牙齿上扣了片菜叶喂他，反胃🤮🤮🤮🤮🤮🤮🤮🤮🤮🤮🤮🤮🤮🤮

立绘充满了xxx，英雄也抽不到，皮肤就挂商城给别人看的是吧

新手池的抽奖还要328

恶心🤢",,2.0,
378321,绯色回响,42971072,2024-11-07 12:52:34,1,124110398,道神,Android 设备,,[],['gameplay'],无聊挂机，资源玩到后面很难获取,,,100.0
378321,绯色回响,42969186,2024-11-07 09:17:18,1,429309431,默,Realme GT Neo2 5G,,[],"['gameplay', 'operation', 'visual_music']","💎资源获取：
难

☄️成长体验：
难，可玩性不高",,,92.0
378321,绯色回响,42959586,2024-11-06 07:19:09,5,679024966,无,华为FIN-AL60a,,[],[],太逆天了，直接出双金啊。,,,
378321,绯色回响,42924570,2024-11-02 00:17:22,2,678934694,ken,Vivo IQOO Neo8,,[],"['gameplay', 'operation', 'visual_music']","留给游族的UR已经不多了，等出UR皮肤，XP党也可以退游了，非UR皮肤概率恢复原皮，绯色已经无敌了
------
SSR版本还是推荐玩的，可能是到年底了推出UR版本，角色全部洗牌，远古氪佬不氪金一丁点不能玩，UR共鸣者，UR古物已经出了，下一个UR质源兽，UR皮肤，以前充的钱相当于没充，比A股楼市还猛，不充钱还是可以玩这游戏的，至少没那么生气",3.0,8.0,1.0
378321,绯色回响,42924229,2024-11-01 22:24:07,2,318440343,୧⍤⃝九,小米Xiaomi 14 Pro,,['visual_music'],"['gameplay', 'operation']","画风好看，但角色和遗器画风割裂感极强，战力卡的死死的，每日资源＝没资源，满满的氪金点，逼氪极度严重。
总结:不推荐，进游戏看画风不如直接去找视频看一遍，免费还全！！",,,
378321,绯色回响,42913686,2024-10-31 16:03:16,1,41958250,山月无边,OPPO PGW110,,[],[],要不你评分低，十来分钟强制新手，完事再更新，开头怎么不让我全更，一下懒得玩了，好好评了😃,2.0,2.0,
378321,绯色回响,42913302,2024-10-31 15:16:39,5,611080278,忘忧之雷神,iPhone 13 Pro Max,,[],[],"牢玩家推荐
好玩、爱玩",,,
378321,绯色回响,42910576,2024-10-31 10:00:58,5,607582414,。。,Android 设备,,"['gameplay', 'operation', 'visual_music']",[],"希望能多送一点福利😉而且爆率太高了
",,,
378321,绯色回响,42895868,2024-10-29 23:16:59,4,681006942, Lucifer ,iPhone 12,,[],[],整体还算是轻松有趣，福利很多，抽卡也有比较好的保底机制。,1.0,,
378321,绯色回响,42895190,2024-10-29 17:25:00,1,389959195,ws,iPhone 15 Pro,,[],[],后期很无聊资源很少,1.0,,115.0
378321,绯色回响,42894817,2024-10-29 16:24:16,3,683012660,不善言辞的首领,iPhone 15 Pro Max,,[],[],南平,,,
378321,绯色回响,42863143,2024-10-26 11:06:12,4,485482867,欲蝶,Vivo IQOO Neo9,,['visual_music'],[],共鸣卡包有什么用？,,,
378321,绯色回响,42856491,2024-10-26 01:34:04,1,677616470,double. X,Android 设备,,['gameplay'],"['operation', 'visual_music']","怎么在taptap上下载的也版本过低啊
",,,101.0
378321,绯色回响,42853546,2024-10-25 15:15:23,1,676521890,FGG,Android 设备,,[],"['gameplay', 'operation', 'visual_music']",战斗画面跟小学生打架一样，强制指引大半天，最高三倍速不能跳过，为了自选十连忍了，好不容易熬完第三章，开开心心的自选十抽，抽了半天终于满意了，最恶心最逆天的来了，他不让你领，得玩完第十章才能领，你游是真恶心，你游族的游戏我看都不会再看一眼,,,
378321,绯色回响,42830525,2024-10-23 15:44:09,3,38138633,悲伤,小米Xiaomi 14 Pro,78360.0,"['gameplay', 'visual_music']",['operation'],怎么还在卡在游戏界面，我准备刚回游的。😓😓😓,,1.0,
378321,绯色回响,42826235,2024-10-23 05:35:45,1,376128244,小鸿,OPPO PEXM00,,[],[],进都进不去，浪费我6g流量,,,99.0
378321,绯色回响,42824550,2024-10-23 01:41:06,1,364754032,User364754032,Vivo IQOO Neo9,,['visual_music'],"['gameplay', 'operation']",萌新做任务，打不开抽卡，还一直让打卡，根本玩不了,,,92.0
378321,绯色回响,42823132,2024-10-22 16:31:33,2,583080153,空蝉,华为Nova 3,,"['gameplay', 'visual_music']",['operation'],"幽我一默，还没正式开始玩，刚过新手教程就能让我忍不住过来踹一脚也是有点本事的。
看其他评价说这游戏是一坨，当时我还非要看看是真是假。这么一看不管是内容还是游戏引擎都是石中石啊。
进也进不去，试了五六遍都是在同一个地方卡住，联网和流量都试过了只要一进去就是在其中一步卡住，你说它正在加载吧，加载了半个小时还是卡住的。我睡一觉起来发现这玩意还在卡不知道该哭还是该笑。感觉这引擎是从菜市场抢了个西蓝花随便安上的，实在不行咱补药做游戏了收拾收拾走人好吗。省的折磨玩家也折磨游戏工作人员",,,
378321,绯色回响,42822623,2024-10-22 15:10:19,2,10012954,尽职de素颜,Nubia NX709S,,[],"['gameplay', 'operation', 'visual_music']",别问，问就是这条子动不了进不去游戏没办法体验，浪费我整整半个小时。,1.0,1.0,52.0
378321,绯色回响,42822384,2024-10-22 14:37:33,1,11368677,潇丶,iPhone 13 Pro Max,,[],[],下载完，两个多G资源包更完，而后就卡这个界面不动了，不信邪，卸载，又重新下了一遍，又更了两个多G，嘿，还是卡这个界面,3.0,2.0,
378321,绯色回响,42821950,2024-10-22 13:40:44,1,470042665,花城,魅族20,,[],[],"更新不了
",,1.0,115.0
378321,绯色回响,42821640,2024-10-22 12:52:08,2,1165529,我的世界你不懂,Honor 50 Pro,,"['gameplay', 'visual_music']",[],第二天游戏就一直闪退进入公告栏就闪退了,,,91.0
378321,绯色回响,42820242,2024-10-22 09:09:09,1,402900031,阿尔托莉雅,Vivo IQOO Neo8,,[],"['visual_music', 'gameplay', 'operation']",懒得喷，新手自选十连直接没有，主线已打到第五,2.0,,101.0
378321,绯色回响,42815338,2024-10-21 14:10:04,2,21187919,嫑放弃希望阿,Android 设备,,[],[],所谓自选十连需要打到30级解锁，打完第六章16级左右😅,,1.0,101.0
378321,绯色回响,42814141,2024-10-21 11:19:15,4,515482051,它朝若是同淋雪,Vivo IQOO Neo5S,73680.0,"['operation', 'visual_music', 'gameplay']",[],除了太大，其他都好。,1.0,1.0,
378321,绯色回响,42813285,2024-10-21 09:06:39,1,1322432,tp哒拾坈,Android 设备,,[],"['visual_music', 'gameplay', 'operation']",矢，妥妥的屎，让人恶心的强制不可操作的新手引导，氪金广告满天飞，仓库还有好几张九元兑换300代币，还有最可笑的自选十连抽（第一张图）就这破东西？就这破东西就算了，我十连抽呢？，更高明的来了，不到十级没法打开聊天框，到了十级打开了没法说话得等到打完第五章，真的狗屎，什么赤石仙人才能吃的下去？,,5.0,1.0
378321,绯色回响,42809745,2024-10-20 17:34:23,1,25433356,天雪晓晨,Nubia Red Magic 8 Pro,,[],"['gameplay', 'operation', 'visual_music']",服了，我退出一次后指引全没有了，害的我卡关了，需要氪厉害的人物才能过，无语了,,,49.0
378321,绯色回响,42808648,2024-10-20 14:53:33,3,402811594,繁空,Vivo IQOO Neo9,,[],[],自选十连为什么没有,1.0,,
378321,绯色回响,42807881,2024-10-20 13:16:29,1,5956451,TeaCat,Redmi K60,,[],[],emm除了立绘，没啥玩的必要,,,88.0
378321,绯色回响,42806972,2024-10-20 11:17:02,1,645176418,小保底不歪圣体,Vivo IQOO Neo9 Pro,,[],"['gameplay', 'operation', 'visual_music']",日语乱飙，听不懂，不好玩画质差禁,,3.0,90.0
378321,绯色回响,42805533,2024-10-20 08:17:47,5,418233671,庸侵,iPhone 13,,[],[],剧情丰富 人物好看,,,
378321,绯色回响,42803320,2024-10-20 04:10:53,5,415362243,岘＇,Honor 90 Pro,,[],[],总体来说，爆率挺高的,,,
378321,绯色回响,42775668,2024-10-17 03:39:08,1,350287665,是海绵呀✨,Android 设备,,[],"['gameplay', 'operation', 'visual_music']","想要色色，想要看大雷，不如玩交错战线，没有恶心人的等级卡池限制，资源啥的给的也多，还没和谐
好好的立绘，结果游戏一坨，氪金入口满屏，还有氪金弹窗，抽卡还卡你等级，但凡这些改一下玩的人也比现在多，全靠立绘撑着了，赚钱都不知道怎么赚，这游戏评分很符合你游制作组的智商😄
",,,
378321,绯色回响,42799147,2024-10-19 14:58:42,5,45209318,User45209318,Vivo IQOO Z9 Turbo,,"['gameplay', 'operation', 'visual_music']",[],好玩爱玩,,2.0,
378321,绯色回响,42798440,2024-10-19 13:49:23,2,62509081,Laura,iQOO Neo 5,,[],[],玩法很普遍的小人对打，立绘一般。,,,89.0
378321,绯色回响,42796730,2024-10-19 10:58:01,4,445625583,Universe,Android 设备,,['visual_music'],[],"说实话这卡池可以，就是总感觉差点意思知道吧，福利也不错的
",,,
378321,绯色回响,42790155,2024-10-18 17:53:58,1,361331192,明文规定,华为 Mate 30 5G,,[],"['gameplay', 'operation', 'visual_music']",很垃圾的游戏，更新三个小时更新不完，一切屏更新重新开始，进完游戏之后卡在新手任务动不了，真是顶级游戏！,,3.0,
378321,绯色回响,42787209,2024-10-18 11:42:11,2,72964982,罪星尘,Realme真我Q3s,,[],[],更原本绝境最后一波3回合就可以打完更新后要6回合了!公告也没说削弱啊！,,,53.0
378321,绯色回响,42786922,2024-10-18 10:57:49,1,591701228,ii,华为P40,,[],[],新手教程搞我半小时也是没谁了,,1.0,92.0
378321,绯色回响,42786834,2024-10-18 10:47:09,1,390351555,Leefareast,Android 设备,,[],['operation'],我一个新手想玩一个新手关都不让我过，过个序章都是刮痧开加速都打半天，然后直接卡在这个界面,,,
378321,绯色回响,42786339,2024-10-18 09:39:27,4,535629614,。。。,Honor 90,,"['visual_music', 'gameplay']",['operation'],"如果是一个佛系玩家，那绯色还是挺不错的，充钱地方很多，但都可以不充，顶多差点战力，身为一个单人游戏和角色养成游戏，每天花点时间随便打一下就行，没空也可以不打，总的来说还是挺不错的。
",,1.0,
378321,绯色回响,42785590,2024-10-18 08:02:28,1,38736888,八十一。,iQOO Neo 5,,['gameplay'],"['operation', 'visual_music']",客服牛逼，萌新就在群里问了一句公告不是说早上维护吗，怎么下午更新的，有点特别啊，就被客服怼说你公告不看完吗？然后直接被踢，你游好好贵啊，这个分数真的值得。,,18.0,1.0
378321,绯色回响,42775843,2024-10-17 04:08:15,1,677820765,热情的制作人,iPhone 11,,[],[],第一次周年庆搞成这样，充值那个活动，笑死了，圈钱都不会圈，本来648都准备好了,,7.0,53.0
378321,绯色回响,42774451,2024-10-16 23:34:37,4,657354455,该用户已注销,OPPO K12 5G,,[],[],多久开一次新服😳,,,
378321,绯色回响,42758237,2024-10-15 00:15:21,1,1754893,执白,Android 设备,,[],"['gameplay', 'operation', 'visual_music']",在？没钱啦？UR人物几个意思😅我那些ssr通用碎片留着你和我说只能换牛魔辣😅,,2.0,51.0
378321,绯色回响,42753416,2024-10-14 08:19:05,1,802705,水寒,Vivo IQOO 10 Pro,,"['gameplay', 'operation', 'visual_music']",[],开局不给其他卡池，给你资源骗光了打了好久30级才出。后面了解到是bug，正常7级会出，结果换了好几个区都这样。并且还都是和谐过的，不建议玩。,,,
378321,绯色回响,42748937,2024-10-13 16:11:52,1,374197950,zhzhj,Android 设备,,[],"['gameplay', 'operation', 'visual_music']",告诉你第三章可以10连自选，抽了半天结果告诉你要第七章才能领，无敌了孩子，卸载完特意又下回来给差评。😅,,1.0,
378321,绯色回响,42731755,2024-10-12 03:01:50,2,566097402,jerry,iPhone 15 Pro,,[],[],"氪金多才能强度高，充值项目每天多到爆。
月卡倒是性价比逆天的高
没有种草期
皮肤比碧蓝贵还不够涩气",,6.0,
378321,绯色回响,42723217,2024-10-11 02:39:21,4,680199840,渊,iPhone XS Max,,[],[],欧皇,,,
378321,绯色回响,42719536,2024-10-10 12:34:15,2,641272222,qq达人,Realme GT Neo5 SE,,[],"['gameplay', 'operation', 'visual_music']","一坨屎，本来是因为逆天画风吸引的。结果就是一坨。还好先观望了一下，没有直接氪金。

打完第3章送你一个10连，喜欢吧?要等你30级才可以抽。其次送你10个十连是10选一，每打十章才可以领一个ssr.白嫖喜欢吧?卡你体力，卡你关卡。

抽卡爽吧?你30级前抽卡全是常驻，up池需要30级解锁，等你升到30级没资源了。你说三十级之前我不抽卡，那他就卡你关卡😂

50保底，3%概率出金爽吧?50保底给你歪三次，出个up还要200抽😂。3%概率高吧，假概率。目前出了100抽只出两个SSR，还要歪。其次一个区居然只有三个社团，你死不是没有原因的。",,5.0,
378321,绯色回响,42690791,2024-10-07 01:06:57,2,73407039,凌亦风,Android 设备,,[],[],回来看一眼，抽卡保底就不说了，回归福利跟没有一样，然后出来个婚誓，我这一看还是别玩了，玩不起,,5.0,
378321,绯色回响,42667799,2024-10-05 01:28:06,3,67995018,薇尔莉特,三星Galaxy F52 5G,16440.0,"['operation', 'visual_music']",['gameplay'],卡等级,,,
378321,绯色回响,42419858,2024-09-15 05:27:08,2,44581211,俺就一打游戏的,红魔9S Pro+,23640.0,[],[],"① 越玩越肝，战斗主打一个激情互刮。
② 充值跳脸
③ 不支持小窗玩",1.0,5.0,51.0
378321,绯色回响,42665930,2024-10-04 16:54:01,5,640687250,帥哥,Realme Q5,,[],[],"不好玩，没玩过的推荐别玩，无聊，很需要氪金不然玩不了
游戏体验：差
画面音效：差
运营福利：非常差，不把玩家当人",,5.0,
378321,绯色回响,42665858,2024-10-04 16:46:37,1,677600850,俊之界,华为BRA-AL00,,['visual_music'],"['gameplay', 'operation']","1.活动福利差，基本没什么好福利，送的东西屯一个月都不够抽1张ssr
2.抽卡概率极低，10抽8歪，怀疑杀熟机制，零氪号容易抽新卡，但很难抽满；氪金号首出很难，但出卡后后面的概率比较正常
3.如果氪金了，必须重氪才能玩下去，新卡0星吊打老卡满星，一期不抽新卡2亿战力都会被8000万零氪吊打，而且一周出一新卡，卡片很不保值",,1.0,1.0
378321,绯色回响,42664732,2024-10-04 15:04:48,2,350669276,E=mc²,Android 设备,,['visual_music'],['gameplay'],"立绘可以，玩法没啥好说的，很无聊（怎么做到在一堆戳我的人物当中抽出来一个不戳我的人物的操作呢😭）

🃏抽卡体验：
不要被每天送十连给迷到了！",,,
378321,绯色回响,42663063,2024-10-04 12:48:11,2,441335974,陆逊克,Honor 60 SE,,[],"['gameplay', 'operation', 'visual_music']",说的简单粗暴一点就是单纯卖黄给男玩家玩的，我给的两星，夸不下嘴，不故意拉踩这个游戏，就我本身而言我对这个游戏夸不下嘴，也只是夸不下嘴，这种类型的游戏他肯定能圈很多钱，但是他一般活的都不久，现在的二游要么拼黄，就女角色穿的少一点，要么拼剧情，拼剧情是肯定赚的很多的，并且活的也很久的，但是运营商付出的也是很多的，相反这种类型的游戏到更轻松一点，如果只是单纯为了黄的话可以试一试，但你要是冲着什么剧情体验之类的你就别试了,,4.0,
378321,绯色回响,42660804,2024-10-04 09:27:03,4,103914894,回忆童年,小米MIX 3,,"['gameplay', 'visual_music']",['operation'],"能搞个QQ登陆吗！我没有手机号，用的游客
",,,
378321,绯色回响,42322755,2024-09-07 07:09:54,5,600257698,回头.,小米23073RPBFC,,[],[],"有耐心的可以值得玩
偶尔玩一下可以
🃏抽卡体验：
角色很好康",,,1.0
378321,绯色回响,42644911,2024-10-03 03:16:03,1,8697805,伊卡洛斯S翼,HONOR Magic6 Pro,29160.0,['visual_music'],"['gameplay', 'operation']",这是被抛弃了？版本不更新，卡池不更新部分功能被锁，部分角色被屏蔽，这能玩下去？😭,,,51.0
378321,绯色回响,42631663,2024-10-02 01:21:28,2,678166739,。。。。,OPPO A11中国版,,[],[],"/好话先放在前面
◇角色立绘好看
◇福利还算不错
◇角色池小保底50抽 武器池小保底30抽 整体来说负担是较小的（假假假
/然后是这个游戏的毒点！
○角色池大保底200抽
○保底不歪的概率只有40% 脸黑就给我歪去吧
○啥地方都要💎 还得做好抽卡规划 不然💎不         够用
○每日十连只有一点点概率出SSR角色 别指望着靠这个「发家致富」
○每天一打开游戏就是弹窗和充值页面 就差把手直接伸进你钱包里了）
                











♡美女真好看吸溜吸溜",34.0,176.0,38.0
378321,绯色回响,42585640,2024-09-28 05:28:06,1,354502587,薮春,Android 设备,,[],"['operation', 'visual_music', 'gameplay']",安全性可谓一点没有，无法查看登录设备，不能查询抽卡记录，人机客服什么都回答不了，人工客服更是不接电话，不回信息，账号保护程度甚至不如垃圾换皮黄油,,,
378321,绯色回响,42580927,2024-09-27 17:11:27,1,348123226,User348123226,iPhone 14 Plus,,[],[],氪金点很多，卡出得很快，抽卡容易歪，慎入,,,101.0
378321,绯色回响,38072059,2023-10-20 18:00:51,4,388795577,༉久ཻ༵伴ཻ༵༒深ཽ情,OPPO PFDM00,192900.0,['visual_music'],"['gameplay', 'operation']",适当提高福利会更好点，普通玩家太少了，氪佬互啄，频道也冷清，希望能提高点福利，多留点人，一起玩才有意思,,3.0,
378321,绯色回响,42510143,2024-09-22 21:02:13,1,543521622,葉月,Android 设备,,['visual_music'],"['gameplay', 'operation']","垃圾游戏😅说第二关自选十连，打完屁都没有，又说第四关有，好，又打，还是没有，我也是有病信了这破游戏，又说第七关打完有，我打了几个小时打到第七关，屁都没有😅😅😅各种东西多的搞都搞不完，而且还巨繁琐
关卡还打的麻烦，越打越烦，我是来玩游戏放松的，不是给我自己添堵的😅早日倒闭😅",1.0,3.0,
378321,绯色回响,42498760,2024-09-21 16:51:52,4,66287895,默笙,Redmi K60,,"['visual_music', 'gameplay']",['operation'],游戏没玩多久，抽倒是抽爽了,,2.0,
378321,绯色回响,42493927,2024-09-21 09:14:37,2,58911156,手机用户58911156,Android 设备,,[],[],衮服氪金游戏懂得都懂,,1.0,115.0
378321,绯色回响,42489682,2024-09-21 02:09:41,1,32694814,尽在不言中,OPPO Find X3中国版,,[],"['gameplay', 'operation', 'visual_music']",刚开始不知道为什么人这么少的，这几天体验了一波知道了。时至今日还用这么拙劣的骗术来骗玩家，给得也不多但是就敢放40%x4次小保底，真正的体验是每次必歪，然后常驻也是完全拿不出手的垃圾，真把哥们逗笑了。你说你游戏质量也不是很差为什么非要这么见呢,,,
378321,绯色回响,41617271,2024-07-24 17:27:42,5,102319843,忆白や,Realme GT Neo2 5G,136140.0,"['visual_music', 'gameplay']",['operation'],我感觉这游戏评分低了，玩了这么久，立绘啥的不用说，很nice。活动那些是有些单调，但我试问，这种类型的游戏哪个不是这样。而且你慢慢玩到后面，官方给的福利真的很多。反正我觉得是款不错的游戏。特别是😍,,1.0,1.0
378321,绯色回响,42445989,2024-09-16 17:29:29,3,595067378,翼,Vivo IQOO Neo8,,"['gameplay', 'visual_music']",['operation'],画面上的确实可以，但是这个bug也太多了，前面几张就说有自选10连，然后一直打到第七章，又说第十章，第十章过了，又说要过第20章，好，现在20张过了，请问自选呢？还有所谓的限定卡池是在哪里？还有商城的皮肤竟然也找不到，我想知道那个“商城获取”存在的意义是什么？,,5.0,
378321,绯色回响,42440247,2024-09-16 10:16:01,4,645034719,安静先生@,OnePlus Ace 2,,[],[],新人 为什么没有up池勒，有没有大佬解答哈,1.0,,
378321,绯色回响,42439251,2024-09-16 09:04:52,3,672530988,mixiao,荣耀畅玩 20,,"['operation', 'visual_music']",['gameplay'],怎么说呢，游戏美工和角色立绘（原皮）都不错，我挺喜欢的，但数值膨胀太严重了😂,,1.0,
378321,绯色回响,42437850,2024-09-16 07:23:45,3,443627092,八点半开始上班了,OPPO R11sPlus,165360.0,[],[],老子保底出什么都不出我抽了那么久老子一天干12个小时，抽100次不出林德尔，抽100次不出班希什么都不出，没事出什么？那个萃星,2.0,,1.0
378321,绯色回响,42413982,2024-09-14 18:32:06,5,24524805,花月叁拾.,Vivo IQOO Z7x (m),,"['gameplay', 'operation', 'visual_music']",[],刚刚有点事情，现在腾出手。仰观宇宙之大，生命起源，人之渺小，生命之短暂，我们的人生就是一叶扁舟。不说了，b站动态又更新了。,,1.0,1.0
378321,绯色回响,42413456,2024-09-14 17:30:49,2,632286301,曦喑,Vivo V2166A,180.0,[],[],我十连呢,4.0,4.0,116.0
378321,绯色回响,42394954,2024-09-13 18:58:58,2,649406218,沈缘,Android 设备,,"['gameplay', 'visual_music']",['operation'],"新服bug太多，官方不出面修复，就比如自选十连抽，有很多玩家没有这个界面，点进去之后发现根本就没有这个活动入口，Bug如果都修复不了的话，那干嘛还要运营这个游戏呢？😂

✍🏻建议：
官方出面修复下这个bug，是真的受不了了",,,
378321,绯色回响,42383714,2024-09-13 09:03:13,1,654811990,1,华为P30 Pro,,['visual_music'],"['gameplay', 'operation']",我主线推到十三章！自选十连呢？,2.0,1.0,90.0
378321,绯色回响,42375443,2024-09-13 03:50:42,1,7071119,零式メ✔影辰,Android 设备,,[],"['gameplay', 'operation', 'visual_music']",不想送，你就直接说,,,111.0
378321,绯色回响,42367661,2024-09-12 10:13:20,5,321613245,Zn,Redmi  K70 Pro,,"['gameplay', 'visual_music']",['operation'],"🃏抽卡体验：
还是比较不错的，玩了一个多星期，中间断断续续的玩都能接的上，资源方面还算是比较充足。",,3.0,1.0
378321,绯色回响,42360081,2024-09-11 15:15:03,1,421396741,小灵叶,三星Galaxy S23 Ultra,,[],[],引导能不能做好一点，自选十连解锁了，找半天找不到😅,,,95.0
378321,绯色回响,42348893,2024-09-10 07:38:09,1,599390968,陆玖在一起捌.,Oppo K10 5G,154560.0,[],"['gameplay', 'operation', 'visual_music']",卷钱游戏,,3.0,112.0
378321,绯色回响,42343249,2024-09-09 13:55:13,1,379003514,笼＆雾,OPPO Reno6 Pro+ 5G,,[],"['gameplay', 'operation', 'visual_music']",真nb这游戏引导多的死，爆率真的低,,1.0,83.0
378321,绯色回响,42337063,2024-09-08 17:18:56,1,396638269,矩甘,Android 设备,,[],"['operation', 'visual_music', 'gameplay']","优点：二游特色（少部分）
缺点：此出省略一万字……………文字游戏，氪金小礼包，传奇的战力养成，幌子一般的福利，不翼而飞的自选十连，无限趋近0的游戏性，跨区服比战力然后看氪佬在你头上拉屎，薛定谔的战斗跳过，不明所以的剧情，后期少到可怜的抽数，死寂沉沉的聊天室，最高250抽的保底角色（50出货但可歪4次）……………………
全靠一手缅北宣发吊人胃口，定睛一看，哦，原来是游族，，，😅😅😅😅😅😅",,1.0,
378321,绯色回响,42334055,2024-09-08 10:11:13,1,435664963,旺仙,小米24069RA21C,,[],[],这不就抄尘白禁区吗？宣传图上面那个婚纱，怕是里芙穿剩下了吧，人家尘白里面叫共鸣者，你这里也叫共鸣者，别抄了，抄的什么东西呀？真不知道有什么用，做不来游戏别做了😈😈😅做的什么狗屎游戏？你是迷你世界吗？这么爱抄袭,,3.0,
378321,绯色回响,42310485,2024-09-06 00:35:03,1,639022193,若硝,Honor Magic5,,[],['gameplay'],早上下的，晚上重新上游戏，游戏数据就没了，别玩,,1.0,95.0
378321,绯色回响,42303292,2024-09-05 03:50:49,3,382243223,薄荷菌.,IQOO Neo6,,[],[],可能是我玩的时间不够长，玩了俩小时，为了自选10连，可是我点进去只有当前up的池子，他还是推荐我自选十连，我连池子都看不见，说是通关第7章，我第8章都打完了，自选还是没得，是我找错地方了？,,,
378321,绯色回响,42301282,2024-09-04 20:37:33,3,524616483,顾,Honor Pad V8 Pro,,[],[],还行慢慢玩吧,,,
378321,绯色回响,42293458,2024-09-03 23:40:20,2,631995710,小约翰内斯堡,OnePlus Ace 2,,[],[],我已经打到17章了，自选十连毛都没有一直闪。,,1.0,96.0
378321,绯色回响,42293383,2024-09-03 23:04:47,2,549294267,渝星,Android 设备,,[],[],都打到第七章了找不到自选十连卡池😅,,1.0,84.0
378321,绯色回响,42289935,2024-09-03 10:38:49,1,661393300,笑嘻嘻,小米2311FRAFDC,,"['gameplay', 'visual_music']",['operation'],前期坐牢，防止人跑了，后期才不错,,1.0,84.0
378321,绯色回响,42287263,2024-09-03 03:54:39,1,470258231,^喜欢上孤独,小米Redmi K40,1920.0,[],[],你的自选卡池，活动卡池呢？,,,84.0
378321,绯色回响,42278495,2024-09-02 01:50:28,3,61149584,手机用户61149584,HONOR ALP-AN00,,[],[],我22级就一个常驻池？,,,1.0
378321,绯色回响,42275524,2024-09-01 13:33:53,4,450916166,天时影雨,红米 Note 11,13980.0,"['gameplay', 'operation', 'visual_music']",[],这个游戏要非官方渠道下载需要在30级卡池，活动才能完全开启。taptap下载一样要在30级开启😓😓😓,,,
378321,绯色回响,42268790,2024-08-31 20:20:36,1,591734745,不负,Redmi Note 11T Pro,,[],[],为啥我玩了一天自选五星那个卡池都没有，只有一个普通卡池 。。。。。,,,50.0
378321,绯色回响,42267222,2024-08-31 15:45:07,5,580059016,阿白,Redmi K50,,[],[],游戏还可以，但是卡池是什么情况，BUG来吗，只有自选和活动的都不见了,2.0,,
378321,绯色回响,42254120,2024-08-30 13:30:57,5,602705292,殇,Realme GT5 240W,209280.0,"['gameplay', 'operation', 'visual_music']",[],还行，福利也可以，活动也特别多,,1.0,
378321,绯色回响,42246117,2024-08-30 02:20:29,1,565390797,一颗小趴菜,OPPO PGAM10,,[],"['operation', 'visual_music', 'gameplay']",nb啊，连续两次200抽出一个本体，400抽才一星，别人300抽都7星了，666这游戏是我玩过最逆天的游戏了，欧和非能差到这种程度也是厉害，要不是有相关法律规定，我估计你200抽保底都不会给，,,1.0,
378321,绯色回响,42237787,2024-08-29 08:33:48,5,503546638,无所谓,OPPO A5,,"['gameplay', 'operation', 'visual_music']",[],这才是真正的欧第一发10连直接出的。,,,
378321,绯色回响,42237435,2024-08-29 08:04:24,5,630125918,爱神,Android 设备,,"['gameplay', 'operation', 'visual_music']",[],游戏确实不错 不过把抽卡率稍微调高一点吧,,,
378321,绯色回响,42233644,2024-08-29 02:46:30,1,506464065,12,一加手机11 5G中国版,,[],"['gameplay', 'operation', 'visual_music']",尺度太大，立绘居然都能有圣光,,,84.0
378321,绯色回响,42231127,2024-08-28 18:33:24,4,423968112,梨子,Vivo IQOO Neo5S,,"['gameplay', 'operation', 'visual_music']",[],好玩爱玩就是大招光污染有点严重，眼睛都快闪瞎了，体力有点不够用，再多点体力吧，刷两次材料就没了,,,
378321,绯色回响,42217308,2024-08-27 20:07:28,1,505077396,大大滴的俞儿,Vivo IQOO 12 Pro,,[],"['operation', 'gameplay']",可玩性特别低！！～前面就是强制你过剧情，玩了一章多了，里面好几小节就没我自己点的时候，全是强迫点击……你不说这是新手教程我还以为这游戏所有章节都是手把手带我呢…,,1.0,1.0
378321,绯色回响,42210470,2024-08-27 07:59:25,1,624434701,黄小鸭,OnePlus Ace 2,,[],"['visual_music', 'gameplay', 'operation']",新手教程太长了而且没什么操作性,,,86.0
378321,绯色回响,42204261,2024-08-26 16:41:30,2,326280117,User326280117,Android 设备,,['visual_music'],['gameplay'],玩了一下感觉不是特别好，画面上还是有点感觉不是特别好，糊,,,94.0
378321,绯色回响,42200364,2024-08-26 10:56:13,3,449176842,夙愿,Vivo IQOO Neo5S,,"['visual_music', 'gameplay', 'operation']",[],强制第三章自选十连，强制第七章领取，游戏玩我，还是我玩游戏？,,,
378321,绯色回响,42194643,2024-08-26 02:01:05,5,591921876,太空之狗,Realme V30,780.0,"['gameplay', 'operation', 'visual_music']",[],"希望能做的更
好。",,,
378321,绯色回响,42191464,2024-08-25 15:12:46,1,112605633,梦影辉,Vivo IQOO Neo7,,[],[],"100抽死都要保底谁爱玩谁玩
",,,87.0
378321,绯色回响,42188301,2024-08-25 10:40:47,4,480677719,茉,Redmi  K70 Pro,,"['gameplay', 'operation', 'visual_music']",[],后期没配音但也能玩，可玩性比较高，但个人认为没有内测时的好,,,
378321,绯色回响,42179092,2024-08-24 15:22:24,1,98840198,手机用户98840198,华为nova 7 5G,,[],"['gameplay', 'operation', 'visual_music']",福利“感人”概率也赶人，游戏也卡来卡去不稳定甚至闪退，一星评价给角色,,,51.0
378321,绯色回响,42136905,2024-08-22 00:22:44,3,429103721,MC坚强的小神汪,Honor X50 ,15480.0,"['operation', 'visual_music']",['gameplay'],"首先给大家晒一张欧皇图

想优先看欧皇图的可以往下翻到底

☄️成长体验：还好吧，当个副游玩就行，只要不卷钱跑路都还好


🃏抽卡体验：欧皇本欧表示非常好玩



🎮可玩性：经典回合制典中典，不用多说了


🌃画面音乐：有一说一这个立绘是真的（这是我这个年龄能看的吗）

最后来说一下

✍🏻建议：毕竟是副游，开发难度也没有那么大，成本投入也不算太高，你想耗钱我理解，但是你天天送这个折扣券越送到后面越贵，所以个人建议微氪党的话氪个一点也能玩（本人就是），但是对于氪佬来说可能不是特别划算，还有这游戏是个战力游戏，零氪党的话，慢慢玩就行了体验会差一点，但也不会差很多（理论上只要你运气好……）但是对于一般的玩家来说也就是运气一般包括非酋，体验可能会极差，因为这游戏的出卡不歪概率是40%，保底要200抽！！虽然刚玩的时候福利很好，但后期基本上吃活动奖励，而活动奖励想拿到的话你的战力又得高，战力得高你又得氪金……所以懂的都懂，非酋零氪党不适合玩这个游戏


",29.0,162.0,81.0
378321,绯色回响,42117562,2024-08-20 11:53:52,5,613985241,ΐ难ɞ逃月色ོོൢ,Android 设备,,"['gameplay', 'operation', 'visual_music']",[],"🎮可玩性：
很高
而且画风很不错，推荐大家下载绝对会大吃一惊😸

🌃画面音乐：
非常好",1.0,2.0,
378321,绯色回响,42116521,2024-08-20 10:19:03,5,556718021,一口滑稽,Honor X50i ,,"['gameplay', 'operation', 'visual_music']",[],"挺好玩的就是钻石太难获取
",,,
378321,绯色回响,42109317,2024-08-19 19:30:13,5,40559466,【の】,一加 Ace 2 pro,3660.0,"['gameplay', 'visual_music']",['operation'],"首先，角色建模已及动态效果都不错，这个值得夸，但是
1.游戏界面画风不行，得好好优化
2.以及太多诱导氪金的礼包也是一个问题
3.角色同阵营的buff只能是ssr这样限制不好
4.福利的确不错，但是为什么一些却要过到某些章节才能解锁
5.宿舍和休闲空间玩法单一，没新意，可以加入与角色的互动。
总之，不改变是很难有新人玩，就算有，也很容易劝退，我给五星是因为角色好看，但是玩法内容太多不行的了，如果改的好，不但有新人玩，之前的人也会回归，再加以宣传",,4.0,
378321,绯色回响,42108401,2024-08-19 16:44:40,5,654335269,论剑,魅族21,,"['gameplay', 'operation', 'visual_music']",[],非常不错的游戏，玩起来得心应手。,,,
378321,绯色回响,42082077,2024-08-17 17:31:43,2,407289404,琪,Android 设备,,['visual_music'],"['gameplay', 'operation']","概率特别迷人。还有活动跨10个区10几个区都有你隔那么多天只能氪金才能打过他们活动连低保都没有。

💎资源获取：
不氪金啥也没有

☄️成长体验：
体力不够用。不氪金等级权限等级啥的都跟不上",,,
378321,绯色回响,42079138,2024-08-17 13:37:30,2,5418212,悠,Android 设备,,['visual_music'],"['operation', 'gameplay']",我leg少年三国志2啊！😅,,,84.0
378321,绯色回响,42078868,2024-08-17 13:19:44,3,4661312,玩,Redmi Note 12T Pro,,['visual_music'],"['gameplay', 'operation']","三幻的主線，魂器的活動，少年西遊記的掃蕩BOSS。
究極縫合怪!
其他的還沒玩出來，還請各位大佬補充
唯一優點立繪不錯",,,
378321,绯色回响,42078688,2024-08-17 13:07:57,1,434259265,白日做梦做白日梦,一加手机Ace,,[],"['gameplay', 'operation', 'visual_music']",前期新手教学贼长，除了立绘啥也不是,,,84.0
378321,绯色回响,42065290,2024-08-16 14:15:53,3,669024526,qqqq,Honor Play7T,,[],[],没有签到活动吗，才下游戏,,,
378321,绯色回响,42060840,2024-08-16 08:45:14,2,512419555,纸鸾,Android 设备,,[],[],"好几次都是大保底，有点恶心了
",,,84.0
378321,绯色回响,42019948,2024-08-13 19:33:44,1,540050474,秋思,红米 K70,,['visual_music'],"['gameplay', 'operation']","玩不动了，我是渠道服的，之前更新软件看到这个游戏感觉立绘不错就下来玩了一下，前面玩的还是不错的，基本都是猛猛肝，准点上线领体力。前面新手福利还是给的挺多的，然后给了我一种这个游戏还不错的感觉（事实证明我错了），但是玩到后面基本玩不下去了。一周弄个保底感觉还是可以的，但是会歪，这个游戏运气不好基本200多才能获得一个限定，我就是，已经3次吃满250的保底了（感觉杀熟，但是没有证据，也有可能是我黑），但是开始的时候经常双金，后面充了钱后疯狂吃保底。前面推完主线大概到40多章左右资源来源就不多了，基本靠那些活动但是也不多，不囤基本抽不到想要的角色，欧皇当我没说。不少抽卡资源都要去打pvp，想拿满也可以，就是要挺久的。
玩法方面就回合制吧，但是进去就是大头娃娃。养成机制感觉不是很合理，想要突破，50级后面的材料要挺久的，我目前也就全部刚到增幅4，这还是前面准点上线领体力的情况。
总之，零氪没什么游戏体验，微氪一般般。福利一般般，反正不推荐玩。",,1.0,
378321,绯色回响,41999997,2024-08-12 12:14:54,2,370543573,棉花,Vivo U5x,6780.0,['visual_music'],"['gameplay', 'operation']","有bag，给我卡关了，强制让我退游。你挺行的哈！福利一般，平民玩家能玩的起来，但可能比较费肝。氪金项目一堆，概率迷，剧情一般，服务器不行有些许卡顿（也有可能是我设备不行）有些战斗没有跳过键，时间比较长，可以试着挂个机啥的。
💎资源获取：
那个深渊太难打了，能跳过，但是你一旦输了一次之后就再也跳过不了了，而且他是每天重置的，所以你每天至少要腾出25分钟左右来打，不是很值。然后还有其他的资源获取都是无法跳过的，前期主打的就是一个互刮，打的特别慢。

☄️成长体验：
体力一点就没，前期不是克劳的话很难玩，有一个好处就是出UP了可以在常驻池抽到。
总结：
能玩，X P档可以入，还有给多点角色出婚纱吧，只有强的配是吗？
",1.0,8.0,2.0
378321,绯色回响,41992256,2024-08-12 02:44:03,1,371287428,か,Android 设备,,[],"['gameplay', 'operation', 'visual_music']",咋晚玩了3小时连夜注销，画面卡的要死，要拿到角色要不停推图，反正不推荐,,,52.0
378321,绯色回响,41987763,2024-08-11 15:19:05,1,480988415,天狼,Vivo V2148A,,[],[],下载回来号就没了,,3.0,111.0
378321,绯色回响,41973729,2024-08-10 19:41:30,2,667745147,齋鷉,华为Mate 20 Pro,,"['operation', 'visual_music']",['gameplay'],"玩过，然后退游了，结果账号找不到了，我还氪了点金，结果找不到了，很无语😓，难道这B游戏跟我的世界一样？也会删档？。

☄️成长体验：
尽量带点脑子，好好想想你为什么要玩，玩了对你有什么好处",,,
378321,绯色回响,41970685,2024-08-10 15:10:34,1,491571166,NesTiny,HUAWEI Mate X3,,['visual_music'],"['operation', 'gameplay']",每天不充点钱是不配玩这个游戏的！,,,85.0
378321,绯色回响,41969878,2024-08-10 14:17:59,1,56851138,影,一加手机Ace 3,,[],[],玩法本就不是吸引人的点，你本来就是靠立绘和皮肤吸引人的游戏，可你看看你皮肤的获取方式，卡池概率也是感人的很，游戏到处弥漫着氪金的气息。总结，这游戏不氪金玩不了有点，小氪党建议放弃（以上是个人见解，如有不同，别杆，杆就是你对）,3.0,,
378321,绯色回响,41958383,2024-08-10 01:15:04,1,644968823,风,Vivo S17e,,['visual_music'],"['gameplay', 'operation']",六十抽一个金还是歪了，好歹不歪也行啊，保底还歪不想说什么了，还有那个专武百分之八十的概率跟没有一样，保底两次还是歪，我就不明白对百分之八十的概率是不是有什么误解？非要吃大保底。那个战力也是，我都高他（她）60W了，还是打不过，一个英雄的数值太超标了，还有主线的小怪，我都打残血了，一个技能直接回满了，她是小怪啊，不是SSR英雄，怎么玩？除非特别欧不然不氪战力是非常难提上去的。,,1.0,
378321,绯色回响,41950942,2024-08-09 12:11:15,1,389571634,黄色海绵,华为ABR-AL90,,[],[],太有操作了，什么都要等，等着凉吧，第一次见白送十连还要自己解锁的,,,50.0
378321,绯色回响,41908561,2024-08-07 11:08:12,2,1333008,刹那风,Honor X40 GT,,[],[],奖励蚊子腿，任务跑断腿。立绘还不错,,1.0,86.0
378321,绯色回响,41869039,2024-08-05 04:36:56,5,430097821,咳咳,Oppo A58,,"['gameplay', 'operation', 'visual_music']",[],"☄️成长体验：
入坑2天，总之就是非常喜欢二次元",,,1.0
378321,绯色回响,41860701,2024-08-04 14:00:54,5,597917199,6,Honor X50 ,,"['gameplay', 'operation', 'visual_music']",[],肝是肝但你各位不可否认角色的建模及其皮肤的建模是别的正常16+游戏没有的（如果你很能肝可以试试，本人体验还不错）（我60级玩了差不多一年）,,,1.0
378321,绯色回响,41818817,2024-08-02 08:41:24,5,631890369,该用户已注销,华为JAD-AL80,,[],"['gameplay', 'operation', 'visual_music']",抽卡概率低 歪的概率也高 剧情又长又拖 10连卡池都没有好的角色,,,
378321,绯色回响,41810169,2024-08-02 01:09:35,1,30464487,vv,Android 设备,,[],"['gameplay', 'operation', 'visual_music']","史
不抽卡连连第四章都过不了😅
抽卡给不起别给，我以为十连一金一紫已经是极限了，自选十连更是幽默",6.0,1.0,
378321,绯色回响,41803154,2024-08-01 12:49:12,1,630851776,艾莲,Huawei Nova 10,,['visual_music'],"['gameplay', 'operation']",皮肤虽然好看，但感觉开发公司很缺钱，大部分东西都很肝很氪，最多当个看板游戏，但如果你是氪佬，我不多说,,1.0,
378321,绯色回响,41797086,2024-08-01 07:28:21,1,586289036,。,华为荣耀20Pro,,[],[],"听劝快跑！
假福利真割韭菜",,,86.0
378321,绯色回响,41787929,2024-07-31 20:15:25,1,74477358,淡忘,Realme GT Neo2 5G,,[],"['gameplay', 'operation', 'visual_music']",那个啥争霸我立马战力是对面十倍怎么打到最后就剩下个对面一个主角一直打到超过回合都打不死我直接蚌埠住了😅,,,
378321,绯色回响,41784309,2024-07-31 14:37:44,4,43475706,意遲雲在,华为P30,,"['gameplay', 'visual_music']",['operation'],玩了几天，整体感觉中等偏上主要皮肤立绘吸引我，玩法中规中矩，我目前只有三个建议：一是游戏有卡顿，我的手机和电脑在返回主界面的时候会卡一下，不知道为何，就算画质都弄到最低也会。二是你的被动系统必须氪金买128的戒指才能获得，一个卡牌我连技能都要花钱买确实逼氪，希望能加入钻石购买选项，不然体验不佳，三是成就系统希望加入一键领取，一个一个点太麻烦，要说当副游囤囤资源还是不错的，我也花钱买了几个皮肤，还是很满意的,,1.0,
378321,绯色回响,41783031,2024-07-31 13:31:13,1,37394460,墨水,Android 设备,,[],"['operation', 'visual_music', 'gameplay']",打两星是因为打一星怕被清掉，看到游戏简介里面写的上线送利维坦皮肤了吗？你上线之后是没有的，以前活动送，现在不送了。,,,
378321,绯色回响,41768646,2024-07-31 01:14:18,1,549370624,谁知道呢,Android 设备,,[],"['gameplay', 'operation', 'visual_music']",老年游戏，新手教程时间比他命都多，骗氪也非常严重，每日十连还要等到过完第四章😂,,,53.0
378321,绯色回响,41739112,2024-07-29 13:57:21,5,430776094,Made in heaven,华为P10,,[],[],现在不送利维坦的时装了吗,1.0,,
378321,绯色回响,41724825,2024-07-29 02:43:53,1,480076125,cik,Android 设备,,[],"['gameplay', 'operation', 'visual_music']",这游戏真的无语，抽卡的概率是真的迷，50抽出金，但出up概率低的离谱，我抽卡池足足歪了五六次都还没出up，真的无语，就纯纯骗氪，老子天天推图攒抽数，结果次次歪，真的心累,1.0,,
378321,绯色回响,41649441,2024-07-26 02:49:50,1,506245683,也许,iPhone 12,,[],[],逆天抽卡机制不氪金就被爆杀,,1.0,86.0
378321,绯色回响,41647380,2024-07-26 01:05:57,2,633945654,嘿咻嘿咻,华为Mate 9,,[],[],"这游戏为什么要做成Q版的？战斗的时候做成，二次元不是Q版的不行吗？还有问下，其他人秋叶强不强？
",1.0,,
378321,绯色回响,41615232,2024-07-24 15:27:27,5,112088573,User112088573,Redmi  K70 Pro,,[],[],莉莉丝很色(o´Д`o)ノ真的很好看好评,,1.0,
378321,绯色回响,41586600,2024-07-23 11:11:33,1,114120140,User114120140,Android 设备,,['visual_music'],"['gameplay', 'operation']","国际服有简体中文。立绘瑟瑟，但也仅瑟瑟。
打到第7章，抽了4个金。看了下游戏内养成只能说垃圾数值换皮游戏。
关卡内纯放置玩法，但是有剧情要点跳过，我都有空点跳过了，我还玩你个放置游戏干啥？游戏内玩法基本0有效交互，一切都和数值养成有关。
不能分屏，不能小窗，小窗只显示一半的游戏内容。一款放置挂机，全都不能，我留着你干啥？游族作为一个老厂，10年的时候就做放置挂机血族了，做到24年，分屏都没实现，我直接笑死，把玩家到煞笔。
很难想象这游戏的游戏受众是谁。128一个的皮肤，live2d都没有😅",,2.0,1.0
378321,绯色回响,41567428,2024-07-22 15:32:28,1,461768450,小徹,Android 设备,,[],"['gameplay', 'operation', 'visual_music']",玩了半个月氪2k真心不好玩,,5.0,83.0
378321,绯色回响,41560163,2024-07-22 09:28:51,1,635209558,愿祖国永昌盛,Android 设备,,['visual_music'],"['gameplay', 'operation']","零氪党就别玩了，实在想玩就去玩几天把角色立绘截个图，精华就有了，其他全是史
",1.0,3.0,52.0
378321,绯色回响,41559519,2024-07-22 08:56:42,3,500163202,令狐琴,OPPO A93 5G,,"['gameplay', 'visual_music']",['operation'],休闲费肝，衣服好看，角色小保底50大保底80，前期开荒可以，后期钻石少的可怜，活动较多,,1.0,
378321,绯色回响,41557829,2024-07-22 07:29:21,3,528084755,苏诗·浩桐,红米 Note 9,,['visual_music'],"['gameplay', 'operation']",誓约的东西要128元？？？😅,,3.0,
378321,绯色回响,41553951,2024-07-22 04:16:52,1,347359293,5432qtertes,Vivo IQOO Pad,,[],"['gameplay', 'operation', 'visual_music']",游戏过时老套不好玩，而且福利也很少，逆天的是，连新手任务的部分任务都得充钱了才能领奖励，而且抽卡连50%的概率都没有，是40%的，要歪四次才能保底一个当期UP，而且游戏制作明显就是极其敷衍的，连夏日活动都没有做很多内容，十分钟就能做完夏日活动 ， 这种质量的游戏连同福利和抽卡机制，真的是第一次见，这种游戏能运行下去都是对手游大环境的污染,,1.0,
378321,绯色回响,41501251,2024-07-19 08:53:23,2,508113025,Karman,小米Xiaomi 14,,[],[],一玩一个不吱声，强制新手引导，送的十连都要打到一定关😅,,,93.0
378321,绯色回响,41495055,2024-07-19 03:09:09,3,52012597,❌,Android 设备,,[],[],"扣两星给新手引导

✍🏻建议：
强制的新手引导最好少点，你强制我抽角色培养角色，完了第二次强制我再去过关，这一步纯纯脱了裤子放屁",,1.0,
378321,绯色回响,41493165,2024-07-19 00:35:03,1,582999003,豆浆油条,Android 设备,,['visual_music'],"['gameplay', 'operation']",游戏皮肤好看，这个游戏唯一的优点，无尽的养成，肉眼所及都是氪金点，骗氪，零氪你活动都打不满，一直在出新氪金点，不做平衡新卡永远最强，抛弃老卡，一个月更新换代一次迫使是一直去抽奖。抽奖也有仓检最后一个很大概率歪让你上头氪金，最后一句氪金不如买号，买号不如退坑，一个套皮擦边游戏，一分都是多的,,,
378321,绯色回响,41451239,2024-07-16 17:07:57,4,42829757,簇慈胥,Android 设备,,[],[],和尘白一比感觉同样16+没有尘白涩,,,
378321,绯色回响,41444118,2024-07-16 08:49:19,3,648031096,False.(虚伪),Android 设备,,['visual_music'],['gameplay'],可玩但不好玩,,,
378321,绯色回响,41434323,2024-07-15 15:01:06,3,385642492,？,Redmi  K70 Pro,304140.0,[],[],"我先吐槽一下，这国服和其他服的福利完全不在一个档次 不管是皮肤建模什么的还是送晶石其他服务器都要给好点，而且我上测试服一看，好家伙上来就让我充228.8必出一个up，我寻思着这不是测试服吗，这样搞 最搞心态的不是其他，而是那个随时随地会出现的充值弹窗，事实上绯色的福利没有网上说的那么好
现在来聊聊这个游戏能不能玩
💎资源获取：
晶石的获取有很多种，比如推主线 做活动 日常活跃度攒一个版本还是能有个一两万，微氪党运气好点是可以角色满图鉴的（低命）

☄️成长体验：
到了60级左右角色提升提升就很缓慢了，想要快速变强有且仅有一条路，那就是氪，但完全没必要 和某个18+二次元射击类一样，皮肤看自己xp想买就买，没必要氪金，好像偏题了 话说回来，前期正常跟着剧情提升角色，然后去自选十连选一个主c或者是巴风特这种盾或者奶妈啊，体力清完就下 照样能玩

🃏抽卡体验：
感觉这个是唯一能吹的了，不知道所有的人都一样，还是怎么的 我的号就很欧，20来个ssr，其中我要抽的up都有，那怕歪了时间也够也能出昨天连金两个女仆，今天双金后又出了一只",,1.0,1.0
378321,绯色回响,41430556,2024-07-15 10:18:05,1,435488541,烟消乄云散,华为畅享20 Pro,,[],"['gameplay', 'operation', 'visual_music']",这个游戏真的让我有种，小刀拉屁股-开了眼的感觉，预约奖励是要打关的，自选十连打关的，打完关抽了之后，你跟我说，在打到第七章才能领取，我真的是头一回见这种游戏，而且你那池子限抽 还搞七八个池子，让我弄不明白，每日十连，别的游戏每日十连至少是正儿八经在角色池里的，你这好，杂七杂八的啥都有，依托答辩😡,,2.0,1.0
378321,绯色回响,41421379,2024-07-14 17:44:49,5,605223844,著名的RPG玩家,iPhone 12 Pro,,[],[],真的挺好玩，就是被和谐了很难受啊，立绘确实是挺不错,,,1.0
378321,绯色回响,41420346,2024-07-14 15:57:25,1,413974864,好奇の千酱,华为ADA-AL00,,[],[],"台服一个月80w了，零氪，而且我是养老打法，主线只要打不过就开始打卡，等效能多了几万继续刷主线，真的很爽，抽卡也爆率高一天就玩半个小时，没研究过，有些繁体字也看不懂，战术啥的都没研究过,只要打不过就开始养老，刷主线靠效能碾压
你搁这受罪不如下个外服，衣服穿厚了还各种恶心",1.0,3.0,
378321,绯色回响,41411522,2024-07-14 04:09:33,2,598697077,鹿茸,Honor Play 30,,[],[],"立绘还挺不错的就是那个离谱到极致的概率每次都是保底小保底还都歪还有那个每日十连不想让玩家臭：不来就不设计行不行抽出来一堆材料紫的都没几张还有个更离谱的自选一百抽五十章才能领第二个你疯了吧
",,1.0,
378321,绯色回响,41402160,2024-07-13 10:16:47,1,600033363,wkk,小米13,,[],"['gameplay', 'operation', 'visual_music']",不好玩，太耗时间了，滚服游戏懂得都懂,,1.0,85.0
378321,绯色回响,41311082,2024-07-07 23:15:24,3,116777458,梦小凡,Android 设备,,['visual_music'],"['gameplay', 'operation']",这游戏就适合做一个0氪的服务器蛀虫,,3.0,
378321,绯色回响,41179586,2024-07-03 02:10:03,2,398169402,laby,OPPO Pad,108180.0,['visual_music'],"['gameplay', 'operation']","鉴定结果：披着好看二次元外皮的氪金滚服数值手游
一星给画面美术，人物立绘美术风格这是最吸引我玩的。
一星给剧情，世界观人设还有点意思，想继续看下去，但是主线只有第一章有配音，后面都没了，省这个比钱把剧情浪费了。
活动也不肝，但是很多战斗必须手动开始，然后每天10次你得一次次手点，数值机制，模组古物决定强度，所以氪金大佬只有氪金提升强度就是数值碾压，平民就得慢慢玩，这游戏到处都是氪金点，随时给你弹出氪金的，商城也各种协议啥的，商业化极度严重的数值游戏，甚至有几次遇到效能等级比我低的只要氪金有强大古物模组什么的也一样吊打你不氪金效能高的，所以这游戏就是氪金决定强度，属于氪佬的游戏，滚服游戏我玩了半个月，新服最开始1000多人，现在玩的可能二三百人了，最后平民没了，大佬也装不了比了，就等着合服了，这游戏要是学学碧蓝卖皮肤不滚服还能当个副游玩下去，话说我活动签到硬是没抽到周边。",,5.0,
378321,绯色回响,41134837,2024-06-29 12:43:59,5,587133181,爭单,Android 设备,,[],[],为什么我之前的号，在这登陆变成了新号。（急需求解！）,1.0,1.0,
378321,绯色回响,41131335,2024-06-29 07:55:20,1,507073001,123,Vivo Y53t,,"['gameplay', 'operation', 'visual_music']",[],不是，你无敌了呀，孩子！我开着分屏，一进去卡着不动，但是可以听见语音。然后怎么点也没用，啪的一声很快啊，给我退了。而且为什么要到第三章才开自选五星呀，伤害全是神器打的，如果没有神器我都不知道要打多久才能过。,,2.0,
378321,绯色回响,41103792,2024-06-27 08:56:02,1,558391989,一生所爱,Honor X50 ,,[],[],玩了一会，100连抽到好几张ssr卡，小队换阵的时候看不到,,,91.0
378321,绯色回响,41100187,2024-06-27 03:35:47,4,124250168,羡吖ぃ＆,Android 设备,,"['operation', 'visual_music']",['gameplay'],这游戏还行吧，我是欧皇,1.0,3.0,1.0
378321,绯色回响,41097266,2024-06-26 18:49:16,1,317793350,沉迷自己的人,OnePlus Ace 2,,['operation'],"['gameplay', 'visual_music']",战力要求太高了，我的队伍达到47关就已经很费力,,,91.0
378321,绯色回响,41094065,2024-06-26 13:29:46,1,596090355,playes_45337,Vivo X21A,23400.0,['visual_music'],"['gameplay', 'operation']","只有立绘好看一点
剧情特别水
无脑堆数值
还巨氪",,,95.0
378321,绯色回响,41079002,2024-06-25 11:17:07,1,53143181,零月,魅族20,,['visual_music'],"['gameplay', 'operation']","
见过一个游戏资源比较稀缺的，没见过啥都缺的，本来要养的东西就特别多，等级，徽章，神器完全数不过来，推图本来就难，养成更难，卡池概率只有刚注册的时候是高的，好不容易攒一发十连，还一直歪，出了倒好，这角色得升到三星起步才有点用，抽了好了，给你来个专武，专武我又得养。。。。这游戏最不值💰的就是卡了，还老是不给抽卡。。。唉
",,3.0,
378321,绯色回响,41068349,2024-06-24 09:32:52,2,418547011,123,iQOO Neo 5,,[],"['gameplay', 'operation', 'visual_music']","说一下角色抽卡吧，歪4次才保底up,正常人50抽一只，被机制当韭菜薅就是150以上一只。同一成果两种情况花费成本却是3，4倍。还有你们喜闻乐见的快速换代，越出越强，而且出的频率很快（通常一周就出新，有时2周）不建议入坑，也建议已入坑的早些退坑。",,1.0,
378321,绯色回响,41062631,2024-06-23 17:10:27,1,570496715,零落,Redmi Note 12 Turbo,,[],"['gameplay', 'operation', 'visual_music']",我用wifi下的游戏，进去更新游戏用wifi就下不了了，用流量下了，打了一章又要下，网还是不行，我试了好几遍，真的无语,,,
378321,绯色回响,41061629,2024-06-23 15:15:09,3,103718179,月月,Android 设备,,['operation'],"['gameplay', 'visual_music']",这游戏挺抽象的只能说，咱就是说不会做游戏别做，第一天氪了快四百块直接爽玩，第二天推关卡的时候就有点打不动，现在才打到30章最后一关，完全打不过，我只能说这游戏前期玩玩就好，后面没必要玩了，第一次这么后悔氪金一个游戏，充得也不算很少，小关卡都打不过,,,
378321,绯色回响,41059488,2024-06-23 11:34:24,1,466838977,因为我是少丰啊,华为 Mate 30 5G,,[],"['gameplay', 'operation', 'visual_music']",给的资源和福利太少了,,,110.0
378321,绯色回响,41039955,2024-06-21 20:30:35,1,580397339,浮生醉清风,Android 设备,,['visual_music'],"['gameplay', 'operation']",没钱不推荐玩，好几次重新玩玩看看变化，结果和一开始玩没多大区别，就一吸金游戏,,,52.0
378321,绯色回响,40966801,2024-06-15 15:02:33,3,20321306,山田凉先輩,OPPO Ace2,,"['gameplay', 'visual_music']",['operation'],有个疑问❓，游戏打开后出现下载点1与点2这两个有什么区别嘛，如果谁知道能解释一下嘛谢谢😅,1.0,4.0,
378321,绯色回响,40951266,2024-06-14 13:01:03,1,26248561,2368365070,Vivo V2046A,,[],[],"广告打的真假，一玩啥也没有
",,5.0,86.0
378321,绯色回响,40927379,2024-06-13 06:16:41,3,32261558,User32261558,一加手机Ace 3,14880.0,['visual_music'],"['gameplay', 'operation']","定位为副游，可操作性低，充值性价比很低，角色质量参差不齐。

雷点是角色养成与充值有高强度绑定，做为主游没有足够的游戏性，作为副游养成又太过麻烦。

游戏几乎是靠几位角色和皮肤留住玩家，所以我根本不明白运营方为什么要添加如此多的充值活动。

我提个建议，把高质量游戏皮肤排在一起出售，同时不断重置双倍，流水远比让玩家购买计划卡要多。

如果还不明白我的说法，那就参考隔壁有「稳定」流水的某船。

噢，对了，你游居然真的，没有小开关，然后还搞，海外，国内，的游戏内容分割。

这么开发二游，项目组里的文案和美术就算再超神也救不了。",,2.0,
378321,绯色回响,40811272,2024-06-02 20:33:43,3,490822998,萝莉酱油鲜,Realme真我GT,,[],[],这是几加的游戏？,,1.0,
378321,绯色回响,40779009,2024-05-31 02:11:52,4,17444433,🆔6⃣6⃣6⃣6⃣6⃣6⃣,Android 设备,,"['gameplay', 'operation']",['visual_music'],本来大头怪就很难接受，最怕的就是大头加大脚，欣赏不来,,1.0,
378321,绯色回响,40747458,2024-05-28 02:19:06,3,33940060,随便.我不在意,OnePlus Ace 2,,['gameplay'],"['operation', 'visual_music']",1.游戏整体还行，就是体力太少了 也就150的体力值 打一把要浪费5个体力值，太少了 还没怎么玩儿 就只能挂机了 干瞪眼，体力恢复的也有点慢,,1.0,
378321,绯色回响,40726004,2024-05-26 07:41:21,5,564568563,你的拥抱很好吃,Vivo V2121A,,[],[],想问问有人知道为什么最新的角色卡萝琳上线了但是没有皮肤嘛,4.0,3.0,
378321,绯色回响,40628306,2024-05-22 16:06:55,1,529468613,猫咪,Vivo V2164PA,,[],[],"首先，谢谢策划送的回归大礼包。其次把我攒的二十七抽还回来！！！
首先，谢谢策划送的回归大礼包。其次把我攒的二十七抽还回来！！！                                          首先，谢谢策划送的回归大礼包。其次把我攒的二十七抽还回来！！！                                          首先，谢谢策划送的回归大礼包。其次把我攒的二十七抽还回来！！！                                          首先，谢谢策划送的回归大礼包。其次把我攒的二十七抽还回来！！！",,3.0,
378321,绯色回响,40493266,2024-05-11 11:09:43,2,450465248,Mr良,Android 设备,171240.0,"['visual_music', 'gameplay']",['operation'],出金率太低，已经第三个保底了，一个限定也没出。要是刚回归的话，还好出金率比较大，我可以说的是我砸了快有9000多，一个限定也没有,2.0,,
378321,绯色回响,40470499,2024-05-08 18:45:25,1,57096585,我太难了,魅族20,,[],"['gameplay', 'operation', 'visual_music']",这游戏不充钱没法玩,,1.0,107.0
378321,绯色回响,40457324,2024-05-07 06:25:00,5,591395297,软糯的小日奈哟,华为 Nova 5 Pro,,"['gameplay', 'operation', 'visual_music']",[],"个人觉得这福利送的多还特别好很推荐游玩老婆老多了很喜欢五星好评
",,1.0,2.0
378321,绯色回响,40446908,2024-05-06 00:12:37,5,428314234,云泽,华为P20,,[],[],很好玩立绘也很顶,,1.0,2.0
378321,绯色回响,40425260,2024-05-03 18:41:05,1,614118337,乱花,Android 设备,,[],[],0氪玩不了一点，up池一堆但是一个池子也就那么几天时间，而且0氪前几天脸黑的话连个副本都过不去，欧一点的话勉勉强强过个副本,,1.0,
378321,绯色回响,40400363,2024-05-01 14:55:06,5,631293617,宠粒,华为ADA-AL00,,[],[],可以添加一个一键完成任务，奖励还能多点,,,1.0
378321,绯色回响,40395690,2024-05-01 08:07:23,1,108047819,手机用户108047819,iPhone 8 Plus,,[],[],气死我了 国服好多都和谐了,,1.0,79.0
378321,绯色回响,40368602,2024-04-29 04:48:26,2,13896198,拂难仁,华为HONOR 20,,[],[],800兆更新下载能卡半天，浪费时间,1.0,,80.0
378321,绯色回响,40364196,2024-04-28 14:41:41,1,110629579,用户3090,华为荣耀8X Max,,[],"['gameplay', 'operation', 'visual_music']","💎资源获取：后期可获取资源极少全靠pvp。各种人权层出不穷不抽就落后。大保底250，小保底50。平均也要150抽一个up。

☄️成长体验：游戏服务器进度差距极大半个月开一个区。活动却是一视同仁。因此只能靠托带动。如果不是钱多烧的不建议玩。
游戏目前卖点是靠托来让人氪金。还有涩情图片。白嫖皮肤党可以进入玩但投入大量精力不值当。",1.0,,
378321,绯色回响,40348977,2024-04-27 04:48:05,2,548233430,但,华为荣耀9X,,['visual_music'],"['operation', 'gameplay']",逆天游戏，我重新下回来，我的存档和东西都没了，让我重新注册一个新的，牛逼,,4.0,52.0
378321,绯色回响,40328282,2024-04-25 12:47:40,1,588566681,南。柯,魅族20 Pro,,[],"['gameplay', 'operation', 'visual_music']",不好玩，送的十连还要卡关才能抽，醉了,,1.0,81.0
378321,绯色回响,40316667,2024-04-24 12:50:23,1,550747544,zzz,Vivo V2049A,8640.0,[],"['gameplay', 'operation', 'visual_music']",只能说玩的太累了,,1.0,108.0
378321,绯色回响,40314676,2024-04-24 09:13:16,3,53106187,静待花开,iPhone 13 Pro,,[],[],每天上线做完任务不知道干啥，抽卡掉率小的吓人，几乎一半以上是大保底。好不容易攒了几星卡，新卡一出瞬间垃圾。不重氪根本玩不了。,,2.0,
378321,绯色回响,40308918,2024-04-23 18:07:09,3,31044539,zs情染,OPPO Find X7,,[],[],为什么没有时装啊,,1.0,
378321,绯色回响,40308061,2024-04-23 16:08:26,1,19230581,我蔡你现在肯定又徐又坤,Android 设备,,[],"['gameplay', 'operation', 'visual_music']",好游戏玩过的都懂就是有点不好玩,,,80.0
378321,绯色回响,40302605,2024-04-23 07:19:45,4,443047618,星·辰ฅ,Vivo V2020A,10200.0,['visual_music'],"['gameplay', 'operation']",唯一一个让我出3金的游戏，好不好玩?我觉得也就那样，但是，在我玩的二游当中，你是唯一一个让我出三金的游戏，你让我知道我原来不是超级无敌至尊非酋😭,,6.0,2.0
378321,绯色回响,40279450,2024-04-21 07:40:39,1,532524828,雨沫,Oppo A58,,[],['gameplay'],这游戏好老套，一点也没有想玩的动力...😂,,,90.0
378321,绯色回响,40270753,2024-04-20 15:05:55,2,602334457,喵懒,小米Mi 11,,[],"['gameplay', 'operation', 'visual_music']",前期还能玩玩，有个新鲜感，后期要多抽象有多抽象，想玩前期体验一下就好，多了怕你也被恶心到,,4.0,
378321,绯色回响,40260331,2024-04-20 02:16:08,4,633674110,三问天问,华为Nova,,"['gameplay', 'operation', 'visual_music']",[],说实话，要是肝的话还好吧主要前期先把等级提升觉得还好,,,
378321,绯色回响,40220120,2024-04-17 06:15:27,5,607140888,吟诗十四首,OPPO A53 5G,,[],[],以前玩的号为啥没了？,1.0,,1.0
378321,绯色回响,40216241,2024-04-16 17:48:41,2,13559135,鹚羽心,OPPO PFTM10,,"['visual_music', 'gameplay']",['operation'],玩到第三章成功劝退，自选给不起那就别怪留不住人，抽卡概率和资源也搜扣扣的，难怪差评这么多,,1.0,1.0
378321,绯色回响,40214691,2024-04-16 14:52:05,2,31382447,布布特尼,Android 设备,,[],"['gameplay', 'operation']","到处都是氪金点，玩了十几年游戏了头一次遇见这么狠的游戏，角色要抽，专武要抽，还有卡包，和神器，神兽，也要抽（家具也得氪）。每隔几天还给你排个榜，第几名有什么奖励之类的（这个也需要氪），创建的公会三个月没登今天上去一看，被罢免了，我花钱创的公会不属于我。针不戳，唯一能提的就是角色立绘了，但是我有那闲钱氪进去不如买黄油玩玩
",,,
378321,绯色回响,40178113,2024-04-13 20:53:46,3,54351057,龙羽晨,Redmi Note 12 Turbo,,['visual_music'],"['gameplay', 'operation']","💎资源获取：
头七还好，后面真就是剧情满不了，有可能还过不去
感觉就是得拉星级才能过关，吃星，吃资源，吃氪金。资产不多的。不如去玩别的，这玩意是真的刁德一
🃏抽卡体验：
这个还好，角色50抽保底，武器30保底，就这样的一个抽卡，而感觉还是挺好的，某神应该学习一下才行 。",,1.0,
378321,绯色回响,40177610,2024-04-13 18:20:34,4,384981876,忧郁夜章,Vivo V2068A,,"['gameplay', 'operation', 'visual_music']",[],总体感觉下来还是可玩性可以的前期福利也是有的就是后期有点长草了大部分回合制游戏都差不多这样后面就会长草可以理解这个游戏立绘也是可以的够涩我个人也是挺喜欢玩的就当养老了,,,
378321,绯色回响,40165523,2024-04-13 02:53:53,1,542010144,乃敢与君绝,小米Redmi K40,17760.0,[],[],纯割韭菜游戏，扣的要死，把推图资源当福利，果断卸载，立绘也一般，纯数值回合制烂大街低成本游戏，不会还有人当冤种给这垃圾游戏送钱吧,,3.0,
378321,绯色回响,40148407,2024-04-12 05:01:12,1,614183690,该用户已注销,魅族20,,[],"['gameplay', 'operation', 'visual_music']",家里没几套汤巨一品不建议玩这个,2.0,5.0,79.0
378321,绯色回响,40141032,2024-04-11 14:02:56,1,566041809,该用户已注销,Honor 70 Pro,,[],"['visual_music', 'gameplay', 'operation']",这都能活到今天，游戏真是赚钱啊，以后我也搞骗氪手游,1.0,,84.0
378321,绯色回响,40107006,2024-04-09 03:54:53,3,590981906,星野,OPPO Reno标准版,,"['gameplay', 'visual_music']",['operation'],资源太少 爆率有点低 ，活动up池260抽出三个 其他全歪 ,,,
378321,绯色回响,40104915,2024-04-09 00:40:59,1,530403965,闫禹卿,红米 K40 Pro,,[],"['gameplay', 'operation', 'visual_music']","开局就是跟你讲第几章第几章才送啥，搞人心态的有时候甚至还卡bug，卡bug后还直接抬手把你号给封没了。

🃏抽卡体验：
真的很逊阿，次次都是保底，抽过去抽过来依旧拿不到自己想要的，更新角色也快，这个还没有玩明白，就突然更了几个

💎资源获取：
资源获取打副本给的东西也是相当炸裂逆天，几掌几章的送，根本受不了，隔壁两个卡牌游戏都比你邮箱维护福利好的还有测试福利
😖😞😞😞😞😞😞😟😟😟😟
☄️成长体验：
养起来后，打了几关，等级没上去，还给强度拉低了，有时候搞得心态爆炸，玩戲鄃殳

🌃画面音乐：
画面还算可以的，制作比较好，音乐也有点好听吧

✍🏻建议：
氪金不氪个几千，玩不了一点，强度跟不上，节奏跟不上，甚至福利还不多，特别是新手那个十连抽当时直接给我卡没了，还有那个相当逆天的150砖石券1.5米，你不敢直接送啊，光凭那几点就这样样子了",,,
378321,绯色回响,40097370,2024-04-08 04:34:19,4,449251647,心劫说给自己听,Android 设备,,[],[],我玩公测的时候 相对比现在这些简直就是史诗级削弱 那个泳装皮肤根本没有那块黑布挡着 是真的爽 又大又爽 还有很多很多惨遭削弱 可惜 当时截屏没了 可惜,,,1.0
378321,绯色回响,40081902,2024-04-06 09:20:46,3,510766789,清风不入夏,荣耀 X30,,['visual_music'],"['gameplay', 'operation']","在玩国际服，国服是真垃圾，三星为了立绘
",,,
378321,绯色回响,40050904,2024-04-03 19:19:18,1,439088143,秋否不,iPhone X,,[],[],150抽还没出U P,,,97.0
378321,绯色回响,40048099,2024-04-03 13:37:28,3,385304934,该用户已注销,Android 设备,,[],[],可惜画质和大招动画特效都不如以前的伊甸园的骄傲。,,,
378321,绯色回响,38697827,2023-12-11 22:35:19,1,593615063,小灰灰,iPhone 13,,[],[],本人充值也快二万了…8900万战力..玩不动了……新卡永远吊打老卡….出一个新卡也就能让你快乐七天..因为他七天就出一个新up…。 那么这一个让你快乐七天的卡需要多少抽呢……450抽能差不多到5星.然后各种歪.一共要750-900抽..155抽一个648…这还只是抽卡..还有古物 原质兽 共鸣卡等..    总结..吃像难看.七天一个up.你新出得的卡会在一个月内变成垃圾.号不保值.需要持续充值…如果你就是抽个图鉴随便玩.活动全部不参与.当我啥都没说.,3.0,5.0,
378321,绯色回响,40017695,2024-04-01 04:18:11,5,383932916,死神,OPPO A系列,,[],[],这怎么回事？,,,
378321,绯色回响,40005365,2024-03-31 04:46:34,3,477413800,不想瞌睡,Xiaomi Redmi 10A,10500.0,"['gameplay', 'operation']",['visual_music'],全日语音。呵呵！,,2.0,1.0
378321,绯色回响,39835629,2024-03-16 01:48:02,1,45081972,落葉,Redmi Note 11T Pro,128460.0,[],['gameplay'],越往后玩越不想玩，每日要做的东西太繁琐了，建议出个一键日常，每天都是重复的东西，官方也不给玩家减负,,6.0,
378321,绯色回响,39996223,2024-03-30 08:59:09,1,583738689,理智的达人,iPhone 14 Pro Max,,[],[],策划给美术组磕一百个都不够！！！抽卡极坑，建议有关部门查一查概率，绝对不到公示的概率，越氪越容易大保底，杀熟，动不动两百抽开一个图鉴，八九百抽满破，你以为角色抽满就安全了？对不起，还有古物，专武，宠物，全部要抽高⭐，全部都很容易歪，史上最逼氪重氪的游戏，游戏全是各种大大小小的礼包，玩法做不好，逮住玩家玩命的薅，还不知道什么时候回跑路，看到这个游戏，赶紧跑，有多远跑多远,1.0,,
378321,绯色回响,39982612,2024-03-29 05:13:05,3,24367694,念,小米Xiaomi 14,,"['operation', 'visual_music']",['gameplay'],"抽卡太歪啦

🃏抽卡体验：
歪歪歪
歪歪歪",,1.0,
378321,绯色回响,39979927,2024-03-28 23:55:08,1,16726423,Male slag,小米Xiaomi 14,,['visual_music'],"['gameplay', 'operation']",游戏质量还行，但是不氪金玩不了，一个新角色就能越2000万,,1.0,83.0
378321,绯色回响,39929718,2024-03-24 05:38:07,1,520109235,火日立,Vivo V2203A,36720.0,[],"['operation', 'visual_music', 'gameplay']",次次保底还次次歪，滚吧,,,96.0
378321,绯色回响,39880738,2024-03-20 04:59:31,5,46874547,永吉鹏晏,红米 K40S,960.0,"['gameplay', 'operation', 'visual_music']",[],挺好的立绘,,,
378321,绯色回响,39876792,2024-03-19 15:19:28,3,8826457,太阳,Vivo IQOO 12,9060.0,[],"['gameplay', 'operation', 'visual_music']",总结一下：滚服游戏，氪字当头,,,
378321,绯色回响,39820952,2024-03-14 13:54:40,5,126096377,该用户已注销,联想拯救者电竞手机,,"['visual_music', 'gameplay', 'operation']",[],角色设计比较好看的养老婆休闲游戏，刷资源图可以扫荡，培养六个人物即可，想换新老婆入队等级装备可以继承，培养起来省劲。皮肤可以在钻石商城换时装券。慢慢攒会有的。,,3.0,
378321,绯色回响,39787022,2024-03-11 09:19:07,3,537103140,秘,荣耀畅玩 20,,['visual_music'],"['gameplay', 'operation']",角色立绘好看，但玩法就不太好了,,,
378321,绯色回响,39774829,2024-03-10 04:47:04,1,500286734,蛋糕酱,iPhone 12 Pro,,[],[],垃圾游戏，疯狂骗氪，越氪越歪，各种基金，狂出，游戏活动对于新手不友好。小保底50次大保底200次，抽奖资源唯一来源只有氪金，不氪金吃不到保底，玩了几天氪金了四五百，越氪越黑。没自信玩下去了。,1.0,1.0,
378321,绯色回响,39748638,2024-03-07 22:33:54,3,561689551,上校,Oppo K10 5G,,['visual_music'],"['gameplay', 'operation']","☄️成长体验：
我觉得还好，对于我一个懒人玩家来说还行


💎资源获取：
开始还好，但是越到后面越恶心",,1.0,
378321,绯色回响,39737503,2024-03-06 17:31:29,2,350473057,纸鸢,Android 设备,,[],[],"我只能说活该，本来外服的战力系统就挺不讨人喜欢的，玩下去的大多数都是奔着立绘去的，上线国服完全是多此一举，你游什么特色不知道吗，人家蔚蓝稍微改改立绘就行，你这直接大改，外服那角色截图不打码都发不出来，想问问你游的画师还好吗
我完全没有踩一捧一的意思，两个游戏都很好，但你做了个最错误的决定就是上线国服，在外服挺好的，别什么游戏都想上线国服，先了解了解自己的游戏什么特色再说吧
这是我游戏截图，我不是什么肝帝氪佬，就是普通的玩家，你和我杠就是你对",,2.0,
378321,绯色回响,39727404,2024-03-05 14:55:07,2,9468084,沐熙,华为P40 Pro,,['visual_music'],"['gameplay', 'operation']",玩了一个多月，看老婆的游戏，氪金游戏，没了。剧情可以无脑跳过。前排后排没意义，因为很多都是范围伤害，全看数值比拼，开局比比哪边作战效能数值大就行了，想提升自己就往上无脑堆数值就行。除了立绘声优，啥也不是，国服还被和谐。到处都在引导氪金。建议早死早超生。,,,
378321,绯色回响,39640581,2024-02-26 10:51:06,1,525539105,困,Android 设备,,[],[],第一次给差评，你游抽卡是真的恶心，一直歪卡，活该评分这么低,,4.0,83.0
378321,绯色回响,39592344,2024-02-21 12:08:18,3,456911196,奈拉,iPhone 11,,[],[],很差的一款游戏。福利很差。画质很呆。,,2.0,
378321,绯色回响,39574832,2024-02-19 22:39:56,4,545110296,lsls,Realme  X7 Pro,43380.0,[],[],还是挺好玩的而且皮肤很涩,,1.0,1.0
378321,绯色回响,39570820,2024-02-19 11:25:46,3,107633853,手机用户107633853,一加 Ace 2 pro,,[],[],你们按返回建或者返回主页键会不会卡一会儿啊？,2.0,,
378321,绯色回响,39567409,2024-02-19 05:34:00,1,470296161,+α卩,小米Mi 11 LE,,[],['operation'],乐，充了，只到帐一半,,,98.0
378321,绯色回响,39554195,2024-02-17 17:09:19,4,552397835,大山,小米Xiaomi 14,,"['gameplay', 'operation', 'visual_music']",[],打了第三章有10连自选还是很照顾新手的,,,2.0
378321,绯色回响,39563480,2024-02-18 15:50:33,2,479053494,ysjsnn,小米 Redmi Note 9 5G,,['visual_music'],"['gameplay', 'operation']",除了立绘可以其他一塌糊涂,,3.0,70.0
378321,绯色回响,39560357,2024-02-18 10:21:16,1,40027296,caigou,iPhone 15 Pro Max,,[],[],二次元传奇，充的越多越强，不需要节奏榜无脑抽新的就行了，天天炒冷饭复刻之前活动没有一点新意，现在通行证连皮肤都不想给了，我估计离跑路不远，入坑谨慎,,,1.0
378321,绯色回响,39541351,2024-02-16 11:24:02,5,500960312,七七,华为荣耀9X,,"['gameplay', 'operation', 'visual_music']",[],"好玩，爱玩（＾ｖ＾）
主要是角色很戳我，都很色！（虽然我是女生）
里的萝莉、大姐姐，我很难不爱！
我自己觉得到了后期角色就要选和领袖一样的了（不知道大家能不能听懂(≧∇≦)/）
前期的等级挺好升的，但是到后期有些难，但还是可以。
里面有些废物的角色大多都是特别好看的。（个人感觉）
这个游戏也是有一点点肝的，反正我觉得有一点点累(｡･ω･｡)
里面还有宿舍，主要是可以升级宿舍这样就可以增加宿舍里住的人，也解决。了屋子里能放多少的问题。
而生活平台就是可以配角色色去那里工作（算是吧！）工作了几个小时，后角色会感到很累就会偷懒，这时你就可以派别的角色去了。
那么累的角色要怎么解决：
到宿舍点击右下角的入住，就可以把累的角色住到里面了。那么要是想快点让角色回复慢就可以装一个浴缸，然后可以点击上面黄色的东西（我不懂那是啥）然后再把累的角色放进去就可以了。但是十几个小时才能放一个角色。
😏😏😏😏😏😏😏😏😏😏😏😏😏😏",10.0,49.0,9.0
378321,绯色回响,39532110,2024-02-15 11:26:17,1,27685744,白夜蔷薇,Vivo V2145A,,[],"['gameplay', 'operation', 'visual_music']",抠搜的很，第一次见打到第四章送十连，抽完第七章才能领的😂,,,82.0
378321,绯色回响,39528053,2024-02-15 03:28:46,4,4231071,抱块冰,小米Xiaomi 13 Ultra,,[],[],能玩吧，当少三2玩就行了。140万战力满羁绊打不赢120玩带皮肤的，无奈,,,
378321,绯色回响,39521230,2024-02-14 07:15:29,1,590204827,科罗娜,Android 设备,,['visual_music'],"['gameplay', 'operation']",卡池又歪又保底666，经典氪金手游，新年活动就是送氪金优惠卷给你氪金无敌666,,,50.0
378321,绯色回响,39514631,2024-02-13 11:42:04,1,455863321,白奎,OPPO A32中国版,13020.0,[],[],什么东西，直接不能构建了，商城里面东西全没了，就充钱的页面还算正常别的大多都出问题了,,,
378321,绯色回响,39495267,2024-02-11 08:37:01,2,36529652,手机老用户,Honor 90 Pro,,[],[],有一说一，游戏 新年福利是真的差，还不如一些微信小游戏，比游族其他游戏也差。唉...只卖不送,,1.0,
378321,绯色回响,39492627,2024-02-11 03:35:16,1,413068994,蓝脖鸡泥,OPPO PFTM20,5580.0,[],[],抽卡都不能抽，玩p啊玩😅,,1.0,70.0
378321,绯色回响,39475440,2024-02-09 05:24:43,3,15093213,手机用户15093213,Vivo X80,,['visual_music'],['gameplay'],这个游戏我玩了两天，打到第十章，这游戏给我感觉就是充钱 充钱 充钱，然后我就弃坑了，因为我感觉到后面的话，小氪金的话也不会有什么体验感，再加上你要充很多钱，因为它那里面都是满满的充钱机制啊，都是充钱的地方，所以就放弃了。但是它的玩法和建模都比较好，这是没得说的，因为我玩很多个游戏嘛，对比一下，他这方面还是比较好的，你有钱你可以玩，但是平民玩家的话，还是不建议入坑。,,2.0,
378321,绯色回响,39468130,2024-02-08 11:52:15,4,26932595,投放发行负责人,iPhone 14 Pro Max,,[],[],立绘不错,,,
378321,绯色回响,39459669,2024-02-07 17:02:26,5,442746184,青莲,iPhone 12 Pro Max,,[],[],二次元福音,,,
378321,绯色回响,39418270,2024-02-04 15:06:22,2,52574861,手机用户52574861,Honor Magic5 Pro 5G,,[],[],"送个十连券还得打穿四图，搁这招赛博黑奴呢？
",,1.0,82.0
378321,绯色回响,39410405,2024-02-04 05:10:32,4,549515799,欢迎来到,Android 设备,,['visual_music'],"['gameplay', 'operation']","体验下来还可以，每天上线不超过30分钟资源也挺多的现在也有5万多钻石
",,2.0,1.0
378321,绯色回响,39402749,2024-02-03 12:32:51,3,523684019,野马,荣耀 畅玩30 Plus,,"['gameplay', 'operation', 'visual_music']",[],刚开始玩还可以，但是人物立绘改了。白充了几百。😁😂退坑了。,,,
378321,绯色回响,39395415,2024-02-03 03:20:13,1,520924494,慢慢来,Redmi K50,,[],[],钱太多可以玩的好游戏。满眼都是充值优惠。各种月卡，各种基金。皮肤角色装饰全算战力。战斗性是没有。,,1.0,1.0
378321,绯色回响,39364768,2024-02-01 05:23:57,5,476166589,肥鸟先飞,Android 设备,,"['gameplay', 'operation', 'visual_music']",[],我真的好喜欢萝莉傲娇偶像呀，可玩性这些方面都还不错，特别是多萝丝😭，我的动力就是她,,1.0,
378321,绯色回响,39345394,2024-01-31 01:22:14,1,37433985,玩者无敌,Redmi K60,,[],"['gameplay', 'operation', 'visual_music']",辣鸡游戏，抽卡有仓检，快五星的时候就让你吃个大保底250抽，让你怀疑人生，氪金套装是疯狂地出，数据膨胀极其严重，不大力氪毫无游戏体验,,,
378321,绯色回响,39343803,2024-01-30 17:43:12,1,41210610,天机道人,Android 设备,180420.0,['visual_music'],"['gameplay', 'operation']",基本上是个纯充钱游戏。活动任务特别多。虽然有跳过，但是两个小时未必能做完,,,49.0
378321,绯色回响,39318691,2024-01-28 16:37:54,3,472716341,脸接大招,iPhone XS Max,,[],[],"10月份刚刚接触这个游戏时，被开始的动画、人物吸引。有句说句，这款游戏美术方面真不错（仅限新手引导时期），即使玩过不少同类涩涩二次元抽卡放置手游，确实让我眼前一亮的心动。
可是…
越玩下去，后面出的角色的美术设计越来越挫，就想问一下，贵公司是不是换主美了？角色设计的大红大绿，既粗糙又土，这竟然出现在同一个游戏里…
不信点名几个其中人物的设计，比如蕾吉娜、潘、迦楼罗等。花花绿绿的，反正我觉得暴丑。
除了美术，其他没啥特色，也没啥好说的。
想给2.5星，没有这个选项，算了就给个3星吧",1.0,1.0,
378321,绯色回响,39311424,2024-01-28 06:05:27,4,564032012,皮皮,Redmi Note 11T Pro,,[],[],淇淇有用吗，刚入坑4天,2.0,,
378321,绯色回响,39289196,2024-01-26 11:08:47,1,50545733,Knight,Android 设备,,['visual_music'],"['gameplay', 'operation']",逆天福利，还坑了我10r，血亏,,,72.0
378321,绯色回响,39276137,2024-01-25 13:44:59,4,45428299,肆优,荣耀 50,,"['operation', 'visual_music', 'gameplay']",[],为什么点到凌烟这个角色会闪退,,1.0,
378321,绯色回响,39261993,2024-01-24 15:43:02,5,359638781,涔木.,华为 MatePad 11,,[],[],"过年了谁还不吃顿饺子థ౪థ
",,,
378321,绯色回响,39259190,2024-01-24 12:24:29,3,572086711,长矛沾屎戳谁谁死,Android 设备,,"['gameplay', 'visual_music']",['operation'],"🃏抽卡体验：
耶梦加得保底歪勒菲斯绯色回响我跟你…",,,
378321,绯色回响,39202086,2024-01-20 15:21:08,1,37503871,墨子韩Cek, iQOO Neo7 SE,,[],"['operation', 'visual_music', 'gameplay']",皮肤不可以用钻石买,,,94.0
378321,绯色回响,39170358,2024-01-18 19:02:35,1,82148347,User82148347,小米 Redmi K30S,,[],"['gameplay', 'operation', 'visual_music']",同样都是涩涩，福利不如隔壁的一毛,1.0,4.0,72.0
378321,绯色回响,39166101,2024-01-18 13:51:09,3,549534447,熊猫,Redmi K60 Pro,,"['visual_music', 'gameplay', 'operation']",[],值得体验，画面立绘都不错，在一些建制上是替玩家考虑的，不过对一些平民玩家和微氪玩家不够友好，皮肤需要氪金，需要升战力的东西太多，没有资源的话，还是劝退一些玩家的，而且体力不够用，如果只是为了立绘，还行，如果想长久的玩下去，还是仁者见仁智者见智的,,1.0,
378321,绯色回响,39134288,2024-01-16 11:57:53,3,597309199,该用户已注销,OnePlus 10T,,['visual_music'],"['gameplay', 'operation']",养成过多，毫无策略性，氪金体系严重，数值夸张，能改再说吧,1.0,,
378321,绯色回响,39082053,2024-01-12 19:09:06,5,532004638,暴龙战士,Redmi K60 Pro,,"['gameplay', 'operation', 'visual_music']",[],阳寿多,,1.0,2.0
378321,绯色回响,39079735,2024-01-12 15:30:46,1,3609901,寄良,Android 设备,,[],"['gameplay', 'operation']",你说玩三章给个自选可以，得到第十章能领，行，我可以肝一肝，又给个自选得再过十章能领就有点过分了吧，哪怕5章一给5章一给呢。阵容推荐上清一色的凛冬都配的克拉肯，结果一查是开服限定，那也行，我用别的呗，结果橙色角色全凑一起都不够凛冬一套，想换别的阵容又要肝个几十章，实在玩不动了，还不如去植物大战僵尸，浪费我时间,,1.0,1.0
378321,绯色回响,39055912,2024-01-11 09:06:40,1,532313412,藿藿世界第一可爱,Vivo V1829A,1920.0,[],[],爆率低，非常容易歪,,2.0,95.0
378321,绯色回响,39051620,2024-01-11 03:13:21,2,25648319,污帝是多么寂寞,Vivo S17t,,[],[],快跑，这种传奇游戏比战力游戏，连给你的抽卡资源都少的一批，对比隔壁少年三国志简直扣到令人窒息,,2.0,
378321,绯色回响,39023371,2024-01-08 14:18:41,1,473960635,星有灵曦,Vivo IQOO Neo8,,[],"['visual_music', 'gameplay', 'operation']",不是，是哪个人才设计的关卡，送的四个角色甚至都不能过新手关，策划你是会玩游戏的，是准备捞一把就跑？还有，同期6个抽奖池又是什么逆天操作？,,1.0,
378321,绯色回响,38994749,2024-01-06 08:30:06,1,97732038,手机用户97732038,荣耀 V30,,['visual_music'],"['gameplay', 'operation']",玩着总感觉有点像少年三国志，充值推荐，战力提高，活动样貌，推图方式，简直和少年三国志一模一样；只能说二次元的钱太好赚了,1.0,,
378321,绯色回响,38984996,2024-01-05 09:47:40,1,450080679,谢必安,iPhone 11,,[],[],玩法没有创新  纯数值游戏  就是靠擦边打热度的公测刚开服直接自断双臂  福利还要推到固定的副本才能拿 你游是第一人 这游戏能活到现在我只能说挺奇迹的 ,,,
378321,绯色回响,38966708,2024-01-03 18:42:58,2,74686350,Martin,一加 Ace 2 pro,,[],[],"涩是真涩，氪是真氪，国服还有削弱，真玩不如去外服，都能玩外服了，为什么不玩同样涩但不氪的nikke呢，这游戏只能说福利不多还惨遭国服
",,4.0,
378321,绯色回响,38923781,2023-12-31 08:44:16,1,426632521,桉宿,Vivo IQOO Neo8 Pro,,[],[],"我已经连续歪4次了，4次，一次up都没有，你说我运气好吧，是零点几一点几的概率都给我抽到了，还是双金，但是我要这零点几的概率有个毛用，我负责抽xp，你负责抽我一巴掌是吧，你这个保底机制不搞搞的话，真的谁玩谁倒霉
最后就是这个玩法都不用说，那个每日10连的抽卡界面人物质感跟ai一样",,2.0,
378321,绯色回响,38923733,2023-12-31 08:39:47,3,522962265,鱼渔,Vivo V2072A,,['gameplay'],"['operation', 'visual_music']",还好吧，可以打发时间。,,1.0,
378321,绯色回响,38904333,2023-12-29 15:07:40,3,84611653,ヾ淺色年華,iQOO Neo 5 活力版,,[],[],卡池歪了就不说吧，歪一次就算了卡池次次歪，次次250一个，超级大保底是吧，我忍，就是分屏咋没了，好多活动，比如每期活动打三次的那个boss前几个活动不能跳过就算了吧，我窗口化行了吧，然后这次的挑战按钮窗口化了还点不到，再说说雾境真的烦没自动我窗口化慢慢点算了，然后按钮还在最右边，非要搞所谓的在线时长吗,,1.0,
378321,绯色回响,38900499,2023-12-29 08:48:06,1,3102257,絆敻微涼︵,小米Mi 10,,[],[],你游外服跟国服一比 无论什么  一个天上，一个地下,1.0,,82.0
378321,绯色回响,38873680,2023-12-26 15:18:22,3,42168062,。,iPhone 14,,[],[],歪得离谱，up池跟假得一样,,1.0,
378321,绯色回响,38870356,2023-12-26 08:29:17,1,504177318,水龙吟诗一首歌的时间，,OPPO K7x中国版,,[],"['gameplay', 'operation', 'visual_music']",他的话，前期你不充钱的话，玩的根本不爽，还可以,,2.0,82.0
378321,绯色回响,38867337,2023-12-26 01:33:01,1,47759032,殇,Blackshark SHARK PRS-A0,,['visual_music'],[],这游戏没大保底都出不来，6次能歪5次,,1.0,70.0
378321,绯色回响,38054307,2023-10-19 04:25:34,1,516671,那个小太阳,iPhone 15 Pro Max,,[],[],"这游戏他是怎么搞公测的啊？？？？？？？
还请水军
我吐了
年度最差二游。",,7.0,49.0
378321,绯色回响,38805569,2023-12-21 00:57:23,3,426833217,飞飞爱你哦,IQOO Neo6,,"['gameplay', 'operation', 'visual_music']",[],这游戏说到底，画风画质都不错，但是抽奖的倍率，我感觉调的有点小离谱。你新手开局的话，随便抽抽都能出个三四星，然后又感觉新手期过了之后又抽不出来东西，这游戏就是氪佬的天下，你要是想当平民玩家，这个游戏就跟火影一样，玩下去的很少，而且人物五六天出一个，你攒东西根本来不及,,1.0,
378321,绯色回响,38774252,2023-12-18 23:03:33,2,61612119,手机用户61612119,Android 设备,,"['visual_music', 'gameplay']",['operation'],"游戏说有多好也谈不上，缝合了大量卡牌和放置类的玩法，每天休闲一下还不错，加上立绘不错，一开始还是觉得挺好的。
刚开始明显照顾新手，抽卡虽然经常歪，但是出金率还不错，有过大概三四次双金，平局在30抽左右能有一金，我觉得概率还可以了。而且连概率比较低的每日十连也偶尔出金送来惊喜，公会开枯叶行动的箱子也经常开到488钻，搞得我刚开始还以为这个是必中的。
玩了快两个月，概率被明显调低了，所有的开箱子，游戏活动，每日十连，抽卡全部变成最差结果，抽卡必须45抽以上出金，出金必歪，直到保底。感觉就是一句话：快充钱，不充钱别玩这么久。
说实话，最早玩的时候觉得游戏评分很低，还觉得奇怪，现在领教了感觉确实就这样吧。心态好当个挂机游戏也就行了。",,,
378321,绯色回响,38751023,2023-12-16 18:26:02,2,538874963,胡桃姑娘,小米Mi 10,,[],"['operation', 'visual_music', 'gameplay']",感觉不太行，喜欢玩文字游戏，领取奖励还要打关卡，总的来说不推荐,,,49.0
378321,绯色回响,38750692,2023-12-16 17:28:35,1,48808881,蛇喰春生,Android 设备,,[],[],"“蓝天白云”加“业务繁忙”是吧？
转述成大白话
蓝天白云：卡池……能看，但氪金永远压你十层楼！
业务繁忙：活动一个接一个，需要完成任务的福利活动堆成山一样，你们不知道现在手游很少开游一个月像你们这样的吗？你们这不是增加玩家的粘性，而是让玩家快速厌倦啊！

就凭这两点，我能直接告辞！",,1.0,
378321,绯色回响,38665426,2023-12-08 18:24:42,1,410435412,若辰,Realme真我GT NEO 3,,[],"['visual_music', 'gameplay', 'operation']",我是真心劝你们别入，入了一定不要充钱，捡大佬号玩就行了。这里面只有重氪体验好，平民和微氪千万别想着充钱，反正我是充了78然后跑第一工会加群捡那些充了几千不要的账号玩，里面吞钱的玩意是一直出个没玩，没有能充上万块的实力真不咋样。千万不要认为你可以佛系养成，你会发现角色就是越出越强，前面的角色被后面的角色完虐，你好不容易攒到一两个满星老up角色，后面都出了一堆高强度角色，你所谓的满星老up就是废卡一个,1.0,2.0,
378321,绯色回响,38334596,2023-11-17 16:24:23,3,427219822,星辰,Android 设备,208800.0,"['gameplay', 'operation', 'visual_music']",[],"立绘可以，游戏还行，就是人数有点少了，削了好多，氪金使你快乐
",,,
378321,绯色回响,38706776,2023-12-13 00:35:26,2,18252478,カタオモイ,Vivo IQOO Neo7,14220.0,[],"['operation', 'visual_music', 'gameplay']",立绘都会动 体验很拉胯 剧情一般 操作繁琐 养成复杂 奖励看着很多ssr抽到手软 其实玩下来也没啥厉害,,1.0,
378321,绯色回响,38705707,2023-12-12 17:00:24,2,423758507,剑指修萝,Black Shark 5 Pro,,[],"['gameplay', 'operation', 'visual_music']",没有什么意思，刚开始可能会被立绘吸引，但游戏的可玩性是一点都没有，过几天就会索然无味，怎么说呢食之无味，弃之可惜,,1.0,
378321,绯色回响,38690780,2023-12-11 05:05:25,1,447931688,晴晴,Android 设备,,[],"['visual_music', 'gameplay', 'operation']","抽卡真的捞，保底吃到死，主要还歪到死
立绘也被和谐的不像样子
",,3.0,82.0
378321,绯色回响,38676750,2023-12-09 17:30:45,1,534596177,小菠菜,Android 设备,,[],[],没有在一款二游有这么差的体验,,3.0,69.0
378321,绯色回响,38672487,2023-12-09 10:35:10,2,404411737,小浪,华为畅享20 Pro,,[],[],"我不是很喜欢这游戏

🃏抽卡体验：
差到极点",,2.0,71.0
378321,绯色回响,38660919,2023-12-08 11:01:44,5,578841415,该用户已注销,Honor Play 30,,"['visual_music', 'gameplay', 'operation']",[],多给点福利吧,,,
378321,绯色回响,38649484,2023-12-07 10:52:34,3,526404848,断桥烟雨,三星SM-G6200,,"['gameplay', 'visual_music']",['operation'],怎么3天2头的更新啊，登都登不上去,,1.0,
378321,绯色回响,38649452,2023-12-07 10:47:51,5,575653812,方合院,Vivo Y78m,,"['gameplay', 'operation']",['visual_music'],一款好玩的跑酷类，且福利很良心的游戏也具有格斗性,1.0,,2.0
378321,绯色回响,38648238,2023-12-07 08:17:14,1,4760331,呼延昊冥,OPPO Find X6 Pro,,['visual_music'],"['gameplay', 'operation']",前段时间入坑试了试，刚进去还行，这边点点那边戳戳的，今天是玩了第四天还是第五天，我只能说，太肝了，实在是太肝了，上班时间摸鱼戳了很久打主线，下班回去继续戳，整整两天，本来当个副游玩玩的，肝成这样我咋玩，卸了吧还是,,1.0,1.0
378321,绯色回响,38043261,2023-10-18 04:30:37,2,68617135,少逸尘,Android 设备,,['visual_music'],"['gameplay', 'operation']","一个游戏有四种抽卡：超源质，鉴定申请书，活体金属，扭蛋卷；而且这四种抽卡物品在游戏中获得只能等活动或积分换取，实在没办法只能用钻石抽，可钻石获取方法也少的可怜！！！入坑惜谨慎。
氪佬的游戏，这游戏能拿出手的就剩立绘了，其它的一言难尽，玩法上没一个突出的，玩收集吧！抽卡出率一塌糊涂。玩养成吧！抽卡不出升星难上加难。（抽卡出率一言难尽，就别想着SSR升星了，我限定抽二十个十连都没有限定。）刷图吧！有等级、体力限制。其它玩法没什么新鲜就是刷刷，而且没扫荡好多副本来日重置后都得再一步一步爬，烦！
福利一开始看着很爽，到后面给的真是抠，少地可怜我都懒得看！",,3.0,
378321,绯色回响,38637789,2023-12-06 06:06:39,3,328395256,安安,Android 设备,,[],['visual_music'],"糊太糊了画面，尤其是角色大招那段动画，比我在下流网址看的番还糊。我用的还是平板，把所有东西都开到最高了，还是糊的不行，例如
↓↓↓",,,
378321,绯色回响,38634179,2023-12-05 17:11:48,5,327675113,User327675113,Android 设备,,"['gameplay', 'operation', 'visual_music']",[],有佳佳代言，我得给五星，但是玩法什么的说一下很一般，很平常的卡牌游戏玩过太多这种的了,,2.0,1.0
378321,绯色回响,37930045,2023-10-06 13:17:32,2,103059070,(｢･ω･)｢嘿,华为HONOR View20,,[],[],玩了半年多台服，我对这游戏的印象就是涩，非常涩，皮肤包括本体都是很涩的。但游戏方面非常的拉胯，氪佬和平民的差距天壤之别。以及他连跳过(主线和部分活动可以跳过)都能塞进充钱里，5000钻石可以换一个皮肤(部分可以用皮肤卷，大部分都是氪金皮)，游戏肝度upup，战力梯度非常不合理(梦境),,1.0,
378321,绯色回响,38622358,2023-12-05 01:05:58,3,45757285,阿丽,Vivo V2049A,,"['visual_music', 'operation']",['gameplay'],中规中矩，有少三2的影子却没有少三2的爽快感,,,
378321,绯色回响,38621553,2023-12-04 19:29:56,1,574615132,夷陵魏无羡,Realme GT Explorer Master Edition,,[],"['gameplay', 'operation', 'visual_music']",没啥可说的。打着涩情皮套的二次元传奇。真的逆大天。那个100抽什么都是骗人的。有的要打剧情。不好多说，一坨狗屎。,,1.0,
378321,绯色回响,38611711,2023-12-04 01:46:35,1,56237915,Mr周,Redmi K50 Ultra,,[],"['operation', 'visual_music', 'gameplay']",真的恶心人，肝都肝不下去,,1.0,70.0
378321,绯色回响,38608923,2023-12-03 17:30:57,2,23056624,邵华学长😊i,iQOO Neo 5 活力版,,[],"['gameplay', 'operation', 'visual_music']","福利太少  打到7章还不够20抽  我只能称 你游最扣
",,2.0,80.0
378321,绯色回响,38603164,2023-12-03 15:02:53,5,360233332,画个屁展,小米Mi 10,,"['gameplay', 'operation', 'visual_music']",[],游戏立绘画风很好，是懂我们二次元的😛😜，战斗方面就是常规的回合制卡牌战斗，不过技能动画还算良心，游戏整体内容也比较丰富，不是那种无脑的抽卡挂机游戏，值得体验,,2.0,
378321,绯色回响,38602407,2023-12-03 13:57:20,5,482860127,叶子淇,Vivo V2073A,,"['gameplay', 'operation', 'visual_music']",[],游戏还行，凑活玩吧,,,
378321,绯色回响,38602564,2023-12-03 14:10:31,5,10402654,墨鱼,OPPO Find X6 Pro,,[],[],立绘好看，抽卡很爽,,1.0,
378321,绯色回响,38602443,2023-12-03 14:00:17,1,71759770,白,Realme GT Explorer Master Edition,,[],[],就知道钱还整个充钱优惠券真6，记住这一颗星不是给游戏你的,,2.0,80.0
378321,绯色回响,38601474,2023-12-03 12:37:59,2,407631967,DAWN,Redmi K60 Pro,,[],"['operation', 'visual_music', 'gameplay']",第一次见这么离谱的运营，十连还需要打到后面才能用,,,81.0
378321,绯色回响,38593493,2023-12-03 03:27:46,3,591764867,小手一甩,华为荣耀9X,,"['gameplay', 'visual_music']",[],"本来挺喜欢这游戏的，为了这游戏我电脑和手机都下了，结果四次保底三次都歪了，说真的都有点想退游了，如果是老玩家可能还好，但是我一个新玩家这样搞，真不怕没人玩这游戏吗。
还有那每天十连为什么都是蓝光？
而且到后面关卡越来越难打了，第三次自选十连我都不知道能不能撑到那个时候。",,2.0,
378321,绯色回响,38586791,2023-12-02 15:39:22,4,428796974,xxx,iPhone 13,,[],[],我氪金了570 很后悔 就是个氪金换皮小游戏 而且 我氪金570 我照样卡关 建议像这种游戏要么0氪 要么1w起 ,,,
378321,绯色回响,38585937,2023-12-02 14:48:02,1,58300547,邂逅(๑・v・๑)巴黎,Android 设备,,[],"['operation', 'visual_music', 'gameplay']",谁玩我笑他一辈子，这游戏放到现在也是相当垃圾了，看动画看不腻就来，我还不如去玩h游ok为了大和瑟的话,1.0,,
378321,绯色回响,38577792,2023-12-02 07:55:26,1,74158173,北冥有鱼,Vivo IQOO Neo8 Pro,,[],[],我问你，箕水的耳朵去哪了😡😡😡😡😡😡😡😡😡😡😡😡😡😡😡😡😡😡😡😡😡😡,,,51.0
378321,绯色回响,38576317,2023-12-02 06:00:51,2,491539668,。,Honor X50 ,,['visual_music'],"['gameplay', 'operation']",两星给配音和美术，剩下的难评，抽卡机制不想说，100抽跟你玩文字游戏，对战全靠挂机，除了自己走去按，不充钱，根本玩不起来，别说打到20章，打都打不到，人物服装很涩气，除了这里，我其他没什么好夸的了，玩了快两个星期，不想说,,,
378321,绯色回响,38570959,2023-12-01 19:03:41,5,126500054,暁月ちゃん,Android 设备,,"['gameplay', 'operation', 'visual_music']",[],玩了三天了，个人感觉挺不错的，能让我有一种玩下去的闲心，也玩过其他这类游戏，可都超不了两天…资源拿完抽不到想要的就删了，这个游戏挺友好，就刷起来很舒服😂而且福利很多，很多自选十连（虽然是常驻）但是前期过过主线没什么问题，其他的也不多说了，后面体验久了再回来～,,1.0,1.0
378321,绯色回响,38567463,2023-12-01 13:31:04,3,418300406,永世流輲,Honor Play 6T Pro,,[],[],日服玩家，不错 很润～,,,
378321,绯色回响,38380703,2023-11-22 01:20:33,2,70147063,赤旗,Honor 70,301740.0,[],[],"一款除了游戏老婆够香，其他啥也不是的游戏………………………………………………………………………………这游戏该成啥样子了，皮肤和角色一通暗改，你继续改啊，我看谁还玩你这破游戏，特别是自选构建，根本没up保底是吧，限时up还有250大保底，你这自选构建压根没有，歪的离谱根本抽不出来，那你这自选构建有啥用。
你游赶紧死吧，就你瞎操作，还是别来坑我们玩家的钱吧，老婆都被你们整的不香了，纯纯恶心人。
本来我还觉得能玩一玩的，就你们这机制，我也氪了快2千了，就跟水漂一样，啥也抽不出来，两百多发抽不出一金色古物，感情我只配用碎片合古物对吧。
角色保底歪的离谱不说，专武也既让我吃保底还歪的要死，古物也抽不出来，氪金都没一点体验感，我只能说你游真棒。
我祝游族早日破产，别特么运营游戏了，你丫的除了捞钱还会干啥，你游百分之百暗改卡池了，特么没一点体验感，我这种小氪玩家在你眼里根本不配玩你家的游戏对吧，我算是明白了，以后对游族运营的游戏都敬而远之，网易都比你游族吃相好看。
",1.0,2.0,
378321,绯色回响,38535346,2023-11-29 06:13:11,1,432217230,狐狸,Honor 90,,['visual_music'],"['gameplay', 'operation']",玩了一个月之后我发现每天不充个几百块根本玩不下去真的感觉没什么必要存在，而且我现在经常连游戏都进不去，直接秒退，很垃圾了可以说是,,2.0,
378321,绯色回响,38530363,2023-11-28 17:18:50,1,45036201,Dawn,iQOO 9,,[],"['gameplay', 'operation', 'visual_music']",快跑！！！千万别玩 重氪 福利贼少， 而且巨歪，刚开始玩的时候爆率贼高 但是后面就变了，必歪满，这次的克拉肯到现在一个都抽不到 每次都歪 肯定是暗改的 恶心的一比,,1.0,
378321,绯色回响,38520191,2023-11-28 11:05:06,1,24763605,？？？,小米Xiaomi 12S Ultra,,[],"['gameplay', 'operation', 'visual_music']",玩了差不多1个月了每次抢线都会弹出一个充钱的界面这样我很反感，我第一次见福利送的是折扣券的，你送不起你就不要送。玩法不用说，也很枯燥，没啥可玩性。起初我还图立绘还能看，后面又一次大削。,,1.0,
378321,绯色回响,38520171,2023-11-28 11:04:21,3,415605565,U归归,Vivo X80,,[],[],整体一般，有点粗糙不够精美,,3.0,
378321,绯色回响,38502201,2023-11-27 06:34:51,1,15601476,蛋炒饭嘛,Redmi Note 12 Turbo,,[],"['gameplay', 'operation', 'visual_music']",你游还是凉了算了。氪金和零氪能获取的资源极不对等。角色不像其他二游抽出来就能用。0星角色和3星角色强度就好比手拿棒槌的原始人和手拿光剑的绝地武士一般。你要是冲着瑟瑟来的，还是算了吧，已经和谐的没人样了。,,2.0,
378321,绯色回响,38499711,2023-11-27 03:12:43,1,15805703,结局,Vivo S16,,[],[],"第一次见到做缩胸手术的游戏，加布我忍，这游戏太6了，建议不要氪金，摆烂随便玩玩还是可以，抽卡歪到天际，up感觉就是假的

",,,
378321,绯色回响,38487491,2023-11-26 05:20:24,1,70258860,阿吧阿吧阿吧,iPhone 11,,[],[],胸大的让人恶心😅,,,92.0
378321,绯色回响,38470410,2023-11-25 09:51:06,2,566533572,白丘，念野,小米Xiaomi Pad 5,25440.0,[],"['gameplay', 'operation', 'visual_music']",和谐涩的可以理解，但兽耳尾巴国家没说不行吧,,,80.0
378321,绯色回响,38467932,2023-11-25 08:45:58,1,22766876,蝴蝶飞啊飞,Redmi K60,,[],[],k60闪退,,1.0,94.0
378321,绯色回响,38461965,2023-11-25 05:24:38,5,354302573,辞,Android 设备,,"['gameplay', 'operation', 'visual_music']",[],角色立绘挺好,,,
378321,绯色回响,38434292,2023-11-24 11:16:54,5,495533081,无名,Vivo S17,,[],[],"为啥评这么高只是希望官方看到别装死!！！
这游戏就是比数值你说我比不过氪佬就算了人家充了这么多钱比我牛我认了，但你主线是啥意思啊，我120万战斗力打不过（不是打满星是打不过）玩过的都知道纯不氪金上100万是非常艰难的。你本身就没啥特色打打主线看看剧情领哈奖励抽自己喜欢的立绘这就是大部分人能做的。现在倒好你连主线都不让我过，请问一下我还能体验啥？能不能把主线改改？PVP数值膨胀就算了PVE还这么搞想逼死玩家吗，在给氪佬游戏体验时可不可以给零氪和微氪生存空间？
其次这次和谐你到底和谐了个啥，你说暴露大加布料也正常，但我头一次见砍兽耳娘兽耳的，这合理吗？立绘本是二游命根你这么搞真的不好评价，能不能上点心好好改。
如果有想入坑的玩家要慎重考虑，有一部分立绘改了，零氪和微氪的要做好卡关的准备，福利只能说给的扣扣搜搜的，卡池方面我个人还是挺容易歪的（有日服的玩家也说过这个问题但卡池这个得看人不过多评价）
还有就是希望官方别在装死好好优化，别想一直捞大的，氪佬就那部分，其他玩家没有空间你还想这游戏能走多远吗",,2.0,
378321,绯色回响,38430691,2023-11-24 09:45:42,1,413665477,无名,Android 设备,,['visual_music'],"['gameplay', 'operation']",二次元传奇游戏，不抽卡升不了战力，吃香难看，本就一个涩涩的游戏立绘和谐完了,,1.0,50.0
378321,绯色回响,38415851,2023-11-24 04:47:15,3,407478718,极光,OPPO R15中国版,,"['operation', 'visual_music']",['gameplay'],不好玩，我筹够了50抽去抽up池，吃保底就算了，还给我歪了,,,
378321,绯色回响,38412652,2023-11-24 03:38:33,1,584691451,黯残,Huawei Nova 9 Pro,,"['operation', 'visual_music', 'gameplay']",[],"这么好的角色 结果战斗画面是小人
真恶心😡😡😡
直接不想玩啦",,,82.0
378321,绯色回响,38397325,2023-11-23 05:46:41,2,19761022,介错,Redmi K50,,[],"['gameplay', 'operation', 'visual_music']",浅浅玩了三天，昨天卸载了，战力到21万就不玩了，没意思，一开始送的东西挺多的，领的挺爽的，后面就没什么东西领了，然后也巨难打，一开始钻石送的挺多的，一两天就能搞到5000钻，后面20关之后钻石越来越少了，一天也才三四百钻石，10连抽要1500，基本上每次都要抽50抽大保底才能出SSR，就算全员SSR角色打怪还是吃力，因为各种培养东西都难搞，反正没什么意思，玩了20关就可以卸载了，之后就没意思了,1.0,3.0,
378321,绯色回响,38390942,2023-11-22 15:52:21,1,64346747,哈,华为P40 Pro,,['visual_music'],"['gameplay', 'operation']",卖肉卖的没意思,,1.0,94.0
378321,绯色回响,38387404,2023-11-22 10:40:52,1,520457297,牛仔,Vivo IQOO 10,,[],"['gameplay', 'operation', 'visual_music']",第二次和谐，和谐能不能上点心，就这么敷衍的加块布料就好了。。你们审美观有没有。。,,2.0,50.0
378321,绯色回响,38383888,2023-11-22 05:45:28,1,10142251,麴义丷,Android 设备,,[],"['visual_music', 'gameplay', 'operation']",💩一样的游戏 不氪玩不了一点 立绘全河蟹 更新后进一步河蟹 还变卡了 😅  民间fhx就是助纣为虐 赶紧关服  ,,3.0,
378321,绯色回响,38383613,2023-11-22 05:20:10,1,8288487,受伤的野兽_,iPhone 14 Pro Max,,[],[],真觉得你不搞点擦边能活的下去吗 抽卡每期保底 还缩奶,,,77.0
378321,绯色回响,38382415,2023-11-22 03:39:20,1,428767688,User428767688,iPhone 12 mini,,[],[],玩不了一点，自己的特色都维持不住，家里没两个亿玩不了这游戏，别来受罪,,,51.0
378321,绯色回响,38381085,2023-11-22 02:05:36,1,360300296,白衫,华为P50 Pro,,[],[],这次更新不给差评对不起更新的内容,,,69.0
378321,绯色回响,38375657,2023-11-21 11:15:03,2,422975429,夜雨星尘,Android 设备,,"['operation', 'visual_music', 'gameplay']",[],"市面上这么多放置手游还要做这么长的新手教程
烦(;｀O´)o",,,77.0
378321,绯色回响,38374516,2023-11-21 09:18:04,1,57716827,青空,Honor 80,,[],['operation'],"体验感极差，第二章战斗黑屏，打一个黑一个。
",,,79.0
378321,绯色回响,38372557,2023-11-21 06:02:19,2,586537627,hhhhhhww,Redmi Note 12 Turbo,,['visual_music'],"['gameplay', 'operation']","毫无可玩性  只能说游戏性完全在拖美工/动作/声优 的后腿 
放技能反复性的光污染  哦 好像 好像也不仅仅这一家 ",,1.0,
378321,绯色回响,38369819,2023-11-21 01:34:09,3,116030497,魔法镜子,华为P40,,[],[],不出安全的反和谐补丁，都不想玩，无和谐画面还是很涩的😉,1.0,,
378321,绯色回响,38355825,2023-11-19 11:07:19,1,525866480,哈哈,Vivo IQOO 11,,[],"['gameplay', 'visual_music']",抽卡歪到姥姥家  ，重氪当我没说,,,68.0
378321,绯色回响,38348720,2023-11-18 20:14:06,2,12566771,zh,小米Mi 11 Lite 5G,,[],"['operation', 'visual_music', 'gameplay']","你负责点点点、看动画和氪金。
剩下的全部交给这一坨就行。
它有自己的想法，会自己动，你看着就好。

这种东西越来越多，在座的各位都有责任。

想一想，为什么会越来越多？
想一想，是谁给了他们把这一坨东西端上来塞你嘴里的勇气？
想一想，要怎样做，才有利于改变这种情况？",,2.0,
378321,绯色回响,38345935,2023-11-18 14:13:15,5,2420640,只有名字伴你到老,Android 设备,,"['gameplay', 'visual_music']",['operation'],游戏画面音效什么的都不错，就官方逼氪，和各种活动奖励小气吧啦的。,,,1.0
378321,绯色回响,38344655,2023-11-18 12:36:23,1,62686817,某艾雅法拉厨,华为 荣耀畅玩20 5G,,"['visual_music', 'gameplay']",['operation'],整体中规中矩，平衡性也还能接受 ，但这个所谓UP真是一言难尽，我们抽UP池都是冲UP角色去的，但官方你自己看看，高达60%概率抽歪，官方长个人的心脏，把卡池机制改一下吧。,1.0,1.0,
378321,绯色回响,38341701,2023-11-18 08:27:32,3,548056040,666,XIAOMITULE,53580.0,[],[],"非酋玩不了，充钱
















还行
有条件的可以玩玩
注：这是一个君子游戏",,,
378321,绯色回响,38341011,2023-11-18 07:34:33,2,467933423,游生梦死,Vivo IQOO Z7,,"['operation', 'visual_music']",['gameplay'],看不到敌人属性，我始终没想明白一个小怪怎么连续闪避我六个大,,,79.0
378321,绯色回响,38339011,2023-11-18 05:03:23,2,52552601,你是谁我是谁他是谁,iPhone 11 Pro Max,,[],[],礼包码过期？是不屑于新人玩对吧哈,,,69.0
378321,绯色回响,38338930,2023-11-18 04:57:45,3,567183664,堕尘仙,Xiaomi Redmi Note 11,,"['visual_music', 'operation']",['gameplay'],"说句实话。
给评论单纯是因为比较喜欢,但这个游戏真的不愿意去玩儿。",,,
378321,绯色回响,38336424,2023-11-18 01:34:12,5,1915775,晨风,Android 设备,42600.0,"['operation', 'visual_music']",['gameplay'],"本来不想评论的，当个副游打发时间，就玩了两天，说说体验。
角色立绘什么的很好看，冲着立绘多玩了会，但是还是和其他二次元放置卡牌一样不是卡级就是卡体力。首充6元送的那个英雄也没多厉害，比起其他角色确实可培养度不高后期都是拿来当狗粮我估计。再说说音乐剧情什么的，确实我都是一键跳过的，但是有着好看的立绘撑腰剧情也查不到哪去。但是今天早上确实很懵，我还有一千多钻石买了八个体力，钻石扣了，体力药剂没给我，具体看图，如果是bug希望官方赶紧修复，顺便多点补偿。
还有爆率问题，我从第一章开始，拿的抽卡卷一直抽那个群伤英雄，抽了有十几十连抽，但是爆率真低，想着赶着限时结束赶紧拿到手，但是抽了十几发歪了七八发。百分之四十概率，能抽到就百分之三。还好最后一下给我一个双黄，不然真的当场就卸载，无语了。当然有的人会说我黑囚，不信你就去试吧。也是在论坛摸爬滚打找到了几个蚊子腿，其实福利还可以，每日十连，加上推本有很多抽卡卷，但是确实肝，以至于只能当个副游打发时间。今天这个体力bug不修复不知道我今天怎么过本，就200多体一个小关就5体，然后刷突破也要体，这点咋够啊，希望官方看到就赶紧修复，今天不修那算了，还是弃游吧。等到公测再玩也行。隔壁魂师对决升到4.50级放在那都有劵领。人家做的还行啊剧情也是挺还原。还有你游戏内弄几个客服吧，麻雀虽小那也得五脏俱全啊，你弄个客服起码态度好了，人家玩家看见了也有玩下去的理由，没准一高兴就氪金了。不然像某农药一样，挂个客服就是摆设，所以它有多火就被喷多惨。前车之鉴。最后留俩字。
                                              肾重😅
哎，试过很多遍，发不了图不知道tap又在整啥幺蛾子，去查吧，昨天的区，ID血腥哥特夜。",,11.0,3.0
378321,绯色回响,38334865,2023-11-17 17:08:42,1,22905670,Alone。,Vivo V2049A,,"['gameplay', 'visual_music']",['operation'],垃圾游戏全是pvp不充钱没法玩，充钱了也是当韭菜被割一波又一波。一个月最少四个限定角色，不氪就被吊打。,,4.0,
378321,绯色回响,38331359,2023-11-17 11:08:05,5,447841158,😾,Realme真我V11s 5G,,"['gameplay', 'operation', 'visual_music']",[],😍真的很戳 xp,,,
378321,绯色回响,38321617,2023-11-16 12:29:57,4,125200723,帝释天,黑鲨游戏手机,,"['gameplay', 'operation', 'visual_music']",[],4星给的立绘，布料略多，官方，你后门为何悍的这么结实，有大佬拯救下咸鱼么,,1.0,
378321,绯色回响,38320296,2023-11-16 09:57:37,2,545230741,..,Vivo IQOO 10,,['visual_music'],"['gameplay', 'operation']","玩法少，任务多。一天重复干的多，福利少，歪的多，玩了3天就不知道可玩性在哪。开了反和谐还能玩三天，不开我是一天都玩不下去
",,,
378321,绯色回响,38316416,2023-11-16 03:13:05,1,330611138,鸡腿,iPhone 13 Pro,,[],[],没见过比破碎星野更蠢的玩法,,1.0,68.0
378321,绯色回响,38313415,2023-11-15 15:19:23,5,470829640,咕噜咕噜爱琳,三星Galaxy Z Flip4,,[],"['gameplay', 'operation', 'visual_music']",三星flip4玩不了，游戏画面只显示一部分,,1.0,
378321,绯色回响,38310840,2023-11-15 10:25:03,2,1515861,Mauto..,Web 官网,,[],"['gameplay', 'operation', 'visual_music']",自选十连还扣扣搜搜，强制过7章再给你，数值爆炸，新角色稳定爆老角色金币，真不推荐浪费时间在这个游戏,,1.0,1.0
378321,绯色回响,38308443,2023-11-15 05:26:52,3,497281719,惜楚,NZONE S7 Pro 5G,,['gameplay'],['operation'],游戏体验感很好，但福利太差了，日常资源等基础资源都不够，每日任务给一个超源质也行啊，特别是信用积分和任务数据，连这两样东西都送不起，怎么玩？补充一点，这游戏的玩法和少年三国志2是一样的，只不过是变了个样子，我就是看他和少三联动了才玩的,,,
378321,绯色回响,38306869,2023-11-15 02:21:26,5,32368839,灭之陨,Blackshark SHARK KSR-A0,109620.0,"['gameplay', 'operation', 'visual_music']",[],怎么说呢，画风和角色挺好，就是氪金入口太多了，影响体验,,,
378321,绯色回响,37606802,2023-09-08 01:39:51,1,340611351,魇笙,Android 设备,,[],"['gameplay', 'operation']","本人有幸参与了这款游戏的内测（）
游戏开局如果想要倍速外加跳过的话，你得过很多章，技能动画亦是如此，我猜这是为了提纯对吧？
里面的古物有点离谱了吧，抽里面的池子基本上只出碎片（SSR古物所需要100个碎片才能集齐，这nm抽到天荒地老😍）
还有这个抽卡系统，爆率真的“高”，哪怕是10连2金也必定会歪，Up池本人有幸歪过四次（40%的概率出up，真就是我比较非?😅）
经常诱导你给他充钱，跟个小广告一样，疯狂洗面。然后里面特定的角色，是不会出在基本卡池的，必须通过充钱才获得（有诱导你充6块钱的，接着会弹出充值98块钱的，不知道的还以为哥们儿在玩真传奇，推荐给人傻钱多的土豪大哥们😇）
体力只能定点上线拿和每日好友互赠，升级之后是不会给体力的，只能从每日限购里买
关于服装，不仅加全体属性，而且挺……（你懂的😋）如果想白嫖的话，也是比较容易获得的
至于竞技类，氪金乱杀，也不排除那种又欧又氪的托
副本和活动，最让我感到困惑的是，越到后面就越离谱。打个比方吧，假设你的队伍总共战力为20万，而这个副本的boss只有15万战力，很多人觉得肯定稳了。实际上，稳个锤子哈，你肯定会被打爆掉！（战力崩塌😕）
这游戏公测开服，必定河蟹。数值游戏罢了，有则改之，无则加勉吧😏
",,1.0,
378321,绯色回响,38305771,2023-11-14 20:58:50,2,582050656,随便起一个,OPPO PEPM00,,[],[],打到后面你就会发现没意思了特别枯燥乏味，然后抽卡看脸吧福利还行。现在每天就是上线签到领点东西,,1.0,
378321,绯色回响,38305308,2023-11-14 17:20:12,2,357466286,罗非,Vivo IQOO 11,,[],"['gameplay', 'operation', 'visual_music']",游戏福利极其拉跨，不充钱寸步难行，不过是大佬的玩具罢了，不需要一点智力，充就强不充就拉，不推荐,,,
378321,绯色回响,38299847,2023-11-14 05:37:24,1,56173776,₯㎕,Redmi Note 11T Pro,,['visual_music'],"['gameplay', 'operation']","游戏性：没有任何策略占位什么的，就是无脑堆，关卡甚至可以跳过（BOSS战无法跳过），总之，就是关于游戏方面能省全省
画面：立绘很好看，很大，比国际服布料多
福利：吃相很难看，新手给充值优惠卷就很离谱",1.0,5.0,
378321,绯色回响,38294954,2023-11-13 12:45:14,3,554751263,暹,小米Redmi 9A,,['gameplay'],['operation'],我玩了差不多快一个星期，然后那时候删了就感觉没什么意思，就不玩了。直到我在笑回来的时候，发现我之前的号登不上去了这边想问一下，明明没有人盗我号，为什么我登不回去之前那个号了😡,,2.0,
378321,绯色回响,38293646,2023-11-13 09:37:21,2,126917469,贫者一心,Redmi Note 12 Turbo,,['visual_music'],"['gameplay', 'operation']","🃏抽卡体验：
抽卡游戏老样子，基本保底吃满。

☄️成长体验：
极差，主线30章后就比较难打了。

💎资源获取：
你自选十连送不起就别送，送的还都是垃圾。每日十连垃圾一堆，聊胜于无

🌃画面音乐：
这游戏唯一的亮点，建模立绘非常顶但国服和谐太多，不如日服。",2.0,2.0,1.0
378321,绯色回响,38292561,2023-11-13 07:16:43,3,51020402,peter,Redmi K40 游戏增强版,,"['gameplay', 'visual_music']",['operation'],"这游戏太耗时间啦，不停在里面点点点，点点点，唉累了，退啦。
画风和玩法还是不错的，就是要拼命氪，还有活动太多了，一天时间都浪费掉，感觉在打工。算了3星吧。",,2.0,
378321,绯色回响,38292044,2023-11-13 05:57:58,4,40373144,时间呢？都给游戏了,小米Xiaomi 12S Pro,,"['operation', 'visual_music']",[],"角色丰富，配乐配音到位
副本很多但玩法比较单调
中规中矩的数值游戏
",,1.0,
378321,绯色回响,38254302,2023-11-09 02:50:13,5,409672041,热血酷猫,Vivo V2046A,,"['gameplay', 'visual_music']",['operation'],这游戏连个关卡密码都没有 越玩越没意思,,,
378321,绯色回响,38253418,2023-11-09 00:43:28,1,40943891,山有木兮,Vivo V2049A,,[],[],这下真不氪就玩不下去了,,,94.0
378321,绯色回响,38252767,2023-11-08 18:44:42,1,565396278,…⺁,联想XiaoXin Pad Plus,,[],"['gameplay', 'operation', 'visual_music']","什么东西啊，主线难的要死，第三个ssR要打50章，本人30万战力，开服第四天，充了31元，真是浪费钱。
1想玩二次元的，不如玩玩别的，一款究极缝合的垃圾软se情游戏
2打一章主线给1抽，是真的牛，打完了新手任务，直接出3个98的合同，不如直接去抢
3爆率太低了，欧皇真的少，基本上吃一个保底后才出
4还有平衡度，这个牛马游戏，有一个竞技场，第二天大佬们100万+战力，我刚10万+（本人究极穷鬼加非酋）
5还有这个游戏内的发言10s一条，真牛，还要堤防骗子，真TM垃圾
6玩这个不如TM的喝奶茶，有钱当我没说，SB游戏倒闭吧

✍🏻建议：
新手别入坑，看立绘去国际服，不要充米，充完变SB

🔖运营服务：
建议倒闭",,3.0,
378321,绯色回响,38248421,2023-11-08 10:31:20,3,23019423,ohhhhhhhhh,Blackshark SHARK PRS-A0,,['visual_music'],"['gameplay', 'operation']","又长又臭的新手教程，直接劝退
三星给立绘
",,,
378321,绯色回响,38246863,2023-11-08 07:43:51,5,572525577,EVANGELION,Redmi Note 12 Turbo,12780.0,"['gameplay', 'visual_music']",[],还不错，白嫖，出金率高,,,
378321,绯色回响,38246227,2023-11-08 06:37:01,1,18768216,该用户已注销,Redmi K60 Pro,,[],"['gameplay', 'operation', 'visual_music']",玩了半个月了，后面的养成如果不氪金基本上没有提升，从资源获取和消耗来看，这个游戏就是割一波就跑的，区里剩下都是氪金大佬和托，完全不建议入坑，人傻钱多的除外！,,2.0,
378321,绯色回响,38243726,2023-11-08 02:26:50,3,331028832,心已碎人不归,PTAC ALH-BD00,,['visual_music'],"['gameplay', 'operation']",换皮游戏主打一个片刻，挂机虽然很好，但有PVP就硬逼着氪。不氪你就跟不上,,,
378321,绯色回响,38239363,2023-11-07 12:09:45,1,537577959,我就一个仇,Vivo PA2170,,[],[],我想问一下，你这免费一百抽为什么不能直接领取，非要过了第七章才能领，如果你是一百抽都能领取的那我也无话可说，但是你是只能领一个，而且搞的什么死人十连要过完一个章节才能领，没见过这么恶心的游戏，早知道就不玩了,,1.0,
378321,绯色回响,38239173,2023-11-07 11:48:14,1,18367583,路人甲~,联想L71061,,[],"['gameplay', 'operation', 'visual_music']",我靠，你们是咋想的？自选10联要打到第7章，这么喜欢托玩家时间的。还有宣传的每日10连，tmd也要打到相应的战术才能解锁。,,,
378321,绯色回响,38237103,2023-11-07 07:31:35,1,100771896,一粒尘埃,Redmi K50 电竞版,,[],"['gameplay', 'operation', 'visual_music']","☄️成长体验：
玩过的最拉的游戏，有BUG也不修，绝境行动无法切换配队的BUG我都发了一个半小时了还没修好，生产队的驴都比你们快，严重影响我充钱的心情！！！",,,
378321,绯色回响,38232953,2023-11-06 23:24:33,1,1928335,蒙萌猛梦-Σ（ﾟдﾟlll）,Android 设备,,['visual_music'],"['gameplay', 'operation']","第一次见邮件里没十连的游戏，对于我这种什么游戏都会试玩的极其劝退，而且游戏强制的新手教程流程挺长的，一直在教你做事

动画就那么回事，剧情动画有几个眼前一亮，技能动画又晃眼又普通，没啥新意

回来翻了翻评论，一个十连都没抽马上卸了😁 很后悔下载hh，浪费我流量和时间，从来没对一个新游戏这么没耐心过",,,1.0
378321,绯色回响,38225904,2023-11-06 02:42:49,2,42623654,◎,Huawei Mate 60 Pro,,[],"['gameplay', 'operation', 'visual_music']",少年系列换皮罢了，要么猛氪要么佛系，前几名基本上全是托，所以零氪党每天过过任务就好,,,51.0
378321,绯色回响,38224160,2023-11-05 16:37:01,4,82895651,十五楼,Android 设备,5700.0,"['gameplay', 'visual_music']",['operation'],怎么说呢，开荒第一天几乎章节都打不过去，没有输出，硬凹过七章拿了个C还好打，第二天拿到芬里尔就好打多了，福利也就那样，说每天送十连其实是单独开池子，反正我现在感觉没啥好东西，立绘其实也就那样，有的感觉都不对劲，个人感觉不好看（因为过于大？）可玩性也就那样吧，传统抽卡挂机二游,,,
378321,绯色回响,38223726,2023-11-05 15:36:43,5,439690577,迪时间,OPPO A83t,,"['gameplay', 'operation', 'visual_music']",[],角色都形象设计的很不错画风挺好看,,,
378321,绯色回响,38222307,2023-11-05 12:34:21,4,580728734,黎墨,中国电信麦芒11,44040.0,"['gameplay', 'operation', 'visual_music']",[],可玩性还是可以的，我目前是八十万战力，讲真的打到后面现在一个章节想打满真的难，经常卡在一星通关两星通关不能完美通关。角色和专武升星比较慢，爆率算挺高的但是真的挺容易歪的，我克拉肯升三星歪了四次，我目前是零氪，不氪金效能提升挺慢的，总体来说还不错，打发时间挺好,,,
378321,绯色回响,38214797,2023-11-04 17:29:29,1,112133153,疏花香冷沁瑶席,小米13 Pro,,[],"['gameplay', 'visual_music']",新手任务又臭又长，无聊刷刷刷数值卖肉游戏，不推荐,,,78.0
378321,绯色回响,38214567,2023-11-04 16:52:44,5,546866455,wjh123,Honor Play 6C,,"['gameplay', 'operation', 'visual_music']",[],我觉得很好玩，。,,,
378321,绯色回响,38214372,2023-11-04 16:29:00,2,543245684,旺旺,Android 设备,,['visual_music'],"['gameplay', 'operation']",零氪慎入，属于是肝也追不上氪的游戏，每天的体力都不够用，氪金就能增加购买体力次数，最无语的是数据兑换模块里两千多分后就有个18元的购买限制，不买就没法领之后的礼包,,,
378321,绯色回响,38214276,2023-11-04 16:18:21,4,418213574,雾里,Honor 50 Pro,,"['gameplay', 'operation', 'visual_music']",[],还行吧，就是打武器不能一键过，就很烦,,,
378321,绯色回响,38212930,2023-11-04 13:59:19,1,523097811,子天才,小米 Redmi Note 9 Pro 5G,,"['gameplay', 'visual_music']",['operation'],我超好贱啊，以前录了个号，因为空间不够，删了一下子，后面结果用我同样的手机号，之前充了首充之类的一些东西，结果一登号他号给我重置了，好贱啊！！！😖😖😖,,,
378321,绯色回响,38210921,2023-11-04 10:41:46,1,6127387,@谁谁,华硕ROG Phone 6D Series,,[],[],强行走剧情，挺逗停不下来，半天了我这一点自己操作没有，你给我点了得了,,1.0,50.0
378321,绯色回响,38210666,2023-11-04 10:14:38,5,496809565,日测距,Redmi Note 10 Pro,,[],[],"真不懂你们在喷什么，因为我玩的是日服。图片什么的放了就被警告⚠就是一个养眼游戏，实际也不好玩。

💎资源获取：
日服少，国服多。

☄️成长体验：
没有就是玩就是。

🃏抽卡体验：
正常。",,2.0,1.0
378321,绯色回响,38210634,2023-11-04 10:12:46,1,4768845,渊,Realme真我GT,,[],"['operation', 'visual_music', 'gameplay']",ui太差了，优化也恼火卡得很，进去战斗场景一堆的战斗演出，平a都有战斗演出真服了，搁这消耗生命是的,,,
378321,绯色回响,38210394,2023-11-04 09:47:05,4,120422281,百万亚瑟羊,华为 Mate 30,,[],[],唯二缺点是没有中配和没有建模,,,
378321,绯色回响,38210219,2023-11-04 09:32:05,3,20178737,懒·红杏,Android 设备,,['gameplay'],"['operation', 'visual_music']","个人角度
前前后后玩了很多类似的二游吧，无非就是换个皮巴拉巴拉的，刚入坑给我的感觉就是中规中矩，前期靠着铺天盖地的广告和所谓的福利确实骗了不少人入坑，但真正玩下去发现拿几个ssr还要框框推主线，后面的主线你不多玩几天还打不过（玩了两周，微氪档，目前第45章，能打但满星较为困难，需要多次退出重打），不过好的一点是中途退出不消耗体力/次数
福利这快感觉就，勉勉强强，不算很强不算很差（毕竟前期兑换码送出来了差不多一只ssr？）比较想吐槽的是这个占点玩法，正常玩，没加较好的公会的情况下，只能天天搁大本营挂着，基本是出去用不了几分钟就死回来了，豹子头和微氪档属实难顶。
这个战力提升属实是。刷亿点点体力去升级去突破给的战力，还不如你随便抽个ssr，图鉴给的多
综合来说，能玩，但不氪金只能玩一点，很难想象这几十章几百章的主线，不过主线里偶尔藏着的彩蛋稍微有点意思，但这个没啥奖励，几乎是没什么人整 emmmm 不好评价了",,,
378321,绯色回响,38210077,2023-11-04 09:18:35,1,73582370,夜无眠,Vivo IQOO Neo5S,16500.0,"['gameplay', 'visual_music']",['operation'],别的不说了抽卡，虽然50抽出一个SSR，然后。还有100抽自选，100抽自选直接就是一直出重复没用的。章节过到30多章一个阵容都没抽出来一百抽自选已经两轮了就是200抽一个我要的都米有全是重复，第三轮直接就是重复一堆还都是我队伍带不上的垃圾，up池上面写的百分之40up，直接就是歪四次，出个双金以为不用歪了结果双金都是歪的。直接就是硬吃保底，玩了3天充了点直接被恶心到，有老区的说我这个号是被锁卡了。不建议我在往这个里面充钱或者投入了，抽奖就是一直出重复没用的。我都在犹豫第四天玩不玩了。,,,
378321,绯色回响,38208127,2023-11-04 06:20:48,4,470325562,宗鸣,OPPO K11x 5G,14760.0,"['visual_music', 'gameplay']",['operation'],"抛开运营不谈，这款游戏不错了。
首先是立绘，不说顶级，怎么也能算中上，不是涩涩，要涩涩都去日服了，没必要来这里。
剧情不做评价，一律跳过。
玩法内容还行，当下一堆换皮老套路游戏，换谁都腻死了，这款好歹有点创新，虽然也不是很新。
这里不只是羁绊阵容加战力，其他加战力的地方有很多，给游戏扩充了不少内容，不至于除了推图就是推图，或者死怼着几个角色堆数值。
看到不少评论，个人也觉得，这个运营是真作，让人看不到前景，不敢怎么氪金。
国际服我也去了，周期比这个更长，更需要耐心玩下去，但策划真有点东西，内容一点点打开，期待感拉满，还能让人玩下去。
不像这里，福利更好，节奏却全乱了，加上最近的一些不好传闻，大家不骂才怪。
然后是游戏后面无聊的问题，我开了几个号，最高也就玩到四十章，第三次十连都没开，只能说这款二游的长草期有点早，习惯就还好，不习惯就没辙了。
总体来说，这款游戏本身质量很不错，但运营也很作，游族的一贯作风，压根儿看不到长期运营的意思，大家能玩就玩吧。",,3.0,7.0
378321,绯色回响,38207756,2023-11-04 05:45:49,4,586006629,芽衣,Android 设备,,[],[],游戏可玩性方面我是没有怎么看到的，一堆重复的关卡然后无限刷关升级，这样的重复性操作久了之后真的会感到乏味没意思，什么时候能有新玩法有创新,,,
378321,绯色回响,38206431,2023-11-04 03:43:05,2,477175466,星洛依,Vivo X80,61920.0,[],"['gameplay', 'operation', 'visual_music']",不要玩不要玩，他的卡池是有问题的，基本上必须是第三轮或者第四轮才能抽UP角色，卡池他动了手脚的，不充钱，永远出不了角色,,,
378321,绯色回响,38204368,2023-11-03 20:38:41,3,83885406,能可否,IQOO Neo6,,"['gameplay', 'operation', 'visual_music']",[],"老实说最近的活动和每天的签到活动挺好的（不知道能持续多久）。抽卡概率，，，，，提升40%的up池利维坦我都是第四次金出的（合计100多抽出的，毕竟出了双金还算欧的，武器池单抽几发就出了），欧的没朋友，非的去非洲当酋长，可玩性也就那样（我是闲得慌）。
我还说策划心真好提前出利维坦（原本应该是中下旬左右）结果概率就这，该跑路跑路。",,,
378321,绯色回响,38203488,2023-11-03 16:54:02,1,62780341,音游真的好难,Redmi K60,,[],"['gameplay', 'operation', 'visual_music']",国服和外服是两个游戏。都16+了还遮这样多，跟碧蓝航线学学吧。卖肉游戏不再卖肉就没什么好玩的了,,,
378321,绯色回响,38202759,2023-11-03 15:15:34,2,577113523,空条jo太狼,华为荣耀畅享7 Plus,,['visual_music'],"['gameplay', 'operation']",怎么说吧，第一次发评论不知道还说点啥，但完玩了将近几周了越要玩越怪，说一下目前的游戏体验，福利开局送的很少基本不够看，一大堆资金基金，别看前期给的少到后面真的甩贫民几条街不可能追上，抽卡的不想多少，反正不要赌，就一个限定池将近一百多抽吧出4个这还是提升40%出货率，想抽哪个角色等限定池吧，抽常驻抽满吧，抽中也是歪，氪金就是那样，到现在我就开了个大小月卡，100多万每天升几万，前几天看别人590多万现在700多万了，困兽前100一直进不去每天拉满医院就是这么少，你敢信就这游戏金币都缺的离谱，我开了个永恒协约日常48万金币，6个角色其中一个中俩个融合物一个改造一次30万，还有历练徽，每升一级都得好几万资源根本不会够，这还是我氪金了每天资源拿双倍，虽然前期涨战力很快，但后期你就不知道该干啥，100多万死活升不动，主c未央大佬几天7星氪满，根本玩不了，就这还是氪金，不氪对比一下吧，小氪50级100多万战力，零氪50-60万这还是保守，更别说氪金活的动拉满的，就氪金氪的多拿主c未央来说就炸裂，当你凑不出一套像样的队伍时别人版本t0主c拉满了开服限定池就是两大神角色，一个极品辅助一个副c，钻石前期给的拉满60抽压下去沉水了，钻石零氪就按一周十抽1500钻石来就行了，月卡全开一天1100钻石也不够用，3个池子呢，现在古物几百抽了没见过一个整的ssr全是碎片，古物我卡级10多天了升级材料几千个了但很逆天的卡你晋升材料9到10得突破一次，上阵4.个古物一个突破材料50个我攒了一周13个这真666区战根本不用想,,,
378321,绯色回响,38202679,2023-11-03 15:07:49,2,39825095,Hiro,荣耀 60 5G,,['visual_music'],"['gameplay', 'operation']","X🔥使命也是换皮，也是绅士，你家整太复杂了，还体力？你卡等级都没这么恶心！意思是你有币可以一直上！别说佛系，最讨厌贴标签，一个收菜游戏就是我有时间希望全花在点点点上！
2星lsp",,,
378321,绯色回响,38202338,2023-11-03 14:30:48,4,84173065,sunny,Honor Play 40 Plus,,"['visual_music', 'operation']",['gameplay'],感觉就是二次元传奇，除了一点爽感其他的体验真的一般般，福利虽然多但是要很肝，搞性倾向皮肤骗氪这点，是真会利用男性的下半身赚钱，没内容只能卖肉了（这里的肉指擦边），抽卡也一般般，很容易就抽到up的角色了，不知道是本来就这样，还是我运气好，没有体验感，抽到角色没有因为“攒了石头就是给这个抽的，现在终于抽到了呀哈哈”的表现，游戏里的成长材料是挺更容易获得的，能更快的升级，用抽卡的石头也比某mhy游戏给的频繁和多，只是可玩性真的不是很高，主要也就攒攒石头抽自己喜欢的角色后继续再攒石头看下一个喜欢的角色的出现了，总体来说，想发抽卡瘾的想看各种小姐姐小学妹的想玩没操作的游戏的人可以微入一下，抱这种心态玩这游戏应该体验会挺不错,,,
378321,绯色回响,38195595,2023-11-03 00:21:27,2,546024215,哈哈哈嘿,iQOO Neo 5,,[],[],数据兑换的钻石被砍了，除了大小月卡一天能获得多少钻石，卡池疯狂出，不氪金根本不配玩这游戏😂,,2.0,
378321,绯色回响,38195208,2023-11-02 21:16:54,1,581994102,！,Android 设备,,[],[],"开始没二十分钟卸载了，运营你知道吗，我为了迅雷活动甚至玩过滚服山寨传奇，就张家辉做广告那种，你知道我为什么提这玩意吗？
就连山寨传奇的开局，都比你这十分钟出不了引导的点点点来的有吸引力",,1.0,
378321,绯色回响,38194993,2023-11-02 18:35:47,1,127143545,该用户已注销,Android 设备,,[],['gameplay'],最恶心人的是主线打不动，差一点就打死的对面奶妈一口就直接给回满了，一口几百万的奶，策划都不玩游戏的吗？卸载了已经，就不能把主线的关卡难度调低一点吗。,1.0,,
378321,绯色回响,38189193,2023-11-02 05:38:54,1,4962870,T.O.P,Vivo V2072A,,[],"['gameplay', 'operation', 'visual_music']","首先，抽卡游戏。背景音乐的旋律特别像战双，大厅画风也像战双，简直跟所有二次元游戏千篇一律。
150钻石一抽，50必出金，但小保底有四次，四次之后才是大保底。不仅烂，还烂的出奇。创了两个号，都歪了，有一个号甚至歪了两次。
对战画风像答辩，就放了几张GIF，自动对战的人机也像蠢🐷。
卡经验卡19级，卡20级，卡25级，卡29级，卡30级。恶心的是，这些等级刷不到就不能进行下一步操作。
小月卡30元一张，大月卡68元一张，还有进阶版大月卡。我认为，这种勾💩画风，小月卡最多值6元，大月卡最多值18元。因为这种勾💩的价格还敢跟原神 星穹铁道对齐，纯粹讨骂。
想让人玩这个垃圾，最好把保底机制改了，大小月卡价格下调，否则后面会越来越烂。
总结一句，什么垃圾，居然敢跟原神战双同台竞技，你要敢2018年做出来这个游戏，估计十万阴兵都没有。",1.0,2.0,
378321,绯色回响,38183477,2023-11-01 11:02:18,1,581792500,大脸猫有秘密,iPhone XR,,[],[],"开服小半个月了，只氪了大小月卡
我知道这个游戏本来就是氪佬的游戏，我不花钱被吊打很正常，我能接受
当初来玩是因为说会出fhx，然后鸽了
玩到后面发现，万能碎片，砍了
我最不懂的是有人说国服福利好，他送的所有福利和所谓活动，全部加起来也没有万能碎片重要啊
本来就是一个看立绘的游戏，然后一个个穿的跟过冬似的，同样是被虐，我去国际服一边看老婆一边被虐不好吗
就搞不懂吹国服福利好的人，给个芝麻拿个西瓜，到底哪好了？我花俩月卡钱，买个外服弃坑号，不香嘛
。
总之，游戏性完全为零的一款立绘游戏，加了衣服绝了平民玩家后路，我玩啥？玩你的回合制战斗吗？
我打一下，对面打一下，多有趣？？",,1.0,
378321,绯色回响,38181949,2023-11-01 08:01:23,5,736248,顺德古天乐,三星Galaxy S21 Ultra 5G,67380.0,"['operation', 'visual_music', 'gameplay']",[],"游戏性：暂时来说还是可以的，比较简单
画面：老旧，还需要加强
持续性：本人是基本什么游戏都会下来玩，这个游戏开服到现在都在玩还没有退的时候，不错
",,1.0,1.0
378321,绯色回响,38181506,2023-11-01 07:12:27,4,9475457,小黑Gaylon,华为P30,,"['visual_music', 'gameplay', 'operation']",[],"我觉着游戏福利开始的第一天还是不错的吸引人，小氪了一个大月卡，并非内测玩家。游戏内容刚刚好不用一天都住游戏里。会接着玩下去看看后期怎么样
💎资源获取：
开坑建议看看别人的攻略，这个游戏资源是升级槽位不是指定角色非常的人性
但游戏里大部分氪金的系统也不少，尤其是体力获取和游戏加速属于半逼氪了，还是要更在意平民玩家才能慢慢做大",1.0,2.0,1.0
378321,绯色回响,38181297,2023-11-01 06:44:33,4,428440643,侯卿,Vivo IQOO Neo8,,"['gameplay', 'operation', 'visual_music']",[],喜欢抽卡但是不知道强度怎么样，刚抽一个10连,,,
378321,绯色回响,38180916,2023-11-01 05:45:12,4,23677315,伊吖,联想L71061,,"['operation', 'visual_music', 'gameplay']",[],刚刚看到主页在推荐这款游戏，一看总觉得怪怪的，刚好我日服有这个角色，一目了然^0^,,8.0,
378321,绯色回响,38180215,2023-11-01 04:12:25,1,584000290,姜云升,Vivo V2073A,,[],"['gameplay', 'operation', 'visual_music']",和无期有什么区别？,1.0,,92.0
378321,绯色回响,38180114,2023-11-01 03:59:35,1,54785849,MGRZLY,Honor X30 Max,,[],[],怎么玩说呢，浅浅玩了一下 感觉和那什么女皇XX手册还有逆王传说玩法差不多，就那BIKA上天天退的那个，不氪金卡主线，甚至涩涩也不如人家女皇和逆王，评价是寄，卡完主线就卸载了😂,,,1.0
378321,绯色回响,38178986,2023-11-01 01:35:39,1,579061573,1,小米Mi 10S,,['visual_music'],"['gameplay', 'operation']","🃏抽卡体验：
我抽卡还算欧吧，概率感觉还行。大保底机制有点恶心，目前大保底过一回。抽卡资源不充钱二十章之后就不多了，歪了挺难受的。

☄️成长体验：
角色养成提升不大。主要战力加成是图鉴、角色升星、羁绊、家具、专武（要抽卡）、专武升级，角色升级加成不大。角色等级受人物等级限制，45、6级之后不充钱一天一级，等级不够会卡关，不充钱四十章之后就有点吃力了，打不满星星。

💎资源获取：
后期会缺游戏基础货币和经验书，获取的量不怎么够用养成。
游戏礼包种类很多，总的来说抽卡就能变强。总体感觉有种少年三国志2的感觉，不过战力没那么崩坏，但是真有大佬第一天就能拉零氪、微氪四五倍战力。",,1.0,
378321,绯色回响,38178960,2023-11-01 01:32:04,1,582065239,小熊猫,小米Mi 10S,,[],"['gameplay', 'operation', 'visual_music']",1星都不想给，垃圾卡牌游戏，不管是抽卡体验，可玩性，还是养成系统，都是玩过卡牌游戏里最垃圾的,,,
378321,绯色回响,38178568,2023-11-01 00:06:45,1,452437956,没有昵称,Android 设备,,[],[],武器池概率0.2？你在逗我吗？😓😓😓,,,67.0
378321,绯色回响,38177501,2023-10-31 16:26:02,2,335718764,小橘猫谁不爱,Liantong VP001,,"['visual_music', 'gameplay']",['operation'],看起来不错，可惜没有中文。为什么一个没有中文的游戏，还这么多广告推广，进游戏就叽里咕噜啥也听不懂，卸载了，等什么时候有中文了在说吧。,,,
378321,绯色回响,38176186,2023-10-31 13:32:52,1,367210835,⛅,Vivo IQOO Neo8,,[],"['gameplay', 'operation', 'visual_music']",谁玩谁知道，就一坑游戏，这游戏的群管理员更是脑子有坑，分享一下立绘都禁言，玩不起啊是，充的钱算是给你们买的棺材钱了,1.0,1.0,
378321,绯色回响,38174398,2023-10-31 09:31:25,5,18984626,破灭,Vivo V2203A,,"['gameplay', 'operation', 'visual_music']",[],"玩了有个十几天了，由心出发不坑萌新的说可玩，微氪➕肝就行了，立绘、音效和技能动画方面做的是真的已经很不错了，出卡方面也还行不是很歪中规中矩，主要是Q版小人方面给个高分，有点小时候看飞天小女警时的既视感，前期差评点嘛就是你们那领自选十连的关卡数不能往前提一提吗，好难受的说，还有就是前期投入的时间有一点多很容易让玩家产生疲劳感。福利方面我觉得还好了，有皮肤有徽章挺不错啦，前期送的资源也可以基本抽个全金阵容过度，就是羁绊挺难凑的哈哈哈……   
我不知道这个游戏评分怎么才五点多，可能是因为前期投入的时间有点多吧，也可能是有黑子，这游戏BUG我玩到现在也没看到一个，说明官方有心了啊。言归正传这游戏可玩但是要合理安排时间哦。
铛铛铛评分时间到（1分～10分）:
立绘——10分满分（反正我是挺喜欢的）
背景音乐、攻击音效、人物配音（三个分一起感觉很合理）——7分（中规中矩，同类型游戏不算突出，但也不差）
角色大招动画——10分满分（这个不给满分我心虚，看过的都说好）
前期通关福利和新手福利——7.5分（送的真的不算差了啊兄弟们！）
Q版角色小人设计方面——9.5分（给设计师加鸡腿🍗，有种童年的味道啦！为啥9.5，怕你骄傲呗！）
游戏耗时方面——4.5分（高不了了，真的高不了了，你们官方要改改了，前期太耗时会劝退一堆好玩家的，后期虽说会好很多，但是有多少能坚持到最后的，毕竟累了一天谁不想放松放松，你说对吧？官方。）
可入坑综合评定——8分（前提是我给提的官方看到了，还改进了，哈哈哈哈哈哈😃）
以上纯属个人意见，如有雷同，纯属巧合！
求求各位不要骂我哦！感谢了！
还有还有，希望游戏越做越好！拜拜👋🏻
",4.0,4.0,7.0
378321,绯色回响,38173091,2023-10-31 07:03:48,3,7868423,荻夜千里,一加手机10 Pro,,[],"['gameplay', 'operation', 'visual_music']",这就是个换皮氪金游戏，冲了3000多，想弄点皮肤的结果赠送的石头买不了皮肤，这不就每次皮肤都只能纯用钱买了吗？还是碧蓝航线好玩，皮肤都可以用送的钻石买，皮肤也好看，萌新入坑建议0氪，氪钱你就输了。,1.0,1.0,
378321,绯色回响,38171373,2023-10-31 03:30:35,1,23054175,憂傷゛染指青春,Vivo V1938A,,[],[],今天刚升到44级 武装活动就还有1天结束了 真不把0氪玩家当人啊 你好歹设个刚升到44还有个7天的活动时间吧 这家伙整得后面晚升到的还以为没这活动呢 要不然就别设等级 而且还是领取时间 任务都做不了呗 玩个毛,1.0,1.0,
378321,绯色回响,38170736,2023-10-31 02:11:18,5,30402600,最初,华为 Nova 8,17640.0,[],[],还是给个五星吧，拉拉评分，怎么说呢，和市场上的换皮也没什么区别，特色方面也被和谐了不少，氪金点也很多，抽卡保底也家常便饭，歪的太狠，福利也没多少…额，这样一说下来你这个五星拿的不烫手么😅,,2.0,1.0
378321,绯色回响,38170173,2023-10-31 00:11:13,2,55217854,马上到家,小米Xiaomi 13 Ultra,,[],"['gameplay', 'operation', 'visual_music']","开服三天消费5k，五区当时前十，现在已经润了
简单点评一下吧
游戏不算是个好游戏，是披着H油的一个氪金数值游戏。

总结一句话，玩数值不如去玩隔壁幻三，玩H油不如玩它的外服，国内？搞笑罢了


什么资源都要氪金，卡片要氪金，专武要氪金，主角武器要氪金。
还好的不学学坏的，抽卡⭐️有六星还是七星，还会歪
武器也要升级，六星。


还会用体力培养卡你养成进度，什么都要钻，什么要卡。每天还有弹窗礼包。。。。不建议玩，体验一下画面就走咯

用突破刷材料体力卡你卡片等级，用武器强化石卡你武器等级。然后每天都弹窗



",3.0,12.0,
378321,绯色回响,38170146,2023-10-31 00:03:34,1,512449442,飒与瓜怂,Redmi K50,,"['visual_music', 'gameplay', 'operation']",[],抽个卡你告诉我要歪四次才是大保底？关键是我还把四次吃满了，每次都是五十抽出金，别逮着我一个人薅羊毛啊，你让隔壁南鸢也和我一样就行，这次给你打个六星好评，这颗是溢出来的那颗。,,3.0,
378321,绯色回响,38170141,2023-10-31 00:02:35,3,4060805,Kotiya_Sanae,Android 设备,,['visual_music'],"['gameplay', 'operation']",游族二次元传奇，不得不玩，进去就一股伊甸园味，一路玩下来，就是感觉又臭又长，战斗贼无聊，神器武器突破各种养成花样一大堆，氪金选择一堆，基本上琳琅满目，实际还是战力游戏，肝氪加战力完事，这种游戏不是白嫖坚持肝，就是氪佬疯狂氪，游戏性就那样吧，喜欢传奇类的，可以试试，公会PVP，基本上都有，除了不能爆别人金币,,1.0,
378321,绯色回响,38170007,2023-10-30 23:10:26,2,60484983,闲鱼突刺,Xiaomi Redmi K60 Ultra,,[],[],套皮的传奇，越充钱越黑，建议别充钱，随便玩玩就行，白给了2只克拉肯，第三只歪到吐🤮，充了100多块钱，白送ssr还要50章才能领取，就是靠开新都服卷钱跑路的游戏是吧😤,,1.0,
378321,绯色回响,38169200,2023-10-30 16:38:41,1,470577672,原神代肝（私聊）,红米 K40S,,['visual_music'],"['operation', 'gameplay']","不推荐，

☄️成长体验：
前期还好，后期就打不动了，剧情推不下去，",,,50.0
378321,绯色回响,38167849,2023-10-30 13:56:42,3,41984627,空.白,iQOO Neo5 SE,,"['operation', 'visual_music']",['gameplay'],越到后面的关卡和越难打，他一个怪暴击我20万，我一个大招暴击，他们4个人才20万，现在是82万战力打到第42章，太难打了那怪暴击一下秒我半管血，玩的真有点累了。,,,
378321,绯色回响,38167562,2023-10-30 13:25:28,1,36262659,离,红米 K40S,,[],"['gameplay', 'operation', 'visual_music']",我的评论是 简直一拖答辩 就立绘可以 卖肉 剧情流畅度 战斗场景 简直答辩 好几年前游戏水平 离谱,,,
378321,绯色回响,38166982,2023-10-30 12:18:42,3,14525656,池非池,Vivo V2049A,,"['gameplay', 'visual_music']",['operation'],"你怎么知道我十连双黄
太肝了，建议别玩
0氪会被爆杀
我这个是国际服


☄️成长体验：国际服你懂的，没有国服那么多活动，非常肝，不充钱更肝。42级了都没国服31级的战力高。

💎资源获取：国际服哪有资源哦？战力都上不去还战力？最大的资源就是疯狂的叠钱，充钱一定会赢。",,,
378321,绯色回响,38165993,2023-10-30 10:06:12,1,63198438,小兔子,小米Redmi K40,,[],"['gameplay', 'operation', 'visual_music']",自选ssr要到第七章才给你，送的10连要第四张章，然后第四章最后一关直接给你卡关卡两天，牛逼的，第一天只有一个10连😅😅垃圾游戏,1.0,,1.0
378321,绯色回响,38165312,2023-10-30 09:11:23,1,424782572,User424782572,Web 官网,,[],"['gameplay', 'operation', 'visual_music']","既然游戏做的这么垃圾，那就给写个差评吧。
充钱，变强可以理解。人家是你们的衣食父母。
但是最新的活动普通人都到了玩不下去的地步了，不氪金进不了大工会，进不了大公会就站不住点，随便让人家打死。
真就不让玩呗？？
",,,
378321,绯色回响,38162424,2023-10-30 05:51:22,1,44271580,小希,Android 设备,,[],"['gameplay', 'operation', 'visual_music']",奖励你水军回响应有的分数反正你水军花钱分就上来了，宁愿买水军福利也不发发，开辟了福利发抵价券先河，做活动不充钱后面免费奖励领不了，打个跨服回体力还得花钻,,2.0,
378321,绯色回响,38161877,2023-10-30 04:47:17,2,1557015,DVD,OnePlus 10T,,['visual_music'],"['gameplay', 'operation']",游族 懂得都懂 国际服第一批人玩到ur套快做出一套的时候退坑了 半个月一个角色 新角色爆锤老角色 没话说 开服的克拉肯到后面就是一坨 纯恶心 氪金2w5打不过别人氪个新角色 就这样 随便越几百万战力干你,,1.0,
378321,绯色回响,38160368,2023-10-30 01:42:24,1,540811071,顾北,荣耀 X30,,[],"['gameplay', 'operation', 'visual_music']",真的一点都不值得去尝试，欺骗性拉满,,,67.0
378321,绯色回响,38159884,2023-10-29 23:53:53,3,50106964,划水蟹黄堡,红米 K30 Pro,,['visual_music'],"['gameplay', 'operation']",自选十连噱头自信进来的，也么说呢。也能获取，但是！要通关多少多少章主线。省流:氪了能拿，但是氪了估计也看不上十连。不氪难拿，而且玩的非常难受。就这样，再见,,,
378321,绯色回响,38157916,2023-10-29 14:33:38,3,68523667,手机用户68523667,华为GLK-AL00,,[],[],"咋说呢抽卡保底能改改吗第五个大保底，自闭都哪些欧皇我就不说了，我本人是必定第5发十连才出金还是歪的，每次都是第5次吃满大保底，最好那次是第四个出的，就这机制不说升星，等新手期过了，想抽个人物怕不是要攒个4、5个月

",,1.0,
378321,绯色回响,38157412,2023-10-29 13:31:14,4,518035026,石头,华为荣耀8X,,"['gameplay', 'operation', 'visual_music']",[],角色涩，福利好，剧情有点东西抽卡爆率挺高的，但是我懒得玩了,,,
378321,绯色回响,38156578,2023-10-29 11:52:00,1,322757294,Viola,Nubia NX679J,,['visual_music'],"['operation', 'gameplay']","国际服玩家，国服从开服也玩了一段时间了，为了等还没出的大老婆也氪了个几千，不断弹出的大小礼包也基本全都买了，只能说这游戏真的越玩越恶心，之前全靠情怀在支撑，现在已经快熬不住准备弃了…
1.先说抽卡掉率，声称3%出金，但我可能比较非也可能被杀熟一般50-60才出，然后要歪四次第五次才有大保底出up角色，纯非洲人一般至少要200+几十发才能出，问题如果游戏给的福利好点也就算了，结果给的非常扣，然后不停弹礼包让你氪金，尤其是在4星升5星的那个关键时候会各种卡你让你抽不到up只能氪…
2.再说立绘，玩过国际服的这游戏特色大家懂得都懂，知道国服会和谐，没想到和谐的这么严重，玩过伊甸园再冲这个的本来就是冲着兽耳娘去的，结果兽耳全部消失，唯一仅存的变发箍，老婆们恨不得个个都裹成粽子，连皮肤都被和谐得不成样，就这样一个皮还很贵，up角色皮肤甚至连皮肤券都不能用，直接卖128一个…
3.再说下强度吧，因为强度不够经常卡关，而强度的获取一个是养成，这游戏一天可以领两次体力，还会过期，过期了需要靠钻石领，问题人物养成需要的养成资源非常多，这点体力根本不够，哪怕买那个一天多给三个体力剂的永久卡也不够…人物不够强怎么办呢，又需要靠抽角色抽专武抽古物，其中古物还是碎片，一次出个一两片，集满100个碎片换一个古物，然后这一堆东西也要养成…
4.最后说说玩法吧，玩法算是战斗和探索相结合，然后战斗除了重点关卡都可以跳过，就跟其他游戏差不多，顺带一说那个永久卡里还包含了一个战斗十倍速，但开了也没觉得快多少…然后又要说到这游戏开服最大的骗局，所谓自选十连，出的都是没用的角色不说，第一次领取要通关第十章，第二次要二十五章，第三次五十章…等你领到黄花菜都凉了…而每日十连也是出全蓝多，偶尔出个金也是没用的那种…
总结就是玩这个游戏，要是你不差钱也无所谓老婆穿得多你就重氪，要么就零氪白嫖，随便玩玩都是可以的…说了这么多本人对这个游戏是真的情真意切了，以血泪教训劝微氪中氪玩家真的不值得，谁的钱都不是大风刮来的，可能哪天就真的像开服人家猜测的那样卷一波跑路了…同时也劝游戏多考虑一下玩家感受，很多不合理的机制能改善一下，让大家玩的开心，人人都能抽到老婆大家自然愿意玩下去，言尽于此，这游戏就江湖再见了…",,,
378321,绯色回响,38156135,2023-10-29 10:56:40,5,587000655,25,Web 官网,,[],[],角色虽然有和谐但是还是蛮涩的，毕竟是绯色的美术和立绘，我只能说懂得都懂。玩法上单一有点无聊这个需要调整一下，感觉能玩的下去但是后面有点无聊，所以还是在观望一下,,,
378321,绯色回响,38155795,2023-10-29 10:09:37,2,98704571,✧阡离✧,Vivo V2203A,,[],"['operation', 'visual_music', 'gameplay']",量产低能产物，卖色没有，游戏内容也很无聊，福利少得可怜，谁家开服这么抠搜。,,2.0,51.0
378321,绯色回响,38154444,2023-10-29 07:38:58,2,21017343,阴间人说个鬼阳间话,Android 设备,,[],"['gameplay', 'operation', 'visual_music']",福利烂的像是答辩新手引导的时候双方大招动画放个不停真是扎不多德勒。进去游戏，过章个半天就只能20抽🙄玩法就不多说了，都一样。立绘比你游好看送的比你游多的游戏比比皆是，也就是半年死的命。不愧是你游族,,4.0,1.0
378321,绯色回响,38154385,2023-10-29 07:32:16,3,484325118,了一,Huawei Nova 10 Pro,,"['gameplay', 'visual_music']",['operation'],这游戏的零氪真的没法玩，资源获取太难了，战力提升太慢了，零氪玩两天就到头了，然后就只能熬时间，耐心不够的人可能就直接弃游了，没弃的也是因为这游戏尺度有点大，满足了广大男同志的…，哎，我就想说你留不住零氪用户，那些氪佬没人对比，肯定也很难玩下去，给零氪点活路吧！而且我们想肝都都没体力肝，哎！希望开发人原能看到！,,,
378321,绯色回响,38152885,2023-10-29 05:02:08,4,41709762,悠…然,小米MI 9,,[],[],福利很多，立绘也不错，可以玩一下,,,
378321,绯色回响,38151713,2023-10-29 02:52:34,4,14537235,手机用户14537235,Huawei Nova 9 Pro,,"['gameplay', 'visual_music']",['operation'],"玩了第三天，其实吧，和若干年前的少年三国志是一个玩法，羁绊，凑阵容，升星，徽章，图鉴，皮肤 ，都是堆战力。地图无限开，各种玩法资源获取，但人物升星全靠抽卡，要想快速拉战力就得氪金，而且氪金的入口五花八门。
当然可以维持一个月卡慢慢培养，靠时间攒石等到所需的限定角色池子up了梭哈一波升星。。。
玩是可以玩，也比较累。而且还挺耗电😂
抽卡一言难尽，昨天克拉肯还给过我双金都是up，但今天是五发十连稳定保底一张克拉肯，后转抽琪琪，四发十连没给我琪琪，歪了个忘了叫啥的黄毛，气的嘴歪了。。。羁绊都没开。

氪佬可以爽。平民就老老实实咸鱼了。
",8.0,17.0,9.0
378321,绯色回响,38151600,2023-10-29 02:37:10,2,6142222,帆,Huawei Mate 50,2340.0,"['gameplay', 'visual_music']",['operation'],刚开始用个游客号，手机号都没有用过就显示手机号已经绑定了？不想让大伙刷，可以不开游客，开了又不让绑定，恶心人是吧。,,,
378321,绯色回响,38151572,2023-10-29 02:34:25,1,328549820,卡卡骆驼,华为 荣耀30 Pro 5G,,['visual_music'],"['gameplay', 'operation']","简单来说，这个游戏就是披着二次元的皮，外服还带颜色的，国服没颜色，然后内容玩法都是非常老旧的挂机游戏里的内容，详见神仙道、闪烁之光。
真没必要玩下去，一周已经无聊死了，每天上线清体力，卡战力，卡金币，后期卡各种资源。逼氪。",,1.0,
378321,绯色回响,38150974,2023-10-29 01:13:45,3,360347051,三千院,OPPO A3中国版,,[],[],抽卡点不进去是怎么回事啊，点了有声音，但就是进不去，每日十连的那个键也进不去，其他的都是好的，就是抽卡进不去，这怎么弄啊,1.0,,
378321,绯色回响,38150380,2023-10-28 23:09:03,3,586441651,玥一,Honor 70,,"['gameplay', 'visual_music']",['operation'],"不氪金不影响体验
但处处都在让你氪金
除了ssr，其他卡纯粹凑数
估摸着拖不少，这游戏迟早会凉
玩法仍停留在几年前，没啥太大心意
",,,
378321,绯色回响,38148509,2023-10-28 14:59:17,5,558002960,.,小米Mi 10,,['visual_music'],"['gameplay', 'operation']","国服，台服，国际服三服都玩过了能明确告诉大家的就是这个游戏说明白了就是16+往上的卖肉游戏，数值还有运营都是一坨答辩，冲着游戏游玩性去的可以不用下游戏了，如果想看到更多福利请移步国际服，国服肯定不可避免的有和谐的。

💎资源获取：很少，虽然看着送的还行但是实际用起来根本不够用

🃏抽卡体验：这个不用看了，基本上都是4次小保底出一个，升满一个角色要本卡12张大家可以看看你要抽多少了，加上不停迭代的卡池可以想想在这上面要花费多少圆子

🎮可玩性：真的一般，不充钱很多根本打不过，拿着那一点点资源，提升一点点战力，要花费很多时间
",,3.0,1.0
378321,绯色回响,38148366,2023-10-28 14:44:18,1,34301461,Nyima_峰峰,华为Mate 20,8040.0,[],"['gameplay', 'operation', 'visual_music']",第一次写评论 有点紧张 千万不要玩！快跑！这游戏邮件送氪金打折券的！这游戏立绘和谐的都没了！这游戏活动有等级限制的！（开服玩家，一天不落下，至今52级，活动限定55级参加！）快跑！不要来！,,1.0,
378321,绯色回响,38148119,2023-10-28 14:23:09,1,422064426,三笠,Android 设备,,[],"['visual_music', 'gameplay', 'operation']",没几十万氪度玩不舒服，有几十万随便氪也不会选这个乐色游戏，只能说连换皮剑与远征都不如,,,
378321,绯色回响,38147766,2023-10-28 13:50:22,2,6024616,面向东方,荣耀 X30,,[],"['gameplay', 'operation', 'visual_music']",又臭又长还不能跳过的引导  战斗一次一次技能一次动画一关战斗几分钟 什么年头了拖成这个逼样? 引导关一个破技能动画秀几十遍?,,1.0,
378321,绯色回响,38147558,2023-10-28 13:30:25,3,570207764,ny,Vivo IQOO Neo8,,['visual_music'],[],新活动怎么想的55级才能参与，现在有多少人是到了55的，不想让新区参加可以不开这个活动😅😅,,,
378321,绯色回响,38147529,2023-10-28 13:27:49,2,22932043,爸爸,小米Xiaomi 12S,,"['gameplay', 'visual_music']",['operation'],"进游戏一看，白丝美腿各种我喜欢的，我找了半天开服奖励？两张充值优惠券？然后我又看了看，哦！原来是游族代理的！那没事了，反手一个卸载，再见！游族代理的游戏再好，到最后都只会是一坨💩
",,1.0,
378321,绯色回响,38147468,2023-10-28 13:21:48,3,390495134,阮未央,华为平板 M6,,"['gameplay', 'visual_music']",[],总的来说还是可以，不过我不太喜欢卡牌类游戏,,,
378321,绯色回响,38147309,2023-10-28 13:07:14,2,16435216,壬生月,Android 设备,,[],"['gameplay', 'operation', 'visual_music']",别的各种恶心问题都不说了，开服一周多搞新活动限定≥55级参加，你游策划多少脑子不太正常,,,
378321,绯色回响,38130539,2023-10-27 02:57:36,2,467119930,十五分贝,小米MI 8,6900.0,[],"['gameplay', 'operation', 'visual_music']",咋说呢，界面太乱，抽卡太垃圾，立绘一般，领到的东西都不知道怎么用，剧情老套，战斗部分也无聊的很,,1.0,
378321,绯色回响,38146505,2023-10-28 11:55:18,1,32815035,ruler_格,Android 设备,,['visual_music'],"['gameplay', 'operation']",作为服务氪金玩家和捞钱就跑的换皮手游，都没几个十连，冲着立绘来的，你出都不出我看什么,,,
378321,绯色回响,38145709,2023-10-28 10:34:36,2,125066486,User125066486,Redmi K50 电竞版,,[],[],这年头了。还有这种游戏，又是一个换皮的游戏，没啥意思，到处都是充钱提升战力的游戏，说有皮肤也就那样吧。估计又是一款捞完钱就跑路的。游戏明显感觉到有托。,,,
378321,绯色回响,38143647,2023-10-28 07:14:43,2,446667061,真相是假,Huawei Mate 40E,,[],"['visual_music', 'gameplay', 'operation']",没见过点触感应这么差的游戏，一个新手引导能把人气死，又臭又长，还不能跳过，每次点引导处要点十下才有反应,,,
378321,绯色回响,38143607,2023-10-28 07:10:12,2,126983453,Nemophilist,OnePlus Ace 2,,['visual_music'],"['gameplay', 'operation']",见过抠的但没见过这么抠的，多的不说，送个十连还得通过7才能领你是真的可以，游戏性可以说是完全没有，全靠你那和谐过的立绘来骗新人玩去吧,,,
378321,绯色回响,38142846,2023-10-28 05:54:47,5,98278939,懿轩,OnePlus 10T,,['visual_music'],[],跟大多数的RPG区别不大，但是立绘是最吸引人的，战斗时的Q版形象也很好，就是行动点根本不够用啊,,,
378321,绯色回响,38141872,2023-10-28 04:22:39,2,23246706,敔図,努比亚 Red Magic Mars,,[],[],pv是3d模型的，游戏里不是，欺诈吧,,,65.0
378321,绯色回响,38141097,2023-10-28 03:03:17,1,412884696,股海纵横,OnePlus 10T,29880.0,[],"['gameplay', 'operation', 'visual_music']","这游戏就是一波流，看着福利很多，氪金很值得，但是氪一千三天后战力一百万就升不动了，后面除非重氪，不然每天只能增加一两万战力，大佬直接三百万战力骑脸。
卡池也歪，五十抽小保底，连歪四次小保底才大保底，运气不佳的相当于250抽保底，氪了大小月卡加68元七天卡，一天也才15抽左右。一个满角色满七星需要本体12张。
玩法和烂大街的滚服游戏没区别，哎不好好想着丰富游戏内容，都只做骗一波的粪作是吧。",,10.0,
378321,绯色回响,38140749,2023-10-28 02:29:08,1,407673656,潶,小米Redmi K40,,[],"['visual_music', 'gameplay', 'operation']","sb游戏，你服装卷只有五十张按半价出售，你为什么不说明白，艹，什么sb游戏，玩这种套路，是不是没木了

💎资源获取：一坨💩

☄️成长体验：
垃圾

🃏抽卡体验：
垃圾

🎮可玩性：
垃圾

🌃画面音乐：
垃圾

🔖运营服务：
一坨💩",,2.0,
378321,绯色回响,38140617,2023-10-28 02:13:09,4,99920480,醉酒方知浓,Honor 30 Pro+ 5G,,"['gameplay', 'operation', 'visual_music']",[],就是体力上限太少了，根本不够用,,,
378321,绯色回响,38139787,2023-10-28 00:25:45,2,121296227,misse~,IPhone 7 Plus,,[],[],给2星不屏蔽，这么说吧，第一次玩到卡牌游戏过了4章没有任何福利，凑不起一发10连,,1.0,49.0
378321,绯色回响,38139288,2023-10-27 21:10:19,1,439010442,难民,Redmi Note 11T Pro,,['visual_music'],"['gameplay', 'operation']",游戏做的稀烂，up池小保底50一次，大保底250一次，欧的欧死，非的非死，别人400-450抽已经满命了，我这种微氪玩家还在0命，up概率是40%，估计我连20%都没有,,3.0,
378321,绯色回响,38139276,2023-10-27 21:03:51,2,544433098,颂长歌,Redmi K50 Ultra,,['visual_music'],"['gameplay', 'operation']","💎资源获取：
资源真的少，拿来抽都没多个。
🃏抽卡体验：
池子容易歪。搞个歪四个次后，保底不歪也是很牛皮的存在。真的想给你来个大拇指。
",,,
378321,绯色回响,38139242,2023-10-27 20:27:21,3,419466840,恋洋,Android 设备,,[],"['operation', 'visual_music', 'gameplay']",怎么说呢，看抖音看到了下的，玩了两天，就那样吧，想玩的感觉还是向抖音那样玩个国际服更值得期待。然后就是觉得感觉壹萬億德鼎科技的寶可夢攢勁😂,,2.0,
378321,绯色回响,38138618,2023-10-27 16:56:56,1,16071955,手机用户16071955,Vivo IQOO 11S,,[],"['operation', 'visual_music', 'gameplay']",首先说本人已氪6000+，从来没有那么气过一款游戏，这游戏是真他么的巨黑巨恶心，你甚至找不到一个客服，bug多不说，出问题的补偿都没有，在这里氪金都是踏马的沙币，都别来玩这个游戏让他死,,,
378321,绯色回响,38137924,2023-10-27 15:23:34,3,72179917,手机用户72179917,iPhone 14 Pro,,[],[],好评的就只有画面了，氪金和零氪差距有点大,,,
378321,绯色回响,38137916,2023-10-27 15:21:35,5,24544270,ℳ青莲·诗涵ღ,Vivo V2049A,,"['visual_music', 'gameplay', 'operation']",[],"☄️成长体验：战力速成，新手直接打主线直通有材料进阶最高战力

💎资源获取：尽量开局30+38未央开局，6+30安诗雨开局，每日都有免费10抽奖池，个人第三天每日奖池抽到一个金，而且前期送大量资源，平均爆率在20左右一个金",,1.0,2.0
378321,绯色回响,38137899,2023-10-27 15:20:03,3,42984549,凉茶,红米K20 Pro,20700.0,"['gameplay', 'visual_music']",['operation'],游戏太无聊了，绝对爆肝，运气倒是还可以,,1.0,
378321,绯色回响,38135750,2023-10-27 11:59:48,4,586615351,莪堅強的像個笑話,Android 设备,,"['visual_music', 'gameplay', 'operation']",[],喜欢哪个就养哪个呗，绯色又不是竞技游戏，归根到底是一个收集向的福利游戏，而且战斗系统都是看战力的看练度的，打不过再练练就是了，阵容上sr以上就可以，真没必要全部硬上ssr，很多sr的强度并不低，ssr也有垃圾的就是了，而且sr的养成难度要低于ssr，满命sr那是相当可以了。当然，你是富哥氪佬就当我没说好吧，全员满命ssr拉爆就是了,,,
378321,绯色回响,38135367,2023-10-27 11:24:19,4,319986924,昏星天君,华为MediaPad M5 8.4,,['visual_music'],['operation'],"☄️成长体验：成一个逐渐下降的趋势
48级了，现在两天的资源还升不了六个角色的一个级
",,,
378321,绯色回响,38135094,2023-10-27 10:58:15,2,407446717,诺嗔,小米Redmi Note 8,37620.0,['visual_music'],"['gameplay', 'operation']","💎资源获取：是没有的
☄️成长体验:是开图鉴的
🌃画面音乐：是勉强能看的
🎮可玩性：是拼总战力数值的
😂😝必叫你好评如潮",1.0,12.0,
378321,绯色回响,38134213,2023-10-27 09:35:34,1,398622975,哈哈哈,iQOO Neo 5,,[],"['gameplay', 'operation', 'visual_music']","一个新手活动还有每天特别肝，不推荐9玩
",,,68.0
378321,绯色回响,38134093,2023-10-27 09:25:29,2,84161446,妖灬玄听,Vivo V2011A,51840.0,['visual_music'],"['gameplay', 'operation']",除了画面一无是处，up卡池怕不是假的，一百多发，就出一个up角色，一直歪，出来好看，别的啥也不是,,,
378321,绯色回响,38133931,2023-10-27 09:12:06,2,586085388,独木,华为P30,,['visual_music'],"['operation', 'gameplay']",刚刚卸载，画质是不错，但是配上国服，画质再好有啥用？不想入坑了，抽了半天还是分期付款？逗我呢？,,,
378321,绯色回响,38133044,2023-10-27 07:33:24,5,459913512,天际铜磊,vivo X27,,"['gameplay', 'operation', 'visual_music']",[],我的建议是佛系游玩，因为玩下来感觉这游戏还是有点小氪的，如果不想氪的话那就只能肝但是肝不是小肝，随意佛系游玩最好，没必要跟氪金大佬比，每个人都有自己喜欢的玩游戏的方式,,,
378321,绯色回响,38132960,2023-10-27 07:23:39,4,21790369,沛容可爱吗,华为Nova 2s,,"['gameplay', 'operation', 'visual_music']",[],二次元狂喜！这立绘真的画进了我的心里了，谁能拒绝这么多老婆向你招手啊，而且配音真的和立绘角色好配啊，立志收集全配音,,,
378321,绯色回响,38131466,2023-10-27 04:29:19,1,433755438,ʕ  •ᴥ•ʔ……,Vivo IQOO 11S,,[],[],为啥绑手机号没验证码,,,93.0
378321,绯色回响,38130354,2023-10-27 02:38:46,2,398184405,Bangbang,联想小新Pad Pro 12.6,,['visual_music'],"['gameplay', 'operation']",实在无聊可以玩一星期，再往后就没有玩的必要了,,,74.0
378321,绯色回响,38129736,2023-10-27 01:12:55,3,19363206,SHENG,Huawei Mate 40 Pro,25500.0,['visual_music'],"['gameplay', 'operation']",大概玩了下，玩法上就是一个卡牌放置，很老套的玩法了（类似三幻？）本质上区别是没有幻三的玩家基数，平民感觉基本是在玩单机，世界里也没人说话，策划方面也是，打到后面说是送自选十连，要到50章才给（之前是60）怎么说呢，基本就是等你打到了也不差这一个了，而且也没有很多稳定的钻石收入来源（还是前期活动福利后期一毛不拔），立绘的话能看是能看，但是很多国服和谐了，怎么说呢，随大家观点吧，整体三星也只能说一般般，能打发几天时间，久了很难玩,,1.0,
378321,绯色回响,38128879,2023-10-26 19:47:57,1,5434434,凛冬将至,iOS 设备,,[],[],氪金，然后会疯狂给优惠券让你充钱，然后这个体力还给的少，都要rnb买，出金概率真是依托答辩,,,
378321,绯色回响,38128825,2023-10-26 19:19:43,1,580931415,炸裂毁灭者,iPhone 14 Pro,,[],[],养成材料多得可怕，浑身是肝也不够用，打游戏如同在上班，唉，现在这种类型的游戏几乎都是换汤不换药。,,,
378321,绯色回响,38128509,2023-10-26 17:40:27,2,361441908,小狸奴～,Vivo IQOO Neo6 SE,,[],[],游戏下载界面卡得要死等半天都没有加载,,,65.0
378321,绯色回响,38128250,2023-10-26 16:46:18,1,582078561,轩雨梓晗,Huawei Mate 50 Pro,,[],"['gameplay', 'operation', 'visual_music']",第10章开启第二轮自抽，第25章才给拿，您真的是天才！这就叫你们说的送得多？恶意拉长游戏时长罢了！前期给得不多又没啥游戏性真不知道哪儿来的资本敢这样做，同样是代理怎么不看看世界弹射物语、ba这类呢？,,,
378321,绯色回响,38127936,2023-10-26 16:06:53,1,10058033,wyxben93,华为 Mate 30,,[],"['gameplay', 'operation', 'visual_music']",抽啥都保底，充钱的都是孙子,,,66.0
378321,绯色回响,38127734,2023-10-26 15:45:25,5,100804343,神,Vivo IQOO Neo3,105720.0,"['gameplay', 'operation', 'visual_music']",[],福利还是可以的就是要过关才有当个副游就行啦,,,
378321,绯色回响,38127669,2023-10-26 15:37:21,2,367954200,念君,小米Mi 11 Pro,,[],"['gameplay', 'operation']",答辩试玩了一下。预约奖励要通关第五章才发给你。还有就是免费送你一百连然后让你做任务从那十个十连里选一个十连带走每做完一个选一个十连就算想让玩家玩久一点也没必要这个搞吧？真的笑死我了逆天公司和他的逆天游戏。第一个任务就是通关到第七章。我都不敢想。我只能说这游戏公司真的🐮。就这两个点我直接弃坑了。xdm自行选择喽。笑死我了我先去笑了还好哈哈哈,,1.0,
378321,绯色回响,38127605,2023-10-26 15:29:40,1,37324182,流水落花,荣耀 50,,['visual_music'],"['gameplay', 'operation']",充值返利呢？明目张胆的吞是吧？礼包天天蹦我内测氪的就白氪了是吧？,,,49.0
378321,绯色回响,38127242,2023-10-26 14:49:04,1,373972368,以私,Android 设备,,['visual_music'],"['gameplay', 'operation']",就是一个纯抽卡游戏，美术还好，玩法就是几年前的老游戏,,,75.0
378321,绯色回响,38127068,2023-10-26 14:30:45,5,45929762,魏云杰,Honor X50 ,,"['operation', 'visual_music', 'gameplay']",[],"💎资源获取：

💎资源获取：

💎资源获取：

💎资源获取：

💎资源获取：

💎资源获取：

💎资源获取：
",,,
378321,绯色回响,38125875,2023-10-26 12:18:13,4,586475834,司马庙,Android 设备,,[],[],好玩，画风可爱 爱了爱了， 看着这个可可爱爱一天都好心情,,,
378321,绯色回响,38125752,2023-10-26 12:03:35,5,371627964,箫笙浪人,Moto Edge X30,28320.0,"['gameplay', 'visual_music']",[],"副游天花板之一。
首先是动画，真的看到动画的时候作为一个二刺螈真的感动得要流泪了，能在游戏里看到这么二刺螈的动画真的很难得。配音也非常的用心，可以说超越了百分之九十五以上的游戏了，作为半个剧情党真的相当的激动。
可玩性推荐:作为一个放置类游戏，懂得都懂，数值天下，但是让人明确知道该怎么做能提高战力，以及提升战力的难度，其过程是否会让人感到无趣都是我评价的标准，这款游戏在这些方面都做的让我玩起来很舒适，真的很难得。
画面音乐推荐:画面不说了，自己看，只能说otaku看了就懂。配音真的一绝，这么用心做配音真的不容易遇见。
其实我看到黑这款游戏的也挺多，但是我只能说，情况可能存在，但是二游，乃至动漫，你喜欢的别人不一定喜欢，真的自己上手看看，这游戏值得一试。",9.0,2.0,8.0
378321,绯色回响,38125725,2023-10-26 12:00:20,4,448949887,路过的假面骑士,OPPO R15中国版,,"['gameplay', 'operation', 'visual_music']",[],虽然但是，第一次有当狗托的感觉。本来40抽了，想着保底不要歪我凑个一星就好。结果建构结果还没看到就弹出这个成就徽章。😙,,4.0,1.0
378321,绯色回响,38125698,2023-10-26 11:56:55,4,586473564,美丽的谎言,Android 设备,,"['gameplay', 'visual_music']",[],"建议把所有心思都放在好好搞游戏上面，战斗机制调整下吧章节打不动卡关很难受的好吧，不过立绘确实可以
",,,
378321,绯色回响,38125606,2023-10-26 11:45:39,2,449217405,钱行,魅族20 Pro,,[],"['operation', 'visual_music', 'gameplay']",这个玩法和建模是认真的吗？,,,68.0
378321,绯色回响,38125530,2023-10-26 11:39:04,2,461432256,魅魔,Android 设备,,[],"['gameplay', 'operation', 'visual_music']","游族出品必属氪品
养成杂乱玩法枯燥
角色河蟹爆率极低",,,77.0
378321,绯色回响,38125495,2023-10-26 11:34:40,2,15363566,ZERO,Redmi K30 Ultra,,[],"['visual_music', 'gameplay', 'operation']",游族游戏太恶心了，少三，伊甸园的骄傲，那个游戏不恶心人？这游戏更是垃圾中的战斗机。玩就坐等被恶心吧！,,1.0,
378321,绯色回响,38125076,2023-10-26 10:48:43,1,32798801,神经病院院长,小米Redmi K40,,['gameplay'],"['operation', 'visual_music']","🃏抽卡体验：
★（每次都是保底50一SSR，5次一保底，不肝搞不出来，不充钱也难玩）

💎资源获取：
★（要想白嫖很难……）

☄️成长体验：
★（提升东西很少，没钱根本很难玩，）
角色
★★（一共60个，SSR<20）",,2.0,
378321,绯色回响,38124818,2023-10-26 10:19:04,3,16304440,一梦了无痕,Vivo V2158A,,"['operation', 'visual_music', 'gameplay']",[],"体力有些少，和谐能像某蓝一样能改就好了
",,,
378321,绯色回响,38124715,2023-10-26 10:05:31,1,558896335,最长15个字符,小米Xiaomi 13 Ultra,,[],"['gameplay', 'operation', 'visual_music']",玩了几天，体验下来是真不好玩，你们不会不知道你们这破游戏有啥可玩性吧，大家都冲着立绘来的，每天一上线满屏红点看的我头皮发麻，跳过还得到一定等级才能跳，到处都是坑，是真不如伊甸园。玩这游戏纯浪费时间。,,,
378321,绯色回响,38121462,2023-10-26 03:39:25,5,447737089,一曲朝歌,Android 设备,,"['gameplay', 'operation', 'visual_music']",[],值得,,,
378321,绯色回响,37888274,2023-10-02 23:49:31,2,101776061,龙之塔塔开,Android 设备,,['visual_music'],['gameplay'],"2023.10.26
评分3/10
玩不动了，卡战力了。
我不是氪佬，赶不上他们百万级别的战力。
领完福利就退游卸载，自己也没那么多的时间与精力投入在这上面了。
——————————
2023.10.23(开服后的评价)
评分：5/10
玩法：依旧和外服一样，繁琐且坐牢。
立绘：国服特色，立绘和谐，但Q版小人没和谐。
福利：比外服好，官方还送了每天十连(貌似是持续21天)，最令人难崩的是游戏邮箱内收到了充值优惠券，不充钱还没法用。小游戏的免费福利还没办法全拿，必须充值到一定金额才能解锁免费拿的福利。
其他：对于零氪玩家或者微氪玩家，如果能忍受的了国服特色和谐和游戏玩法，勉强能玩；对于氪佬，强度和xp两者皆得，并且氪的越多，人物强度也越高，简简单单就能把零氪玩家或者微氪玩家打趴下，推图进度也更快，排行榜也越靠前。
体验感方面，国服除了和谐，其他地方比外服好。官方再不出反和谐，退坑的人会更多。
——————————
2023.10.3(开服前的期待)
玩过绯红的神约东南亚服和日服的人简单评价一下，玩法很坐牢，自动战斗和一键扫荡功能需要推图到一定关卡或氪金才能开启。
就拿我玩的那个服来说，开服后几个月人很活跃，但慢慢的到最后都不活跃了，工会里每天在线的人也变成一两个了。原因是关卡多且繁琐，就算有自动战斗和一键扫荡也很坐牢。
游戏优点是立绘很涩，全是大奈奈。
于是在我抽到想要的角色之后就退游了。
期待一下国服能坐牢少点。",10.0,9.0,4.0
378321,绯色回响,38120024,2023-10-26 00:25:32,4,59345118,手机用户59345118,一加手机11 5G中国版,,"['gameplay', 'operation', 'visual_music']",[],还行吧,,,
378321,绯色回响,38119942,2023-10-25 23:58:18,5,450684385,团子,Honor Magic4,,"['gameplay', 'operation', 'visual_music']",[],"还不错

",,,
378321,绯色回响,38119748,2023-10-25 22:33:39,1,494778290,开朗的网友,OPPO A93 5G,,[],[],我卡在登录页进不去了,,,90.0
378321,绯色回响,38118329,2023-10-25 15:09:51,1,450219613,苏白羊,iQOO Neo 5,,['visual_music'],"['gameplay', 'operation']","新手引导也太长了吧！！！整整半个小时一直在引导战斗出不去，我就烦这种哪都点不了强制战斗的。
都是成熟的玩家了，这种换皮闯关氪金数值游戏还需要引导？又不是新的游戏类型，不要拿我们当弱智好吗，这剧情和战斗也是看了半天都看不懂在讲啥。
纯纯数值氪金闯关游戏，就是UI风格与众不同点，主打一个擦边二次元骗宅男。",,1.0,
378321,绯色回响,38118261,2023-10-25 15:01:45,4,68516051,千夜,Android 设备,,[],"['gameplay', 'operation', 'visual_music']",立绘不错，抽卡容易歪。零氪也能玩，主要是打单机，竞技场第一也给的东西可有可无。,1.0,1.0,1.0
378321,绯色回响,38117385,2023-10-25 13:18:16,4,500933774,魑魅魍魉饕餮鳌,Vivo IQOO Neo5S,,[],[],怎么回事？,,,1.0
378321,绯色回响,38116892,2023-10-25 12:18:03,1,435237335,柠檬好酸,Realme GT Explorer Master Edition,,[],"['gameplay', 'operation', 'visual_music']","一:角色形象还算OK，可以养老婆
二:角色培养所需要金币消耗巨大，每天收入极少，都不够点三下，差评
三:商店兑换奖励过于垃圾，完全没任何提升
四:每日十连没有保底，本人玩八天没见过一张SSR，运气好可能会出
五:每日奖励只给体力跟少量钻石，钻石获取难度巨大，基本没法保证攒抽数去抽up池
六:up池犹如摆设，大概率会歪两到三次才会给你出保底up
七:活动奖励资源比较少，活动商店不够看
八:推关困难，基本不氪金想到50关拿到第三个SSR，比较困难，
总结不氪金的话适合摆烂养老婆，随缘摆烂。",5.0,17.0,1.0
378321,绯色回响,38116671,2023-10-25 11:52:33,5,564700043,原地旋转360度迎娶一斗,iPad (6th generation),,[],[],玩了两天，爆率好高😍,,,1.0
378321,绯色回响,38115606,2023-10-25 09:29:43,1,6083935,一番の宝物,OPPO Find N3 Flip,,[],"['gameplay', 'operation', 'visual_music']",玩不下去了。。。哥们第三关用初始角色还卡关了一次，不知道你们内部测试游戏的时候怎么测试的。,,,
378321,绯色回响,38115443,2023-10-25 09:11:18,2,537211142,♕亼皃☀,OPPO PEMM20,,[],[],为什么taptap上的兑换码用不了，很无语。,,,73.0
378321,绯色回响,38115387,2023-10-25 09:05:12,1,41623806,大俊,红米 K40S,,[],"['visual_music', 'gameplay', 'operation']","我见过最离谱的福利调整
开服第一天可以刷初始 现在为了防止刷初始 游客登录一个手机只能一个游客号锁定手机 最尼玛离谱他们家的礼包码只能用在一个区也就是这个号这辈子只有一个区能用礼包码  好好好 这么玩是吧

有人问不刷初始号就玩不了吗 我只能说他家池子太容易歪了 不容易歪我也不至于刷",,,
378321,绯色回响,38115256,2023-10-25 08:47:58,2,122317682,喆哥,Vivo V2136A,,['visual_music'],"['gameplay', 'operation']","就是普通的换皮手游，没新意，比《少女前线》和《重返未来》差多了，就是角色立绘好看点，漏的多肉多而已。
首十连给个琪琪，之后十次自选十连，也就夜莺可以，其他全是弱鸡（不是我说的，我新人只能看攻略，T2以下默认弱鸡）。还要通了第七关才给，大哥，你给个双黄或者奥黛丽，我也有玩下去的动力啊，这不妥妥的劝退么？卸载了。",,,
378321,绯色回响,38115162,2023-10-25 08:36:43,1,559248953,keyyal,Honor X20 SE,,[],[],"怎么说呢，恶心人，说的每天十连，结果这个十连自己一个池子，纯沙币
开始说通关3开启十连自选，抽完发现你可以抽但是不能领，必须打完第七章才行，后面到25章，这不纯沙币
一章比一章关卡多，每一章给的少的一批，而且最恶心的是它每到最后一关都突然特别难，就是不让你拿满星奖励
养成也是沙币，角色等级不能超过人物等级，而且等级不够还不能打关，这就意味着你想打过一关不仅要等级够，还得熬上好几天，纯沙币
本来就是一个挂机抽卡养成游戏，你挂机打不过，养成恶心人，抽卡玩文字游戏，分低是有原因的


",,,
378321,绯色回响,38114361,2023-10-25 07:00:36,4,580170869,提安格欧-伊提奥,小米5S,,[],[],奥黛丽！！三十抽就到手了，终于让我玩了一个欧号,,,
378321,绯色回响,38114293,2023-10-25 06:53:16,2,24812028,本堂町真男人,Honor V40 Lite,120.0,[],"['gameplay', 'operation', 'visual_music']","玩了两天，我只能明确的说不好玩。
充了12元，买的安诗雨及皮肤。血亏。
部分游戏立绘好看，但是也有很多不好看。比如图二这个立绘，脚很怪。
战斗部分我不关角色语音都玩不下去，次次胜利结算部分都是同一个人同一句话。可能听一次可以，听多了真恶心人，ssr配不出第二句话吗？
福利部分也不行，送的每日十连单独一个卡池，自选角色池还和主线绑定。
然后游戏内最让人感到无语的部分是治疗。毫无意义，这三个点的位置什么意思大家都懂。23年了还以为这种操作可以吸引玩家。
同类型游戏很多（比如双生幻想、三国志幻想大陆，没必要玩这个）别的游戏倍速都是小助手，这个战斗十倍速还要买。
总结：立绘不是顶配，音乐一般，画面一般，噱头最大的福利也不行，玩法是完全不新鲜。优势立不起来，劣势一大堆。（外服我没有搜过，也没有玩过，本评论单独讲这个游戏）
补充：新手都快三章了，真的很无聊",,2.0,
378321,绯色回响,38082953,2023-10-21 16:12:23,1,110553409,橘味汽水,Realme GT Neo2 5G,26340.0,['visual_music'],"['gameplay', 'operation']",只有立绘还行，就是能不能把跳过都开了，玩的感觉和玩页游差不多。多久了还不开自动扫荡？,,,
378321,绯色回响,38112863,2023-10-25 03:49:27,2,41721071,清云弄影,Android 设备,,['visual_music'],"['gameplay', 'operation']","文艺复兴了？这不就是战力页游吗？立绘是不错，但是还是十年前Q版小人战斗的老套路。
付费也是，所有付费都有回报的，战力全靠氪。推销礼包是真多。",,,
378321,绯色回响,38112717,2023-10-25 03:31:24,1,38468678,xc,Nubia NX709J,,['visual_music'],"['gameplay', 'operation']","🃏抽卡体验：
两百抽古物血本无归，已卸载
一星给皮肤原画
说白了就是挂着二游皮的一刀999😅",1.0,2.0,
378321,绯色回响,38112647,2023-10-25 03:25:52,1,586118140,该用户已注销,Huawei Nova 11,10860.0,[],"['gameplay', 'operation', 'visual_music']",明显逼氪，不冲钱领不了下阶段奖励就离谱，你直接把那个任务改成礼包我也不说什么我穷逼就不看了。好家伙前面给点诱饵后面直接冲 18 才能领了还冲一次下阶段你又免费了牛逼！,,1.0,
378321,绯色回响,38112479,2023-10-25 03:08:22,5,103760236,Air小哲丶,小米13,,"['gameplay', 'operation', 'visual_music']",[],好玩，好看！很二次元！,,,1.0
378321,绯色回响,38111945,2023-10-25 02:09:45,5,416709827,User416709827,Honor 80 Pro,,[],[],真好玩，定轨直接满了😂😂😂,,1.0,1.0
378321,绯色回响,38111407,2023-10-25 00:41:30,3,438837890,山有扶苏,Redmi K60 Pro,,[],[],剧情放的太快，后面剧情没配音，国服和谐严重，萌新别碰up池，也没看到保底，普通池ssr百分之五，up池百分之三，砸了七十抽进去两个ssr没一个up，太坑了,,2.0,
378321,绯色回响,38091843,2023-10-22 13:04:20,1,6193292,餘闡著-鬼卒V4KNA,三星Galaxy S20 FE 5G,,"['visual_music', 'gameplay']",['operation'],自选出的来回就那几个，而且第三个要到50章才能开，得打多久啊（还说有5次，新公告也没看见多少章能开）还上线3650抽，笑死咯,,2.0,
378321,绯色回响,38110628,2023-10-24 18:02:44,1,7819043,手机用户7819043,Android 设备,,['visual_music'],"['gameplay', 'operation']","真的很垃圾，不断的氪金，还拉长游戏时间让你干一些没有意义的任务

💎资源获取：
垃圾

☄️成长体验：
充钱一天比你不充钱一年有用",,,
378321,绯色回响,38110393,2023-10-24 17:07:29,1,44351382,余兴, iQOO Neo7 SE,,[],"['gameplay', 'operation', 'visual_music']",没有一点可玩性，相当于精致点的页游，纯纯骗氪行为，教程长的要命，抽卡300保底，赠送的要过10，20，50别的就不知道了，就是让你打，,,1.0,
378321,绯色回响,38109672,2023-10-24 15:19:55,3,582908206,飞扬的季节,iPhone 14 Pro,,[],[],这就不能开个自动推图之类的东西吗？打的累死了…,,1.0,
378321,绯色回响,38109155,2023-10-24 14:21:30,2,82625025,欧皇小子,小米 Redmi Note 9 5G,,[],[],没什么强的机制，数值游戏，而且数值并不清晰，数值大的用概率削，玩法僵硬几乎是很早以前的玩法了记忆了有一个叫放开那三国的差不了多少，机制还比这个多，回合制游戏机制很重要，这游戏机制很差，体验不怎么好，策划应该不玩游戏的，除了立绘能打以外，一无是处,,,
378321,绯色回响,38109128,2023-10-24 14:18:36,1,14552594,MikuMiku～,Redmi K50 电竞版,91440.0,['visual_music'],"['gameplay', 'operation']",氪金滚服游戏，福利一般氪佬把平民按在地上摩擦我付费了，但是付费体验极差，月卡党什么的不存在，和没氪一样，要么不氪要么大氪，一个角色抽满要十多张，重复角色提升极大，氪佬可以玩，月卡党和白嫖党不推荐,,,
378321,绯色回响,38109077,2023-10-24 14:12:21,3,51167777,桉瑾,OPPO Find X,,['visual_music'],['gameplay'],感觉和明日方舟有点像，爆率挺高的,,,
378321,绯色回响,38108055,2023-10-24 12:10:13,1,21178004,萧宇,Android 设备,120480.0,[],"['visual_music', 'gameplay', 'operation']","玩完了，八天做个总结。
游戏剧情，没看（估计也没几个人看）
游戏玩法，枯燥,无聊难受的很，每次推图都像有蚂蚁在爬，黑渊其他的都一样，难受。
游戏画风，一个靠立绘的游戏直接没法看，游戏立绘大削，国服是这样的。
游戏运营，福利拉跨，非常逼氪，不然没法玩，氪金大佬的游戏，氪金了也不一定玩的下去，本人大保底3－4次了，体验拉跨，氪金两三千直接拉跨，一区前50吊车尾。
总之就是希望你们看到评论赶紧避雷。😑
",,8.0,
378321,绯色回响,38105168,2023-10-24 06:09:53,2,83405827,那又怎样,Redmi Note 10 Pro,,[],[],肝，扣，氪，歪，坑，任务战斗多到看不完,,6.0,66.0
378321,绯色回响,38097240,2023-10-23 06:45:34,2,457984497,白净的符号,Android 设备,36540.0,[],[],"只要有氪金专属，那不管福利好不好都是垃圾。
爆率有问题啊，我玩到现在的游戏，这是爆率最低的，不是文案上，是实际抽卡体验，感觉有暗改",,,
378321,绯色回响,38107764,2023-10-24 11:31:29,3,19935588,LNW!,Vivo V2048A,,['visual_music'],"['gameplay', 'operation']",游族的你还想白嫖😂除了少三其他不得氪死,,,
378321,绯色回响,38107757,2023-10-24 11:30:34,5,30185624,十之,Vivo IQOO 10,,"['operation', 'visual_music']",['gameplay'],丝袜美女不够多😔,,,
378321,绯色回响,38107566,2023-10-24 11:06:37,1,460471527,勾栏听曲许七安,Vivo S15 Pro,,[],"['visual_music', 'gameplay', 'operation']",说一下，玩了快一周了，游戏可玩性一点没有，打这回合制，一个技能自己都放不了，在回合制里都是最拉的，立绘问题，本来就是冲着立绘玩的，结果还被和谐，这种和谐好像还是永久和谐，被焊死了，日服也玩了，立绘没问题，就是没有任何新手福利，完全过不了，也就没钻抽不了卡，国服福利一般，还有就是谁教你过十章才给福利的，没有新手福利估计有人都打不过吧，后面送的十连就更离谱，一直卡关拿不到，到处都是充钱，没有钱，PVP就别想了，奖励拿不到，一输就提示你该充钱了，抽奖更是大聪明，谁教你的要四次才给限定，非的要250抽，你真是250，还有好多想遭罪的自己体验，别充钱，越充钱运气越差，你还不懂吗50出金，最好一个月关服，吃像难看😁😁😁,,,
378321,绯色回响,38107228,2023-10-24 10:23:38,3,41785016,，渡鸦,Vivo IQOO Z7,1800.0,['visual_music'],"['gameplay', 'operation']",除了立绘好看点，其他没什么优点了,,1.0,
378321,绯色回响,38107038,2023-10-24 09:56:00,4,579914023,倒计时开始,Vivo V2166A,,[],[],这个游戏的话，画风很好抽卡的话，也不用肝什么东西？但是就是每日十连的话，他是不能叠加的就是当天的十连抽就要当天抽完。战利的话也还好，因为有免费送的英雄TO排行榜总之来说评价非常不错,,,1.0
378321,绯色回响,38106689,2023-10-24 09:11:34,5,586171903,考虑太多,Web 官网,,"['gameplay', 'operation', 'visual_music']",[],"🎮可玩性：
这游戏最大的优点就是“大”，真的很大。除了这一点外就是爽快的抽卡体验了，至于玩法，我就是来看老婆的，玩什么不重要",1.0,,
378321,绯色回响,37843972,2023-09-29 12:04:38,3,23425099,子墨,iQOO 9,,[],[],"外服，50级增加了一键扫荡。最新情报分析
———————————————————
国服VS外服
国服优点:
1、氪金降价，降价约30%
2、国服角色强度提升,外服SR七星强度=2星SSR角色
3、有结婚系统，结婚后提升全面属性。(誓约系统)
4、玩家多，服务器多，可以卷。
5、有外服千里眼攻略
6、国服有高帧数模式，已经向运营确认；
7、双UP卡池，全改成单UP卡池，提高出货概率，150钻石抽一次。(外服200钻石，抽一次)
8、养成难度降低，玩法功能，开放等级降低。
9、首充奖励丰富，强烈推荐。
国服缺点:
1、氪金力度大，几百上千基本打水漂。(建议长期月卡得了)
2、二次元版传奇，0氪的噩梦，玩法多多而繁琐，不出货立马跳充值框，氪金礼包多到爆炸。
3、国服常规和谐，角色加衣服。(运营反馈，会做反和谐)
——绯色回响国服交流群:585121758——
———————————————————
已经预约超300w人，黑丝SSR角色免费送。
阴兵借道，我们人很多。
———————————————————
游族出品，必属精品",54.0,349.0,54.0
378321,绯色回响,38106438,2023-10-24 08:40:26,4,586166142,只有我了,Web 官网,,[],[],这立绘看着确实赏心悦目，不过LIVE2D这么动，有点羞耻啊,,,1.0
378321,绯色回响,38106042,2023-10-24 07:50:59,1,449719495,小鹿茶,荣耀 60 5G,,[],"['gameplay', 'operation', 'visual_music']",就非得整那大招动画，看的我都快睡着了，玩了五六分钟了还在强制新手教程,,,49.0
378321,绯色回响,38105848,2023-10-24 07:29:15,1,125683413,卖切糕的新疆,OPPO PEGM10,,[],"['gameplay', 'operation', 'visual_music']",肝，抠，氪,,1.0,86.0
378321,绯色回响,38105754,2023-10-24 07:17:26,1,459235798,William,Realme X50 Pro,,[],"['operation', 'visual_music', 'gameplay']",玩过国际服一小段时间，抽卡概率是我玩过的游戏最低！教程又臭又长，刷个初始刷到手机烫去都还在教程！好不容易过几章吧，给个初选挂着你，过章再给，但是不氪就卡关，呵呵，你看着办，我没让你氪哦🙄，日常都要靠手打，不愿给一键，各种恶心～～～国服开了下载了原本希望能有所改变，谁知道吃相比国际服还难看，氪佬和时间自由的可以选择，想休闲放松的建议别玩，比上班还累！,,1.0,
378321,绯色回响,38105600,2023-10-24 06:59:21,1,583386022,哈哈哈,Redmi K60,,[],"['gameplay', 'operation', 'visual_music']",不好玩,,,88.0
378321,绯色回响,38105462,2023-10-24 06:42:25,4,579414074,小青梅,Vivo X20Plus,,[],[],纯看战力的游戏，游戏的互动和策略性太低,,,
378321,绯色回响,38105240,2023-10-24 06:18:13,5,586158146,龙女仆,Web 官网,,"['gameplay', 'operation', 'visual_music']",[],"💎资源获取：
送的百次抽卡真的很爽，虽然只能选一次十连领取，不过抽卡的过程是真的爽。期待国服后续的表现吧，什么时候能加点新的卡池",2.0,,
378321,绯色回响,38105224,2023-10-24 06:16:29,4,73104069,一只海豹,Android 设备,,['operation'],[],"性价比和外服相比便宜了不少
在活动和玩法方面可以看出运营和策划在国服方面投入了很多心思
在性能方面新增了国服特供的60帧（外服低帧率有点难受）
总体入坑游玩体验和外服当时相比好很多吧（虽然不定时弹的各种礼包也是槽点之一）
立绘方面国服阉割也就不多评价了 （不知道啥时候有FHX）
微氪档慢慢来可以尝试体验一下吧
再晒一下每日单抽一发出的轮子


",,,
378321,绯色回响,38105049,2023-10-24 05:55:46,5,586156553,JSON,Web 官网,,"['gameplay', 'operation', 'visual_music']",[],"🎮可玩性：
0氪玩家，目前为止买了两次体力，这两天玩下来感觉体验还是不错的，没有明显的卡关，打不过就去培养，就可以继续推图了，后续体验了再说",,,1.0
378321,绯色回响,38104820,2023-10-24 05:23:16,1,118051353,蜉蝣,小米Redmi K40,,['visual_music'],"['gameplay', 'operation']","每日任务太多了
全是氪金礼包
排行榜全是托
最坑的就是送的200抽要肝到第20章才给，还是只能选2次抽奖奖励
再说一遍*每日任务太多了！每日副本，每日深渊（深渊是每日自动重置的，还不能一键）纯纯消耗时间
如果你想肝角色的资源，那么你其他游戏就没时间玩了",,5.0,
378321,绯色回响,38104123,2023-10-24 04:02:05,3,341335692,豆腐渣,华为Nova 2s,,[],[],这个游戏，音乐怎么和战双帕弥什音乐那么像，是一家公司嘛？,,,
378321,绯色回响,38104113,2023-10-24 04:00:56,5,48293466,轩,iQOO 8 Pro,,"['gameplay', 'visual_music']",['operation'],玩还是很好玩的，黑丝肉丝白丝，养女儿一样,,,
378321,绯色回响,38104006,2023-10-24 03:49:23,1,54464356,海屿,Android 设备,,['visual_music'],"['gameplay', 'operation']","💎资源获取：
金币经验什么的完全不用担心，但是体力你是真抠啊，恢复慢的要死给的体力还少，别的游戏升一级给满，你是给几十体，真的6，钻石什么的都是一次性，过完关就没有了

☄️成长体验：
会继承养成完全不用担心，但是突破要体力，体力给的少懂得都懂

🃏抽卡体验：
一般，抽三次才能保底，不过一次才五十抽，其实也差不多，能在接受范围内

🎮可玩性：
一般，放置版传奇",,1.0,
378321,绯色回响,38081488,2023-10-21 13:44:09,1,331385540,lonely,OPPO Reno7中国版,32580.0,['gameplay'],[],其他还好，就是这个100抽你要送就送啊不送就别弄出来啊，还**要打剧情才给，打前面的剧情我能理解，但是第30抽要打到50章才给你这不是玩我们吗？这要玩到什么时候才能看见你们所说的100抽？真**会搞,,2.0,
378321,绯色回响,38102879,2023-10-24 01:11:35,1,35007336,昵称,小米Redmi K40,,[],"['gameplay', 'operation', 'visual_music']",当我看到一款氪金皮肤能提升角色10%的全属性值的时候，我就知道可以卸载了😅,,10.0,49.0
378321,绯色回响,38102557,2023-10-23 23:30:00,1,4594374,古佛,小米Mi 11 Pro,26400.0,[],"['gameplay', 'operation', 'visual_music']","很难在tap上看到评价这么低的二游了
不要尝试挑战大家的建议

💎资源获取：
难受

☄️成长体验：
难受

🃏抽卡体验：
非常难受",,3.0,
378321,绯色回响,38102363,2023-10-23 21:13:16,1,124722451,User124722451,Redmi K50 Ultra,,['visual_music'],"['gameplay', 'operation']","入坑一个星期，氪金三千的来评价一下。
  氪金程度:★★★★☆
就这么说吧国产游戏该有的坏毛病这游戏全有了，一进来就要充基金（有三种基金）98元一个、战令、协议、大小月卡、每日18的小每日礼包，还有30起步的大每日礼包，商场还有各种每周礼包，等级礼包，福利礼包、活动礼包，该有的礼包是一个不落，其实这些玩习惯了卡牌游戏的也都习惯了这些礼包，但这游戏礼包的门槛就没打算让人平民氪，大部分礼包都要198.328.648，30元6元68元也就没打算让你氪，要氪就氪大的，普通玩家想要体验稍微好点就得氪一千起。
  up抽卡率:★☆☆☆☆
这个抽卡率真是我玩过最坑的，50抽小保底，250抽大保底，一旦歪了就得重置，又要重新开始计算小保底，抽满一个up要12个本体，而且up卡保值率非常低，出了下一个up你之前抽的就要淘汰。
  活动玩法:★★☆☆☆
这个其实没啥好说的，就是常规的卡牌玩法，世界小boss，组队boss，工会boss，爬塔，种族塔，解锁类副本，每日资源副本，排位竞技，工会副本，基本每个卡牌游戏都具备这些玩法就是换个皮的玩法，每天上线10分钟收完菜就下线，才开服第二天就进入养老模式。
  福利:☆☆☆☆☆
这个我为啥要放到最后是，因为这是我最想吐槽的，我都想给这玩意负分，每天上限你不氪礼包等于没有资源，每天副本给的资源少的可怜，推本就给点砖石，推五个本才够你一次10连，而且推本不送抽卡卷，很多人吐槽那个自选其实对于自选我都觉得能忍的了，这个资源获取才让人无奈，推五个本可以解锁一次回溯（相当于别的卡牌的精英本），你这个时候觉得来资源了吧，不好意思就两个抽卡卷，你可能想着那行，那我屯资源，不好意思你不氪金你每天通过日常玩法和日常任务只能获取一百多砖石，所有的日常玩法通通基本不产出砖石与抽卡卷，只有后面的一个类似于探索的副本可以给你点抽卡卷，而且副本卡关严重，很多白嫖首充档表示根本刷不过关卡
  说了这么多真的对这游戏蛮失望，外服最起码这游戏还卖点肉，到国服连卖肉都被和谐了，剩下的就只有骗人傻钱多的玩家充钱的氪金玩法了。就这不保值的up池，你只能一波一波的被割韭菜",,8.0,
378321,绯色回响,38102222,2023-10-23 18:59:50,1,457071489,肤凉情薄的噬人之蛇,Android 设备,,[],"['visual_music', 'gameplay', 'operation']",抽个奥黛丽，抽了150次，三次保底，歪三次，玩不了一点，这概率我真不敢恭维,,3.0,48.0
378321,绯色回响,38101433,2023-10-23 15:47:50,5,381436655,。,RealmeGT Neo5 240W,,"['gameplay', 'operation', 'visual_music']",[],好玩爱玩，游戏立绘好看，游戏发育迅速，16+有含金量的😋,,,1.0
378321,绯色回响,38101252,2023-10-23 15:22:53,1,19671549,手机用户19671549,HONOR PGT-AN20,,[],[],"水军是真多，这游戏就是披着二次元卡牌的皮一刀9999的垃圾页游，纯堆战力的游戏，市面上你能见过的氪金方式花式礼包它都有，囊括二游所有养成系统的大缝合怪，而且全部是抽碎片，重复一遍抽碎片，武器，装备，神器，圣物，专武，全是抽碎片合成，养成一个角色你要弄数十种方式，这尼玛比美军装备还齐全，割韭菜方式比腾讯还狠，猪场鹅厂和它一比都是良心企业，不氪金你就是寸步难行，关键氪金之后战力提升巨大，微氪都不行，一个角色满突破要重复抽到12次，史无前例，冠绝古今。
这游戏在外服主要靠比妮姬还大尺度只是不露点和黄游一样的立绘勉强活着，国服肯定和谐，但开服找一群托在B站等平台发了一堆视频说有反和谐，拉了好几个千人大群，骗LSP入坑比如我，氪了小一千，过两天又辟谣说没有，玛德被骗。
劝新人赶紧跑，活着玩千万别氪金。",,10.0,1.0
378321,绯色回响,38101248,2023-10-23 15:22:03,4,586116728,数星星,Web 官网,,"['gameplay', 'operation', 'visual_music']",[],"🔖运营服务：
第三章战斗可跳过，人性化设计，关卡上面不会浪费太多时间，不过目前pvp的玩法感觉比较少，希望后面可以增加一些",,,
378321,绯色回响,38101198,2023-10-23 15:15:44,1,531219249,门没开过,Android 设备,,[],"['gameplay', 'operation', 'visual_music']","💎资源获取：
玩了六天，体验有点差，而且前期引导副本不能跳过，前期副本好打的一批，钻石来源少，就前期攒的多，副本过了30章就开始难度飙升，而且自选十连卡的限制挺高，第二个得五十章，你隔这恶心人呢，零氪一个月打的过去吗。等级升的快，装备给的数值低，金币给的太少了强化都不够的，钻石途径单一绝境行动我就不说了，人氪了上千的，都不能做到同等级打过这玩意。

🃏抽卡体验：
几乎是保底，歪的几率挺大的，还有专武得抽一个满星人物加满星专武没有几千块拿不下来。

🎮可玩性：
就很平常的回合制一样的，不过很难受前期，副本啥都打不过，要熬很久的",,1.0,
378321,绯色回响,38101061,2023-10-23 14:58:28,3,413726893,洋答嗒,OPPO A96 5G,,"['operation', 'visual_music']",['gameplay'],开服福利还可以，能抽个爽，但是得嘎嘎升级...主要还是玩起来没啥意思，没坚持过第三天就卸载了，可能这类型的游戏还是不太适合我吧,,,
378321,绯色回响,38100355,2023-10-23 13:37:54,1,5205130,指定有你好果汁,Hi nova 9,780.0,[],[],垃圾游戏。除了立绘什么都不是，唯一的亮点还被河蟹了。我的评价是趁早卸载，不如玩黄油呢,,,
378321,绯色回响,38099492,2023-10-23 11:50:15,1,24864576,普吉,Honor Play 5,,[],"['gameplay', 'operation', 'visual_music']",第一次见游戏开服送那么少东西的，ssr自选还是得打副本,,,74.0
378321,绯色回响,38099241,2023-10-23 11:15:35,1,42298758,嘟嘟可在哪里,Vivo Y77,,[],"['gameplay', 'operation', 'visual_music']","立绘和谐还有什么玩头，辅助，公会扫荡一波，腹部扫荡一波，经竞技场挑战一波，深渊扫荡一波，金碧扫地一波，角色养成一波，一级以及养，不像原神10级，20级养，累
亲密度搞一波，比星神少女复杂多了，一套下来同等时间可以每天任务甘完原神，星铁，57，1999",,,
378321,绯色回响,38097178,2023-10-23 06:34:37,5,112561230,伊,Realme真我Q3 Pro 5G,,"['gameplay', 'operation', 'visual_music']",[],好不错，就是画面需要改进一下,,1.0,1.0
378321,绯色回响,38096897,2023-10-23 05:59:17,1,3447135,之乎者ゃ,Honor Magic4 Pro,142260.0,['visual_music'],"['gameplay', 'operation']",纯纯辣鸡游戏，不氪金毫无游戏体验，跟氪金玩家差距巨大，前中期就主打PVP了，玩一周你才几十万战力，人家氪金玩家几百万，各种活动领低保，up池250抽保底，来来来，傻子们快来玩呀😂,,1.0,
378321,绯色回响,38096602,2023-10-23 05:17:34,1,22507550,羽羽羽羽羽,一加手机11 5G中国版,5340.0,[],"['gameplay', 'operation', 'visual_music']","又抠门又抽象又萨比，给我干无语了都，不请水军你连5.0的评分都不一定有，我就没见过这么撒比的游戏，萨比地方太多都不知道从哪说起了
啊对，你是我见过第一个游戏开服连3天都没过就私服满天飞的，真牛逼",,,
378321,绯色回响,38095957,2023-10-23 03:54:09,2,13696249,手机用户13696249,华为P30 Pro,,[],"['gameplay', 'operation', 'visual_music']","一星给立绘，目前1300左右停氪状态
1，第一次遇到无法搬空的活动商城，换个皮肤感觉就没什么可以换了，属实是扣
2，体力问题，一个体力药25点，副本5点一次，增幅需要四种材料，4阶1开始每种需要9个，4阶4需要29，你要养6个，这是我最恶心的。
3，要做的重复东西太多，还有跨服PVP，看到这玩意就更不想氪金了。
4，立绘和谐，虽然我给了一星，但是和谐问题依旧不能接受，目前没有反和谐途径，唯一的优点GG
5，养成繁琐，养成项目多，就突出一个字充。
总结要么重氪要么陪伴，这次活动我以后是不打算充值了，主打一个陪伴",1.0,2.0,
378321,绯色回响,38095591,2023-10-23 03:12:31,2,15459765,哔哔哔哔,华为荣耀 30 5G,,['visual_music'],"['gameplay', 'operation']",开服福利少，小氪等于没氪，抽卡不是保底就是歪，投了一百多进去相当于捐了吧，新人注意避坑。,1.0,2.0,
378321,绯色回响,38095239,2023-10-23 02:22:07,4,425038841,清风,Android 设备,,['gameplay'],[],"32级都能养老了，一个完整的队伍就出来了
",,,
378321,绯色回响,38095123,2023-10-23 02:00:17,1,352474095,User352474095,小米Redmi K40,,[],"['gameplay', 'operation', 'visual_music']","

🃏抽卡体验：几率低，还会抽外
",,,59.0
378321,绯色回响,38094738,2023-10-23 00:41:42,3,2583610,呆瑟的小鲨鱼,Android 设备,,['visual_music'],"['gameplay', 'operation']",我只能说，还是打不过老大哥爱琳诗篇，不开玩笑。,,,
378321,绯色回响,38046815,2023-10-18 10:05:51,2,3014763,几果,Redmi Note 11T Pro,50760.0,"['operation', 'visual_music']",['gameplay'],"游戏还行吧，有跳过，然后资源本扫荡。给你4星，主要是你对手太拉垮，你看18号19号那些二次元游戏一个比一个垃圾。
玩到第7天，等级提升，开放了很多内容，非常遗憾，很多内容都是无法战斗跳过的。导致我玩游戏时间大大增加，他并不适合当一个副游。过了七天之后，每日收益，大幅降低，只能保证体力购买，攒了好几天一个10连没有。战力卡关副本推不过，只能每天机械的重复日常，但是这些日常有些是无法跳过。推荐学学最强蜗牛，种草期很多日常就是可以一键完成，这样子玩下去才有乐趣，才不会厌倦。",1.0,11.0,1.0
378321,绯色回响,38094021,2023-10-22 18:16:26,2,25896312,白の狼,Vivo V2121A,,[],"['gameplay', 'operation', 'visual_music']",很简单。这个游戏做出来就是一坨狗屎，只有立绘够色才会亮眼，现在立绘也和谐完了，甚至把后门焊死没有反和谐，那更确定这就是个狗屎。,,1.0,
378321,绯色回响,38093982,2023-10-22 18:05:40,3,2990027,黑棺coffi,小米Mi9 Pro 5G,,[],[],凌晨12点多wifi下载好后就流量玩2个小时用了2.9个g，这。。。正常吗，还是里面还自动更新了别的数据内容,,,
378321,绯色回响,38054637,2023-10-19 04:57:34,1,6008615,诺克,OnePlus Ace 2,,[],"['gameplay', 'operation', 'visual_music']","奖励太少，获取难度大，氪金极其严重，家里没矿趁早退吧🙌
nb开始买好评了
刷再多好评也掩盖不了坑人游戏",,8.0,
378321,绯色回响,38093901,2023-10-22 17:35:33,2,2957447,童年、终将被淡忘,小米Mi 11 Pro,,['visual_music'],"['gameplay', 'operation']","行界2.0
玩法都一样很难想象的到这是2023年出的游戏",,,72.0
378321,绯色回响,38093474,2023-10-22 16:17:52,2,33159179,快快乐乐玩,Android 设备,17820.0,['visual_music'],"['gameplay', 'operation']",玩着游戏真累，啥都不能跳过，每天都是不停的点点点，卸载了,,,70.0
378321,绯色回响,38093244,2023-10-22 15:44:22,2,448114235,eee,Huawei MatePad Pro 12.6,,['visual_music'],"['operation', 'gameplay']","哈哈一个碎片500，要30个碎片才合成一个，一套要合成4个，也就是要60000个才能合成一套，不氪金你就慢慢肝吧，我不配玩，拜拜

🃏抽卡体验：
每次保底

💎资源获取：
不氪金就肝死，25章就卡关",,18.0,2.0
378321,绯色回响,38092964,2023-10-22 15:08:34,1,568526535,scwu,Android 设备,,['visual_music'],"['operation', 'gameplay']","💎资源获取:原定要第60章能领的自选十连改到第50章能领了。
☄️成长体验：这就是个挂机比数值的游戏，而且关卡无限多boss也是，基本没操作，养成占一部分，大部分靠图鉴，家具，皮肤，好感度道具都加数值。有公会对战建立公会要花钱一个区也没多少公会，还有竞技场前排我这区都一个公会的。
🌃画面音乐：人物都是2D纸片人，立绘还行不过国服很和谐。音乐没留意，基本是挂机干别事。
至于氪金像是打推销电话的各种套路，打几关就会推荐各种各样的礼包每天都有，开服福利都送充值优惠券。这游戏氪金就像单机游戏开了修改器，光开图鉴数值就能翻倍。氪金就可以提升战力和AI比数值boss每打一次就加1级至于有多少级不清楚。
第一次遇到开服第一个活动就那么扣的游戏，连活动兑换币都要花钱买，不花钱就只能换一点。活动boss多打一次多给5币，普通关卡每次概率获得1个币。400币换5个装备碎片，一件装备要75碎片要6000币，一个角色要戴6件装备。
开服才几天好友就跑了一半，有个刷装备碎片的每天免费3次概率获得，还必须要两人挂机都没人配队要等很久……这游戏一大堆关卡模式可以花钱加次数，不过就是奖励太少有些都懒得刷。
其他还好就是感觉没啥人……",20.0,96.0,30.0
378321,绯色回响,38092817,2023-10-22 14:54:37,3,427301990,浅浅,U-Magic 30e,,['visual_music'],"['operation', 'gameplay']","·入坑6天玩家简洁评价一下
·可玩性：
刚开始玩的时候还感觉挺好玩的，有很多可以去探索的东西，过了几天可能就会感觉有点无聊不知道干什么了，提升效能的方法就说了几个，其他的还得去慢慢探索
主线到了20章就已经感觉有难度了，后面的难关有的要卡好几天
游戏剧情蛮多，我个人是不看剧情的，跳过也要点半天，和我一样不喜欢看剧情的不是很建议入
·画面音乐：
画面这方面是无可置疑的，每一个角色都做的很好看，画面和特效也挺不错的
游戏里角色的配音很好听，我个人是比较喜欢的
·氪不氪金：
第一 二天送了很多东西，体验感很好，但是后面就慢慢的没有什么东西了，天天都要自己过主线获得钻石，得到的钻石也就几十个几十个的
后面的主线真的越来越难，不氪几乎打不动。给角色升星每次都要抽到大保底，真的很容易歪，这就导致了升效能慢，不充钱感觉打不下去
每天都有很多活动要搞，主线也得过，角色还要升阶，行动点根本不够用，反正就也是要充钱才能有
·一点小建议：
倍速可以再搞大一点，后面效能到几十万了，一局打得就好慢，还有的局不能跳过，真的心态很崩
·总的来说，这款游戏可以简单玩玩，一直玩就会感觉很没意思
‼️只玩了6天，对游戏做了个人评价，仅个人观点，想入的还可以看看其他玩家的评价🌹",27.0,100.0,28.0
378321,绯色回响,38092776,2023-10-22 14:50:30,4,420230291,User420230291,iQOO Neo5 SE,,"['gameplay', 'operation', 'visual_music']",[],真的就没没话讲了你们爱玩二次元，但又不喜欢玩这种战力养成，第三章送的100抽到第十章才能领我寻思你们打起来有这么费力吗？还是说玩不明白啊为什么我零氪也能正常玩啊说白了就是捧别的游戏踩这个，也不是说非要你们氪啊兑换码送40抽前期再肝一下搞几只ssr不也能正常推吗？你推不动就养战力啊不至于难死你们吧😄,,,1.0
378321,绯色回响,38092638,2023-10-22 14:35:02,1,362203827,User362203827,Vivo V2024A,,['visual_music'],"['gameplay', 'operation']",通过第三章才给你自选十连抽（可以从十次十连中自选一次作为结果），然而通过第七章才可以领取这个结果，我只能说你们是懂运营的，属实是小刀揦屁股——开了眼了！,,,
378321,绯色回响,38092230,2023-10-22 13:47:19,1,25101541,冷冰煜,Vivo IQOO Neo3,,[],"['gameplay', 'operation', 'visual_music']",获取福利还要区推图也是人才游戏啊😅,,,60.0
378321,绯色回响,38039248,2023-10-17 15:26:40,2,10650882,怆遂,三星Galaxy S22 Ultra,,['visual_music'],[],"唯一值得玩的就是立绘，但是国服是绿色版的 原因大家都知道
关于抽卡资源 只谈零氪 每日十连的卡池是特殊池子能抽角色和其他都行 但是角色都是精心挑选过的
这次夏日活动 活动的兑换币已经过了几天了产出少的可怜 感觉只能皮肤或者资源材料二选一
再说说长期游玩吧目前并没有开放能稳定获取比较可观砖石的途径 让人感觉不充钱就玩不下去
再说说充钱，感觉绯色回响的氪金礼包都比较诱人 几十块就送几十抽的 我感觉大部分资源都被放在了氪金礼包里，也就是说想玩的下去就必须打开你的钱包",,4.0,4.0
378321,绯色回响,38091885,2023-10-22 13:08:17,3,12829861,人间の理想🇨🇳,Realme GT Neo5 SE,1320.0,[],['visual_music'],"10/22首评 ∶ 


🌃画面音乐：
音乐和内部配音都挺不错的，而且NPC人物被击败后下线之前的样子也觉得很好，但是画质是真的差劲👎🏻，咱就是说，释放技能的CG能不能不要放了？看截图。太糊了",,2.0,1.0
378321,绯色回响,38091287,2023-10-22 12:06:03,5,49489060,Hassan Lee,Nubia NX709J,6840.0,['visual_music'],"['gameplay', 'operation']",立绘精美，皮肤可以拿砖石换皮肤劵兑换，这点比较良心。,1.0,1.0,
378321,绯色回响,38090652,2023-10-22 10:57:03,4,56113058,.,Android 设备,,"['visual_music', 'gameplay', 'operation']",[],玩了一天感觉还好，本人对剧情和玩法没什么太大意见，喜欢收集的可以玩玩，玩了一天也不知道玩了个啥目前主线卡在25章打不过了图鉴47玩着还行，氪了36块钱爆率还算可以吧不过什么100抽有点诈骗，玩也是第一次见邮箱奖励都要打主线才能拿的游戏,,,
378321,绯色回响,38090322,2023-10-22 10:20:29,2,567356436,哒荳荳,华为Nova 4,,[],"['gameplay', 'operation']",满满的氪金点，保证氪佬有地方氪，微氪底层挣扎，零氪无法生存,,,72.0
378321,绯色回响,38090308,2023-10-22 10:19:17,1,16446638,浮生若梦,iQOO Neo 5,,[],[],你是真狗啊 开服奖励第六章能拿 第三关解锁一百连抽第七关领其中一个十连 初始福利根本没有 你是不是觉得你家游戏会很受欢迎啊,,1.0,
378321,绯色回响,38083738,2023-10-21 18:31:49,2,24949763,勿忘草,Redmi K60,,['visual_music'],"['gameplay', 'operation']","四星给美术，运营策划扣三星。加一星防被埋
这游戏能有人玩，全靠美术，运营跟来福一样。我建议官方要有直播，直接直播给美术磕头就行。
💎资源获取：
一个月日常能拿的，不算活动、成就、关卡奖励什么的，一个月只有5800钻加十抽，满勤哈，还是理想情况下。这是什么概念呢，一抽150钻自己品。
说一下来源，日常一天100钻。（但是这100钻你大概率要拿去买体力，体力前三罐加起来刚好一百钻，日常任务里也有买三罐体力的任务，当然你也可以不买，就屯。）
然后工会四级箱子30钻（大概率拿不到，策划卡的很死，每天每人只能完成9点活跃，想拿到这30钻得300活跃就是起码要35个人全完成，工会里只要有人摆，你基本就拿不到了，除非花钻买活跃，25钻加1点）
jjc算你前百每天40钻
签到每月200钻，全勤加300钻和十抽，这就是你每个月能拿到基础的福利。
但是你存不下来。首先最主要要花的服装券，每周有特价券，花你1000钻，四周4000，你就剩1800了。（如果你说你不买服装券，请看我第二段开头。玩这游戏你不冲皮肤来的那还是别玩了，遭罪。）
然后说说其他福利，所谓送的每日十连就是其他游戏的友情池。
所谓百抽自选就是百连抽，然后让你选一个，有五轮，就是五百抽里选五十抽。这个里面是没有多金的，固定一个金。
但是开启方式策划贼6第三章开始你抽了想拿诶得过第十章，第二轮想拿25章，第三轮60章（然后被喷了，或者说本来就打算改的，用来给玩家，他们真的在吸取反馈的错觉，改成50章了）第四轮，抱歉我还没打到。
好最牛皮的来了，别的游戏兑换码锁区，这个锁账号！你在1区换了，你到2区换不了。这个你乍一看好像没什么，但是当然刚开始不会玩，后来会玩了想换区重生的时候就知道了。
这个设定直接禁止了换区重生了（我估摸着绝一点会锁IP，禁止刷初始）
我乐了，第一次见这么抠门的游戏。
🃏抽卡体验：
角色大保底一个急剧嘲讽意义的数字250抽
小保底50抽
但大概率会在200抽左右出。（保底也很容易）
但是这游戏有专武，专武30抽必金，没有大保底。
神器池，抽碎片，没得保底纯看运气。
☄️成长体验：每到那种特殊的关卡会故意卡你一下，比如上面说的自选，那一关BOSS是你当前进度贼难突破的。（氪佬除外）
总结：一个除了美术毫无特点的游戏。（另外官服怕麻烦，在公测前迅速加衣服防被审，只是怕麻烦，别的游戏都上，就他怂怕麻烦加衣服，有的加的还行，有的贼违和。）",,5.0,
378321,绯色回响,37601976,2023-09-07 12:08:05,2,1017616,李长生,一加手机9 Pro 5G,,[],"['gameplay', 'operation', 'visual_music']","纯垃圾奖励获取需要过章，过章没办法过，需要送抽奖来开图鉴，然后要不然就充钱，然后呢，过不去白嫖的别来玩了。不如火影忍者
立绘和谐
好了没了，总结完毕。
评价:一坨💩",,7.0,
378321,绯色回响,38088313,2023-10-22 06:56:47,1,3468334,崩崩九个蛋,中兴A2322,48900.0,[],[],福利差 氪金点超级多！开服三天就上限定角色！玩法纯粹就是拼战力数值  ！氪金专属皮肤 徽章 永久的百分比属性加战斗力 不氪永远拿不到！ 所有玩法全都🈶排行榜奖励！并且奖励差距几几千几百倍！0氪不如狗  氪佬纯韭菜的垃圾游戏！😅,,,1.0
378321,绯色回响,38088014,2023-10-22 06:30:04,1,566165648,猪猪啊,Android 设备,66120.0,['visual_music'],"['gameplay', 'operation']","💎资源获取：
不氪金只能慢慢肝慢慢养，有耐心的就佛系养成吧。游戏除了立绘啥也不是，风格还是市面上到处都是的换皮卡牌回合制。（不氪金没法开10倍速，有的地方跳过还得等升级）妥妥的到处都在提示让你氪金，喜欢画风舍得花钱的大佬们可以入手。本来准备佛系养成着玩的我，在最近一次活动池又吃了保底实在忍不住了退了保肝。值得入的其他游戏多的是没必要浪费时间了。

☄️成长体验：
主线难度过了25章以后明显增长，不氪金后面30多章以后得卡关好几天。会连着一段时间没有啥提升，主线爬不动，日常送的抽卡很少。

🃏抽卡体验：
连续保底还歪不多说了。那些不歪的三黄对正常人来说不太可能。平时获取活动卡池抽卡的机会也少，要用钻石的地方也多，总之就是不氪金会卡你很多体验。",17.0,184.0,21.0
378321,绯色回响,38086668,2023-10-22 04:22:31,1,57011579,时间了无痕,Redmi K30 Ultra,,[],"['gameplay', 'operation', 'visual_music']","我就不信发表不出去，这游戏差到离谱，千万别入坑的游戏。
被立绘吸引过来的玩家注意了⚠️⚠️⚠️⚠️，别看立绘好看，拿内测时候的图和外服的图来吸引玩家，国服就是一坨翔。
还有，脑c抽卡机制，真是小刀划屁股__开了眼了，不充钱抽卡次数低的可怜，还有说的送多少抽，推到50关才送3次自选0连抽
另外，千外别氪，氪了之后会有锁卡机制，次次保底，保底还歪",,2.0,
378321,绯色回响,38086688,2023-10-22 04:25:21,2,63069033,是大威啊,小米13,4020.0,['visual_music'],"['gameplay', 'operation']","画面大家都懂，立绘挺好的虽然和谐了不少，依旧很强大。
不过别的方面那真是一言难尽……整个界面杂乱，要素过多，红点点特别多，很烦。
抽卡资源是抽得挺多的，抽得挺爽，但人物一下给的太多，像是填鸭式给人，反而缺少一个真的能让人为之玩下去的角色。
剧情……我很快就跳过跳过了，没资格说。
可玩性，不咋地。说白了是堆战力的游戏。
2023了，居然还看到堆战力的游戏，无语，这游戏若是做做减法，可能反而更好玩。",,5.0,
378321,绯色回响,38086435,2023-10-22 03:59:20,1,14979786,随缘`/-/、一条鱼,Android 设备,,[],"['gameplay', 'operation', 'visual_music']","运营吃相已经很明白了！不氪别玩，没有一点点让你体验的意思。让你先氪金然后利用你氪金的心理“氪都氪了玩下去吧”
开局新手教程简直令人窒息，强制服从安排点击屏幕。“不按照他的指示，。。。。只有切屏  关闭游戏  和关机重启选项”
。。。快餐游戏。不管你玩不玩，卷够了没人了就跑了。预测半年停服",,,
378321,绯色回响,38085952,2023-10-22 03:16:38,1,384103574,张静,Android 设备,,[],"['gameplay', 'operation', 'visual_music']",真的很烂，也就用立绘吸引人进来。没有一点可玩性，别可玩性了，简直就是折磨。赶紧卸载。,,,
378321,绯色回响,38085786,2023-10-22 03:02:51,3,105023455,水余,Realme GT Neo5 SE,,['visual_music'],"['gameplay', 'operation']",一般，而且说什么送东西，结果要你打到第七章才开始送东西,,,
378321,绯色回响,38085626,2023-10-22 02:47:31,1,5549021,读作“绅士”写作“变态”,红米 K40 Pro,,[],"['gameplay', 'operation', 'visual_music']",数据活动还要掏18块钱才能拿后面免费的奖励，有点过于离谱了，钻石给的非常扣，第三次自选10连甚至需要到第50章，开服第三天还只有3个公会，第一次见这么厉害的游戏。,,,
378321,绯色回响,38085476,2023-10-22 02:33:18,1,513645243,无语,荣耀 50,31740.0,[],"['operation', 'visual_music', 'gameplay']",福利不想送就不送，很会恶心玩家。兑换码还用不了。花钱的地方很多。资源获取真的难。现在5分太高了,,2.0,
378321,绯色回响,38085360,2023-10-22 02:21:45,1,24478881,_(:з」∠)_,Honor 90 Pro,,[],"['visual_music', 'gameplay', 'operation']","国服福利明升暗降不给平民玩家活路
抽卡体验极差大保底250发",,,71.0
378321,绯色回响,38033903,2023-10-17 06:16:50,1,48433541,拉力啰拉,小米Mi 10S,37380.0,[],"['gameplay', 'operation', 'visual_music']",润了，大保底竟然要250抽。本来以为还有反和谐的 不过官方竟然弄的一体包，反和谐没了更不想玩了。,,3.0,
378321,绯色回响,38084861,2023-10-22 01:26:36,1,25694208,.,Android 设备,,[],[],剧情没看。进去以后打到第三章可以抽一百次。但是只能选一个。而且要打完第七章才能领。然后又能抽一百次。但是二十章才能领。就挺无语的。出货率挺高的。但是歪的很严重。克拉肯连歪三次。告辞🙃,,,
378321,绯色回响,38084822,2023-10-22 01:21:44,5,386661870,与季.,Android 设备,,"['visual_music', 'gameplay', 'operation']",[],非常有游族的特色 挺好玩的,,,
378321,绯色回响,38084819,2023-10-22 01:21:13,5,353000597,User353000597,Android 设备,,"['gameplay', 'operation', 'visual_music']",[],"明明可以贴个收款码完事,还定要做个这么高质量的游戏出来。我真的哭死😭😭😭😭
",,,
378321,绯色回响,38084677,2023-10-22 00:57:48,2,36560158,༺风中砾༻,Android 设备,,['visual_music'],"['gameplay', 'operation']",不氪金只能看看板娘，刷图战力竞技场活动都需要氪金，排行榜奖励前全是官方号，想白嫖的可以卸载了,,,
378321,绯色回响,38084238,2023-10-21 23:26:25,1,527163918,首道,Android 设备,,['visual_music'],"['operation', 'gameplay']",怎么说呢，很无语啊，送个抽奖券需要通过章节4才能用，这种回合制游戏还不能跳过，服了,,,48.0
378321,绯色回响,38084211,2023-10-21 23:20:11,4,568172586,弥赛亚,Android 设备,,"['gameplay', 'visual_music']",['operation'],"玩过两次内测，现在玩官服，好的地方不过多评价，重点提几点意见
1.开局的几次百抽选一组，不要出重复的
2.古物给个保底200.300都行
3.古物5连最多1金（有人5连2金离谱）
4.抽卡大保底改成3次，但10连上限改成最多3金（有人10连4金，也有人10连3金全歪，这两种情况都很离谱）
5.主角修改成可切换阵营
6.公会每提升1级，收人上限提升从3人改成10人
7.好友位从40人，调整成80或100人
8.增加PVP玩法，比如4个阵营PK榜，3人组队赛杯赛等。
9.增加跨区PVP玩法，跨区PVP建议采用平衡系统，就是大家卡池一样，卡的数值一样，凭游戏理解，搭配阵容和运气
10.回溯每章加入一个SSR角色，一次给1碎片
以上建议都是有利于留住玩家的中肯建议，希望大家点赞，让官方看到我们玩家的心声

",2.0,14.0,8.0
378321,绯色回响,38084025,2023-10-21 21:05:36,4,359788126,Z,小米Mi 10,,"['gameplay', 'operation', 'visual_music']",[],还行，就是充值界面太多，升星太难。,,,
378321,绯色回响,38083987,2023-10-21 20:34:40,1,499499014,？,Android 设备,,[],"['gameplay', 'operation']",帅的，第二次要20章，每日十连与抽的完全不一样,,,72.0
378321,绯色回响,38083377,2023-10-21 17:10:25,1,366894712,一笑天方,Realme GT Explorer Master Edition,,[],"['operation', 'visual_music', 'gameplay']","100抽纯纯噱头，等于是十连抽给你十次几会，还有抽了不能领。新手进去打开邮箱干干净净一封邮件，主要你送的是什么gs啊？送优惠卷我是没想到的。一坨答辩。
",,,
378321,绯色回响,38083516,2023-10-21 17:36:52,1,516108363,JK,Vivo IQOO Z8,,['visual_music'],"['gameplay', 'operation']","这游戏不充钱玩不了一点，副本副本打不过，还在设置个50章自抽选，零氪千万别玩，玩不了一点

✍🏻建议：
副本难度太高了，30万战斗力就跟纸糊的一样，建议可以稍微改一下，零氪千万别玩，纯粹逼克游戏",,,
378321,绯色回响,38083193,2023-10-21 16:46:03,1,119596525,时言,华为 荣耀30S,,[],"['gameplay', 'operation', 'visual_music']",不知道大家有没有玩过少年三国志2，我可以很负责任的说，这游戏就是二次元版的少三2，而且比少三2更难玩，福利真的少。别看人物原画又大又圆，战斗就是Q版小人，只能说贵公司选择在2023年端上这坨狗屎，属实是太晚了，早一点估计还能赚到钱。玩你这游戏不如玩少三2，别人福利还更多呢。如果你是冲着老婆来的，其他好游戏也有老婆，这游戏和谐的差不多了，没啥好看的。如果你冲着玩法来的，最古老的抽卡回合制，快跑，真的，角色一半都是ssr，抽不完，根本抽不完。,,1.0,
378321,绯色回响,38082589,2023-10-21 15:28:58,1,410385133,王丽娜,小米MI MAX 3,,[],"['gameplay', 'operation']",圈钱游戏真不咋的，玩法没优点。开局看似送100抽但要打到第十章，还只能选一个十连。入眼就是首充，要我说你要不想给就别给，舍不得100抽邮箱让玩家玩游戏，老米都知道送20抽。最后，这游戏这没啥玩的。,,1.0,
378321,绯色回响,38081905,2023-10-21 14:20:52,1,62499764,粪海狂蛆,Vivo V2049A,57720.0,[],"['visual_music', 'gameplay', 'operation']",这是不氪根本没的玩，不氪感觉后期就是蹲监狱，什么也推进不了。福利少的可怜，充值入口一堆。不建议入坑，快跑。,,,
378321,绯色回响,38081743,2023-10-21 14:05:49,1,14186965,大卡奥,Vivo V2049A,13020.0,[],[],福利舍不得发，体验全靠堆战力，就这还想靠水教程和自选硬留玩家,,,70.0
378321,绯色回响,38081346,2023-10-21 13:31:10,2,440167369,兰梓先森,Vivo IQOO 11,,[],"['gameplay', 'operation', 'visual_music']",（不好玩）不推剧情不能抽角色，不送东西，战力游戏,,,68.0
378321,绯色回响,38080654,2023-10-21 12:26:35,1,35300981,该用户已注销,iPhone 13,,[],[],不好玩，抽卡还要自己打关卡领呢？,,,60.0
378321,绯色回响,38079529,2023-10-21 10:48:58,1,29500803,南橘,Honor 70,,['visual_music'],"['gameplay', 'operation']",  唯一我说的是唯一的优点就是大，这就是这游戏买点，还恶心人，新手自选还要打到三章才能抽，10章才能把第三章的自选选了。挺算人是吧，没事，后面还要耍你第二次。,,,
378321,绯色回响,38079012,2023-10-21 10:06:01,3,5270763,Monkey™,iQOO 8 Pro,,"['visual_music', 'gameplay']",['operation'],他真是知道我喜欢啥样的呀，真大啊，当然指的是游戏占用空间😁。,,,
378321,绯色回响,38078982,2023-10-21 10:03:47,1,494755787,emo的闲鱼,Vivo V2156A,,[],"['visual_music', 'gameplay', 'operation']",没什么吸引人的地方  前面强制剧情特别多  后面抽卡概率特别低  没有什么好玩的  ,,,
378321,绯色回响,38077339,2023-10-21 07:39:51,1,25119083,手机用户25119083,华为 Nova 8,,[],"['operation', 'visual_music', 'gameplay']",看到图鉴开的越多，不用上阵也能增加全体属性就赶紧溜了，明目张胆地逼氪😖,,,48.0
378321,绯色回响,38077086,2023-10-21 07:15:07,3,359272602,莫轻离,Redmi K50,,[],"['gameplay', 'operation', 'visual_music']",多发点福利，和谐的部位多考量一下，勉强能玩,,,
378321,绯色回响,38076928,2023-10-21 07:02:58,2,8652972,夜之凰/夜黑,Nubia NX666J,32280.0,[],[],现在玩家要求很高的，不是说送一些打折充值卷就是真的福利了，还有别玩那b文字游戏里，宣传免费100连抽，笑死其实就是给你个百连然后只能选一个10连带走，更搞笑是要通到第几章才给，要给就实际点。至于这游戏，玩法没啥说的，老掉牙的回合制战力游戏，任何能加战力的地方都想尽一切办法和战力挂钩(比如家具都有加属性是真的第一次见），可想而知战力有多崩坏，更别说你一个这种摆明给氪金大佬爽的游戏里居然还搞托也太不当人了，开服一个小时左右就一队满星ssr别太离谱嗷。玩了两天感觉实在是不好玩，每天也就是堆战力，和大部分微信小游戏没有啥不同，卸载跑路。,,1.0,
378321,绯色回响,38076719,2023-10-21 06:45:21,1,8840895,黑白灰,Android 设备,,[],"['gameplay', 'operation', 'visual_music']",前期想抽卡只能充钱，想用人家施舍给你的每日十连？你不坐几个小时牢不给你的，玩那么久结果什么都抽不到更难受，还好我直接跑，恶心的是我打到了2-2吐了，浪费我半小时,,,
378321,绯色回响,38076195,2023-10-21 05:57:35,4,585662158,李李李李李.,Web 官网,,[],[],"从知道绯色回响要开国服就一直在关注，游戏公测福利整体来看还是不少的，不过有一定的门槛
人物就是好看，虽然穿的多了，但是看出来游戏已经努力在展现了。",,,
378321,绯色回响,38075568,2023-10-21 04:55:10,1,584067589,瓜瓜,小米13,,[],"['operation', 'visual_music', 'gameplay']","经典换皮数值卡牌游戏，每日十连=可以极低概率抽到ssr的友情池，存在累充ssr。连家具都可以加战力，所有的系统都是为了数值服务的。游戏性极差。
至于为了卡面的来的，为什么不玩外服？",,,
378321,绯色回响,38075486,2023-10-21 04:48:00,2,568524790,Niko,Android 设备,,"['gameplay', 'visual_music']",['operation'],"这么说吧，正常池子我抽到了四个五星，有两个是四十多出的，另一个是三十多
送了几张氪金折扣券😅简直天才
还有这个数据兑换，就是触发小游戏然后完成给你20点积分 积分够了可以拿奖品，我说怎么写‘免费’而不是‘兑换’，因为后面是有付费奖品的，没在意，然后又继续打，然后按免费的 告诉我还没有领取上一层的奖品😅天才",1.0,,
378321,绯色回响,38074518,2023-10-21 03:14:04,1,584097421,哦哦嘿嘿,Huawei Mate 60 Pro,,[],"['gameplay', 'operation', 'visual_music']",玩了4天，第一次给评价差评，真的是很垃圾的游戏，资源套资源，繁琐，各种氪金点。不氪金玩不了。,,,
378321,绯色回响,38074259,2023-10-21 02:50:51,1,493128366,西瓜种错田,Web 官网,,[],"['gameplay', 'operation', 'visual_music']","运营垃圾，快跑！
客服电话都是空号，我都试了！
我冲了几千，绑错了手机需要解绑，现在发现联系不上客服！
这公司就是个骗氪骗钱的，除了让你充值啥服务都没有
",,5.0,
378321,绯色回响,38074237,2023-10-21 02:48:31,1,12036971,风~竹,小米Mi 10 Pro,9660.0,[],"['gameplay', 'operation', 'visual_music']",我打开游戏一看，这游戏没有玩法，歪歪斜斜的每叶上都写着“色禽”几个字。我横竖睡不着，仔细看了半夜，才从字缝里看出字来，满本都写着两个字是“逼氪”！,,1.0,
378321,绯色回响,38034350,2023-10-17 07:03:17,3,414326036,宁,OPPO PEMM20,58800.0,[],[],立绘这一点有点不细节，明明是买了皮肤的，别人查看我的角色显示的是原皮立绘，不应该是显示皮肤立绘吗？还有结算画面的立绘感觉是动态的更好一点,,,
378321,绯色回响,38007904,2023-10-14 10:52:40,2,57136533,是个茶壶了,Android 设备,,['visual_music'],"['gameplay', 'operation']",难玩，是真的难玩，出货率一天比一天低不说（少有几个很牛的，出了几个金，在群里疯狂炫耀），福利给的断断续续而且还少，又没有反和谐，玩起来是真的难受，这游戏唯一特色都没了，剩下的都没什么好的了，还不如去玩外服，虽然给的一样少，前面开始会没有这么快有跳过战斗等功能，但好歹它有特色。给个两星算给我这么久的等待一个交待吧。,,1.0,
378321,绯色回响,38073011,2023-10-21 00:34:17,3,46807537,落无方,Xiaomi Redmi K60 Ultra,,[],['visual_music'],"下载玩了一会儿，唯一让我感觉可以的可能只是立绘了（有点色气）。
缺点真的不少，首先，画质太低，其次玩法说实话和一些类似游戏没啥区别，我还不如玩一些画质更好的其他游戏，给的福利是真的离谱，那个选定十连抽打到第三章才能用，我一想领他就弹出来让我打到第十章，我只能说真的炸裂，而且一开始出的人物就太多了，根本不知道培养谁，不过可以查攻略（零氪一开始也没啥角色，啥稀有练谁基本没差，也可以查查攻略），新手七天我都没过玩完，我也不说太多了，我只能说对我来说没有玩下去的欲望。",,,
378321,绯色回响,38072935,2023-10-21 00:25:13,4,108843428,千本丶幽,Vivo IQOO Neo3,,"['gameplay', 'operation']",['visual_music'],目前体验都还好，很多不足的地方官网也是积极的改进目前玩的还可以，推荐,,,
378321,绯色回响,38072869,2023-10-21 00:14:50,4,60385579,剩下的盛夏,Huawei nova 7 5G,,"['gameplay', 'operation', 'visual_music']",[],我感觉还可以，不氪都可以玩，小氪更舒服,,1.0,
378321,绯色回响,38072851,2023-10-21 00:10:50,3,561618604,猫咪🐱,Android 设备,36240.0,['visual_music'],"['gameplay', 'operation']",抽卡连歪四次第五次才大保底必出UP真的很难评,,,
378321,绯色回响,38072629,2023-10-20 23:12:50,1,565782772,莎俪,OPPO A92s,,[],[],除了画风其他各方面不太理想。,,,59.0
378321,绯色回响,38072456,2023-10-20 21:29:53,1,26283253,道冠王,Vivo IQOO Neo7竞速版,,[],[],白嫖低氪别想着追强度，你根本玩不了一点,,,58.0
378321,绯色回响,38071787,2023-10-20 17:02:45,1,121660435,宁无,Honor X40 GT,79800.0,[],"['gameplay', 'operation', 'visual_music']","除了礼包就是礼包  日常产出不氪什么都没有
玩法也是无聊",,,66.0
378321,绯色回响,38070997,2023-10-20 15:19:39,3,48694221,小小的也很可爱,OPPO Reno7中国版,960.0,[],[],"话语间很日本腔调，类似“可恶，我也有自己想守护的人啊！”
以及我日常对y人大为震撼，真的有人喜欢这种胸吗……",1.0,,1.0
378321,绯色回响,38070891,2023-10-20 15:08:41,3,361024879,LIAR,华为 Mate 30 5G,,[],[],传统卡牌，立绘大砍，氪金礼包比较多，需要每天大量时间肝,,,
378321,绯色回响,38070730,2023-10-20 14:53:02,5,103330343,Viruses,Huawei Mate 60 Pro,,"['gameplay', 'operation', 'visual_music']",[],好玩，可以下载来玩玩，可玩性很强。,,,
378321,绯色回响,38070722,2023-10-20 14:51:44,2,449304477,舔狗不如狗,Android 设备,28320.0,['visual_music'],"['gameplay', 'operation']",好消息是立绘还行，坏消息是只有立绘还行，玩法就是原始的数值游戏，日本也这么玩吗，各种逼氪天梯光荣榜，这是把狼性文化带到游戏里了，玩游戏可不兴找虐,,,
378321,绯色回响,38070712,2023-10-20 14:51:07,1,535699577,User535699577,小米Mi 10S,,['visual_music'],"['gameplay', 'operation']",首先开业到现在活动少，福利少。做任务得到的砖石屈指可数。难度大，抽卡概率小。不建议玩,,,
378321,绯色回响,38070544,2023-10-20 14:34:50,1,33622736,拾月在摸鱼,三星Galaxy Tab S7,1320.0,[],"['gameplay', 'operation', 'visual_music']","1星保底请拿好，23年了，终于有人打破二游卡牌纪录。
在这里，大家能玩到现金折扣卷，不知道多少年前的充值界面",,,
378321,绯色回响,38070319,2023-10-20 14:15:46,1,82095726,李善,Android 设备,,[],"['gameplay', 'operation', 'visual_music']",不充钱2w战斗力，充钱20w战斗力。给我钱三个字几乎写在脸上，吃相难看，立绘难看。,,,49.0
378321,绯色回响,38070078,2023-10-20 13:54:58,1,57653545,阴阳师狗粮大师,Web 官网,,[],"['gameplay', 'operation', 'visual_music']",开服玩到现在，最离谱让我直接删的点，活动有个需要氪金才能继续解锁进度的活动，什么高端操作，完了这么久手游，第一次遇到这样的，你要么氪金和普通分开，放一起恶心谁呢，国服因为立绘和谐，我只能说是完全没亮点，垃中之垃,,,
378321,绯色回响,38069621,2023-10-20 13:10:58,2,17830625,-_-z,小米Xiaomi MIX Fold 2,,[],[],实话实说，可玩性不高，三天了，开始上去就把体力消耗光。其他乱七八糟的，都懒得弄。角色之间目前还看不到什么特殊高效的配合。体验的浅，这个怪我。不过我可能坚持不到福利送完。,,1.0,
378321,绯色回响,38069425,2023-10-20 12:50:33,1,472920554,陨原,OPPO PGBM10,71400.0,[],"['gameplay', 'operation', 'visual_music']",额，本来玩的还挺开心，磕了点小钱，抽抽老婆看看立绘，打算当电子盆栽养着玩的，但是这运营策划的脑回路是真抽象啊，你游这点蚊子腿福利外加开服第三天就搞抽象活动，不凉都难😂附带一句卡池四连歪是你游特色吗？割不动外服就来国内割😂,,,
378321,绯色回响,38069084,2023-10-20 12:15:49,5,408030754,风起.,Vivo V2073A,,"['gameplay', 'operation', 'visual_music']",[],除了抽不出心愿，其他的满昏🙋,,1.0,
378321,绯色回响,38037217,2023-10-17 12:00:37,1,443525702,Windy.,Redmi K50,,[],"['gameplay', 'operation', 'visual_music']",送的抽卡数量，得过第十关，肝了一下午，体力根本就不够肝过去，战斗体验几乎没有，全程自动一键跳过，还有各种充值活动，你能想到的充值活动都有，最让人忍不了的，国服和谐的什么都看不到了，真以为你游戏内容很吸引人，还是战斗很有特色，不都是为了烧鸡去的吗,,1.0,
378321,绯色回响,38068132,2023-10-20 10:40:47,2,100859130,手机用户100859130,Redmi K50 Ultra,9360.0,[],"['gameplay', 'operation', 'visual_music']","很差
1.全自动打怪，拼的就是数值战力，进游戏什么都不用干，充钱就行
2.人少的可怜，充了钱都没人理你
3.世界频道全广告，进了公会一会儿就被踢（挺搞笑，本来游戏人就少，你让别人免费打工，孤独的拿个第一把）
4.画质很差，十年前水平
5.福利少的可怜，同质量游戏得送个一万抽才能留得住人吧哈哈，十抽，你以为你游很值钱？
ps：我不管玩啥游戏都会进去就氪月卡战令，这游戏，算我蠢了一回，倒霉，避雷，能劝一个是一个",,12.0,
378321,绯色回响,38067906,2023-10-20 10:18:22,3,420619696,索拉卡,iPhone 14,,[],[],想做出二次元三幻，但策略性差很多，目前就是纯数值,,,
378321,绯色回响,38066997,2023-10-20 08:46:21,3,84610266,0w0,一加手机9 Pro 5G,,['visual_music'],['gameplay'],老式换皮，稍微有点创新，玩的不长，因为开头打了几关吸引不了我继续玩下去,,,
378321,绯色回响,38066485,2023-10-20 07:53:32,1,14000604,忘川,魅族17,52500.0,[],"['operation', 'visual_music', 'gameplay']","没有fhx！没有fhx！没有fhx！
赶紧run，大多数up透露的消息都是没有证实的，不要被骗了
💎资源获取：
少的可怜，获取大头在大小月卡上。30小月卡一个月40抽，68大月卡一个月80抽。
🃏抽卡体验：
这个游戏up池的单up角色占所有ssr的40%，50抽一小保底，大保底需要250抽。
除此之外还有武器池，古物池，后面还有宠物池等等

这个游戏时间只是手机上的游戏时间，平时模拟器用的更多，实际游玩时间应该在这个时间的2.5倍以上
",7.0,10.0,
378321,绯色回响,38066133,2023-10-20 07:16:44,1,62576326,猫丢了吗,Redmi K50,,['visual_music'],"['operation', 'gameplay']","🃏抽卡体验：
一句话，不是欧皇别玩，200抽次次50才出货，别人十连等于你150抽，乐

☄️成长体验：
一般
💎资源获取：
不花钱还想有资源，噢，确实有，大概百十来抽？然后0氪的话后面基本没什么抽卡卷获取渠道了，不冲月卡你一天能攒个五抽都算多的

🔖运营服务：
运营，emmmm，好像专门冲着氪佬去的，不氪金就别玩，白嫖你都嫖不明白。

🎮可玩性：
小氪300块发现这游戏啥都跟战力有关，不氪金？那你等死吧（",,1.0,1.0
378321,绯色回响,38066039,2023-10-20 07:06:29,3,2848691,顾你一世岛是海,联想L71061,,[],[],只有极少数角色有大招动画，其他的都没有，给我感觉很难受。,,,
378321,绯色回响,38065519,2023-10-20 06:07:54,2,10171294,戈尔德,Web 官网,,['visual_music'],"['gameplay', 'operation']",很久很久没有玩到这么想吐槽的游戏了。。。纯少三2换皮，6武将+4兵法+3神兽的模板养成，还有那么多高分带图评价，惊了,,,
378321,绯色回响,38064587,2023-10-20 04:28:10,2,571723462,小面包,Redmi K60 Pro,,[],"['visual_music', 'gameplay', 'operation']","我还能说什么呢，画着大病饿死人
官群消息随便撤，自己讲的话截图下来都要撤😂
甚至还有托骂人护着游戏
自己什么定位都不知道，30w战力开服10分钟托就刷好了，现在我30w战力pvp能排67，逆天啊，3天鬼服
",1.0,3.0,
378321,绯色回响,38064540,2023-10-20 04:23:10,2,48552689,画地为牢,Huawei P60 Pro,,[],"['operation', 'visual_music', 'gameplay']","🎮可玩性：
挂机战力游戏，根本没有可玩性

🔖运营服务：
开服画个反HX的饼，把人骗进来杀，还有游族懂得都懂

✍🏻建议：
关服吧",,2.0,
378321,绯色回响,38064382,2023-10-20 04:07:01,3,113077314,User113077314,华为 Mate 30 Pro 5G,,['visual_music'],"['gameplay', 'operation']","游戏优化做的不错，进图加载飞快。
画面立绘满分（国服嘛不错了）。
福利太少，资源获取慢，只能慢慢玩。
抽卡概率30次左右出一金。
微氪一时爽，一直氪金一直爽。

",,,
378321,绯色回响,38064349,2023-10-20 04:03:09,2,8787424,Hsisn,iPhone 11,,[],[],"还真是第一次遇到先让你抽好自选，然后还得继续推图才能拿到的游戏……
我都不提那些进去先让你抽个爽的二游了，就是微信小游戏也得先让你抽一发十连拿点角色用啊",,,
378321,绯色回响,37950381,2023-10-08 14:28:01,1,465380754,无名,Vivo V2121A,,['visual_music'],"['gameplay', 'operation']","10.10预抽卡活动纯纯牛马，从这种小事情上就看出来这ch不想别人好好玩，估计fhx什么的也是画饼，祝你GG爆
10.12
你游靠什么吸引玩家不用我多说了吧，既然如此，能不能把你那b宠物 古物给删了啊，微课中氪玩不起，氪老只觉得你在骗钱，很容易劝退，还是那句话，赶紧给你游的美术磕头吧，没有画师大爹顶着，你游真的就是一坨。
10.20
送的那点东西，真是打发要饭的，说到底，
没有fhx，你游真的离关服不远了，祝寄寄。",,1.0,
378321,绯色回响,38063948,2023-10-20 03:19:44,1,435239,edensgate,一加手机Ace竞速版,,[],"['visual_music', 'gameplay', 'operation']","垃圾中的战斗机。
ai 立绘导致瑟瑟立绘越来越不值钱的今天，只剩立绘的游戏可以说都是垃圾。",,,
378321,绯色回响,38063201,2023-10-20 02:01:41,1,55775860,王笨笨,Huawei P60,300.0,[],"['gameplay', 'operation', 'visual_music']",什么年代还出这种打擦边球离谱立绘，游戏玩法约等于0的圈钱手游。。这要还能圈到钱，怕是黄河水都要倒流,,,
378321,绯色回响,38062763,2023-10-20 00:50:25,3,72662606,手机用户72662606,Android 设备,,[],[],现在的水军这么秀的吗？看了一圈下来，基本都在骂。水军我感觉就是那种给四星，然后放张图，说剧情说角色然后说他差，我搞不懂了。为什么会有4星的差评评论？还是说这是他的对手所为？如果这是官方所为，那么他究竟意欲何为？,,,
378321,绯色回响,38062645,2023-10-20 00:24:49,1,464947,山田赫敏,Huawei Mate 30E Pro 5G,,[],"['gameplay', 'operation', 'visual_music']",卸载喽！运营装死。说好的反和谐也没上。自选十连放的那么靠后，等推到那谁还缺下水道ssr？游戏质量更是低的没话说。游族稳定发挥😅,1.0,1.0,
378321,绯色回响,38062577,2023-10-20 00:08:26,3,5590361,User5590361,Realme真我GT,2460.0,[],"['gameplay', 'operation', 'visual_music']",换皮游戏，改色不色，又肝又氪，福利贼少，爆率还低。,,,
378321,绯色回响,38062462,2023-10-19 23:34:56,3,82491403,没啥玩的,小米Mi 11 Pro,,['visual_music'],"['gameplay', 'operation']","送你就大放送，还要过了第七章才送。玩了一小时也没拿到十连，看着墨迹的战斗画面果断卸载了。
下载前不知道是游族出的，装好看到游族就不想玩了",,,
378321,绯色回响,38062356,2023-10-19 22:54:12,3,6534152,一把小野菊,小米MIX 4,6300.0,"['visual_music', 'gameplay', 'operation']",[],打发时间用，还有跳过功能，之前刷到个评论说这游戏放到2010都活不久，言重了，2010-12那会儿有多少好的手游啊，我们高中那会儿班里全是打天天酷跑雷霆战机一类的，好点的组帮派打萌江湖，或者充钱口袋忍者。但是话说回来，这游戏放到现在确实没啥惊艳，就当个打发时间的工具吧。,,1.0,
378321,绯色回响,38062342,2023-10-19 22:46:34,4,511942628,思楠,iQOO Neo 5,,"['gameplay', 'operation', 'visual_music']",[],这款游戏的休闲性是很高的，不用花太多的时间肝，主打的就是能让唤醒者们多陪陪后宫们。,,,
378321,绯色回响,38061800,2023-10-19 17:38:28,3,10885725,小龙先生,Huawei Mate 50,,['operation'],"['gameplay', 'visual_music']","
优点：
1.从第一天开始到现在3天，零氪，没有过不去的图，可能运气比较好出的角色比较强。
2.角色虽然有和谐但还是蛮涩的，有反和谐会更好
3.福利中规中矩，没有宣传听起来那么夸张那么多，但也基本上够抽到保底了
缺点：
1.自选十连虽然有5次，但是得推图才能拿，图不是推不动而是经验涨得慢，16章需要29级，我用了好多体力药才刷到
2.逼氪明显，无论是推不过图，还是活动，都是让你氪金抽卡
3.各种任务还有活动的奖励领取能不能做一个一键啊，有的有一键有的没有，很怪，很难点

总结：
零氪能玩但是肝而且憋屈，今天的公告说一直在听取我们的建议，观望一下后面的行动吧",4.0,25.0,11.0
378321,绯色回响,38040330,2023-10-17 18:41:03,1,24100874,下雨带刀不带伞,小米Redmi K40,,[],"['gameplay', 'operation', 'visual_music']",游戏资源全都不够用，强度也不平衡，全靠氪金才能堆出强度,,,54.0
378321,绯色回响,38061013,2023-10-19 15:48:46,4,431925815,陌上人如玉,小米Redmi K40,,"['gameplay', 'operation', 'visual_music']",[],"首先声明:本人不是水军，纯粹从一个佛系微氪玩家的角度来分享开服三天的体验
氪金项目:开服三天的折扣券+6元首充+6元礼包
首先从游戏整体而言，除了入坑第一天爆肝了5个小时，后续来看每天20分钟上线收菜看老婆即可，是个不错的副游
游戏玩法比较老套（外服老游戏引进），被换皮搞臭的六人站位自动战斗玩法，但细节方面是比较舒服的，比如每日一次十连，开局解锁3倍速，小怪推关可跳过，无损换装，换角色，养成系统也并不复杂等等，可以说是解决了之前玩很多同类型游戏头疼的点。

就今日评分掉至5.0被吐槽的地方（个人观点）:
1 福利问题:作为开服游戏吸引玩家的“爽点”，比如预约奖励，自选十连，每日十连等等都需要玩家投入一定时间才能获得，厂商希望玩家有投入，去体验游戏可以理解，但这番操作实在引人反感，不如大大方方让玩家一上线就看到满满的邮箱，开局拿金抽个爽，甚至5个自选的十连遥遥无期（目前25章领了第二个，下一个要60章绷不住了）

2 立绘和谐问题:作为国服特色，游戏大部分角色都包的很严实，增加了很多布料，对比了国际服实在难绷，最明显的就是登录送的泳装皮肤，外服哇塞好白好棒，国服泳装+棉衣？一块黑布？只能说和谐的不是很用心，毕竟二游让人玩下去的动力就是老婆好不好看了。角色原皮实在不敢恭维，部分皮肤倒是可圈可点（大爱安诗雨黑丝+旗袍～），整备竞赛的兔女郎皮肤也十分戳我，现在让我氪金的动力全部来自安诗雨了～

总的而言，游戏立绘水平是过关的，玩法操作也是舒服的，从微氪角度看开服福利还是挺给力的，一折三折的氪金券，40左右能买商城两个皮肤，三天钻石抽了200多抽，目前获得了10金……
评分掉的如此剧烈也很多是来自玩家的情绪发泄，官方态度也是可以的，第二天就补偿了十连，希望官方不要搞骚操作，用心运营好游戏，多多出一些好看的老婆～
ps:日常关卡跳过能不能开早点，35级之前属实坐牢。
10.19晚，最新更新:每日十连，自选十连章节提前，官方又补了20抽，好耶",4.0,2.0,6.0
378321,绯色回响,38060528,2023-10-19 14:52:28,2,521072863,huihui874,Android 设备,,['visual_music'],"['gameplay', 'operation']",开服就开始玩了，两天下来了。除了角色立绘以外，其他地方都很一般，养成很复杂，福利不太多。虽然这两天邮件发了不少抽，但是部分福利门槛太高，可以说逼你抽卡提战力。除XP之外无氪金欲望，能不能出反和谐就是你活下去的关键了。,,,
378321,绯色回响,38059863,2023-10-19 13:47:06,4,8915451,无良人生,Vivo V1816A,,"['gameplay', 'visual_music']",['operation'],抽卡是真的无语了，琪琪跟黛啥来着都是30抽才出，真的黑,,,
378321,绯色回响,38059720,2023-10-19 13:31:29,5,108280169,EMI,Android 设备,,"['gameplay', 'operation', 'visual_music']",[],实在是太好玩了，抽卡概率也挺高，就是体力不够用，希望能多送点体力啊,,,
378321,绯色回响,38059487,2023-10-19 13:10:33,2,3593542,hzh,Realme真我GT,,['visual_music'],"['gameplay', 'operation']",玩过外服，只能说，国服不太行，虽然不知道立绘耳朵为啥改，但是你们这改的不三不四的（立绘没了，结果小人和大招动画还有）让人无语，更无语的是福利还送折扣券？！只能说稀烂,,,
378321,绯色回响,38059180,2023-10-19 12:39:56,2,69620249,绯焰,Vivo V2136A,4260.0,[],"['gameplay', 'operation', 'visual_music']",本来质量一般般，靠卖肉福利生存的游戏，国服卖肉没了，福利也没了，玩什么啊😅隔一天的另外一个回响起码看起来很精致,,,
378321,绯色回响,38058964,2023-10-19 12:19:23,4,384724589,Xlurker,华为MediaPad M5 8.4,,[],[],"只能说还行吧前面
当休闲养成可还行
当后期打关就硬磨
三倍速还是一样磨
立绘倒是挺不错的",1.0,,
378321,绯色回响,38058074,2023-10-19 10:51:55,2,479257248,骨头汤,OPPO PGCM10,,[],[],回合游戏，立绘中等，诱导充值，无聊暂时没有了,,,53.0
378321,绯色回响,38058023,2023-10-19 10:47:07,2,665073,温暖平原,华为P40,4140.0,['visual_music'],"['gameplay', 'operation']","立绘好+两🌟
被数据兑换那个活动恶心到了，要获取免费奖励竟然还要先买上一级的礼包，真是不能理解。
再见！
",,,
378321,绯色回响,38057076,2023-10-19 09:09:17,5,553040455,今晚打老虎丶,Android 设备,,"['operation', 'visual_music', 'gameplay']",[],"🃏抽卡体验：
抽卡体验不好，我朋友一分不充，要什么来什么。我是80抽，全紫色。
但是充钱体验很好，大几百，分分钟前五。而且游戏体验很好。比我玩新倚天屠龙记强多了。那边充2000，被人家100吊锤",,2.0,1.0
378321,绯色回响,38057024,2023-10-19 09:04:19,2,8277433,你是不是哪里错了。,OnePlus Ace 2,,[],"['gameplay', 'operation', 'visual_music']",垃圾垃圾垃圾。到处都是提战力的东西。到后面氪佬跟平民差距肯定越来越大，看滚服也能看出来，哪有二游弄滚服的😅。,,,
378321,绯色回响,38056839,2023-10-19 08:44:43,5,407998582,阿狸,Redmi K60,,[],"['operation', 'visual_music', 'gameplay']",我给5分，因为我体验还不错，不推荐是因为除了欧皇这游戏平民玩不了，所以不推荐,,,
378321,绯色回响,38056799,2023-10-19 08:40:10,1,122274528,鼬,iQOO 9,26340.0,[],"['gameplay', 'operation', 'visual_music']","简单来说就是一坨
国际服虽然也是一坨，但是有瑟瑟的可以看，国服瑟瑟没有，可玩性没有，就一坨摆在那",1.0,6.0,
378321,绯色回响,38056351,2023-10-19 07:52:47,1,549295922,BlueTiCO,OPPO Reno10 Pro+ 5G,,['visual_music'],"['gameplay', 'operation']",坑爹，新人不送道具，而是送氪金优惠券，10连结果要肝到十几章才行，纯纯圈钱准备跑路的游戏😅,,1.0,
378321,绯色回响,38055521,2023-10-19 06:25:11,5,367277599,梦想志成,iQOO 8 Pro,,"['operation', 'visual_music', 'gameplay']",[],你游是不是故意在这刷差评准备掩盖自己游戏优点的事实？？准备以后出东西好不被投诉啊？。各位认真玩玩。别看要求奇奇怪怪。又是5章领取10章领取的。随便玩玩30分钟能刷一个初始号。顺便说下。完全没必要刷初始。因为这游戏爆率还能看不是特别低。游戏是一个图鉴类增加战力的游戏。，不管各位怎么说，这游戏还算不错的。主打就是美化好看皮肤能肝。,2.0,1.0,
378321,绯色回响,38055253,2023-10-19 05:54:48,4,60222444,OtakuSaMa,OPPO Find N,,"['gameplay', 'operation', 'visual_music']",[],"还行，就是各方面的特点都不强，感觉一般玩玩可以
",,,
378321,绯色回响,38055097,2023-10-19 05:38:49,1,58394289,花开满城♡,Android 设备,,[],"['gameplay', 'operation', 'visual_music']",很烦，关卡难度大，送的抽难拿。,,,47.0
378321,绯色回响,38055071,2023-10-19 05:36:37,2,50975380,欢迎入坑不朽家族,Vivo V2061A,,[],"['gameplay', 'operation', 'visual_music']",这游戏不大氪，很难玩，抽卡道具不送，抽卡保底，还必歪。主线也就第一天可以玩玩，后面根本打不过。送的东西，过关才能拿。,,,
378321,绯色回响,38055067,2023-10-19 05:36:21,2,558504676,山屿归,Android 设备,,['visual_music'],"['gameplay', 'operation']",游族游戏你懂得白嫖就行了，除了立绘动画其他一言难尽,,,53.0
378321,绯色回响,38054986,2023-10-19 05:27:12,1,897994,旺旺小小酥,华为 Mate40 Pro,31260.0,[],"['gameplay', 'operation', 'visual_music']",没见过保底都吃不到的游戏，卡池歪的一批👍🏻,,,53.0
378321,绯色回响,38054691,2023-10-19 05:01:48,2,59519206,小鸟,小米Redmi Note 7 Pro,,['visual_music'],"['operation', 'gameplay']","剧情:不咋地，没吸引力
立绘:初玩觉得可以，久了很容易审美疲劳，特别是大招动画不让取消，强制你一遍又一遍看
建模:全是大头娃娃，廉价感十足
氪金:变强全靠氪金，游戏整体有浓浓的页游风格，但是有的页游肝也能变强，这游戏就是纯氪金，开图鉴加战力加的非常多，所以没几万去砸是不要想了，真无底洞。非常让人失望。
日常:玩了几天到30，据说35才有跳过，要氪永久卡才有10倍速，连游戏基本功能都锁死，吃相太难看了
总体建议，直接润",1.0,,
378321,绯色回响,38054436,2023-10-19 04:38:34,3,414104317,龙傲甜,荣耀 60 5G,,[],[],公测就一个邮件，送了个十连，还要第七章才能开。还不如不送呢。之前没删一直过新手，领了邮件后就弃了。说实在没几个游戏公测不送几个十连的，没几个游戏送十连还要限制过了多少关才能开的。,,,
378321,绯色回响,38054421,2023-10-19 04:36:34,1,10397808,羅摩衍那,Web 官网,,"['gameplay', 'visual_music']",['operation'],运营过于恶心了，十连这种都说烂了，还有就是升级不回体的，又各种卡练度，抽卡因为只有40%概率所以各种歪，还有无数的东西懒得一一说了，他根本不想要你的米，玩法，优化，卡练度，和谐，福利，这游戏做的一切一切就是为了恶心玩家，真的是全方面的,,,
378321,绯色回响,38054073,2023-10-19 04:06:41,1,50132617,手机用户50132617,华为ELS-TN00,120.0,[],[],新手教程怎么能这么又臭又长啊？这也不是新玩法的游戏啊？有点恶心,,,48.0
378321,绯色回响,38053996,2023-10-19 03:58:34,1,395732038,该用户已注销,Android 设备,,[],"['gameplay', 'operation', 'visual_music']",真恶心啊，骗氪就算了，还卡体力和等级，肝也没地方肝，我去你*的吧,,1.0,48.0
378321,绯色回响,38053898,2023-10-19 03:49:29,2,545845111,风晓,Android 设备,,[],[],抽卡爆率太低，好感家具图鉴全增加战斗力，氪金活动太多,,,53.0
378321,绯色回响,38044455,2023-10-18 06:12:59,3,567915168,羊啊羊,Vivo X80,,[],[],"开服福利很抠，没有什么游戏性，国服立绘还狠狠的加衣（虽然这不是游戏厂商的问题），策划不知道想的什么，开服送抽还要推到很远的主线，我主线到第四章还只有新手给的4个角色，一点游戏体验都没有。
追评，官方没装死，后面补了一些福利，拉了点好感，希望运营好好干",1.0,,
378321,绯色回响,38053838,2023-10-19 03:44:58,1,477597314,Y.,iPhone XS Max,,[],[],数据兑换只要前面氪金的没解锁，后面免费的你都别想领，自选十连25关的要等60关才能领，我个人选择放弃了，不想浪费时间浪费精力,,,
378321,绯色回响,38053440,2023-10-19 03:08:16,2,32664030,虾某人,Xiaomi Redmi K60 Ultra,,['visual_music'],"['operation', 'gameplay']",自己看图吧，别下载了，浪费时间（二星避免隐藏）,,1.0,53.0
378321,绯色回响,38053489,2023-10-19 03:13:39,1,11756170,肩上风尘,Android 设备,16140.0,[],"['gameplay', 'operation', 'visual_music']",你游就没一个良心游戏，这游戏抄的四不像,,,47.0
378321,绯色回响,38053172,2023-10-19 02:43:32,2,106424883,Kelvin乔粉,HUAWEI Nova 9,,"['operation', 'visual_music']",['gameplay'],"各种礼包跳脸，无聊毫无社交刷刷刷
玩两天就腻
立绘挺好看的",,,53.0
378321,绯色回响,38052738,2023-10-19 02:06:34,1,41020663,懒得不愿撒谎的傻子,小米 Redmi Note 9 Pro 5G,34800.0,[],"['gameplay', 'operation', 'visual_music']","这游戏放出来就像个半成品！
非ssr基本没输出，整个游戏能用的角色也就二十多个，这是抽卡游戏？
角色间羁绊更是搞笑，好几个羁绊角色还没放出来，羁绊乱七八糟！
游戏技能没有太多特色，过关就是靠堆数值，策略性低！
跳过功能太少，太吃时间！",,1.0,
378321,绯色回响,38052680,2023-10-19 02:02:12,4,584203501,77,Vivo S17e,,[],[],有点报玩，但是动画做的还是可以的，伊利里真的好可爱,,,
378321,绯色回响,38052573,2023-10-19 01:50:12,5,359656324,千珏万璟,小米MI MAX 3,,"['gameplay', 'operation', 'visual_music']",[],"很平常的一款游戏，强大需要氪金，但不氪金也能玩的。
这也就是生活，有人高配的享受着，有人卑微的活着。
但是他奶奶的，你占用存储太大了吧，微信都干不过你，小心，你不是必须的呀。
看看你到底能留在我的手机里多久。",,1.0,
378321,绯色回响,38052393,2023-10-19 01:26:49,3,45799083,笑杀东君,Vivo V2121A,,[],[],"晕奶了，毫无美感……萝莉挺可爱的
没啥新意，外加没美感，就跑路了",,,
378321,绯色回响,38052362,2023-10-19 01:23:03,2,8022759,灬,三星Galaxy Z Flip4,14160.0,[],"['gameplay', 'operation', 'visual_music']",这都第三天了，我的屏幕还是这鬼样子。🙃,1.0,2.0,45.0
378321,绯色回响,38052341,2023-10-19 01:19:59,5,435296535,小杏儿,iPhone 8 Plus,,[],[],应该是近期出来的游戏最喜欢的！前期关卡可跳过，资源养可无损继承，资源可免费重生，人物很哇塞，剧情也很深动！攒,,,
378321,绯色回响,38052289,2023-10-19 01:11:50,1,744444,百连无奇迹,Vivo iQOO,,[],[],质量还不如伊甸园，首先没法跳过，其次推图的难度让人也不舒服，最后就是这个手机画面的分辨率非常膈应人…让游戏看着很劣质,2.0,,
378321,绯色回响,38052142,2023-10-19 00:49:58,1,4895507,青春,Android 设备,,[],"['gameplay', 'operation', 'visual_music']","什么也不想说了，玩了这么多年手游，第一次遇到这样圈钱的，真的很**
真的，没被一百抽选其中10抽的套路恶心到，也没被达到多少章后才能领各种资源恶心到，唯独被这个恶心到了，讲真的，二次元的钱真好赚，现在是个人都知道了，随便做个垃圾套娃游戏就能圈钱 
这个游戏是我玩过最后悔的游戏，没有之一，我感觉隔壁企鹅游戏都比这个游戏良心很多了 
还有 这个游戏的歪，非常厉害，你可以体验歪四次才能抽到up，注：一抽为150，50抽保底",1.0,,
378321,绯色回响,38052078,2023-10-19 00:38:32,5,584991247,桃花,iQOO Neo 5,,"['visual_music', 'gameplay']",['operation'],充了25丫圈圈,,,
378321,绯色回响,38052055,2023-10-19 00:34:38,4,982257,條.eXxaros,华为P50 Pro,,['visual_music'],"['gameplay', 'operation']","☄️成长体验：
太多内脏外露设定
太多氪金点  大小月和永久证必氪
福利严格讲还算合理  只是周期太长
第二轮百抽卡到25章  
不想给可以直说😓",,,
378321,绯色回响,38052039,2023-10-19 00:31:05,2,39691573,七月,小米 12,,[],"['gameplay', 'operation', 'visual_music']",依托答辩，抽卡连续吃保底，250抽大保底可想而知这游戏；这游戏sr根本没有用，SSR没有星也是废，还有数据兑换，简直是CS，标着免费，得氪金买前面的才能领免费的。总的一句话，答辩游戏,,2.0,
378321,绯色回响,38051938,2023-10-19 00:13:28,1,429414554,沐辰,Honor X20 SE,,[],"['operation', 'visual_music', 'gameplay']","这个游戏的人生轨迹是这样的：最开始游戏总端在国服，结果因为玩法太烂限制太大赚不到钱把总端拉到外服（国际服，新加坡服等等）去赚🐏人的钱，纯靠卖🔥🐔皮肤赚钱，估摸着现在赚不到多少钱了，就又把总端拉回国内美其名曰公测新游，玩过的都知道是个什么鸟样，玩法立绘连给碧蓝提鞋都不配，拉回国服还和谐，算是把唯一的吸引点给砍了，也就骗骗那些没玩过的，这里单论游戏就不上升制作了，游族嘛，懂得都懂😅
💎资源获取：如果国服没改的话，只能说，他给的远不及你付出的多，你想零氪玩这游戏？梦里都梦不到这么好的事（提一嘴儿，这游戏跑外服的时候还贴心计算了汇率，首充不是六块，是7.8块，有够牛的）
☄️成长体验：整个养成过程只能说是又烂又慢，基本上时时刻刻都有红点，点了加那么几十点战力，剧情关卡给的少就算了，抽卡花的还多（一章剧情连一抽都给不了），抵制坟游从你我做起，你宣发再猛都洗不掉你肮脏的过去，还是老老实实吃你的少年系列吧😅",,7.0,
378321,绯色回响,38051802,2023-10-18 23:39:56,1,4898651,ILMan,Redmi K40 游戏增强版,,['visual_music'],"['gameplay', 'operation']","🃏抽卡体验：
离谱，算50抽伪保底加权才3%，200抽才是硬保底，那不算保底抽卡的话，概率应该在0.8%左右，而up占40%，也就是0.4%左右，牛。
💎资源获取：
开荒到第7章，没东西，就弄出30-40抽。那个每日10连就跟其他游戏的友情池差不多，虚假宣传了属于是。
☄️成长体验：
肝的要死",,,
378321,绯色回响,38051774,2023-10-18 23:32:53,5,428316204,来了来了,Vivo V2203A,,"['gameplay', 'operation', 'visual_music']",[],我看很多人都评论说给的太少且福利门槛太高。说真的这个游戏外服我目前还在玩福利少的我就不多说了礼包码真的一月就一个国服的开区就是一堆礼包码。至于说到十回合才能抽满且有时间限制这个问题真的不能算是问题。外服第一个ssr角色是要到12回才给一次百抽自选。国服是真香，关于布料的话，其实多了布料看起来有一种别样的美感，外服布料少看着也就那样吧没太大感觉。最重要的是外服充值是美元$，唉，外服月卡是$4.99换算成人民币就是37.08元。当然外服可以用钻石买服装券换很多衣服但也是有限的一个是获取的钻石数量少的可怜要么不发育就死追皮肤要么就慢慢发育慢慢存两者选一个。外服皮肤基本都是11到14之间。什么概念，就是说最便宜的衣服都是一百多人民币。真的是太贵了，唉。不多说了国服真的挺良心的了。,5.0,2.0,8.0
378321,绯色回响,38051681,2023-10-18 22:59:13,2,577392247,该用户已注销,OnePlus Ace 2,,[],"['operation', 'visual_music', 'gameplay']",想继续领免费奖励吗，先把前面付费的买了,,21.0,47.0
378321,绯色回响,38051611,2023-10-18 22:20:41,2,51640578,猫非猫,华为 Mate40 Pro,34620.0,['visual_music'],"['gameplay', 'operation']",游戏一句话逼氪，如果不氪，你早晚被甩出一线队列，纯战力游戏，进了全服第一公会，因战力被踢出来了，这么搞很多玩家都跑路了，一眼顶针，鉴定为寄,,,
378321,绯色回响,38051280,2023-10-18 18:56:12,2,18468053,手机用户18468053,小米Redmi K40,,[],"['gameplay', 'operation', 'visual_music']",虽然昨天抽up池爆了次三黄，但这种纯数值卡牌游戏玩法真的没意思，仿佛在玩10年前的游戏，立绘有亮点但不多，音乐中等偏下，配音一般，养成渠道多也非常困难，限时活动麻烦，氪金点太多更是重灾区，福利最扣二游还恶心，唯一值得推荐就是套了个二次元美少女的皮，但国服和谐了😐，不是很推荐除非闲得发慌,,1.0,
378321,绯色回响,38051283,2023-10-18 18:56:48,1,63762129,ㅤ拔刀护落樱,华为P30,,['gameplay'],"['visual_music', 'operation']",评价是一坨 升级是不给体力的 打关是没有货币奖励的 但角色立绘是好看的 特别是某些地方,,,
378321,绯色回响,38051229,2023-10-18 18:35:14,1,9472049,海底月面碑,小米Mi 10S,,[],"['gameplay', 'operation', 'visual_music']","玩过国际服，只能说这游戏唯一的优势是美术。但是这里是国服，和谐完就等于没优势了。
其他方面全是缺点，无论是无聊的剧情还是无聊的游戏玩法还是氪金的程度。
二次元传奇不是说着玩的，游戏的唯一乐趣就是花钱看数字变大。没有这种兴趣的话不推荐玩。
另外好评全是刷的，这个评价非得玩过才能评既没有阻挡住刷评论的机器人，又害得我玩过外服还得先打开游戏才能劝人跑。",,,
378321,绯色回响,38051212,2023-10-18 18:30:42,1,18113961,手机用户18113961,Android 设备,,['visual_music'],"['gameplay', 'operation']",要是不想送可以不送，恶心人？,,,45.0
378321,绯色回响,38051192,2023-10-18 18:23:12,5,501244876,啦啦啦,Vivo V2049A,15060.0,"['visual_music', 'gameplay', 'operation']",[],"💎资源获取：
资源获取慢，太肝

☄️成长体验：
前期福利好送的角色可以度过新手期

🃏抽卡体验：
还好

🎮可玩性：
比较好

🔖运营服务：
一般，公会活动会卡死，只能重启游戏

✍🏻建议：
建议黑渊和物资筹备，净化宿体出扫荡功能",,4.0,1.0
378321,绯色回响,38051105,2023-10-18 17:58:06,1,33159518,BLUE,Honor V40 Lite,,[],"['gameplay', 'operation', 'visual_music']","玩这游戏之前就被朋友各种劝，远离坑，我就想着再怎么也不会那么惨吧，我抱着试水的心态去试试！
抽池的百分之40的概率是假的？非要低保低保才能出？每个池子都是挂着概率骗人吧~出货你要歪就歪重复点，也好，你倒好，平均出，硬是不让人之后继续玩了？逼氪还是逼佛？逼弃坑？

我想说说我个人体验

我第一天肝了一天，氪了个68永久特权试试水，芜湖，肝了一整天，一个SSR都不能两星，我忍了，坚持把任务清完、推图各种任务做到当前的极限后！第二天，我继续抽，梭哈了，然后肝了一天，还是没有两星SSR，送的十连抽还需要推图才能拿，只拿了一次，然后抽的还是我没有的，甚至还是强度不高~这我也忍了！

各种方便的地方需要氪金，不氪金就需要肝，我忍了！第二天最后卡关我再忍了！想等后面能不能好点！

忍到现在，第三天我还是零星SSR，还是抽不到，池抽烂了还是蓝紫将，你要是SR升两三星能比上零星SSR，我还愿意用下，问题是，升了两三星发现还没有SSR的数值和技能更优，我花了一小时把所有能做的东西都做完了，没什么提升！ 直接就是两天高强度之后，第三天开始贤者模式，这是要闹哪样？ 玩个游戏图开心，不是来这里憋shi的，还想说能出货，我继续氪点也无妨~按这种进度，后面几天我还是得卡关，继续无所事事，上线半小时就下号了..  也是，毕竟这游戏国际服什么类型的，大家都知道，回到国服和谐就算了，还憋shi，唉！

问题是这种游戏体验，只能说算了！要么氪，要么佛，要么退，真不适合大多玩家！只能说，失望，告辞！",,1.0,
378321,绯色回响,38051073,2023-10-18 17:48:42,1,340389,不如归,Android 设备,5700.0,['visual_music'],"['gameplay', 'operation']","传统换皮回合制小人卡牌
不推荐的理由首先是没有游戏性，其次是国服阉割版，更重要的是运营皮厚心黑，宣传的最大卖点每天十连是类似友情池的十连，氪金通行证解锁十倍速战斗，其他不用多说了。",,,
378321,绯色回响,38051006,2023-10-18 17:31:31,2,3118013,竹林,一加手机 7T,,[],[],不知道大家有没有听过一款游戏叫三国志幻想大陆，一毛一样,,,53.0
378321,绯色回响,38050963,2023-10-18 17:25:21,1,556828024,忽然起风了,Huawei Mate 60 Pro,,['visual_music'],"['gameplay', 'operation']","这么说吧，游戏本体做的不错，但是这家公司打的一手烂牌，这个游戏是那种抽卡养成，回合制，各种抽抽抽的那种游戏的缝合怪


宣传的每日10连抽，池子里啥都没有（都是废物材料加没用角色），我抽啥？送不起就别宣传



礼包更是多到飞起，开服充了400多抽卡也不算非结果卡剧情推不过去，吃像极为难看送的ssr里只有第二天登录那个有用，其余的都赶不上升星的紫卡，


推图送ssr?这个最搞笑，10次10连选一个，你能想象到全是废物卡么？(本人已经选了3次十连了)


如果说我是刻意黑的就可以闭嘴了",,,
378321,绯色回响,38050584,2023-10-18 16:28:51,2,421584086,记得早睡,Android 设备,,[],"['gameplay', 'operation', 'visual_music']",有心思请大量水军水评分，没心思听玩家意见整顿一下游戏内容😅,,2.0,53.0
378321,绯色回响,38050123,2023-10-18 15:34:09,4,60580959,手机用户60580959,iPhone 12 Pro,,[],[],虽然玩法比较老但是玩到后面抽卡资源也还算富余，出fhx包之后改五星,,,
378321,绯色回响,38049727,2023-10-18 14:56:26,1,48896595,夜色写深沉,PTAC MGZ-BD00,,[],"['gameplay', 'operation', 'visual_music']","数据兑换那个活动不充18块钱就无法领取后续的所有奖励，真6

",,1.0,52.0
378321,绯色回响,38049716,2023-10-18 14:55:32,3,446081105,白嫖的知识,IQOO Neo6,,[],[],从少年三国志 2 过来的，玩法基本一模一样一个路子，以为会有些提升，但依旧掉帧，没话讲，打三分，纯看少年三国志 2 面子,,1.0,
378321,绯色回响,38049515,2023-10-18 14:33:15,1,83253691,付青,华为荣耀9X,,['visual_music'],"['gameplay', 'operation']",玩了这么多游戏了，没见过这么离谱的，两个池子抽奖全大保底还全歪，说送的100抽，其实是预选，还要打通剧场的章节才能领其中一个，奖励还抠搜的离谱，我玩第七史诗都没被这么恶心过！,,2.0,
378321,绯色回响,38049471,2023-10-18 14:28:07,2,13601795,塔塔估价过户,iQOO Neo 5,35760.0,[],"['gameplay', 'operation', 'visual_music']",满屏幕氪金礼包，一些奖励不氪金拿不到，池子概率百分之40，歪3次才必中，运气差基本拿不到限定角色，十分扣，送的很少，不建议玩。,,1.0,
378321,绯色回响,38049444,2023-10-18 14:25:55,2,50117246,CocoIeka,Android 设备,,['visual_music'],"['gameplay', 'operation']","氪金力度属实牛逼😅；大招动画的帧率视觉上比较低。
立绘和l2d还行；练度够高的话可以一路碾压过去；刷材料会自动帮你填好次数，点确定就完事了；升级强化主要针对格子，可以无损换给别的卡，但升星是每张卡独立的。",,,
378321,绯色回响,38049401,2023-10-18 14:22:19,4,485484253,凌不疑,华为 Mate40,,[],[],虽然现在还没到10章，不过已经有6个ssr了，建模立绘在现在二游环境里不算很顶，但也符合我审美的。先玩玩，目前个人觉得不至于5分，7-8分之间的样子吧，如果后面很坑我再撤😂,,,2.0
378321,绯色回响,38049170,2023-10-18 14:02:52,5,585142718,天马的诗,Web 官网,,[],[],玩绯色我的想法很单纯，主打看它的立绘,1.0,,2.0
378321,绯色回响,38049138,2023-10-18 14:00:26,1,5456673,輪迴 境界 神域 命運,华为 Mate 30 5G,,[],"['visual_music', 'gameplay', 'operation']","说实话，我第一次见邮箱里面发开服福利发的是充值打折卷而不是抽卡卷，再加上开局无法跳过的动画一直循环，前期体验贼差，想钱想疯了
",,,
378321,绯色回响,38049051,2023-10-18 13:51:38,5,458498785,momo,Android 设备,,"['gameplay', 'operation', 'visual_music']",[],"非常适合休闲玩家。
美术很好
可以倍速战斗、跳过剧情、关闭动画，这几点上已经远远超过铁道了。
总之非常好玩，遥遥领先",,,
378321,绯色回响,38048943,2023-10-18 13:40:24,5,100772338,麓冠骑士,Xiaomi Redmi K60 Ultra,,"['gameplay', 'operation', 'visual_music']",[],刚开始玩，游戏不错，声优好听，立绘也吸引人，玩法简单，感觉每天登陆一下玩玩也不错，集集老婆,,,1.0
378321,绯色回响,38048711,2023-10-18 13:19:42,3,455867719,逆,HONOR Pad 8,,['visual_music'],['gameplay'],"操作系数过于简单了吧？难道这就是传奇一刀999？😅
角色⊙▽⊙还行
🌃画面音乐：
还行
🃏抽卡体验：
还行
🎮可玩性：
一般",,,
378321,绯色回响,38048609,2023-10-18 13:07:19,1,457094858,该用户已注销,Blackshark SHARK PRS-A0,,[],[],经典滚服骗氪游戏 抽卡能连歪三次给我逗笑了,,,52.0
378321,绯色回响,38048357,2023-10-18 12:42:24,2,580894311,雪无情,荣耀30 ,20160.0,[],"['gameplay', 'operation', 'visual_music']","是游族！赶紧跑吧！
换皮三幻！赶紧跑吧！
各种礼包砸脸！赶紧跑吧！
免费送100件自选什么的，深坑！骗你玩的！
赶紧跑吧！坚持玩了两天，吐了！卸载了！！
我先跑咯！！！😋😋😋",,,
378321,绯色回响,38048145,2023-10-18 12:22:00,4,18293673,AsuraSJM,iPhone 11,,[],[],玩的第三天  感觉还可以  立绘也不错  就是扫图太千篇一律,,,2.0
378321,绯色回响,38048058,2023-10-18 12:12:04,1,385240556,沉默的大多数,一加手机9RT 5G,3180.0,[],"['gameplay', 'operation', 'visual_music']",下载就看看就知道了，氪佬都害怕,,,46.0
378321,绯色回响,38048053,2023-10-18 12:11:53,2,412513277,零度忧伤,Android 设备,,['gameplay'],"['operation', 'visual_music']",搞国服没中文语音，怪不得做了这么多游戏有些一两年就停服。立绘没得说，玩法早几年的话还不错现在嘛勉勉强强，画质还需优化，主页面东西太多就不能优化一下。反正没中文语音的手游我以及身边的人就没见玩过超过两个月的,,,
378321,绯色回响,38047867,2023-10-18 11:51:16,4,585121407,抽奖箱丢了,Web 官网,,"['gameplay', 'operation', 'visual_music']",[],我就想知道国服啥时候出未央啊，这才是我最喜欢的老婆啊，持续伤害，强的一p，触发被动技能的时候，还能够显著提高暴击率的,,,
378321,绯色回响,38047743,2023-10-18 11:38:44,1,444790062,酸菜狐,Android 设备,,[],"['gameplay', 'operation', 'visual_music']",抠里抠搜的，爆率贼低，不建议，非要玩自己试试，要不了两分钟就退了，这游戏说白了就是圈钱的，卖给看这个动漫，玩的，没看过的就别玩了，毫无价值，游戏专家评测帅神,,,
378321,绯色回响,38047646,2023-10-18 11:28:29,3,43650959,ζ鳲 鴁ξ,华为Honor Note10,,[],[],还行吧，幻想三国大陆乃志版，真的玩多了容易晕乃志，甚至听说这还是和谐之后的，厉害了，看乃志的可以玩，别抽卡，会变得不幸,,,
378321,绯色回响,38047113,2023-10-18 10:38:00,1,17623,刂巾, iQOO 11 Pro,10860.0,[],"['gameplay', 'operation', 'visual_music']",套着二次元皮的战力数值游戏，立绘画风差异太大有点反而成败笔,,,52.0
378321,绯色回响,38047001,2023-10-18 10:24:03,2,104007114,绝情浩杰,Redmi K50 Ultra,,['visual_music'],"['gameplay', 'operation']",美工不错，但仅此而已，新手指导又臭又长，把我们当低能了？一直被按着手操作,,,48.0
378321,绯色回响,38046954,2023-10-18 10:18:53,5,447885826,这里没有人,Maimang 10SE,13860.0,[],"['gameplay', 'operation', 'visual_music']","体验过宿命后，还是更喜欢绯色阿😅😅😅。
首先，我想吐槽一下最近出的什么缑（gou）氏阿😅😅😅，光隙总和700抽算的首周虽所有就算了，绯色五波得不到的十连也忍了，为毛挺期待的一个IP宿命回响我连进都进不去啊，甄姬霸就是二游全员垢事了呗。
回归正题，看过前面一点大家应该也知道了我进不去宿命这件事了，然后为什么我来这里刷五星呢，因为最近一个星期就体验过两款回响，然后绯色就像医托巧克力在河边上，在河对岸的我想去，然后费劲一个多小时的流量加跑到巧克力旁边（指我悲惨的用校网下半天），结果尝了一口，巧克力味的💩，好，原本到这故事就结束了，但我转头看另一条河对岸有一坨发着五彩光芒的东西（指宿命回响隔天就上线了），这块我虽然并不确定真的是搭边还是💩，但是动画从角色美术来看，这绝对是一款好看的巧克力，然后看传播出来的画面我也确定了，这美术，只要不和1999一样抠搜到体力都给的少的可怜的情况下，铁定咽的下去（眼睛画的实在太有特色了，每一个角色都很有特色，而且就算一点不漏，一点不大也能让我去玩去抽，就算非我白嫖一两个也不觉得亏了），然后我游过去吃的时候，发现越来越远了，但得到了海豚的祝福（指下了一个多后还有五个多g，不过有朋友的流量，嘿嘿嘿），游到了对面，我都打算放到晚上吃了，结果，好家伙，数据虚影，看的到摸得着却吃不到（指我下了半天晚上打算玩发现进不去，卡那什么音室了，不是黑屏就是一点不动了），那种感觉就是，凭啥依托搭边我都没资格吃的感觉，于是呢，我回头看已经发臭的💩，边吃边哭，哭的泣不成声（还是你好，绯红，好歹你能玩，能玩就有领完福利的希望😭😭😭😭😭😭😭）


（但不推荐😅😅😅😇😇😇）",,2.0,
378321,绯色回响,38046799,2023-10-18 10:03:53,1,126251207,一梦淳风,华为 nova 7 SE 5G,,[],[],为什么不能给零，唯一能卖的点还是和谐的，就相当于包装好的屎直接去掉了包装，又臭又恶心。,,1.0,
378321,绯色回响,38046584,2023-10-18 09:40:50,2,58214105,momo,iPhone 11,,[],[],"绝对打一星，画面，玩法写不谈，这PUA的套路，玩家的所谓福利抽卡是什么鬼？送你自选十连，但你要过十几章才能拿？送你钻石兑换券，但你要用rmb兑换？真的刷新我的认知！这种游戏能活到明年我回来给它上香！
  再说游戏玩法，没新意，它也知道没新意，主打的涩涩立绘，但你游又不敢，涩不起啊！只能给一字曰——“润”！赶紧润，浪费时间",,,
378321,绯色回响,38046471,2023-10-18 09:27:48,5,365109761,涂山千风,一加手机9R,3540.0,"['gameplay', 'operation', 'visual_music']",[],第一次玩这种类型的游戏，画面和配音也太棒了吧！！二次元美少女太可爱了😍😍，剧情还蛮吸引我的，个人目前觉得还不错，会继续玩一段时间。,3.0,,5.0
378321,绯色回响,38046401,2023-10-18 09:19:49,5,418694179,User418694179,华为畅享9 Plus,,"['gameplay', 'operation', 'visual_music']",[],这游戏国服开服福利挺好呀，推图自选外服有，签到奖励也和外服一样，硬要说有啥不一样的奖励吧也就首冲送的事金卡不是外服首冲送的紫卡，还有就是游戏奖励代金券，说代金券就有意思建议改成氪金券，不氪金就没有钻奖励登一天过期，相比之下还不如玩外服不用氪金不是立绘也清凉，说是啥百抽千抽可以抽但是十选一还得推关才能拿到，,,1.0,
378321,绯色回响,38046161,2023-10-18 08:55:38,3,530157571,没什么,OPPO A72,,"['gameplay', 'operation', 'visual_music']",[],"

☄️成长体验：
哦，我记得玩的时候刚才的刚开始的也就说动画比较好呀，方便又快捷，出个唯一不足就是。就是日语要是换成中文的还好的。嗯，这个角色还挺好就主要就是太浪费铁费节日提了在百度上还说没什么特色，还说是个色色，还能呲哈呲哈的，我看都不能嘶哈嘶哈，只有那个原神胡桃能嘶哈嘶哈，原神的还差点意思。太色了。",,1.0,
378321,绯色回响,38045963,2023-10-18 08:36:18,1,28500815,Lululu,iPhone 11,,[],[],充了500，只能说不好评价，你不充钱战力根本起不来，升级不给体力，不花钱买进度都很不上，大佬已经100w了，我才40w，开服up池抽3个保底歪了2个，最后50才出😓要不是上头了没忍住砸了几百进去直接删游跑路，太像那些PVP网游了，白嫖玩家更是活不下去,,,
378321,绯色回响,38045914,2023-10-18 08:31:42,5,112562934,User112562934,iPhone XS Max,,[],[],"玩了好久。
整体美术上太棒了，个人比较喜欢的是角色的立绘，数量很多也很好看。
关卡也比较简单，福利很也是可以的。",4.0,1.0,7.0
378321,绯色回响,38016172,2023-10-15 06:03:01,1,472837734,莫笑长安不良人,iPhone X,,[],[],"今天玩了第二天了，原本昨天就该退坑的，我给了一天的机会。官方各种宣传送的ssr多，这个没骗人，确实送了几个。今天我决定退坑。给一星的原因我开始说。我尽量简短点，好让没入坑的看得明白。
第一，游戏模式简直就是少三2，加了一些元素，不能说相似只能说几乎一样。援助跟阵营阵容加成哈。
第二，我玩了这么多年卡牌，甚至到现在还有保留很早之前的卡牌游戏。最小气的绯色你排第二，第一是明日边境。人家要么抽卡卷不好得，要么钻不好得，你游有个性。钻一天半9000，游戏内获得抽卡卷的途径你游是真的少。ok！我也能理解，那么刚公测，你搞活动能不能大方点？先送一波福利，我不是说要你白送，完成任务送，有要求才能换到想要的，不过分吧？毛线没有，回溯一章送两个卷，然后过图竟然不送卷？？？？我6元今天推过了20章，竟然一张卷不给？推图给的元宝才多少？你游策划有好好算过么？推图满星不算你，我就算推图福利，我他么都20章了才2000多钻？？？？？你游一张卷商店也不是说价格比别的游戏少很多对吧？
第三，游戏福利每日一次免费10连，我想想都要笑，20抽下去一张ssr没见到，你别送了，还不如给我折算成钻。抽卡概率多低，我说了不算，有想入坑的自行体验，初始号是别想着刷，这游戏是直接拒绝让你前期舒服的，你脸黑要么就充钱，要么你就憋着，憋到你啥时候脸白了就行。
到此为止，我不多说了，想玩的你们自己进去体验。这是我玩了一天半写的，当然也是我们区玩家都有在反映的问题。现在游戏这么多，玩不起我就换，喷我也懒得喷。但是给评价，我实事求是得给。再见了您呐！",3.0,5.0,1.0
378321,绯色回响,38045675,2023-10-18 08:05:00,5,114141722,User114141722,Web 官网,,"['gameplay', 'operation', 'visual_music']",[],"跟日服相比，绯红国服的整体节奏舒服很多，有几个角色立绘和美术被和谐了，不过整体美术品质还是很高。近期玩了不少坐牢的二游，对比下这款偏传统的数值二游反而蛮合我胃口。游戏的局内策略和build还是有一定深度挖掘的，前期就可以成型挂火队，推关很舒服.
值得一提的是国服支持60帧，游戏体验非常丝滑爽快，这玩意就跟高刷屏一样，一用就回不去了，现在回头玩日服明显感觉到画面顿顿的。音乐bgm也蛮有特色，都挺耐听的。
运营福利这块玩过海外服的都能体验到，每日十连，角色和古物抽卡性价比都有提升，对于充点小钱玩的玩家整体还是比较满意的。",3.0,1.0,8.0
378321,绯色回响,38045184,2023-10-18 07:16:10,3,581158216,sailfi,OPPO Reno10 Pro+ 5G,,['visual_music'],"['gameplay', 'operation']",画面还行，玩法单一，现在无法注销账号，开局新手引导特别长,,,
378321,绯色回响,38045107,2023-10-18 07:10:24,5,4579150,出雲,Vivo X80 Pro,,"['visual_music', 'gameplay', 'operation']",[],刚开局，画风是我喜欢的。我感觉老婆会很多……剧情有点罪恶王冠的味道了，不知道有没有人跟我同样感觉。世界观派系有点小复杂，但还挺有意思！个人感觉啊，无脑过主线看看剧情还挺好的。,,1.0,2.0
378321,绯色回响,38033608,2023-10-17 05:50:26,1,452477596,了住不绷,Vivo V2049A,2640.0,[],"['gameplay', 'operation', 'visual_music']",什么都卡关，十连自选一个好的都没有，抽完才告诉要刷到第十关？邮件送一点点东西不疼不痒，永久十连要打到后面很后的关卡，前期资源少得可怜，像是拉不出屎一样，运营一套又一套的，恶心，请一大堆水军刷好评笑死，有钱一起赚，给个群号吧,,1.0,
378321,绯色回响,38044936,2023-10-18 06:56:21,1,448164962,五点半的斜阳,华为nova 7 5G,,[],[],"别的游戏策划是怕你卡关弃游，这个好，是怕你过关过的太轻松了，给你点挑战，不氪你就慢慢熬吧。
这个福利我愿称之为施舍！明明可以不送，但非要给点苍蝇腿。
至于大家说的绘画精美，涩涩值得一玩。只能说太年轻，专门做涩涩的小黄油，玩家都流失严重，更何况这种没亮点的游戏。综合一句，不咋滴。",,,
378321,绯色回响,38044686,2023-10-18 06:31:48,1,27842191,Genily.,华为P40,5280.0,['visual_music'],[],玩了大概一个中午，体验一言难尽，做完教程以后就是各种打折特惠礼包，战斗玩法啥的也很单调，也没有什么特点,,,
378321,绯色回响,38044643,2023-10-18 06:28:59,5,63459859,手机用户63459859,iPhone 13 Pro,,[],[],"有一说一，美术真的太顶太劲了……可动的游戏立绘真的很棒。
配音和音乐很有代入感，配合剧情演出效果还挺值得一看的。
抽卡体验还可以，反正我开局拿了俩SSR。
希望可以再多给点福利！",2.0,1.0,9.0
378321,绯色回响,38044612,2023-10-18 06:25:42,5,413351447,User413351447,iPhone 14 Pro,,[],[],最近几年最好玩的二次元游戏，完全不用充钱福利管够,3.0,,13.0
378321,绯色回响,38044598,2023-10-18 06:24:43,5,82798293,littleccccc,iPhone 11 Pro,,[],[],立绘不错，养老婆有动力，小氪了一波看看，大佬们快出攻略吧！！！,,,8.0
378321,绯色回响,38044561,2023-10-18 06:21:46,5,351020822,User351020822,iPhone 13 Pro,,[],[],太好玩了！小姐姐都太好看了！这种好游戏2023年我才玩到你知道我这些年是怎么过的嘛？已经没有时间在这评论了，我要继续玩了！,4.0,1.0,14.0
378321,绯色回响,38044421,2023-10-18 06:10:27,3,359893429,。花里胡哨。,华为 MatePad 11,,['visual_music'],"['gameplay', 'operation']","首先很少认真评价，如果玩过少年三国志2和三幻的朋友  应该很熟悉这个玩法，这里详细说一下这个游戏

💎资源获取：
资源获取是这游戏目前来说比较吐槽的，你想做成少三那样的游戏，可是少三给的资源多，基本上大家抽一个本体是根本没有任何问题，你的资源真的不多，自选十连的全是没用的。

☄️成长体验：
这里就要说到三幻的培养体系了，培养互换，相当于就是给你六个位置  你只需要培养位置就可以，上谁，上那个人都不会影响，影响的只有角色的星级，这点没有什么诟病的。

🃏抽卡体验：
这点要详细说一下，三幻和少三的抽卡是不值钱的，角色其实是不值钱的，如果你硬要详细说少三属于阶梯式的角色获取，打个比喻，才出来的ssr  零氪可以获得ssr的本体，但升星就会比较麻烦一点，但随着时间都会升起来，但当你把这个ssr升起来后  下一个ssr又出来  然后周而复始，但是氪佬就会升的很快，会永远的和零氪拉开差距，这点属于很正常，总归要给氪佬体验的。但你这个游戏总给人感觉角色很值钱的样子，升星也是很难，抽卡的体系总给人感觉是其他游戏中那样，很值钱的样子。

🎮可玩性：
和少三2一模一样   回合制，你打我我打你，爬塔，pvp，没什么好说的，但有一点不得不说一下，爬塔这么繁琐的事情，居然不能跳过，然后有个月卡解锁十倍加速，这点在少三2和三幻中是免费的。

🌃画面音乐：
画面目前来说还行，音乐的话我是一边看综艺一边玩的所以没注意。",,,
378321,绯色回响,38044149,2023-10-18 05:44:59,1,380403298,听雨闻风~波,华为HONOR View20,9840.0,[],"['gameplay', 'operation', 'visual_music']",只能说不愧是游族出品嘛，恶心人有一手，氪金花样有一手，能活一个月都是有钱人钱多的没地方花😅,,4.0,
378321,绯色回响,38044072,2023-10-18 05:38:04,1,25504504,海大睡神,小米Redmi K40,,[],"['operation', 'visual_music', 'gameplay']","福利，扣。
动作，傻。
加布料，滚粗。
不论生活再怎么造孽，还是要热爱人生，别想不开来玩这个游戏了。",1.0,1.0,
378321,绯色回响,38043941,2023-10-18 05:24:48,2,52850987,637816,iPhone 13 mini,,[],[],"福利拉胯已经很多人吐槽了
难度来说，我氪了6块钱，PVE能玩
玩法就是大部分二游那一套，乱七八糟一大坨。
抽卡有点黑，全抽独角兽的up出了一个。
最大特色和谐了，懂得都懂。
还没有要到玩到公会和高强度PVP，没啥欲望继续下去了。",2.0,1.0,
378321,绯色回响,38043595,2023-10-18 04:56:25,1,13687486,咎殃,Honor Play4 Pro 5G,27720.0,['visual_music'],"['gameplay', 'operation']",除了美术和音乐，这游戏就剩氪金了，入坑需谨慎,,2.0,49.0
378321,绯色回响,38043435,2023-10-18 04:43:49,3,350088772,爱薇十八式,Redmi Note 12 Turbo,,[],"['gameplay', 'operation', 'visual_music']",画面和字体不是我喜欢的类型，战斗界面人物动作较生硬,,,
378321,绯色回响,38043205,2023-10-18 04:25:33,1,41320686,希望,Web 官网,,['visual_music'],"['gameplay', 'operation']","🎮可玩性：二次元创奇，就是到处点点点，随处可见充值礼包，国服还被和谐了，抽的角色没太大用处

",,1.0,
378321,绯色回响,38033276,2023-10-17 05:15:08,1,2354860,困古龙,小米Xiaomi 12S,,[],"['gameplay', 'operation', 'visual_music']","二次元也有自己的传奇了。游族出品，必属传奇。
所有角色人物抽卡，所有家具养成好感，都是用来提升战斗力的手段，提升的战斗力是加攻击力和血量的。后期的过关条件，也约等于是，考验角色战斗力。
跳过杂兵的战斗，需要打过第三章，也就是新手教程。而跳过角色动画需要打过第十章。同时，第三章就能领取到自选的ssr角色兑换券，但第十章才能领取。而打到第十章，需要的时间也是很多的。当然这可能是防止刷初始。
SSR角色，提升的战斗力明显大于其他稀有度的角色。战斗差值十倍有余。包括ssr的武器。甚至你，抽取到了xx都有全服的公告。
即使是每日送十连抽，也相当于是在汪洋大海中，仅取一瓢。而且游戏开服就已经有了，20多个服务器。这就是一个滚服的游戏。
很明显，你提升战斗力会非常爽。而且游戏体验都是基于不断提升的战斗力。也就是披着一款二次元皮的，传奇战力游戏。如果因为传奇你是喜欢的，而且喜欢这个二次元的内容。那你可以玩这款游戏。但如果你只是喜欢玩二次元的游戏，那就千万不要碰这款游戏。",87.0,1026.0,59.0
378321,绯色回响,38042194,2023-10-18 03:10:32,3,82673083,Z.🐽,Vivo IQOO 11S,,"['gameplay', 'visual_music']",['operation'],抽up池歪了三次，都准备删游戏了。结果两次双金又让它多活了两天,,,1.0
378321,绯色回响,38042188,2023-10-18 03:10:07,2,36661113,墨菲,华为 nova 6 5G,,[],[],其他方面提升战力没什么说的。好感度提升战力？是不是有点离谱了。,,,52.0
378321,绯色回响,38042042,2023-10-18 02:56:36,1,514948996,一心只想打游戏,iPhone 14,,[],[],奖励要通过一定关卡才能拿😓,,,48.0
378321,绯色回响,38041840,2023-10-18 02:35:53,3,10446462,兼一,Honor 30S,,['visual_music'],"['gameplay', 'operation']",感觉就看看立绘，这福利啥的差的很还要打通章节才给,,,
378321,绯色回响,38041814,2023-10-18 02:32:40,2,414922077,cx,Android 设备,,['visual_music'],"['operation', 'gameplay']",没啥好玩的，抽卡模拟器。,,,49.0
378321,绯色回响,38041804,2023-10-18 02:31:33,1,20533986,WikL,Android 设备,,[],"['gameplay', 'operation', 'visual_music']",真的乐子游戏，全是逼氪，玩个游戏跟上班一样，没有任何多的玩法，清完体力就没了，战力只能靠抽卡开图鉴变强，这个是最恶心的，游戏的拖都会暗示大家充钱，给我来个福利号，我也想当托,,,
378321,绯色回响,38041770,2023-10-18 02:27:56,1,18735019,朴炫宰,Vivo IQOO 10,,[],[],进去玩半天。只够抽了一个十连抽。真的，逆天，福利为0,,,50.0
378321,绯色回响,38041758,2023-10-18 02:25:44,5,463588412,露露,小米 Redmi K30S,,"['operation', 'visual_music']",['gameplay'],就冲这个，五星，其他的没啥意思，玩法挺无聊，立绘好，虽然和谐了，作为一个副游，无所谓～,,,5.0
378321,绯色回响,38041729,2023-10-18 02:22:13,2,14464542,果果玩游戏,Web 官网,,[],"['gameplay', 'operation', 'visual_music']",纯氪金游戏·第一次见仓库都放让你氪金的物品·我只能说牛逼。10倍加速68·牛逼。氪金大佬1-3直接起飞满星未央··牛逼。抽卡：超源质。0氪送的少的可怜。想要抽卡多。·冲3个·98就有了。牛逼。哈哈哈哈哈。,,4.0,
378321,绯色回响,38041690,2023-10-18 02:18:17,1,408274484,胖老鼠卡牌鉴赏家,iPhone 12,,[],[],IOS和安卓居然不互通，夸脏喔，现在都2023年了怎么还有这种二游,,,52.0
378321,绯色回响,38041614,2023-10-18 02:08:21,4,514081899,费嘟嘟超级棒,Android 设备,,[],[],"打工人趁午休体验了下，立绘不用多说，重点夸一夸动画，在二游水平里算可以了

💎资源获取：
",,,
378321,绯色回响,38041600,2023-10-18 02:06:23,1,55423392,惪嶽,iQOO Neo 5 活力版,,[],[],氪金糊脸上，体验还好，为了立绘不如玩碧蓝航线,,,51.0
378321,绯色回响,38041586,2023-10-18 02:04:00,3,48867251,行方不明,Android 设备,1560.0,[],[],"一般很少打这么低的分，不过实在是因为我游戏时长很短不好评价。
只能说战斗没意思，抽卡有坑，立绘一般，剧情有点问题（那还有什么是优点啊喂——）",,,
378321,绯色回响,38041490,2023-10-18 01:52:29,1,361906752,米高黑胖,iPhone 14,,[],[],画面总比像素点的好点，给一星，不能再多了….跟游族以前的三国西游之类的无区别….玩多了很腻….氪金的话….也差不多,,,
378321,绯色回响,38041431,2023-10-18 01:44:22,2,27827159,抠痘有备胎爱洗裤子,Web 官网,,[],[],剧情可以跳过 战斗可以跳过 就是氪金不太能跳过,,1.0,50.0
378321,绯色回响,38041414,2023-10-18 01:42:08,1,48563003,魔笛,Android 设备,49380.0,['visual_music'],"['gameplay', 'operation']",玩了几个小时感觉玩起来一把，抽卡基本保底（可能我太霉）开服两三个小时榜一大哥就70w战力了，我怀疑他玩的一元手游😒,1.0,,
378321,绯色回响,38034070,2023-10-17 06:34:25,2,25527256,战斗吧，中二少年,华为 Nova 5 Pro,5400.0,[],[],第一个区非的一塌糊涂。。然后说今天换个区吧。。兑换码竟然显示已经使用。。好吧。。删游戏换今天测试那个了。不亏是游族还真没让我失望。,,1.0,
378321,绯色回响,38041361,2023-10-18 01:33:27,1,67286431,小登,Vivo X80,,[],"['operation', 'visual_music', 'gameplay']",答辩游戏，扣的要死，现在二游市场这么卷的情况下还能做出这种游戏体验极差的游戏，我只能说策划赶快洗洗睡吧,,,
378321,绯色回响,38041344,2023-10-18 01:30:35,1,6601110,丸子炖酥肉,Redmi K50,1860.0,[],"['operation', 'visual_music', 'gameplay']",画面 立绘 玩法 建模还有待提高啊 大头娃娃小人战斗实在玩不来,,,52.0
378321,绯色回响,38041240,2023-10-18 01:14:38,1,330135337,你说的都对,Redmi Note 12 Turbo,,[],"['gameplay', 'operation', 'visual_music']","💎资源获取：
极差

☄️成长体验：
差到极致

🃏抽卡体验：
几乎没有

🎮可玩性：
这也有可玩性？

🌃画面音乐：
垃圾

🔖运营服务：
废物

✍🏻建议：
河蟹了还敢这样运营，游族网络不愧是你，快跑吧。",,1.0,
378321,绯色回响,38041233,2023-10-18 01:13:29,1,20004002,清末,一加手机PHP110,,[],[],不用我多说了，游戏钻石优惠劵我是真没想到的，主要是我在这里里面花7块钱😭😭😭,,2.0,51.0
378321,绯色回响,38041075,2023-10-18 00:46:51,2,3630960,红颜如霜,Android 设备,,[],"['gameplay', 'operation', 'visual_music']","除去立绘，一无是处
",,,69.0
378321,绯色回响,38041028,2023-10-18 00:37:02,1,548751627,花海,Android 设备,,[],[],哈哈哈，昨天10点出的游戏，下午几个小时登不了游戏，12个区11个都是绿色，滚服游戏滚不动，没人玩哈哈哈😆,,,
378321,绯色回响,38041024,2023-10-18 00:36:23,2,536917004,夜阑,Android 设备,,['visual_music'],"['gameplay', 'operation']",体力少  黑渊连个存档都没有  一堆的托  角色升星需求很高 玩法各种缝合  基本上除了角色好看 送的福利多 没啥优点,,,
378321,绯色回响,38041000,2023-10-18 00:31:57,1,100427745,快速的爬,Android 设备,7440.0,[],[],大月卡，小月卡，战令，永久卡，充值优惠券，满屏的礼包。各种月卡开了才能解锁各种功能。懂得都懂,,,
378321,绯色回响,37587513,2023-09-06 10:08:15,1,7359874,梨子,荣耀30 ,720.0,[],"['gameplay', 'operation', 'visual_music']","2023.10.18
但是你和谐了，唯一的优点没了，就一无是处了。
____________________________
2023.09.06
公测你游立绘不和谐，我必氪爆！",1.0,5.0,
378321,绯色回响,38040924,2023-10-18 00:16:34,3,47105707,吴银泽,华为荣耀20i,660.0,['visual_music'],"['gameplay', 'operation']",玩了30min 可能是我的问题吧 打过图 自选十连要推完3章 预约奖励要推完5章 每日10连要推完7章（24h过期）领完奖励打完2章 还要花钻石才够一次10连 抽完蓝天白云 直接卸载 立绘和技能动画倒是不抽 静音玩的 配音没听 ,,,
378321,绯色回响,38037848,2023-10-17 13:08:38,3,36760832,南陔,Android 设备,25020.0,['visual_music'],"['gameplay', 'operation']","我的建议是佛系玩就行了，除非万氪穿池那种，氪几千没用，池子虽然50抽保底，但是要歪四次才是大保底，250抽一井。
资源不好攒，即使国服变成150一抽，这池子依旧很深。
（我是在东南亚服刚刚开的时候玩的，那叫个一毛不拔啊，后来出了马服好像才开始送东西了。）
如果有个角色特别对XP，建议攒够250抽再下池，有风险全歪，目前很多SSR全是垃圾，尼罗利维坦这种都没出。
不知道骨王联动还会不会有。",,2.0,
378321,绯色回响,38040913,2023-10-18 00:14:01,3,26391768,嘿哈啦啦,Android 设备,,[],[],玩了半天就是少福利版的三幻,,1.0,
378321,绯色回响,38040842,2023-10-17 23:48:14,3,423812580,uact,Android 设备,,['visual_music'],"['gameplay', 'operation']",首先恭喜我们二次元终于有自己的传奇了其次聊一下游戏福利问题你见过几个二游开始邮件送你俩优惠券的（一个需要氪一块另一个氪三块还限时24小时）你是懂创新的开始送的十连还需要打过第七章才可以用（当然也是24小时后过期）开始名字一下就给我跳过去了搞了个随机名（再改名还需要付200钻）玩法跟其他大部分二游一样刷关看在立绘能给个三星,,,
378321,绯色回响,38040752,2023-10-17 23:25:16,2,15183401,黑猫,IQOO Neo6,,[],"['gameplay', 'operation', 'visual_music']","💎资源获取：资源获取离大谱，每天一百钻，够干什么，你看看你家这个抽卡概率和保底，在看看这资源获取量，而且紫卡完全没上场机会，buff提升全是给金卡的，一个金卡输出比紫卡高几倍，认真的吗？今天上线居然又送了俩氪金代金券，甚至这东西是限时的知道吧，牛蛙牛蛙，真是活久见
",,1.0,
378321,绯色回响,38040389,2023-10-17 19:17:54,1,38985499,Flamingo,iPhone 14 Pro,,[],[],五星好评的评论可以试试在下面评论一下，看看能不能评论上哈，基本刷评。我的评价是就算去刷评分洗地也救不了这么一个二游。作为一个广告、宣发都已经很明确卖点是立绘色、福利多的一款游戏，开服连满足玩家的收集欲望和抽卡欲望都完全做不到。和谐，可以容忍，说好的那些福利就是这么来的：“3650抽”指在游戏中“低强度”角色，和其他答辩中间，每天“24h”限时内抽取，其他福利几乎少的可怜，250抽保底不歪，其他道具更是难抽的很，甚至体力、等级都能卡你一首，爽感不知何处有，好像还没保底哈。要是冲着一些推荐广告想来玩着试试看的朋友，我的建议是别碰，完全达不到你的预期。（开服即玩，贵族血脉服务器有账号，体验过了，才来评价）,1.0,5.0,1.0
378321,绯色回响,38039965,2023-10-17 17:04:21,1,26296402,手机用户26296402,小米10至尊纪念版,,[],"['gameplay', 'operation', 'visual_music']",毫无可玩性，各种氪金，单调乏味,,,53.0
378321,绯色回响,38039889,2023-10-17 16:50:35,3,455985717,品,Huawei P50E,1380.0,['gameplay'],['visual_music'],说实活这个游戏有一个比较好的点，叫养成互换，但是这个打击动画有点给人一种页游的感觉，并且这刚进去的页面也有些冗杂，很像逼氪小游戏😅,,2.0,1.0
378321,绯色回响,38039836,2023-10-17 16:40:58,4,503255218,jmdd7264,华为 Mate40 Pro,2580.0,"['gameplay', 'operation', 'visual_music']",[],"搞不懂为什么4个G的游戏能这种画面表现，并且100抽想过可以搞文字游戏，但是真的没有想到这么恶心，第三章让你抽十个十连，第十章领，还要练度才能领，你那个动画拉胯的还要必须看。而且贵游挺会删评嗷，速度之快，滑跪也快，我真的想笑，你游是不是剑呐？明知道要被喷，就硬搞，然后滑跪，游族出品，必属g品，一坨浓谢？还有奉上我的满星深渊的图片。
😂😁😁",2.0,,1.0
378321,绯色回响,38039718,2023-10-17 16:20:34,2,49317145,洛奇,Redmi K60,,[],"['gameplay', 'operation']","新手任务十分钟都没结束？和谁学的放剧情？
游戏进去不停重复施法动画，
还只能不停的按要求点，教程基本没用，
游戏中间来个下载资源，还只有确认项，
搞笑呢",,,
378321,绯色回响,38039675,2023-10-17 16:15:24,4,4572585,一如繁星,小米10至尊纪念版,120.0,[],[],"感觉现在tap的风气越来越差了，个人客观评价一下，尽量公平客观
第一：这个游戏跟三国志幻想大陆非常像，几乎就是一个模板，但是要打个预防针，三幻你不氪金也是弟弟，都是属于数值游戏，主打一个放置二游罢了
第二：三幻的福利也不比这游戏好哪里去，大哥不说二弟，但是三幻的绝大多数卡都是可以用的，绯色回响除了ssr其他卡基本无用
第三：福利问题，我大概算了下，首先是除去活动，竞技场算一天拿50钻，基本上一个月有44抽，如果一个月有两次活动，一次12抽左右的话，平民零氪基本一个月七十抽没什么问题的，大小月卡玩家一个月差不多200+抽，如果再购买基金一个月差不多250抽，200抽算一井的话，零氪基本三个月才能攒出来，一个月如果可以投资100元可以很舒服，古物什么的慢慢白嫖就行，没怎么算这个东西
第四：关于游戏通关才能获取抽卡资源，不合理，但是过关并不难，基本数值碾压，有些关卡不能跳过很恶心人
第五：所有数值都跟三幻几乎一模一样，皮肤有加成，家园有加成，羁绊有加成这些都可以找到，但是三幻却没什么人骂，更主要的原因还是三幻每个卡都有作用，还是希望官方可以改一改吧，ssr数值完全碾压sr和r，差距基本是七倍左右
第六：皮肤可以白嫖，一周买完差不多六千多钻石，一周买一次差不多十周2500买一个皮肤，基本上两个半月一个吧
总结：如果零氪可能会玩的很痛苦，月氪100基本可以玩的非常舒服，甚至还能用月卡钱买买皮肤，玩的可以说非常滋润，如果想长期玩的话还是可以体验体验，分币不想充那就算了吧，一星基本都是无脑打分了，个人感觉零氪两星水平，氪金就有四星水平吧",3.0,,1.0
378321,绯色回响,38039568,2023-10-17 16:03:02,2,34472151,往事随风,OPPO K5,,[],"['gameplay', 'operation', 'visual_music']","抽卡要250抽才必出本期UP,谁战力高谁先出手，妥妥数值游戏，毫无策略可言。我在九游玩了一个半小时，所以这里不显示时间。家里没矿的大可不必下这游戏，因为会被土豪吊打。评二星防止删评
",,,
378321,绯色回响,38039400,2023-10-17 15:42:59,2,74275833,都不容易,三星Galaxy S23,,['gameplay'],"['operation', 'visual_music']",到处都是氪金提示，一般游戏也就3卡氪金，这个游戏需要七八个氪金卡，大小月卡，大小基金，大小战令，加速卡等等，还有一堆每日礼包，限时礼包，等级礼包，额度礼包，全是氪金点，抽卡几率一言难尽，氪金越多抽卡月黑，反而白嫖才是欧皇。,,,
378321,绯色回响,38039260,2023-10-17 15:27:54,1,345312056,此生不渝，纵隔山海亦有情,Redmi Note 12 Turbo,,[],[],"画质一言难尽，真心感觉不咋地。
不是剧情党，不知道做的怎么样。
就是想问问新手引导做了一点退出去之后再进来新手引导就没了？剩下的让我自己猜么。
真是见过第一个刚新手就卡关的游戏",,1.0,
378321,绯色回响,38035999,2023-10-17 09:50:05,1,36258202,呀哒咩,Vivo X80 Pro天玑9000版,,[],"['gameplay', 'operation', 'visual_music']","快跑
第一次，有史以来第一次，玩二游，感觉是页游或者现在的小程序游戏，你立绘再好，但是你够恶心。各种氪金点等着的，牛逼。我玩个二游就是收集收集人物，卖卖皮肤，取悦自己，你倒好，各种恶心到我。我只能说，拜拜您嘞，大爷没法伺候。
对了，还有站力体统，6块当黑叫花子了。


补充说明，真的太扯了，各种花式骗氪，活动都是骗氪的，要素太多，玩起来很累。你游是策划是页游挖过来的吧，可惜了游戏性和原画师。",,8.0,1.0
378321,绯色回响,38038504,2023-10-17 14:11:54,5,409958886,白白白白,Redmi K60,,[],[],没玩过这类游戏的话，可能会喜欢他的新手教程，可是老玩家真的觉得太长了，推荐指数中等吧，回合制确实会有一些无聊 ,,1.0,
378321,绯色回响,38037944,2023-10-17 13:19:29,2,123055940,大名鼎鼎的“V”,Android 设备,,['visual_music'],"['gameplay', 'operation']",模拟器上玩的，整整一个下午，评价的不会很全面。立绘很涩（还是动态的，舔…）……嗯，没了……全是充值充值，竟然还有限时一折充值道具？逆天。战斗做的是真简单啊，3倍，自动，跳过，全都有，6，玩什么？升星很离谱，巨离谱，为什么升星要那么多碎片？哦对了服务器一股网游味。有性别可选不错，还配了音，嗯不错，可以加1分，要不是意图太明显了，冲着这个立绘和配音，高低能冲一冲试一试。剧情很平淡，很平淡叙事性一般。🙅🙅🙅全身上下都很廉价，不建议游玩。哦对了还有就是抽卡资源……关卡基本没有？,,1.0,
378321,绯色回响,38037916,2023-10-17 13:16:36,1,583611810,。,Honor Magic4 Pro,,[],"['gameplay', 'operation', 'visual_music']","开服了信心满满的期待这款游戏。结果跟真的大失所望。
战斗方式 根本就不需要你操作 点一下召唤技能就可以了 或者全部自动 哈哈 我都不知道在玩什么
开服说什么免费100抽 太假了 以为可以抽了就直接领 没找到还有条件 那就是你涮副本通关多少关 我通关10关领了一次 
SSR也获得5个 6人的大头娃娃队伍 卡池我都捞完了 涮来涮去跟那种开局送vip差不多
剧情吗？还不错 人物那个动态画封面还可以 
画质还可以 低画质还是很清晰的 唯独就是角色栏有多好看 战斗就有多烂。
玩了一早上我就卸载了 太肝了 问题是肝不动
纯属个人观点 不代表大众",,,
378321,绯色回响,38037780,2023-10-17 13:00:05,1,370664400,Ry,华为P40 Pro,,[],"['operation', 'visual_music', 'gameplay']","教程过于繁琐。
立绘(dddd，玩过外服，再看国服……)。
奖励，评论里吐槽的人够多了就不赘述了。
总结:作为一款没什么太多新意的二次元“立绘”游戏，别的就不说了，核心都几乎没了，还玩个屁😂",,,
378321,绯色回响,38037410,2023-10-17 12:22:48,1,82112193,景战,一加 Ace 2 pro,,[],"['gameplay', 'operation', 'visual_music']",这游戏给我的感觉不是很好，这个游戏是跟我玩出了一个什么叫做文字游戏，说每天十连但你要达到一定的关卡次数才可以，哎，自选十连你得打到第五关，你才能有资格抽，然后你再打到第十关，你才可以获取你第五关抽人物的资格，还有预约奖励也是达到一定的关数，你才可以领取到,,,
378321,绯色回响,38037317,2023-10-17 12:12:46,5,348286962,Tian_,Android 设备,,[],[],战斗的3D小人挺可爱的，就是战斗的打击感稍差，可以优化一下,,,
378321,绯色回响,38037156,2023-10-17 11:54:05,1,8044,z_Zhe.,小米Xiaomi 13 Ultra,120.0,['visual_music'],"['gameplay', 'operation']",玩不下去，剧情一般，玩法无聊透顶。新手教程又长又臭，降智打击，滚服。,,2.0,53.0
378321,绯色回响,38037065,2023-10-17 11:44:27,1,420904076,辰,Android 设备,,[],"['gameplay', 'operation', 'visual_music']",爆率太低了，游戏内容体验很差,,,49.0
378321,绯色回响,38036669,2023-10-17 11:02:16,4,51126634,林酥の血小板,Android 设备,,"['operation', 'visual_music']",['gameplay'],"挺好玩的，挺适合喜欢挂机刷关的同学，

🃏抽卡体验：
一百五砖石一抽，反正我全歪了😔

☄️成长体验：
太缺体力了，每一关的经验都是当前等级*10，还是挺难升级的，送的那个国服限定角色伤害挺高，开荒可以用

💎资源获取：
砖石获取挺简单的，资源的话我玩到现在，就是缺体力咯",,1.0,3.0
378321,绯色回响,38036554,2023-10-17 10:49:18,1,52750526,长星夜烁,Redmi K60 Pro,,[],"['visual_music', 'gameplay', 'operation']",mumu模拟器玩了下 体感就是太油腻了 游戏性上甚至不如黄油  送的限时一天的十连抽  要打好久才能用 有种二次元传奇的美感,,,
378321,绯色回响,38036156,2023-10-17 10:05:37,5,25073183,RSZE,Huawei Mate 50,2460.0,"['gameplay', 'operation', 'visual_music']",[],"🌃画面音乐：
立绘不错，又大又白又圆
配音也不错，目前进度全配音，角色有明显的辨识度
🎮可玩性：
剧情中等偏上，可以一看
🃏抽卡体验：
🦭",1.0,2.0,10.0
378321,绯色回响,38036257,2023-10-17 10:16:54,1,26359981,chuL1p酱,Android 设备,,[],"['visual_music', 'gameplay', 'operation']","非常一般且无聊的游戏。
市面上一大把相同的游戏，麻木了。
唯一的特色也被国服河蟹了。",,,52.0
378321,绯色回响,38036052,2023-10-17 09:56:30,1,23265505,追逐,小米Xiaomi 13 Ultra,,[],"['operation', 'visual_music', 'gameplay']","💎资源获取：
很一般的一款游戏

🃏抽卡体验：
说是送100抽其实只是个噱头和文字游戏

☄️成长体验：
没啥感觉，很一般吧。

🌃画面音乐：
基本上就是大众水平

🎮可玩性：
太一般可玩

🔖运营服务：
运营给你点赞，文字游戏充值按钮一堆。",,,
378321,绯色回响,38035942,2023-10-17 09:43:28,1,21222962,「   」,Android 设备,10140.0,['visual_music'],"['gameplay', 'operation']",美术水平毋庸置疑，但各种东西都是用来提战力的，高情商：提升反馈很好，低情商：就一战力游戏，氪金就能变强。游戏送的百连抽了还有往后推好几章才能领，遗器抽卡概率也低的离谱。总的来说，对氪佬来说很友好，对平民来说看看就好，看看就好,,,
378321,绯色回响,38035907,2023-10-17 09:38:15,1,107713150,游戏达人小蔡,Redmi Note 12 Turbo,,[],"['gameplay', 'operation', 'visual_music']",画面很烂，美术很烂，都是大头娃娃还很丑，画质还很糊。开局就是新手教程军训10分钟，技能动画还不能跳过，有意义吗？浪费生命。,,1.0,
378321,绯色回响,38035858,2023-10-17 09:33:17,3,10141354,野,Vivo V2049A,,['visual_music'],"['gameplay', 'operation']",以前台服内测的时候玩过，不好玩，不氪金一直卡图，福利也给得少,,,
378321,绯色回响,38035763,2023-10-17 09:23:39,2,14387902,？？？,Huawei Nova 9 Pro,,['visual_music'],"['gameplay', 'operation']",除了画风好一点找不到别的优点了,,1.0,45.0
378321,绯色回响,38035752,2023-10-17 09:22:45,3,519830267,琥珀封印,Web 官网,,[],[],"铺天盖地的广告，那我也下一个试试。
怎么说呢，美术其实不错，就是氪的有点重，有点负担不起。
瞎玩吧",,,1.0
378321,绯色回响,38035608,2023-10-17 09:09:03,2,5301212,Yoowoon,小米Mi 11,,[],[],满命要8只，卡池概率极低。打着每天送十连的假象来增加用户粘性，每日十连要一直抽来增加几率，一开始就是不可能抽到ssr的几率。氪金一箩筐全家桶给你配齐，还有N多基金，堪称基金狂魔。,1.0,1.0,
378321,绯色回响,38035607,2023-10-17 09:09:02,1,408277498,熬翔的王大橘,Android 设备,,[],"['gameplay', 'operation']","出货率低也就罢了  抽卡资源也给的扣扣搜搜  玩了两个多小时 就四个十连  玩屁咯

",,,51.0
378321,绯色回响,38035560,2023-10-17 09:03:49,5,419007118,欢,Honor 60 Pro,5820.0,"['gameplay', 'visual_music']",[],"“我奋力挣脱了圣堂的牢笼，就是为了和您一起享受自由。”

图立绘和剧情入坑可以的，玩法比较常见，不同之处也可以多多探索。甜美拯救世界哇，咱们伊利里跟妹妹超可爱的好叭😍

",1.0,3.0,7.0
378321,绯色回响,38035509,2023-10-17 08:57:08,5,17064390,手机用户17064390,华为P40 Pro,,"['gameplay', 'operation', 'visual_music']",[],主线动画很不错，玩法衔接流畅，局内动作，攻击动画效果都很不错。个人对这类卡牌游戏比较喜欢。刚刚入坑持续期待后续剧情和玩法,,,4.0
378321,绯色回响,38035311,2023-10-17 08:37:41,5,27784140,麻濑红莉栖,Android 设备,,[],[],"自选十连奖励还没领，靠固定十连和送的角色推到卡等级了，主线部分关卡能跳过也说明不是走玩法的游戏，具体是什么类型懂得都懂੭ ᐕ)੭*⁾⁾
在这个方面上虽然比外服还是少了些东西，胜在国服还是方便，当个副游玩玩还是不错的，看图也不缺在游戏里看就是了",1.0,,3.0
378321,绯色回响,38035279,2023-10-17 08:33:52,5,484868829,Yummi,Android 设备,,"['operation', 'visual_music', 'gameplay']",[],去年在外服就已经体验了一遍了，新上了国服再来体验一次！！美术真的花心思啦，场景很有二次元番剧的感觉，我们伊利里还是这么可爱，今天玩又被荷鲁斯圈粉了哈哈哈,,,
378321,绯色回响,38035276,2023-10-17 08:33:26,5,417940713,萌萌,小米MI 9,2040.0,"['gameplay', 'operation', 'visual_music']",[],"游戏的角色立绘非常棒，成功的戳中了我的点。
卡通形象也可爱，战斗流畅，希望多给点福利，能长时间的更新维护运营下去！
虽然国服好像和谐了挺多的，不过还是要表扬下美术！",,1.0,5.0
378321,绯色回响,38035275,2023-10-17 08:33:25,3,360612355,忘了是谁,Vivo X90s,,"['gameplay', 'visual_music']",[],都挺好，我建议把大招动画和攻击连在一起，不然看着没有连贯性，对游戏体验会造成影响,,,1.0
378321,绯色回响,38035256,2023-10-17 08:31:02,1,35817014,snowuc,Android 设备,11400.0,[],"['gameplay', 'operation', 'visual_music']",太拉了，10连自选卡章节，出货率up池子很迷，好像是没保底,1.0,1.0,51.0
378321,绯色回响,38035239,2023-10-17 08:29:30,1,397385170,User397385170,华为 Mate40,,[],"['operation', 'visual_music', 'gameplay']",和谐的有点严重，爆率也低，没法玩,,1.0,46.0
378321,绯色回响,38035111,2023-10-17 08:15:15,2,110913080,该用户已注销,Vivo V2024A,,[],"['gameplay', 'operation', 'visual_music']","一个多了一个角色技能演出的战火使命，但是福利没有战火爽快直接的战火使命
补充一下，有的SSR角色还没做技能演出动画战火使命
",,1.0,
378321,绯色回响,38035188,2023-10-17 08:24:58,5,105290384,手机用户105290384,华为P40,6300.0,"['gameplay', 'operation', 'visual_music']",[],国际服上的时候就关注了，嫌麻烦等了国服。开服第一时间上线，首先肯定一下福利很不错，二游福利内卷时代就是爽，立绘不用说了，真真真的太涩涩了，这个送的ssr太戳我xp了，希望能好好运营。,,,
378321,绯色回响,38035158,2023-10-17 08:21:10,4,456935105,jonny,"iPhone16,1 ",,[],[],日式卡牌，经典玩法，感觉还不错，Ui精美，立绘很有味道，不时穿插CG，感觉很下成本.上来就送十连抽，操作简单。,,,1.0
378321,绯色回响,38035148,2023-10-17 08:20:05,2,427018574,阿杰,Android 设备,,['visual_music'],"['gameplay', 'operation']",二次元版传奇可还行  除了角色有点东西看其他真没什么亮点   总结：充钱玩游戏✘  闲得无聊打发时间✔  ,1.0,2.0,
378321,绯色回响,38035131,2023-10-17 08:17:38,2,44109206,樱桃,Realme GT Explorer Master Edition,,[],"['gameplay', 'operation', 'visual_music']","指引系统直接就指到氪金商场了，目的要不要这么明显啊，
我第一次见十连还有过几关还能领的，这么搞。
两分就给角色立绘。奖励不想给可以不给，非得卡住你。背包十抽还限时一天，大开眼界。
",1.0,2.0,
378321,绯色回响,38035106,2023-10-17 08:14:50,5,424067056,98就是那个九八,Xiaomi Mi CC9,,"['gameplay', 'operation', 'visual_music']",[],"在现今的游戏市场，回合制手游如雨后春笋般出现，但《绯色回响》绝对是其中的一颗明星。它为我们带来了一个令人陶醉的游戏世界，提供了深度的策略挑战和丰富的故事体验。
游戏的画面和音效令人叹为观止。每个角色和场景都充满了精美的细节，让玩家感受到了无与伦比的沉浸感。背景音乐和音效也相当出色，为游戏增添了神秘感和情感深度。
但最让人印象深刻的是游戏的剧情和游戏性。《绯色回响》的故事情节令人陶醉，充满了令人难以忘怀的角色和戏剧性的发展。每一次的选择都会影响故事的走向，为游戏增加了巨大的回放价值。
战斗系统是这款游戏的闪亮之处。它结合了策略和计划，让玩家沉浸于深度的策略决策中。技能树和升级机制为角色的成长提供了多样性，而游戏的难度曲线让人感到满足，既有挑战性又不失公平性。
此外，开发团队对于维护和更新也表现出色。他们积极响应玩家反馈，修复漏洞，并定期添加新内容，确保游戏的生命力长久。
尽管有一些内购选项，但它们不会破坏游戏的平衡性，因此不会对游戏的质量造成负面影响。
总之，如果你是回合制策略游戏的爱好者，那么《绯色回响》绝对值得一试。它融合了出色的图形、深刻的故事、令人满足的战斗和积极的开发团队，为你提供了一场精彩的战略冒险。",5.0,3.0,23.0
378321,绯色回响,38034501,2023-10-17 07:16:34,5,69337092,奇迹的基斯卡,小米 Redmi 10X,,"['operation', 'visual_music']",[],玩起来很轻松，每日资源本都是自动扫荡，完全不需要我自己点啊。虽然现在l2d基本都是二游标配了，不过你游大招也有动画，角色都漂亮滴很呐（感叹）。,,,2.0
378321,绯色回响,38034991,2023-10-17 08:03:32,1,444402505,绒红米67米,Android 设备,,"['operation', 'visual_music']",['gameplay'],"有关战斗力我们可以说一下是怎么回事？
      通过提升角色面板数值提高自身攻击力，每次的攻击力提升总战力值就会提升，不过，我觉得玩过不下500次了，是真的乏味。

谈谈自身对游戏的理解？
      我也在游戏荒的时候玩了不少的二次元类的游戏，每次的新游都会使我眼前一亮，更多的是实际游玩的重复性和模板化，确实市面上这款游戏我都可以找出好几个一模一样的，这一点我只能说差点意思。


💎资源获取：
送的比较多，但是提升快速会很爽但是提升到了后面就会越来越慢，最后无底洞，资源这一方面我可以给4分，但是平均下来只有1分，因为游戏有个最大的扣分项，那就是玩法！

玩法：10年前的类似传奇模式，关卡构造有点舟的影子，各种扫荡模式，倍速啊，跳过战斗啊，之类的全都是10年前的了，总体玩下来主打一个枯燥，所以我只能给0.5分，作为核心玩法怎么可以这么水。


如果有新人想入坑的话，我想你要是能接受高数值，传奇类，无限堆叠战力的话，这游戏还是可以的。如果你是注重玩法的话，我推荐就是快跑不要来(本人亲自试毒，这次评论均都是自己玩的过程思考出来的。)

",,1.0,
378321,绯色回响,38034927,2023-10-17 07:57:20,2,553483584,夏九离,Redmi K60,,['visual_music'],"['operation', 'gameplay']","🃏抽卡体验：
歪的离谱，歪4次才有大保

🎮可玩性：
可玩性，让手机自我锻炼，然后没你事了

☄️成长体验：
充的越多越是大哥，新手福利都得后面解锁，看着活动满满的充值，还有全服购买浓浓的传奇味，我都怀疑后面会整个合服，

🌃画面音乐：
这个确实可以",2.0,12.0,
378321,绯色回响,38034881,2023-10-17 07:53:20,5,23968504,手机用户23968504,OPPO K5,,"['operation', 'visual_music', 'gameplay']",[],动效不错，主界面布局、按钮、文字展示都比较明显且简洁。前期主线剧情动画较多，前期就当动漫来看就感觉还好，还在探索中，像我这样的老非酋，期待抽卡能被善待。,,1.0,5.0
378321,绯色回响,38034878,2023-10-17 07:52:54,1,582062509,正义的教授,iPhone XR,,[],[],乖乖，各种充值窗口充值点占满界面，主打的就是把你弄得眼花缭乱，不说礼包月卡这种啊，基金都有好几种，每种一百块，我刚玩到20级呢，后面不知道还有哪些充值地方，游戏世界频道各种托，主打就是刺激你充钱，跑啊快跑扛着地球跑,,,
378321,绯色回响,38034867,2023-10-17 07:51:57,3,443799597,芒果小云朵,Android 设备,,"['operation', 'visual_music']",['gameplay'],有点玩不动了，立绘很赞，但情节很一般，福利感觉不多，可玩性也体会不到多少，至少不是我喜欢的游戏。,,2.0,
378321,绯色回响,38034843,2023-10-17 07:48:47,5,11898975,扯淡的青春☜☞逗逼的年代,iPhone 13,,[],[],美术真的超级赞，角色很精致，设计很新颖，妥妥的二次元的福利,,,
378321,绯色回响,38034840,2023-10-17 07:48:33,1,3174152,食食物者,小米13,,[],[],玩了一上午，本来感觉还可以的，但是发现究极人权卡要氪3k才有，而且pvp占比很大，直接劝退不玩了捏,,1.0,
378321,绯色回响,38034670,2023-10-17 07:33:21,4,573926445,笑到模糊的代理人,iOS 设备,,[],[],刚玩了一会，是今天被广告画面吸引来下载的（）先评为敬！！！！角色立绘出色，伊利里实在是太可爱了吧！！很久没见过这么可爱的角色了，先不说了我要继续玩下去了！！,,,
378321,绯色回响,38034784,2023-10-17 07:43:58,5,545784667,宝贝宝贝鸭,iPhone 13,,[],[],每个小姐姐都好piu亮！！总之我先冲啦！按头安利家人们！喜欢萝莉的我有福喽（不是,,,
378321,绯色回响,38034761,2023-10-17 07:42:14,1,567058229,嘚闲饮茶,Vivo X90s,,['visual_music'],"['operation', 'gameplay']","画面是可以的，就是奖励机制太黑了

🃏抽卡体验：差评（默认保底，欧皇不存在的）
",,1.0,53.0
378321,绯色回响,38034743,2023-10-17 07:40:38,5,47514312,手机用户47514312,iPhone 13 Pro Max,,[],[],这个开场，一眼万年啊！！看到宣传广告被吸引，场景和人物设计都眼前一亮，特效细节感满满。每个角色都个性鲜活，Q版也好可爱好好rua的样子。都去给我下载下来欣赏美女姐姐！,,,1.0
378321,绯色回响,38034741,2023-10-17 07:40:23,5,440985714,佩佩鸭,Honor Magic5 Pro 5G,,"['gameplay', 'operation', 'visual_music']",[],还不错，是我喜欢的类型，每个模式都可以出个快速按钮，不要浪费时间,,,3.0
378321,绯色回响,38034711,2023-10-17 07:36:39,2,475286753,嘿嘿嘿,Android 设备,,[],[],抠门游戏，第一发十连有奥黛丽吗？建了几个号都是其他常驻，删了删了，本来就拉胯,,1.0,53.0
378321,绯色回响,38034686,2023-10-17 07:34:14,1,24425782,喃语呓梦,OPPO Reno Ace,2220.0,['visual_music'],"['gameplay', 'operation']","之前在外服已经提前玩过2个月的时间，想看看国服改的咋样，只能说毫不意外，还是一坨答辩。
本来想直接跑路的，结果看到tap弹出让我评论的消息，那我自然没有理由拒绝。
除了特“色”，毫无特色，被精美包装的答辩，但再华丽的包装也掩盖不了其答辩的本质。
极其无聊的自动回合制玩法，毫无操作，一般这种模式都是挂机收菜的游戏才有的模式，可他只加入了一部分的跳过，和加一部分氪金特有的跳过，再保留一部分原本的味道（指不能跳过），这样你才知道你玩的是一个独特的需要手操的自动回合制游戏。
抽卡福利还行，但是代价是角色初始残疾，强度和星级绑定严重，且星级提升基本靠抽卡，绝大部分buff技能直接做成概率性技能，初始概率50%，升星给你变成100%。
氪金至上的养成，你的队伍强度和你的角色数量（氪金抽卡），角色星级（氪金抽卡），家具数量（钻手购买购买），角色武器（氪金抽卡），古代遗物（氪金且完整ssr0.2%概率，绝大部分情况抽碎片，且碎片为1，且100碎片才能拼出来最高等级，且还有升星需要碎片）
还有那个7日活动（给ssr尼格霍德的那个），在外服一开始是限时的，后来发现大部分玩家基本做不完（无氪玩家需要每天买体力赶进度加欧洲抽卡才能勉强拿到ssr）才改成不限时，在做完之后还会出一个限时14天的活动，但是不氪金不可能做完。
最后再给你加上极其繁琐重复的日常活动，各种界面疯狂重复点点点，让你的精神备受折磨，但官方贴心的给你准备了自动脚本，只需68，加班一小时就能变半小时，实在是太贴心了捏😁。


",,33.0,2.0
378321,绯色回响,38034659,2023-10-17 07:32:25,3,2029415,凌宸,Web 官网,,[],[],"角色还行，但是玩法是特别特别复古的放置游戏，着实有点没意思，单纯的数值游戏
强pvp不喜欢",4.0,16.0,
378321,绯色回响,38034626,2023-10-17 07:29:46,4,100000040,龙猫,iPhone 14 Pro,,[],[],哇，抽到最喜欢的德古拉。玩了一上午，挺适合上班摸鱼玩的游戏，立绘超漂亮。周边啥时候上啊……,,,1.0
378321,绯色回响,38034604,2023-10-17 07:27:41,1,124059509,又怎样,Oppo K10 5G,,[],"['gameplay', 'operation', 'visual_music']",套路多，1、开服福利所说的什么送抽，送的ssr卡池概率公示里根本就不包含目前t0-t1的ssr，全部都是t2后面的，2、就算1里说说的也就罢了，你想拿到得打那么一两百把，和坐牢没区别,1.0,2.0,
378321,绯色回响,38034565,2023-10-17 07:23:50,5,441549395,KChaos,iPhone 13 Pro Max,,[],[],角色立绘很漂亮，游戏的刷管体验也很不错，每日免费10连可谓诚意满满了，今天玩了两个小时已经五个SSR角色了，最主要是好看啊！！强烈推荐！！！,2.0,9.0,5.0
378321,绯色回响,38034491,2023-10-17 07:15:45,4,519607159,Roger_Fed,华为 nova 6 5G,,"['gameplay', 'operation', 'visual_music']",[],游戏的美术立绘没得说，国服这个特殊情况下已经很不错了，美少女的特点都还保留得很好。而且推进度也蛮容易的，养成相对轻松，很适合作为一个副游（期待泳装皮肤上线！）,,,
378321,绯色回响,38034502,2023-10-17 07:16:46,5,14018733,川,Android 设备,,['visual_music'],[],主角好可爱！妹子们也很好看！好符合我xp！白送的小姐姐是怎么做到又涩又可爱的！！！还有尼德霍格的皮肤，真好看呐😻,1.0,,4.0
378321,绯色回响,38034495,2023-10-17 07:16:03,5,29450591,一树繁花丶🈚,小米Mi 10S,,"['gameplay', 'operation', 'visual_music']",[],"这游戏一直在关注，早上一开服就在玩了。
游戏立绘精美，玩法丰富多样，游戏中的角色设计独特，拥有各自的技能和特点，玩家可以根据自己的喜好进行选择。
这是一款非常棒的二次元手游，推荐来玩！",3.0,2.0,3.0
378321,绯色回响,38034490,2023-10-17 07:15:32,5,584963560,无敌的搭配师,iPhone 14 Pro Max,,[],[],"妈耶！！！终于等到绯色回响了
颜控有福了，画面不要太好看 😍😍😍😍
剧情也好吸引人，开服福利多 我先冲一步
还是大制作游戏玩着得劲 ，核心玩法有趣、无论是剧情结合度还是内容丰富度代入感极强

",,1.0,2.0
378321,绯色回响,38034473,2023-10-17 07:14:20,5,485239150,杀手Kai,iPhone 13 Pro,,[],[],立绘的画风非常上头！跟着剧情打了好一会，停都停不下来😉拉朋友一起开新坑喽～,,,1.0
378321,绯色回响,38034474,2023-10-17 07:14:20,5,110558152,SHY,iPhone 13 Pro Max,,[],[],"老婆们终于来到国服啦！舔~舔~舔~
国服专属老婆也太飒了！无敌无敌！
玩法什么的重要吗？不重要！氪！我要瑟瑟的皮肤，瑟瑟的角色！利维坦快上快上~",,,1.0
378321,绯色回响,38034470,2023-10-17 07:14:02,5,320960150,User320960150,"iPhone16,2 ",,[],[],以前不太愿意玩策略卡牌类型的游戏，但今天玩了一会感觉挺不错，容易上手，游戏界面设计精美超过预期，可可爱爱的小人物，太有趣啦。,,,2.0
378321,绯色回响,38034438,2023-10-17 07:10:59,5,6591601,👻,Honor 80 Pro,,"['gameplay', 'operation', 'visual_music']",[],老婆好看，老婆好看，老婆好看，美术组立大功，感谢给我画了这么多漂亮老婆ε٩(๑> ₃ <)۶з,,,3.0
378321,绯色回响,38034418,2023-10-17 07:09:47,1,386435271,Gentle,Android 设备,,[],[],咱就是说我看了东曦的剧情和一些角色服饰，再加上我看了官方发的关于东曦国的介绍，我觉得这个东曦就是现实当中咱们的国家，但是这衣服合适吗这就没穿裤子，不管那个国这衣服都太过分了吧，更何况这游戏里的东曦和咱国家很有关联可以说就是现实的中国了😅,,1.0,
378321,绯色回响,38034415,2023-10-17 07:09:30,5,71231561,手机用户71231561,iPhone 14,,[],[],"“我奋力挣脱了圣堂的牢笼，就是为了和您一起享受自由。”
在终末世界和少女们一起战斗吧！绯色少女，本性觉醒！为《绯色回响》疯狂打call！！！",,1.0,2.0
378321,绯色回响,38034409,2023-10-17 07:09:10,5,557889803,深海小镇与猫,iPhone 12,,[],[],期待了很久终于上线了，美术赞赞赞！,,,1.0
378321,绯色回响,38034407,2023-10-17 07:08:56,4,10281614,十九,Android 设备,,['visual_music'],[],"上班摸鱼好游戏！过关就挂挂机，养成一键继承也挺轻松的（主要是当时推上刷到日服的立绘👉🏻👈🏻虽然国服和谐了，不过还是好看的）
p.s.好喜欢未央！麦外敷！我命中注定的美女老婆！",1.0,,
378321,绯色回响,38034404,2023-10-17 07:08:47,5,109134408,奈特,iPhone XS Max,,[],[],立绘相当可以 帅滴很！！养成系统比较创新 直接切换角色到对应队伍位置即可 继承等级装备 挺有意思的,,,3.0
378321,绯色回响,38034402,2023-10-17 07:08:38,1,14034366,自梦,小米 Redmi K30S,,[],"['gameplay', 'operation', 'visual_music']",开局直接强制点点点看一堆大招动画，做完教程直接去下载 哈哈 pvp一堆,,2.0,52.0
378321,绯色回响,38034376,2023-10-17 07:05:44,5,57738188,手机用户57738188,iPhone 13 Pro,,[],[],"游戏的立绘非常不错，虽然福利有点门槛，但是努力一下还是可以拿到
期待人品爆棚，十连出三个老婆",,,2.0
378321,绯色回响,38034377,2023-10-17 07:05:52,1,9943886,NGC1277,一加手机11 5G中国版,,[],"['gameplay', 'operation', 'visual_music']",用我的流量在哪更新，瞬间手机欠费,,,48.0
378321,绯色回响,38034375,2023-10-17 07:05:28,5,16439201,makimaki,RealmeGT Neo5,4200.0,"['operation', 'visual_music', 'gameplay']",[],"战斗直接自动还挺爽的 前期弱保软部分也不是很多 就是资源一开始给的有点少 需要推点图 但是觉得立绘真没的说
希望后期国际服那些高质量皮肤没和谐太多",,,4.0
378321,绯色回响,38034372,2023-10-17 07:05:13,1,40860150,手机用户40860150,iPhone 14,,[],[],基本类似我是MT,,,61.0
378321,绯色回响,38034357,2023-10-17 07:03:58,1,105062046,鱼不知,Android 设备,,[],[],"💎资源获取：福利差就不说了，后面每升一级都要大量体力，就算刚开服第一个冲进去，也因为没有体力不能升级，氪佬用钱买体力，而30级才能建公会，微氪党唯一的创建公会优势都被氪佬抢了。为氪而生的游戏，平民都被算计好了，安排的明明白白。


",1.0,1.0,
378321,绯色回响,38034346,2023-10-17 07:02:41,1,14863402,九亿少女的意中人。,小米Mi 11,,['visual_music'],"['gameplay', 'operation']",游族经典流水线卡牌，跟他那个少年三国志一样臭，烂的ui一眼看去乱的不知道干嘛，卡牌也没有新意，就立绘还能看看了,,2.0,
378321,绯色回响,38034323,2023-10-17 07:00:02,1,7679192,懵懂ら,Android 设备,,[],"['gameplay', 'operation', 'visual_music']",咋说呢，太一言难尽了送的东西还有限制，预约奖励也有，抽的十连也有，体验极差差到离谱,,,52.0
378321,绯色回响,38034313,2023-10-17 06:59:09,1,413818334,郑,Vivo V2068A,360.0,[],"['gameplay', 'operation', 'visual_music']",确实夸张，fhx不端出来留着给你们上焚是吧福利一样夸张，氪金礼包跳脸，排行榜一看一堆战力是你几十倍的拖，二次元传奇，哈哈哈,,3.0,
378321,绯色回响,38034311,2023-10-17 06:59:03,4,101159405,莫晓軒,iPhone 13 Pro,,[],[],还不错,,,2.0
378321,绯色回响,38034305,2023-10-17 06:58:12,5,57943410,HeYoo,iPhone 12 Pro,,[],[],有一说一 比海外版本福利多太多了 坐等美丽ssr,,,3.0
378321,绯色回响,38034298,2023-10-17 06:57:28,1,486536429,Min,iPhone 14 Pro Max,,[],[],很难评。。。毫无亮点，还扣,,1.0,48.0
378321,绯色回响,38034267,2023-10-17 06:54:15,4,416629084,鹿梦诺,一加手机Ace竞速版,,"['gameplay', 'operation', 'visual_music']",[],交流群707268342,,,2.0
378321,绯色回响,38034258,2023-10-17 06:53:35,2,24407301,墨念,Vivo S16e,,[],"['operation', 'visual_music', 'gameplay']",没啥可玩性,,,62.0
378321,绯色回响,38034256,2023-10-17 06:53:24,1,124298923,尾巴,OPPO A92s,,"['visual_music', 'gameplay', 'operation']",[],"抄袭游戏，总之很无语
",,,62.0
378321,绯色回响,38034246,2023-10-17 06:52:18,1,29445353,kettenkrad,Web 官网,,[],"['gameplay', 'operation', 'visual_music']",同质化的玩法毫无新意，除了技能的演出之外，实在看不出这游戏和其他竞品有什么不同的地方,,,1.0
378321,绯色回响,38034240,2023-10-17 06:51:51,5,120465376,清山,华为 Nova 8 Pro,,"['gameplay', 'operation', 'visual_music']",[],这游戏欧皇玩的开心，非酋在默默的写差评😁,,,
378321,绯色回响,38034202,2023-10-17 06:48:43,3,470908384,新手,小米Mi 10S,,[],[],刚打完新手教程就绷不住了，有点想直接退😅,,,
378321,绯色回响,38034186,2023-10-17 06:47:03,1,102821222,手机用户102821222,Nubia NX679S,,[],"['gameplay', 'operation', 'visual_music']",不能说是一无是处，只能说是毫无优点，下载你这烂游戏是我的问题。,,,54.0
378321,绯色回响,38034087,2023-10-17 06:36:06,2,56673019,雾满拦天,HUAWEI Mate 40 Pro,,[],[],只能说不推荐游玩,,,67.0
378321,绯色回响,38034077,2023-10-17 06:34:41,3,31575396,一头欠揍的驴,小米Redmi K40,,[],[],一般就是几年前的那种回合制游戏，氪金就是王道，不过我运气比较好，ssr的角色该出的都出了，古物一共三个ssr出了两个，玩起来还是体验蛮好的,,,
378321,绯色回响,38034049,2023-10-17 06:32:24,1,55268444,胖娃,iPhone 14 Pro,,[],[],不氪金是玩不下去的这游戏。还是继续光与暗之交战吧,,,52.0
378321,绯色回响,38034034,2023-10-17 06:30:11,4,503020667,空城落花,Redmi K50 Ultra,,[],[],破教程长的要死,,,
378321,绯色回响,37971087,2023-10-10 17:41:22,5,26128579,若困兽之斗,Android 设备,,"['operation', 'visual_music', 'gameplay']",[],我的评价是:满分,2.0,,1.0
378321,绯色回响,38033998,2023-10-17 06:25:40,1,11978546,旧忆,Android 设备,,[],"['gameplay', 'operation', 'visual_music']",新手教程又臭又长,,3.0,68.0
378321,绯色回响,38033979,2023-10-17 06:24:07,4,346602351,魔神,Vivo V2057A,,"['gameplay', 'operation', 'visual_music']",[],挺好玩的，就是抽奖概率有点低,,,
378321,绯色回响,38033953,2023-10-17 06:22:04,3,13320190,kimari,Nubia Red Magic 8 Pro,,['operation'],"['gameplay', 'visual_music']","分屏没有做适配，一分就黑屏卡死，机型红魔8pro
剧情有配音好评，就是画面很模糊。。",1.0,,
378321,绯色回响,38033850,2023-10-17 06:11:49,3,7368471,莫莫桑,小米Xiaomi 12S Pro,,[],[],礼包呢？礼包呢？,,,
378321,绯色回响,38033812,2023-10-17 06:08:47,1,1349974,乆结,Vivo V2172A,,[],[],笑死，宅男的第一款传奇？,,,52.0
378321,绯色回响,38033792,2023-10-17 06:07:13,1,491116093,不醉,华为 nova7 SE,360.0,[],"['gameplay', 'operation', 'visual_music']",没啥特点，失望,,1.0,70.0
378321,绯色回响,38033789,2023-10-17 06:06:39,1,27950326,유동 🙈,iPhone 14 Pro,,[],[],很烂,,1.0,68.0
378321,绯色回响,38033782,2023-10-17 06:06:02,1,408376677,离别诗,Android 设备,,[],[],不是，到底哪家游戏开创的资源包不能直接更新完开服进去才能更完，你这游戏新手引导还长的一批也没有提示哪里能暂停下载，真绝了，十点是个人都上班了哥，有没有一种可能有些地方上班没有无线网络只能开流量啊,,1.0,
378321,绯色回响,38033751,2023-10-17 06:03:36,2,51185299,A,小米Mi 10S,480.0,[],"['gameplay', 'operation', 'visual_music']","💎资源获取：
和外服没有区别，外服都把玩家当傻子了，国服不一样么
别来国服当原种，氪一分钱都是对你自己钱包的不尊重

🃏抽卡体验：
垃圾，除了歪还是歪",,,
378321,绯色回响,38033735,2023-10-17 06:02:10,1,2187054,一起吃蛋糕🍰,小米Xiaomi Pad 5 Pro,,[],"['gameplay', 'operation', 'visual_music']",扣扣搜搜给谁看呢😅😅又要教我玩游戏，又扣，扣就算了还打肿脸充胖子，吹得多响亮一进游戏直接原形毕露,,2.0,
378321,绯色回响,38033734,2023-10-17 06:02:06,1,517147023,黑色禁药,OPPO A96 5G,,[],"['visual_music', 'gameplay', 'operation']",一个卡牌回合开局三个G，更新一动不动，玩个屁。,,1.0,50.0
378321,绯色回响,38009742,2023-10-14 13:42:00,2,18047400,银深18047400,Web 官网,,[],[],滚服二刺猿换皮,,2.0,68.0
378321,绯色回响,38033697,2023-10-17 05:58:16,2,357354368,该用户已注销,Android 设备,,[],"['gameplay', 'operation', 'visual_music']",值得体验吗？不太值得,,2.0,67.0
378321,绯色回响,38033693,2023-10-17 05:58:07,2,2794808,半吊子技术宅,小米Mi 10,,['operation'],['gameplay'],"报玩。
给我一种七八年前换皮骗氪游戏的感觉，是真的没什么意思",,,49.0
378321,绯色回响,38033692,2023-10-17 05:57:46,1,58926651,🌺 🌸,Redmi K50 Ultra,2100.0,[],[],没有什么新意二次元手游咋都一个样,,,52.0
378321,绯色回响,38033675,2023-10-17 05:56:31,2,18003899,乐狗叔叔💋,努比亚 红魔5G,,[],"['operation', 'visual_music', 'gameplay']",玩着眼困。没有游戏性，战斗打小兵跳过，打BOSS看小人对对碰。养成无新意，2023年了还有游戏在做账号等级卡角色等级的模式，绝了。除了立绘特色（好像也没有特别色）以外没什么特色。,,1.0,
378321,绯色回响,38033658,2023-10-17 05:54:52,1,47347781,玄明,Realme GT Neo2 5G,2880.0,[],"['gameplay', 'operation', 'visual_music']",快跑，游戏体验极差。,,,68.0
378321,绯色回响,38033619,2023-10-17 05:51:12,1,9534859,珏玦,OnePlus Ace 2,,[],[],有一种捞一笔就走的美感，这种游戏除了立绘真的没啥好说的了,,2.0,49.0
378321,绯色回响,38033616,2023-10-17 05:51:07,2,97584949,符医术毒,Xiaomi Redmi Note 11 Pro,3120.0,[],"['gameplay', 'operation', 'visual_music']",不知道为什么你戾气这么大，绯色回响是我接触的第一款开放世界游戏，我在打怪的过程中发现了很多数学知识，发现积分竟然也能使用在游戏中，这可比原本枯燥无味的摆烂大学生活好多了，所以不能素质很差，充钱是人家的事情,2.0,2.0,1.0
378321,绯色回响,38033605,2023-10-17 05:50:03,1,557253049,波比波比波,RealmeGT Neo5 240W,,[],"['operation', 'visual_music', 'gameplay']",啥都得升级呗😂😂😂给我整笑了，真够强迫的。这还入什么坑，我觉得我不配，还是守护大吴疆土去了,,,
378321,绯色回响,38033503,2023-10-17 05:40:25,2,18311355,游戏资深老饕,WIKO GAR-AN00,,[],"['gameplay', 'operation', 'visual_music']",这游戏有够无聊的：先说缺点…第一，玩法老套毫无新意 第二，抽卡爆率极低 保底概率极高 抽UP池子歪的概率极高 重复率极高 第三，听说人物立绘和谐了 这点看得出来 你说大也挺大就是布料多了 毫无感觉。这游戏唯一优点就是上手难度可取 其他一无是处 玩了三个多小时 果断卸载了,,2.0,
378321,绯色回响,38033577,2023-10-17 05:47:01,1,14421037,苏慢慢,小米Xiaomi 12S Ultra,,['visual_music'],"['gameplay', 'operation']",画面没的说，运营垃圾的要命，概率不低，但是歪得要命，垃圾的要死，特别是开服活动，什么狗东西想出来的？,,,
378321,绯色回响,38033548,2023-10-17 05:44:51,1,5595743,管好你自己,iPhone 13 Pro Max,,[],[],2023还能看见真的又垃圾又扣的游戏我也是没想到 预约送的得打过多少多少关能用 破自选十连能抽不能领 想领还得打过多少多少关 你充钱怎么不设置一个打过多少关才能充钱呢,,1.0,
378321,绯色回响,38033543,2023-10-17 05:44:11,1,3382665,黒,Redmi K50 Ultra,,[],"['gameplay', 'operation', 'visual_music']",如此抠搜如此劣质的游戏居然还能在2023年出现,,3.0,49.0
378321,绯色回响,38033399,2023-10-17 05:27:38,2,40064937,没劲,Vivo IQOO 10 Pro,,[],"['gameplay', 'operation', 'visual_music']",不管是画面还是剧情都太新颖 超前的无法接受 美工和角色建模我给10分 （满分100分）,,3.0,
378321,绯色回响,38033374,2023-10-17 05:25:14,1,55518946,手机用户55518946,Nubia Red Magic 8 Pro,,[],"['gameplay', 'operation', 'visual_music']","纯纯闪避游戏

💎资源获取：
几乎为零

☄️成长体验：
几乎没有

🃏抽卡体验：
恶心至极",,,52.0
378321,绯色回响,38033340,2023-10-17 05:21:53,1,97849752,阿凯,Android 设备,,['visual_music'],"['gameplay', 'operation']",实在想不通 一个滚服游戏，开服奖励这么扣。立绘和谐，玩法老套，运营是我见过最抠的没有之一,,1.0,
378321,绯色回响,38033303,2023-10-17 05:18:10,1,45022287,黙戮,红米 K40S,,[],"['gameplay', 'operation', 'visual_music']","一无是处
仅仅是个处处要💰的烂大街的卡牌游戏而已",,4.0,50.0
378321,绯色回响,38033280,2023-10-17 05:15:41,3,4448940,音盜初知,iPhone 11 Pro Max,,[],[],他喵的有完没完啊这些新手教程，这年头谁还不会玩游戏啊，真就策划教你玩游戏??,1.0,6.0,
378321,绯色回响,38033260,2023-10-17 05:14:04,2,63686830,飞羽丶惑,iPhone 13,,[],[],在现在的环境下真是一无是处,,1.0,54.0
378321,绯色回响,38033214,2023-10-17 05:09:55,1,413910500,roselia的单推人,Xiaomi Redmi K60E,,[],"['gameplay', 'operation', 'visual_music']",冲着涩涩去的可以玩外服了，国服一无是处。,,,49.0
378321,绯色回响,38033195,2023-10-17 05:08:39,3,457342549,0蛋炒饭炒蛋0,Redmi K40 游戏增强版,,[],[],除了立绘，没啥特色,,,
378321,绯色回响,38033184,2023-10-17 05:07:24,1,4473915,北极兔腿辣么长,Redmi K50,480.0,[],"['gameplay', 'operation', 'visual_music']","我真好奇你们这些说不玩是因为和谐的，
你想看你去pxv去JM不比这里放的开，
关键这游戏是个啥玩意儿，
算是个游戏？哪里有可玩的地方？
究竟是哪些脑子里全是黄色废料的家伙给了这种所谓的游戏存货的土壤？
",,2.0,
378321,绯色回响,38033183,2023-10-17 05:07:17,2,16945418,仙魔花花,Android 设备,,[],"['gameplay', 'operation', 'visual_music']",果断放弃，预约，自选抽卡不给领，必须通关章节。游戏开局体验极差。,,1.0,54.0
378321,绯色回响,38033178,2023-10-17 05:06:56,2,28105080,白块,Android 设备,,[],[],才充，回报我的却是可以肝到的卡，真有你的嗷,,2.0,48.0
378321,绯色回响,38033175,2023-10-17 05:06:17,1,25792812,西柚蝴蝶,小米Mi 10S,,[],[],新手指引又臭又长，大招一直放还不让跳过,,1.0,51.0
378321,绯色回响,38033155,2023-10-17 05:04:27,1,62677662,reason,Redmi Note 11T Pro,,[],"['gameplay', 'operation', 'visual_music']",送个10连抠抠搜搜,,2.0,68.0
378321,绯色回响,38033151,2023-10-17 05:04:11,2,25737095,苍白丶,小米Mi 11 Ultra,,[],[],邮件里送了两个优惠券，你是认真的？人家再不济都送点10连或者别的。剧情一般，玩法也一般。现在都几年了啊，你那优惠券只能感觉吃相难看。,,,
378321,绯色回响,38033149,2023-10-17 05:03:53,1,558358087,苏洛璃Soil,Redmi K60,840.0,[],[],烂，经典的推关领奖励，经典的虚假宣传，经典的只让抽不让领，经典的一紫九蓝，经典的战力提升，经典的vip888，经典的ssr魂器，经典的在线领奖，经典的石块合成，经典的四大卡池,,7.0,
378321,绯色回响,38033113,2023-10-17 05:00:29,5,4711630,獨看沧海化桑田,华为 荣耀 X10,,[],[],才开始玩  看看啥子叫做差距,,,
378321,绯色回响,38033109,2023-10-17 05:00:09,2,4426071,现实与梦,Redmi K50 Ultra,1980.0,"['operation', 'visual_music']",['gameplay'],无聊,,1.0,67.0
378321,绯色回响,38033086,2023-10-17 04:57:48,1,31777779,三磷酸腺苷,iPhone 14 Pro,,[],[],老游戏打完和谐补丁回国服骗钱,,1.0,54.0
378321,绯色回响,38033081,2023-10-17 04:57:13,2,16595954,黯音,Redmi K60,,[],"['gameplay', 'operation', 'visual_music']","抠
没有亮点
浪费时间",,1.0,67.0
378321,绯色回响,38033080,2023-10-17 04:57:09,2,71658160,ACG知名萌新,Vivo S15e,,[],[],为毛更新不了？,,1.0,67.0
378321,绯色回响,38033075,2023-10-17 04:56:50,2,59494853,芝士,小米Mi 10 Pro,,[],[],黑的开服奖励简直离谱，可玩性不高，满满充值。,,1.0,48.0
378321,绯色回响,38033013,2023-10-17 04:50:39,3,57048700,风暖云动,Xiaomi Redmi Note 11 Pro,,['visual_music'],"['gameplay', 'operation']",有点无聊，养成过于繁琐，战斗还要经常看角色大招动画，突出一个坐牢，虽然可以跳过，但是要等级够了才可以设置跳过是几个意思，不玩了，太难受了,,,
378321,绯色回响,38032999,2023-10-17 04:49:15,1,572420125,自宅警备队,Realme真我GT Neo闪速版,,[],"['gameplay', 'operation', 'visual_music']",强制引导太长了，，，就一卡牌用那么久😅,,2.0,54.0
378321,绯色回响,38032985,2023-10-17 04:47:29,2,502260018,当初白月光如今已是站长推荐,IQOO Neo6,,[],[],你游被骂的点你是一点不改啊，国服比外服好不了多少，我忍了，但你和谐成这b样，教程时看到芬里尔兽耳都没了，没fhx你游国服必爆似,,1.0,
378321,绯色回响,38032951,2023-10-17 04:44:51,1,522272615,bhh,iPhone 11,,[],[],今年最拉胯的二游，没有之一,3.0,6.0,52.0
378321,绯色回响,38032949,2023-10-17 04:44:31,2,58395227,全能吃货不挑食,iPhone 14,,[],[],游族的你也敢玩？你想去刷几个开局号看哪个好再玩直接永久封号，这公司游戏千万别玩！,,4.0,54.0
378321,绯色回响,38032948,2023-10-17 04:44:25,1,18296015,业务撸猫,iPhone 12 Pro Max,,[],[],你这自选十连恶心到我了，拉黑吧,,2.0,52.0
378321,绯色回响,38032931,2023-10-17 04:42:13,2,39112868,手机用户39112868,小米Mi 10S,,['visual_music'],"['gameplay', 'operation']",开局直接按着你过引导七级才能自由操作，送一大堆的折扣券让你氪金，10连抽要过章节才能抽，一个字，绝！,,1.0,
378321,绯色回响,38032926,2023-10-17 04:41:53,2,8346905,5,小米13,600.0,[],"['gameplay', 'operation', 'visual_music']",冲着大来的，结果和谐了，福利也是一点都没有，又抠又奸诈😂,,4.0,47.0
378321,绯色回响,38032902,2023-10-17 04:39:59,2,4110780,大L,华为Mate40 RS保时捷版,2760.0,[],['operation'],"最近几个游戏的运营虽然都很垃圾，但是这个游戏真的让我开眼了，逼氪还能这么玩？
玩法上虽然没有创新，但在逼氪上那是给别人上了一课，我愿称之为今年最强，希望后面两个月没有游戏能超过他了",1.0,11.0,
378321,绯色回响,38032901,2023-10-17 04:39:49,2,83502221,逍遥生,小米Xiaomi 12S,,[],"['gameplay', 'operation', 'visual_music']",笑死了，等明天的回响，先润了,1.0,2.0,52.0
378321,绯色回响,38032897,2023-10-17 04:39:24,2,110745854,故人遗梦,Vivo V2024A,,[],"['gameplay', 'operation', 'visual_music']",太差劲了，浪费我的期待，连新手教程我都没过完就卸载了，打个怪全是个破角色技能动画，新手前期的指引还是强制的一直在刷关卡，立绘也一般，同类型的游戏比他强的太多了，根本没意思，差评😕😐,,,
378321,绯色回响,38032884,2023-10-17 04:38:28,1,36481915,人善被人欺💕,Nubia Red Magic 8 Pro,5100.0,[],"['visual_music', 'gameplay', 'operation']",又不涩，玩法复古，福利巨抠，还巨逼氪，你这游戏还能有什么可以玩的？还看见了pvp，见到游族就该跑，我真傻还下下来玩了几节课,,5.0,
378321,绯色回响,38032877,2023-10-17 04:37:56,2,3328960,LD_无孽,Android 设备,,[],"['gameplay', 'operation', 'visual_music']",拉胯游戏，50抽的保底歪了 然后保底要出4个不一样的ssr，200抽大保底不建议玩赶紧跑!,,,
378321,绯色回响,38032871,2023-10-17 04:37:13,1,102909302,手机用户102909302,OnePlus Ace 2,,[],"['visual_music', 'gameplay', 'operation']","新手引导就退了，'这是2023年的游戏？新手引导也是离谱
",,,54.0
378321,绯色回响,38032857,2023-10-17 04:34:52,2,19829046,不靠谱的翅膀,HUAWEI Mate 40 Pro,,[],"['gameplay', 'operation', 'visual_music']",这游戏性不也就以往的套路吗，真要是来看肉的那么多地方都能看还不要钱这个地方衣服都不脱还要问你要钱你来受这个罪干嘛？,,,
378321,绯色回响,38032852,2023-10-17 04:33:53,1,3026600,uni,红米K20 Pro,,[],[],国际服都运营这么长时间，国服还不适配，分屏也不行，可以的。,,2.0,49.0
378321,绯色回响,38032848,2023-10-17 04:33:49,2,8385188,🍃 ——＞🍂,Xiaomi Redmi Note 11 Pro,,['visual_music'],"['gameplay', 'operation']",不好玩,,,68.0
378321,绯色回响,38032839,2023-10-17 04:33:11,1,57520419,手机用户57520419,iPhone 13 mini,,[],[],什么时候能做出广告那种游戏,,,54.0
378321,绯色回响,38032833,2023-10-17 04:32:43,1,55265771,周杰轮胎,华为 Mate40 Pro,,[],[],这资源下载也太慢了吧，第一次因为资源下载慢进不去游戏的。。,,,48.0
378321,绯色回响,38032818,2023-10-17 04:30:57,5,10232784,千小夜,TDTech TDT-MA01,,"['gameplay', 'operation', 'visual_music']",[],"顶级策划，顶级操作，顶级福利，大家快来玩啊，新手邮件就送两张充值优惠卡，赶紧冲个一块三块的吧，买到就是赚到，通关第三章就能自选十连，十次十连，足足100抽，抽到爽，每次都有ssr，选择心宜的组合带回家吧，哦对了，领取还只需要通关第十章呢，大家快来一起愉快的充值玩耍吧😅










",,4.0,2.0
378321,绯色回响,38032815,2023-10-17 04:30:44,1,32192440,墨染纤尘ぁ为君忧,Redmi K60,,['visual_music'],"['gameplay', 'operation']",欺诈宣传，赶紧暴死,,,69.0
378321,绯色回响,38032804,2023-10-17 04:29:33,1,16036228,一杯咖啡,华为 nova7 SE,,[],"['visual_music', 'gameplay', 'operation']",这是唯一一个新手引导都不想过完的游戏，一个引导10多分钟闹着玩呢？,1.0,,51.0
378321,绯色回响,38032798,2023-10-17 04:29:10,1,71603576,梦の星殇,OPPO A56 5G,,[],"['gameplay', 'visual_music']",体验感极差,,,66.0
378321,绯色回响,38032770,2023-10-17 04:26:39,2,557422779,赤霄,Honor 90 Pro,180.0,[],[],不好玩，玩法太老套了。玩这种类型的游戏，一个就够了。,,1.0,48.0
378321,绯色回响,38032762,2023-10-17 04:25:59,1,97264070,匹诺丁,iPhone 14 Pro,,[],[],二次元传奇,,,63.0
378321,绯色回响,38032734,2023-10-17 04:23:11,1,582122824,理中客的批评,Android 设备,1860.0,[],[],玩了三十一分钟就卡关了？我还拉了等级也会卡关？第三关就卡关？哪天你出现在朝花夕拾的时候，我会把这条评论再复制一遍,,,
378321,绯色回响,38032708,2023-10-17 04:20:16,1,525061077,猫猫头,Vivo IQOO 11S,,['visual_music'],"['gameplay', 'operation']",预约奖励和自选十连居然在后面图,,,53.0
378321,绯色回响,38032700,2023-10-17 04:19:35,1,329682372,極端,Redmi K50,2640.0,[],"['operation', 'gameplay']",开服前你是心高气傲，开服装死你是生死难料,,7.0,47.0
378321,绯色回响,38032688,2023-10-17 04:18:29,1,566153666,孤傲的猫,Vivo V1936A,,[],[],"扣扣搜搜的，玩的真累，88
",,,52.0
378321,绯色回响,38032675,2023-10-17 04:17:17,3,569878998,User569878998,Vivo X Note,,"['operation', 'visual_music']",['gameplay'],这次公厕，立绘基本都和谐了，这游戏就是冲着立绘去的，当下没有想法了,,1.0,
378321,绯色回响,38032670,2023-10-17 04:16:49,1,411119303,DingVa,iPhone 14 Pro Max,,[],[],"各种功能 抽卡自选等等都是要你不停的刷图才能得 这座出来干什么 我不如好好上班 
",,2.0,53.0
378321,绯色回响,38032667,2023-10-17 04:16:37,1,567835448,追溯,Honor 60 Pro,,['visual_music'],"['gameplay', 'operation']",真的抠,,2.0,65.0
378321,绯色回响,38032653,2023-10-17 04:15:30,1,36383731,阿洋啊,OnePlus Ace 2,2280.0,[],[],没啥好说的，真的拉胯，感觉活不长,,1.0,47.0
378321,绯色回响,38032650,2023-10-17 04:14:47,2,3426473,NotesQAQ,Android 设备,4200.0,[],"['gameplay', 'operation', 'visual_music']",又臭又长还死抠,,1.0,66.0
378321,绯色回响,38032645,2023-10-17 04:14:22,1,584939081,rrr,Redmi K60 Pro,,[],[],为什么红米登不进去呀 一进去就闪退，真的差,,1.0,48.0
378321,绯色回响,38032632,2023-10-17 04:12:54,1,408504581,User408504581,小米Mi 11,,[],"['gameplay', 'operation', 'visual_music']",是二游不卷了给你的自信吗？卡新手奖励的你是第一个,,2.0,48.0
378321,绯色回响,38032626,2023-10-17 04:11:58,1,29693917,手机用户29693917,iPhone 12 Pro,,[],[],游戏非常好玩，但是没有一个角色穿羽绒服，只能遗憾离场。,,,47.0
378321,绯色回响,38032612,2023-10-17 04:10:38,2,41612099,闻人羽~,Android 设备,,['visual_music'],"['gameplay', 'operation']",真的是恶心人啊，好游戏都被策划整没了,,,49.0
378321,绯色回响,38032609,2023-10-17 04:10:16,1,8016746,百首,iPhone 13 Pro,,[],[],笑死我了，真的蚌埠住了，哈哈哈哈哈。vip购买特权，pvp排行榜，但凡漏的地方全用布料遮起来，用这么多布料，贵司老板用啥盖？双通行证，双up池，歪五次才保底。这概率，肽强辣游子，在令人失望上面从来不令人失望。所有蚊子腿奖励全有前置条件。我的评价是   依托答辩，这就是2023年的游戏厂商嘛，太强拉。,1.0,45.0,1.0
378321,绯色回响,38032561,2023-10-17 04:06:45,3,30867299,Short95,Android 设备,,['visual_music'],"['gameplay', 'operation']","外服玩过一段时间尤其是日服时间稍微长一点，看到国服出了稍微聊几句。
外服我认为强度很高，我前期打副本很难，奶妈都奶不住血，就被虐了，关卡卡到前几关很难受。氪金力度也要求很大，抽卡那概率就离谱，我还开了国际服那概率跟日服相当低，绘画质量太高了说实话大伙都是奔着绘画来的，具体游戏呢内部机制啥的抽卡关卡设定就是恶心人。
国服出了，今天挤了挤uid10000多一点玩了一小会那个自选十连抽要打到第十章我就已经被劝退了，都第十章了还要啥ssr，国服概率也低，脸也黑，福利好像没有我想象的太多，副本强度应该削了，还有运营游族这玩意感觉都不可靠风评不咋好都，看着来吧，个人评价。",1.0,,1.0
378321,绯色回响,38032600,2023-10-17 04:09:26,3,19702499,名字,Redmi K50 Ultra,,['visual_music'],"['gameplay', 'operation']",玩了一下。震惊了这运营。你想拿10连自选ssr打到10章再说♥。还有和谐。说实话我就是冲着牛牛来的。和谐。后门有了再说哈,,8.0,
378321,绯色回响,38032596,2023-10-17 04:09:19,1,25129952,手机用户25129952,Web 官网,,[],"['gameplay', 'operation', 'visual_music']",送个自选十连，还一堆限制，都什么年代了，做个动画还那么糊，自家换皮游戏，关键你还不如，立绘和谐了，你还有啥？,,,
378321,绯色回响,38032589,2023-10-17 04:08:47,1,511810371,昼梦,Redmi Note 11T Pro,300.0,[],"['gameplay', 'operation', 'visual_music']",不如玩外服。这游戏本来就靠着涩涩的立绘才能撑下去的，奶牛女仆直接变成诺艾尔。想玩的不如直接下外服。,1.0,4.0,
378321,绯色回响,38032588,2023-10-17 04:08:41,1,429711837,米哥,Redmi Note 11T Pro,,[],[],"建模和游戏内容是两个样子，一点意思没有，抽卡免费送的十个十连，保底一个金，有的连紫都没有

💎资源获取：
挂机游戏

☄️成长体验：
挂机升级

🃏抽卡体验：
垃圾爆率

🎮可玩性：
挂机

🌃画面音乐：
建模很好

✍🏻建议：
游戏好好做做吧",,,
378321,绯色回响,38032581,2023-10-17 04:07:59,1,427040972,灰灰烟灭,iQOO 8 Pro,,[],"['gameplay', 'operation', 'visual_music']",玩法这么大众，还这么扣搜。。,,,47.0
378321,绯色回响,38032551,2023-10-17 04:05:40,3,68524911,安之,小米Mi 10,,['visual_music'],"['gameplay', 'operation']",过完剧情引导一抽都没给硬要过第三章才送个十连，，画面什么都挺好，就是战斗玩法，，毫无玩法可言,1.0,3.0,
378321,绯色回响,38032530,2023-10-17 04:03:30,2,18738837,User18738837,iPhone 14 Plus,,[],[],虽然没什么可玩性，但是也不涩涩啊,,2.0,49.0
378321,绯色回响,38032513,2023-10-17 04:01:41,2,51043826,休闲玩玩,iPhone XS Max,,[],[],关卡甚至不用首通，进去就给你跳过。太笑,,1.0,45.0
378321,绯色回响,38032512,2023-10-17 04:01:39,2,419499335,啾啾啾,Android 设备,,[],[],我想知道这种情况我该去哪里投诉与举报，竟然不支持账号注销,,,44.0
378321,绯色回响,38032509,2023-10-17 04:01:10,2,54873400,人生短短几个秋,小米Xiaomi 13 Ultra,,[],"['visual_music', 'gameplay', 'operation']",二星防吞，不好玩，建模画质粗糙，一股子廉价感，特效也不好看，又简单帧率又低。连打到自选十连我都玩不下去，纯纯割韭菜游戏，评分必然跌破6.0😊,,1.0,
378321,绯色回响,38032502,2023-10-17 04:00:38,2,401768,Beam,Xiaomi Redmi K60 Ultra,,['visual_music'],"['gameplay', 'operation']","那么扣就别做游戏了
",1.0,1.0,64.0
378321,绯色回响,38032497,2023-10-17 04:00:22,3,28916047,曾经是多么美好,Redmi Note 12 Turbo,,"['operation', 'gameplay']",['visual_music'],感觉角色立绘挺不错的但是建模很垃圾，建议去参考一下碧蓝航线的建模。还有新手教程，感觉有点长。,,,
378321,绯色回响,37416269,2023-08-24 23:59:58,2,17127034,东海帝皇,Redmi Note 11T Pro,,['visual_music'],"['gameplay', 'operation']","2d画风的大招，剧情直接上动画，爱了爱了
开服后：除了画风好看其他没了喵",,2.0,52.0
378321,绯色回响,38032489,2023-10-17 03:59:52,1,7890106,三两螺蛳粉,iPhone 12,,[],[],第一次见过领了邮箱抽不了十连的游戏，居然送你充值折扣卷，吃相太难看了,,,52.0
378321,绯色回响,38032488,2023-10-17 03:59:45,5,21484811,手机用户21484811,iPhone 14 Pro,,[],[],好玩,,,
378321,绯色回响,38032486,2023-10-17 03:59:42,3,15807872,Stefan Levin,Huawei Mate 50 Pro,,[],[],"你这开服福利有点难 新手前期拿啥打 - -
送的十连还要过第十章 ",,,
378321,绯色回响,38032465,2023-10-17 03:58:01,1,1544602,两仪为心❤,小米13,900.0,['visual_music'],"['gameplay', 'operation']",可以可以，你是懂钓鱼营销的，看得见拿不到不让抽是吧。。,,2.0,44.0
378321,绯色回响,38032451,2023-10-17 03:56:41,2,4017609,统治你的全世界,Android 设备,,[],"['gameplay', 'operation', 'visual_music']","太无聊了，玩法老套，没什么亮点，数值堆叠，换皮游戏，Q版回合制6人推图、爬塔、pvp，只靠ghs是走不远的，而且就算是ghs，在国服这环境下你也别指望能看到什么，然后玩家想获取开服福利还有各种限制，本来就仨瓜俩枣还不痛快点。
也就一个值得夸的吧，培养资源全部继承，其他的真没什么了。
溜了溜了。
",,,
378321,绯色回响,38032439,2023-10-17 03:55:47,5,18952082,手机用户18952082,iPhone 13,,[],[],很棒,,,1.0
378321,绯色回响,38032422,2023-10-17 03:54:48,5,518295343,阿飞,iPhone 12,,[],[],还不错,,,
378321,绯色回响,38032408,2023-10-17 03:54:12,2,70209293,我五行缺你↣,Android 设备,,"['operation', 'visual_music', 'gameplay']",[],"首先是一个非常令我愤怒的点，仅仅这一点就足以让我打一星，那就是这个游戏的环境太差了，这是我玩过的游戏中环境最差的，某些人在游戏里讨论角色的胸部，甚至觉得角色的衣着不够暴露，还总是说脏话，虽然都被屏蔽了；
其次，我为什么打了两星，那是因为这个游戏确实还不错，如果不是这个环境，我或许还会玩下去；
最后，只能说我理解这样的绘画的画风，就是有些不舒服，感觉不太和谐，但是我能接受，只不过当一个令我感觉到更不舒服和恶心的东西出现时，我并不会给自己发洗脑包的，无论它有多么好玩。",,,
378321,绯色回响,38032370,2023-10-17 03:51:41,1,21451238,wq,华为 荣耀30S,,[],"['gameplay', 'operation', 'visual_music']",这出货率和流程有点离谱,,,65.0
378321,绯色回响,38032362,2023-10-17 03:51:11,2,5403819,殇月阴影,华为 nova 7,180.0,[],['gameplay'],"只能说一般般
大招动画做的还行
新手剧情看不完的技能动画
",2.0,1.0,45.0
378321,绯色回响,38032356,2023-10-17 03:50:45,1,557032352,阿尔托莉雅,Redmi K60,,[],[],有些无语，氪金才能开十倍速，送的券还要花钱才能拿水晶,,1.0,44.0
378321,绯色回响,38032355,2023-10-17 03:50:45,4,21986424,小时候就很跩,iPhone 14 Pro,,[],[],现在已经是3023年了，我独自打扫着祠堂。老家的祠堂依旧是老样子，尽管翻新了无数遍，那一千年前的样式依旧透出一丝古朴，典雅。爷爷说，老家的祠堂叫“宅”，是1000年前的那位祖宗居住一生的地方，那里的每一块瓷砖，每一本漫画，每一个手办，都是有千年历史的古董。沧海桑田，那些老物件终究是没被扔掉，静静放着，好好供着，仿佛老祖先有一天会回到宅，向我们诉说那一件件古董的意义。屋中最珍贵的，便是那书桌正中央摆放着的一台破旧手机，那是一千年前的物件，如今早已被淘汰，连最老的老人都忘了该如何使用它，只是隐约知道它曾经统治了一个时代。传说老祖宗弥留之际，抱着手机，难以瞑目，似乎是想要交代什么，只是风烛残年，早已无力，怎么也没能交代下来，只留下这手机，被世代供奉。我独自打扫着祠堂，翻新过的祠堂依旧是一千年前的模样。突然，书桌上传来一阵振动的声音。我丢下扫地机，冲了过去，只见那漆黑的屏幕渐渐亮起来，几个大字浮现出来——您预约的游戏已开始公测啦！,,,1.0
378321,绯色回响,38032330,2023-10-17 03:48:10,1,8845016,老氿,Vivo V2049A,240.0,[],"['gameplay', 'operation', 'visual_music']",二游千篇一律，想混出头就要打出新颖，本作倒好，在奖励方面反向新颖，延迟奖励，先抽后领，十倍速解决空洞无味的漫长战斗，七颗星上线让氪金体验没有最高，只有更高。,,7.0,
378321,绯色回响,38032327,2023-10-17 03:47:50,3,17602376,啊野鸡,小米Mi 11,,['visual_music'],"['gameplay', 'operation']",女版的少年三国志2运营方游族这两个字，我就不多说什么了，懂得都懂,,2.0,
378321,绯色回响,38032279,2023-10-17 03:43:48,1,14392195,涛波话韩,Android 设备,,[],"['gameplay', 'operation']",看看游戏运营，进去游戏玩到第三章，我点了根烟默默思索我下这个游戏的意义。等我抽完了一盒烟醒了，发现不是这游戏内容有多硬核，而是天亮了,,3.0,
378321,绯色回响,38032299,2023-10-17 03:44:55,1,60201892,敢敢,Android 设备,,[],"['gameplay', 'operation', 'visual_music']",🃏抽卡体验：第一个池子就是保底出还歪了，每日十连居然还要推主线，别人推主线是丰富游戏性你游纯属坐牢，自选十连也是离大谱玩了半小时抽，抽完不给还要再推两小时主线 我还是玩碧蓝去吧,,,
378321,绯色回响,38032280,2023-10-17 03:43:49,2,37071728,刀刀,iPad mini 4,,[],[],三十抽没金，技能动画点了关闭依旧播放，怎么玩,,2.0,45.0
378321,绯色回响,38032276,2023-10-17 03:43:33,2,16624445,蛋蛋,一加8 Pro 5G,2760.0,[],"['gameplay', 'operation', 'visual_music']","我没开高清吗？再看一眼……？
🖕🏻比我摘了眼镜还糊
还有逆天升级不给体力",1.0,3.0,54.0
378321,绯色回响,38032271,2023-10-17 03:43:16,1,109825690,坏猫猫,Android 设备,,[],"['gameplay', 'visual_music']",搞点奖励就在那吊着你打关，一个小时了。硬是拿不到，所谓的十连要打到第十大章节。我都通关了我还要她做什么？玩不起就别给。恶心人的游戏,,3.0,
378321,绯色回响,38032250,2023-10-17 03:41:29,2,8757157,游戏鉴定大师-狐步2N,一加 Ace 2 pro,,[],[],中规中矩的二次元抽卡手游，没有一点心意，激发不了一点游玩的兴趣。,,1.0,53.0
378321,绯色回响,38032241,2023-10-17 03:40:45,1,23882587,Sasuke,小米Xiaomi 12S Pro,,[],"['gameplay', 'operation', 'visual_music']",一分是打分的极限，不是你的极限。给点奖励扣扣搜搜还得过主线才能领😅,,4.0,54.0
378321,绯色回响,38032218,2023-10-17 03:39:00,2,83549707,啊🐸,OnePlus Ace 2,,[],[],动画太好看了，一直看跳过都没有，觉得自己很牛？,,1.0,43.0
378321,绯色回响,38032212,2023-10-17 03:38:26,1,53438442,手机用户53438442,iPhone 12 Pro Max,,[],[],难玩,,1.0,65.0
378321,绯色回响,38032197,2023-10-17 03:37:16,1,401936422,夜明y,iQOO Neo 5,4440.0,[],[],一坨，无聊的一批，就一个看起来涩一点，没玩法，满页面写着氪金，礼包摆在主页，主页杂的很，一堆关卡等着你过。,1.0,2.0,
378321,绯色回响,38032166,2023-10-17 03:33:50,1,83202156,后来🐱,iPhone 13,,[],[],你明明可抢钱的  开服预约送充值优惠卷 你也太 6 了！,,2.0,45.0
378321,绯色回响,38032161,2023-10-17 03:33:26,1,1578487,LLAlice,小米Mi 10 Lite Zoom,,[],"['gameplay', 'operation', 'visual_music']",谢谢你，我第二章最后一关直接闪退🙄永远结束不了的新手教程。,,1.0,43.0
378321,绯色回响,38032148,2023-10-17 03:32:10,2,462391645,Kiki,小米Mi 11 Ultra,,[],['operation'],什么时代了，一个新手指引十几分钟，直接删游了,,2.0,45.0
378321,绯色回响,38032144,2023-10-17 03:31:54,3,16006716,royal丶雨花,华为 Mate40 Pro,,[],[],玩的好好的，中间来了个电话，电话结束以后游戏音频像是文件损坏了一样一直断断续续的，把游戏删了重下也没用，从来没见过这种事情,,1.0,
378321,绯色回响,38032137,2023-10-17 03:31:24,1,474471,新一大神,魅族20,,[],"['gameplay', 'operation', 'visual_music']","国际服没中配可以理解。
都2023年了国服还整个日配？歧视国语？
现在国内反日情绪高涨，你偏要宣传日本？",,2.0,
378321,绯色回响,38032112,2023-10-17 03:29:37,3,36217151,顾你,Huawei Nova 8 SE 5G,,"['visual_music', 'operation']",['gameplay'],怎么说呢  二次元画风的少三2有点接受不了 只能说个人不太喜欢这种的游戏,,1.0,
378321,绯色回响,38032111,2023-10-17 03:29:33,5,82182037,手机用户82182037,Android 设备,,[],[],角色好看，战斗能自动能跳过。,,,2.0
378321,绯色回响,38032078,2023-10-17 03:26:43,1,325388264,陌下烟雨,小米10至尊纪念版,,[],[],和谐很严重，如果是冲着皮肤来的可以润去日服。,1.0,1.0,44.0
378321,绯色回响,38032062,2023-10-17 03:25:29,5,831572,汤包粉,iPhone 14 Pro Max,,[],[],"互 秒回
#小程序://绯色回响/s9wg2DiITiSPOQj 
",,,
378321,绯色回响,38032053,2023-10-17 03:24:31,1,110332872,User110332872,iQOO Neo 5 活力版,,[],"['gameplay', 'operation', 'visual_music']",就知道卡,,1.0,62.0
378321,绯色回响,38032049,2023-10-17 03:24:12,2,413919919,哒哒哒撒旦,iPhone 14,,[],[],画面和玩法都很一般,,,63.0
378321,绯色回响,38032029,2023-10-17 03:22:44,1,56314622,🌟,三星Galaxy S22 Ultra,,[],[],抖音宣传不是只加了一层薄纱嘛？这怎么成棉被了？,,,43.0
378321,绯色回响,38032027,2023-10-17 03:22:32,1,108989852,叶玄,iQOO Neo 5,,[],"['visual_music', 'gameplay', 'operation']","强制引导，大量礼包满天飞。
开服邮件送你氪金优惠卷，送你十连卷但是限时并且要过图才能解锁。
然后看了一眼代理商，一切似乎合理了起来。
时代在进步，有些东西却已经跟不上时代了。
",,3.0,
378321,绯色回响,38032018,2023-10-17 03:21:58,2,40072263,G.wj,Redmi K60 Pro,,[],"['gameplay', 'operation', 'visual_music']",不让人玩可以不出  抽卡体验基本没有 抠抠索索的  跟少前2有的一拼,,,52.0
378321,绯色回响,38031998,2023-10-17 03:20:16,1,494305442,兲烎,OnePlus 10T,2640.0,[],"['gameplay', 'operation', 'visual_music']","💎资源获取：
无

☄️成长体验：
无
",,,40.0
378321,绯色回响,38031997,2023-10-17 03:20:09,2,15840258,蓝染正阳,Android 设备,,[],"['gameplay', 'operation', 'visual_music']",2星拿好，十年前的游戏模式，大头小人回合制自动战斗拼战力，说是开服送百抽，进去发现必须通多少多少关。玩法、福利、操作、建模、界面都是陈年烂活，毫无新意，唯一吸引人的角色立绘方面，全部和谐一个不剩，与前期传出来的国际服同样角色的立绘不能说不太一样，只能说毫不相关。看个大头小人自动打架，还没有立绘福利，靠什么吸附玩家啊，润了润了，国际服搞起。,4.0,12.0,1.0
378321,绯色回响,38031956,2023-10-17 03:17:17,3,349330333,User349330333,Nubia NX713J,,[],[],进游戏就强制我推图，10分钟就删了，千篇一律的卡牌游戏,,,
378321,绯色回响,38031949,2023-10-17 03:16:50,1,32371167,摇滚盒子,小米13 Pro,2820.0,[],"['gameplay', 'operation', 'visual_music']",不好玩 10连自选还一直重复,,,43.0
378321,绯色回响,38031943,2023-10-17 03:16:02,2,31072852,星空下彩虹,魅族17 Pro,,['visual_music'],"['gameplay', 'operation']",真的扣。,,,57.0
378321,绯色回响,38031941,2023-10-17 03:15:47,1,10989028,手机用户10989028,小米13,,[],"['gameplay', 'operation', 'visual_music']",把你唯一的优势给和谐没了  你还有啥优点 😂,,,43.0
378321,绯色回响,38031936,2023-10-17 03:15:36,2,7155569,摸鱼琉璃,Vivo V1955A,720.0,['visual_music'],"['gameplay', 'operation']","登录送十连卷（章节7可使用（有效期24小时））
章节3解锁自选十连（章节10可领取）
但是初始的几个角色自动战斗打不过章节4
也就是说，不充钱你啥也没有

笑掉大牙了，第一次见开服第一天送十连还要求推图进度到后期才能领的。。",1.0,6.0,
378321,绯色回响,38031907,2023-10-17 03:13:00,2,121868621,User121868621,红米 Note 11,,[],"['gameplay', 'operation', 'visual_music']",好家伙，你是比传奇优秀些的，你比他更会赚钱！😒,,,43.0
378321,绯色回响,38031901,2023-10-17 03:12:32,1,495900761,snk,iPhone 12,,[],[],纯坑钱,,,58.0
378321,绯色回响,38031894,2023-10-17 03:12:03,2,412256034,Coward.,Redmi Note 10 Pro,4020.0,[],[],两星给美术，玩不下去，太抠了,,7.0,40.0
378321,绯色回响,38031838,2023-10-17 03:07:48,3,370468018,三点水,OPPO R11s,,[],[],这类打斗玩法，没意思,,1.0,
378321,绯色回响,38031831,2023-10-17 03:07:19,2,52882607,求求你别禁我了,华为BRA-AL00,,[],"['gameplay', 'operation', 'visual_music']",强制性游戏，什么玩法都没有，只能推图,,1.0,43.0
378321,绯色回响,38031826,2023-10-17 03:07:03,1,8740465,手机用户8740465,三星Galaxy S10 5G,,['visual_music'],"['gameplay', 'operation']",除了ai辅助立绘你还有啥，不想给奖励就不给嘛，我们不玩就是了，可能贵司底薪为0，全都是绩效考核吧，提纯萃取结束，我不配~你们自己抱着kpi耍去吧,,2.0,
378321,绯色回响,38031823,2023-10-17 03:06:33,1,543109148,李煜,Android 设备,,[],"['operation', 'visual_music', 'gameplay']",太神奇了这个策划优惠券两张，邮箱就给了一个十发券两个优惠劵厉害太厉害了,,,53.0
378321,绯色回响,38031818,2023-10-17 03:06:16,2,366487011,该用户已注销,Vivo V2148A,,[],"['gameplay', 'operation', 'visual_music']",真的很差劲，引导太长，官方太抠,,,41.0
378321,绯色回响,38031817,2023-10-17 03:06:13,1,55771461,栗子,iQOO 8 Pro,180.0,[],"['gameplay', 'operation', 'visual_music']",赶紧跑路，那想要的，这国服什么都没有还白色为主的角色，加黑纱，也太难看了1,,1.0,53.0
378321,绯色回响,38031809,2023-10-17 03:05:54,2,57766633,好嘛没,Redmi K60,,[],"['gameplay', 'operation', 'visual_music']","牛 抽卡这么扣是吧 祝早日倒闭
",,,43.0
378321,绯色回响,38031808,2023-10-17 03:05:53,1,110909235,Reaepita,Huawei P60 Pro,,[],"['gameplay', 'operation', 'visual_music']","垃圾游戏

💎资源获取：扣

☄️成长体验：氪

🃏抽卡体验：歪

🎮可玩性：无

🌃画面音乐：被和谐

🔖运营服务：滚服

✍🏻建议：别玩

",,,
378321,绯色回响,38031799,2023-10-17 03:05:16,1,14491300,旁友  票子有伐,Android 设备,,[],"['operation', 'visual_music', 'gameplay']",卡关抽卡独一家。。-抽完领取还有关卡要求  我滚了。。,,1.0,41.0
378321,绯色回响,38031788,2023-10-17 03:04:41,2,39962953,月见月零,OPPO Ace2,,[],[],棉袄加上之后只能说毫无优点了，福利福利不咋地，玩法玩法不咋地，立绘立绘不咋地，皮肤一般般还卖780钻，这种游戏都敢上线是真的勇。,,1.0,
378321,绯色回响,38031787,2023-10-17 03:04:30,2,72092938,唐古拉爱吃糖,Vivo IQOO 11S,420.0,[],"['gameplay', 'operation', 'visual_music']",玩这个游戏的目的应该差不多吧。但说涩不涩，宣传面板能打满码，我还以为会怎样，就这依托答辩。玩法老旧，被迫拉练度通关拿 预 约 奖 粒,,1.0,
378321,绯色回响,38031779,2023-10-17 03:03:44,5,29480639,天天玩游戏,OPPO PEXM00,840.0,['visual_music'],"['gameplay', 'operation']",浪费我几个g流量，游戏心在搞黄色宣传,,1.0,
378321,绯色回响,38031770,2023-10-17 03:03:02,1,106910002,喵脆∠,iPhone 14 Pro Max,,[],[],动画做的一言难尽就不谈了，新手关卡里没有暂停键我是没有想到的，你甚至必须在新手引导里一次又一次的品鉴他那个做的勾史一样的大招动画，更离谱的是，哥们儿在过新手关卡放技能的时候直接卡住了，游戏卡死了^_^,,2.0,
378321,绯色回响,38031762,2023-10-17 03:02:11,1,71148356,哀笑,华为 Mate 30 Pro 5G,,[],[],别说玩了，验证码都发不来的吗,2.0,,40.0
378321,绯色回响,38031756,2023-10-17 03:01:18,1,353261005,主公兼武将,中兴A2322,,"['gameplay', 'visual_music']",['operation'],逆天，给你扣完了,,,58.0
378321,绯色回响,38031755,2023-10-17 03:01:16,2,100129939,秋月大和,华为Mate 10 Pro,240.0,[],[],没有任何吸引人的地方，无聊概括一切,,,41.0
378321,绯色回响,38031751,2023-10-17 03:00:46,1,21603508,猫草,Redmi Note 10 Pro,,[],"['gameplay', 'operation', 'visual_music']",立绘音乐剧情玩法没一个能吸引人的，不提这些，这游戏真的把怎么浪费玩家时间做到了极致,,,53.0
378321,绯色回响,38031745,2023-10-17 03:00:06,5,4047035,董桑,VIVO IQOO Z1,,['visual_music'],"['operation', 'gameplay']","玩了30分钟果断删除
游戏内自选10练需要打到第三关卡 
领取预约奖励需要第四关卡
领取10连需要到第十关卡
邮箱里一开始送充值折扣券是真有意思
总结快跑
",,3.0,
378321,绯色回响,38031737,2023-10-17 02:59:17,5,550671454,洛洛,Vivo V2046A,,"['gameplay', 'operation', 'visual_music']",[],杀疯了,,,
378321,绯色回响,38031729,2023-10-17 02:58:29,2,31931687,岂可修,Redmi K40 游戏增强版,,[],"['gameplay', 'operation', 'visual_music']",不想送直说，非得搞这些乱七八糟的←_←一星立绘一星音乐,,3.0,41.0
378321,绯色回响,38031714,2023-10-17 02:57:24,1,24224569,蟲子(bachimomoni),iPhone 12 Pro Max,,[],[],过完新手（又长又臭），2023年了，邮件一抽都没有，反正我不玩,,2.0,52.0
378321,绯色回响,38031688,2023-10-17 02:54:49,2,579054295,柒柒,Android 设备,,[],[],前期新手指引强制你点击，也没找到在哪有关掉大招动画的地方，你们不会真觉得大招动画做的好看吧，那动画糊的，就跟标清似的，每个人平均还要看四五遍，,1.0,,
378321,绯色回响,38031682,2023-10-17 02:53:51,2,546859367,183183,Vivo X80,120.0,[],"['gameplay', 'operation', 'visual_music']",不想让玩家抽卡就直说，搁着搞一堆花里胡哨的东西恶心谁呢，看你这小人对对碰就犯恶心,,,53.0
378321,绯色回响,38031680,2023-10-17 02:53:48,5,5673002,云意晚,OnePlus Ace 2,,"['gameplay', 'operation', 'visual_music']",[],反和谐咋弄兄弟们,,,1.0
378321,绯色回响,38031677,2023-10-17 02:53:37,1,454538161,金木水火土,Vivo V2148A,,[],"['gameplay', 'operation', 'visual_music']",浪费流量，时间，送的什么玩意,,,40.0
378321,绯色回响,38031658,2023-10-17 02:52:32,1,122624957,User122624957,iPhone 12 Pro,,[],[],刚开始玩就忍不住想吐槽，没见过这么垃圾的新手引导战斗又不能加速强制要求一场一场的看，纯粹耽误时间。,,,
378321,绯色回响,38031650,2023-10-17 02:52:01,2,388328555,北柒陌人,Redmi K50,,[],[],一般，感觉没有达到我的预期,,,40.0
378321,绯色回响,38031620,2023-10-17 02:48:56,1,8991368,無秩序之真红,Android 设备,,[],"['gameplay', 'operation', 'visual_music']",😥开局不给抽不给角色关卡怎么打 开服邮箱給氪金折扣券 还就不到一个十连的钻石 还不算氪金  太自以为是了吧 烂 快跑,,1.0,
378321,绯色回响,38031588,2023-10-17 02:46:36,2,17668113,靓仔欧皇,Android 设备,1320.0,[],"['gameplay', 'operation', 'visual_music']","逆天，赶紧跑路（别逼我扇你）
1、充值优惠卡，还不算进首充里😅
2、送的10连，还得打到特定关卡才能抽😅
3、预约奖励还得自己打通关卡去拿😅",,15.0,3.0
378321,绯色回响,38031583,2023-10-17 02:46:02,5,584945394,无上的救世主,iPhone XS Max,,[],[],哈哈哈,,,
378321,绯色回响,38031539,2023-10-17 02:41:46,2,498914499,林不羞,Redmi Note 12 Turbo,,['visual_music'],"['gameplay', 'operation']",十连新手抽卡得前三关，抽完了想要领取你的十连你得把第十关打过去了才能领，我第三个boss都差点没打过，你叫我打第十关，又臭又长，前三关打完没有20抽，一个金没有关卡怎么打？,1.0,1.0,1.0
378321,绯色回响,38031535,2023-10-17 02:41:26,1,381817377,睡觉,Vivo V2048A,,[],"['gameplay', 'operation', 'visual_music']","可玩性:没什么操作空间，纯数值游戏，而且战斗过程近乎全自动，还有各种做的糊的一批的动画，还不能跳过，嘎嘎难受。而且前期新手引导巨长。
立绘建模:有那么几个正常的，好看的，很多都是畸形人，就是那种x比脑袋大几倍的那种，当然，你要是喜欢这种当我没说。
运营服务:邮箱给的少的可怜，全都需要你推主线才有，而且回报拉长的贼离谱。
画面:看上去应该是远古时期的老代码和老画面，不符合时代了，无论是战斗界面还是开始界面都挺拉的。
总结:一坨，快跑",,3.0,
378321,绯色回响,38031529,2023-10-17 02:40:50,3,438014833,莫语,Hi nova 9 Pro,,['visual_music'],['operation'],画面四星（真的顶），游戏性不高就那样回合制挂机游戏，关键运营，新人登录送了什么东西，两张买钻石的优惠劵和一张自选十连券，东西都限时一天，我要打到第七章才能去抽，一天没打完就废了是什么意思，强迫我一口气玩个一两个小时是吧，我跑了反正,1.0,,
378321,绯色回响,38031521,2023-10-17 02:40:06,2,3763289,白岩射手,Vivo IQOO Neo6 SE,1020.0,[],[],"小心避坑，永久卡比亚服贵了快3倍
游戏开始下的200mb资源不是最终的，要登录游戏进到主界面才开始下载完整资源，而且没有暂停，没有进度条，3GB！用流量的慎重！
游戏会送折扣劵，
折扣劵买的晶石不计入充值！
折扣劵买的晶石不计入充值！
折扣劵买的晶石不计入充值！
",,,
378321,绯色回响,38031518,2023-10-17 02:39:52,2,2668145,炮击君,小米 9 透明尊享版,,"['visual_music', 'gameplay', 'operation']",[],"和谐很多，利维坦不知道是不是国区刚起步没更新，还是被和谐没了。
国服的充值价格本土化，游戏帧率要好很多，2023年了没啥特色
我下载就是来看棉被的
",,7.0,1.0
378321,绯色回响,38031505,2023-10-17 02:38:43,2,40820676,Bat,iPhone 12,,[],[],流程又臭又长,,,39.0
378321,绯色回响,37963335,2023-10-10 01:56:07,1,30139542,幽夢,Redmi Note 12 Turbo,,[],[],"简单来说很氪，50抽小保底。200抽大保底，反正我都是大保底才出。抽出来是1星，3个技能2个是要升星的，同角色给一半碎片，里面送得抽非常非常少，至于立绘问题这国服已经大大加布料了，以后估计还得加。。。公测见到7日签到皮肤笑死了。泳衣外穿奇葩的一笔。没反河蟹还是去外服算了。这改的违和的很
",,6.0,
378321,绯色回响,38031504,2023-10-17 02:38:33,1,428742117,周七,Android 设备,,[],"['visual_music', 'gameplay', 'operation']",开服整个随机预抽卡恶心谁啊,,,40.0
378321,绯色回响,38031500,2023-10-17 02:38:15,2,12427085,QQ用户12427085,Redmi K50,,[],"['gameplay', 'operation', 'visual_music']",什么垃圾游戏。新手教程完了没资源抽卡也是叼。邮件给的啥垃圾玩意？一元买100钻优惠劵。哪来的脸送这东西。,,1.0,
378321,绯色回响,38031467,2023-10-17 02:35:07,5,37559050,ℳ๓恋歌,iQOO 8 Pro,,"['gameplay', 'operation', 'visual_music']",[],真...真的..很大啊😦,,,
378321,绯色回响,38031455,2023-10-17 02:33:55,1,110128355,随风而来的我,Android 设备,360.0,[],"['gameplay', 'operation', 'visual_music']",一个字，烂,,,39.0
378321,绯色回响,38031451,2023-10-17 02:33:28,2,27373885,混元霹雳手,Android 设备,,[],"['gameplay', 'operation', 'visual_music']","早上八点用wifi预下载的游戏，下完之后特意进游戏看了一下，怕十点上班又要下载数据，结果没看到有要下载的数据。
十点进游戏，首先进去就是又臭又长的大招动画，还不能跳过，内测就是这样，公测了还不改，你家大招动画很好看？
其次就是强制教程，强制强化 强制探索，都23年了还学不会引导式教程吗？我要上厕所你把厕所指给我就行了，我还需要你扶着我上厕所吗？
然后接着就是喜闻乐见的游戏内下载了，不知道跟哪家学的一个臭毛病，不会跟腾讯学学?
",,3.0,1.0
378321,绯色回响,38031440,2023-10-17 02:32:07,1,5453487,风醉月舞萤,Android 设备,,[],"['gameplay', 'operation', 'visual_music']",活生生十年前的页游,,,40.0
378321,绯色回响,38031437,2023-10-17 02:32:02,2,1405020,ベ城,Honor 70,,['visual_music'],"['operation', 'gameplay']","玩法，是古老的。
画风，是现代的。
剧情，是稀烂的。
游戏，是混服的。
总结：不如重返未来：2007。",,5.0,
378321,绯色回响,38031415,2023-10-17 02:29:24,2,428946344,子不语怪力乱神,荣耀 X30i,,['visual_music'],"['gameplay', 'operation']","我简单讲：
1.战斗演出至少是五年前的水平
2.邮件赠送的竟然有充值券这种东西，1块钱多少晶石，这是我玩了千把款二游头一回见到的，且只有一张十连，这个十连还是要推关之后才能用的，限制你使用
3.答辩剧情
4.强制新手任务指导，又臭又长
5.除了不符合人体的篮球雪子以外没有任何东西
总结：垃圾",,3.0,
378321,绯色回响,38031379,2023-10-17 02:25:59,2,584894777,该用户已注销,荣耀 50 SE,,['visual_music'],"['gameplay', 'operation']",玩过外服，这国服立绘我看了一下可以说是每个人物都和谐了一遍。国服吸引到我的宣传就只有每日十连，可是这人物大招动画我依旧没找到在那里关，不会又要40级才能关吧，外服立绘可谓很顶的，到国服又加布料又加黑布，怎么，只给外国人看不给国人看嘛，你游戏怕人举报？又想赚国内二次元的钱又给人物添衣，啧啧啧，你游出好久了哟，许多好的建议装听不见，又想赚钱？我的天，充国服真的还不如去玩铁道,,,
378321,绯色回响,38031363,2023-10-17 02:24:35,1,109976948,叶修,Realme真我GT,,[],[],新手教程，再搞长一点呗，你应该每一关都教我怎么过，每一关都指引。升级什么都应该直接教我对不对？,,,
378321,绯色回响,38031322,2023-10-17 02:19:26,2,26160525,一只长毛橘,Android 设备,,[],"['gameplay', 'operation', 'visual_music']","被恶心到了，放个小技能也得放半天动画然后打出几十点伤害，自动战斗+80%动画时间，还没得跳过，玩这玩意儿纯粹嫌命长找个东西恶心自己。强制性引导教程，玩了十几分钟都只能跟着提示点。
祝你游蒸蒸日上，遥遥领先。",1.0,2.0,
378321,绯色回响,38031316,2023-10-17 02:18:44,2,11682697,卡布达,RealmeGT Neo5 240W,,[],[],看到索娜立绘眼前一黑,1.0,1.0,40.0
378321,绯色回响,38031313,2023-10-17 02:18:30,3,536020637,猪小九,Android 设备,,"['gameplay', 'visual_music']",['operation'],其他先不说，玩个开头然后开始下载内容包，还不能后台，这种设定真的坑爹，封测吃过这个亏，结果公测还这样。613！,,,
378321,绯色回响,38031303,2023-10-17 02:17:34,2,20074179,妇产医院扛把子,Vivo V2024A,,[],[],2023年了还有这么烂的游戏,,1.0,40.0
378321,绯色回响,38031302,2023-10-17 02:17:17,5,10108506,MAX,小米Xiaomi 13 Ultra,,[],[],打不开打不开，游戏打不开！！,,,
378321,绯色回响,38031288,2023-10-17 02:15:07,1,396201308,11.,Android 设备,,[],[],新手指引看动画没完了呗，很优秀的动画吗？,,2.0,40.0
378321,绯色回响,38031283,2023-10-17 02:14:41,2,389707104,森哥哥,RealmeGT Neo5,,[],"['gameplay', 'operation', 'visual_music']",动画太磨叽了  新手教程血条搞那么厚干嘛  也没快进  一直看动画  撤了,,1.0,53.0
378321,绯色回响,38031259,2023-10-17 02:12:48,3,4710317,天琴座的宝雅  🍃, iQOO 11 Pro,,[],[],这游戏你们公司自己玩了吗？新手教程技能动画看的我脑壳疼😅,,,
378321,绯色回响,38031253,2023-10-17 02:12:02,2,5634818,曲尽人散,Android 设备,,[],[],下载还分个内下载，恶心人,,,39.0
378321,绯色回响,38031242,2023-10-17 02:10:45,2,415658894,ぴいあ黑龙ぴぞ,Vivo V2073A,180.0,[],[],"两星防止被吞
就战力游戏dddd
立绘也被砍烂了
国服嘛dddd
总之就是一句话
dddd",,,53.0
378321,绯色回响,38031204,2023-10-17 02:04:19,2,38300010,到不了的永远,Redmi Note 10 Pro,,[],"['operation', 'visual_music', 'gameplay']",前期跳过和倍速都没有，还看好几次小人动画，撤了,,1.0,39.0
378321,绯色回响,38031196,2023-10-17 02:03:23,3,16857094,夏川奈奈子,iPhone XR,,[],[],千篇一律毫无新意,,,
378321,绯色回响,37888113,2023-10-02 22:58:07,2,20755857,文丑但颜良,索尼Xperia 1 III,,"['operation', 'visual_music']",['gameplay'],实际质量不如自家停服的《伊甸园的骄傲》，动画演出清晰度感人,1.0,2.0,39.0
378321,绯色回响,38031127,2023-10-17 01:54:24,1,364182842,Liú,Vivo V2046A,,[],"['operation', 'visual_music', 'gameplay']",预抽卡真的拉 拉了七八个 都没用，其中还有一个自己小号，笑死,,2.0,38.0
378321,绯色回响,38030141,2023-10-16 20:15:00,2,584931836,风花雪月？,华为 Mate40 Pro,,[],[],一般吧这游戏，感觉，类似的我玩儿过，没意思,,1.0,39.0
378321,绯色回响,38029866,2023-10-16 17:40:25,5,16220344,涤尘铃,Android 设备,,[],"['gameplay', 'operation', 'visual_music']","供应商：上海游族！
快跑！兄弟们！",1.0,20.0,
378321,绯色回响,38029843,2023-10-16 17:33:50,1,501084424,梦冰夏虫,Vivo IQOO Neo8,,[],[],预约抽卡拉人？让玩家给你宣发奖励还要看运气，想出这活动的有几个码呀？,,4.0,49.0
378321,绯色回响,37895671,2023-10-03 12:04:59,1,57685760,牛头人的纯爱,Redmi K60,,[],[],这游戏什么货色，各位自己看看吧。战斗有一半的时间是看动画，40级才能解锁跳过技能动画，而且好像新手好像是锁池子的。我玩了一会就玩不下去。因为涩而玩的话，就不要去浪费时间了。这游戏在外服都是出了名的扣，每个不火的二次元游戏都是有原因的,5.0,30.0,2.0
378321,绯色回响,38029733,2023-10-16 17:03:12,2,32557972,末影花开,Android 设备,,[],[],预抽卡要拉新人？没问题，拉两个新人给个sr？你游福利可以的，这是我见到最恶心的预抽卡了,,2.0,
378321,绯色回响,38029708,2023-10-16 16:58:24,2,122455944,shyer,iPhone 12,,[],[],滚服游戏,,,38.0
378321,绯色回响,38029237,2023-10-16 15:43:03,3,363699613,良民,Android 设备,,[],[],想问一下这个跟咸鱼之王相似度多少,,4.0,
378321,绯色回响,38028248,2023-10-16 13:41:51,5,420942348,User420942348,iPhone 13,,[],[],#小程序://绯色回响/q2B35DkSnQQ35gw,,,
378321,绯色回响,38027602,2023-10-16 12:21:27,1,553625919,Lilac,红米 Note 9,,[],['operation'],请问如何实名认证？？？？？？？？上一次在山海镜花那边就是没法实名认证，才被我气的删了，这一次必须得给我个交代！！！,,2.0,
378321,绯色回响,38027529,2023-10-16 12:12:29,5,31803072,余界,iQOO Neo 5,,"['gameplay', 'operation', 'visual_music']",[],虽然说是会被和谐，我赌第一天开服应该不会,1.0,,
378321,绯色回响,38026429,2023-10-16 09:35:38,1,24457899,呆檬,Realme真我GT2大师探索版,,[],"['gameplay', 'operation', 'visual_music']",从b站老坑zzz那里来的，二次元传奇，数值爆炸，滚服，再看看制作商，run了,,5.0,52.0
378321,绯色回响,38025817,2023-10-16 08:13:39,1,346239119,The sky,努比亚 Red Magic 3,,[],[],本来已经下载了，预抽卡直接卸了,,,38.0
378321,绯色回响,38025767,2023-10-16 08:07:21,5,740151,赤红,Redmi Note 10 Pro,,"['gameplay', 'operation', 'visual_music']",[],期待游戏上线，迫不及待想玩了。,,,1.0
378321,绯色回响,38025304,2023-10-16 07:03:42,5,413009782,家妻名曰七海,Newman 2020808,,"['visual_music', 'gameplay', 'operation']",[],有人和我一起嗷到开服吗,2.0,,
378321,绯色回响,38025058,2023-10-16 06:33:15,3,479448695,子不语zZ,Android 设备,,[],[],还行,,,
378321,绯色回响,38024971,2023-10-16 06:19:26,5,584375953,M,Redmi Note 12 Turbo,,"['visual_music', 'gameplay', 'operation']",[],太好玩了,,,2.0
378321,绯色回响,38024537,2023-10-16 05:09:24,5,443803305,陆燃,iPhone 12 Pro,,[],[],期待游戏上线，迫不及待想上手,,,
378321,绯色回响,38024287,2023-10-16 04:33:02,4,408319097,打击打击nd,Realme真我GT 2,,[],[],根本更新不了，一动不动，怎么回事？,1.0,,
378321,绯色回响,38024264,2023-10-16 04:29:39,4,468154175,城雨浥尘,Vivo V2048A,600.0,"['gameplay', 'operation', 'visual_music']",[],期待中，预约过游戏不多，这是其一,1.0,,2.0
378321,绯色回响,38023984,2023-10-16 03:49:46,4,522089619,火腿砰砰分店,Honor 90,,[],[],怎么说呢，跟伊甸园的骄傲一个厂的，外服叫绯红的神约，为了怀念伊甸园才入的坑,,1.0,
378321,绯色回响,38023636,2023-10-16 03:06:16,5,37008713,小小凰,小米Xiaomi 12S Pro,,"['gameplay', 'operation', 'visual_music']",[],游族加油，玩过N久的女神联盟，从页游到手游，看好你们！,,,
378321,绯色回响,38022933,2023-10-16 01:04:17,5,19396588,無風起浪你個浪你個浪,华为 MatePad 11,,[],[],看到二次元就想吐🤮，以前挺喜欢的，但是这几年已经把喜爱值都消费完了！这些公司做的二次元游戏都一个鸟样的,,3.0,
378321,绯色回响,38022673,2023-10-15 23:46:07,5,506522912,嘿嘿嘿,小米Redmi K40,,[],[],期待期待,,,
378321,绯色回响,38022646,2023-10-15 23:37:40,2,397565600,User397565600,华为P30 Pro,,[],[],二分给立绘，但到了国服立绘也被和谐了，那还剩下啥？满屏氪金按钮吗？😏,,1.0,52.0
378321,绯色回响,38022492,2023-10-15 22:14:48,1,8790329,芙羽,Android 设备,,[],[],游族没活可以申请纪念账号，没必要拿这坨恶心玩家，外服什么样大家心知肚明，除了立绘过得去，剩下哪里不是坑？国服调整立绘相当于核心没了，只剩pvp和冗杂的日常了，那谁玩的下去？,,2.0,
378321,绯色回响,37832065,2023-09-28 17:04:15,5,32094866,囚囚✓,Android 设备,,[],[],"小小的期待一下😇
最近刷到了这个游戏，看了pv与图片之后。我就被这款游戏的立绘深深地吸引住了。国风游戏本来就是我喜欢的类型，看了游戏内容与演示后更加令我心动！这些精美的图画描绘了各个独具特色的角色，直接打在了俺的心巴上！他们的形象生动，衣着打扮各具特色，让我忍不住想去了解她们！
最重要的是我喜欢白色的头发（诶嘿)，一头飘逸的白发给人一种神秘而优雅的感觉。我被这种独特的气质吸引，为了白发小姐姐！！！٩(´◒`*)۶
当然还有这些精美的游戏立绘，让人眼前一亮。有机会我一定尝试一下这款游戏，期待能够在游戏过程中更深入地了解这些令人心动角色😍",,13.0,13.0
378321,绯色回响,38021797,2023-10-15 16:37:01,5,3023347,落樱绘梨,Redmi Note 11T Pro,,[],[],期待公测！,,,1.0
378321,绯色回响,38021438,2023-10-15 15:43:49,5,573473456,Edinburgh,Android 设备,,[],[],期待期待,,,1.0
378321,绯色回响,38020510,2023-10-15 13:55:23,5,342306359,无千日,iQOO 9,,[],[],量腐草之荧光，怎及星空之皓月，尔等若倒戈缷甲，以礼来降，既不失五星好评，岂不美哉？,,3.0,1.0
378321,绯色回响,38020505,2023-10-15 13:54:47,5,579754071,无缘而失,一加手机PHP110,,[],[],"VV VV VV VV VV VV VV......
我要VV
期待(o^^o)",,2.0,2.0
378321,绯色回响,38020012,2023-10-15 12:59:13,3,35333786,陈青穗,Huawei Nova 10 SE,,[],[],玩过台服，嗯其实就是比较传统的推图游戏，这个游戏最大的看点就只是立绘,,,
378321,绯色回响,38019393,2023-10-15 11:46:23,3,563105832,不爱吃芹菜,Redmi K50 Ultra,,[],[],可惜是PVP😅😅,,,
378321,绯色回响,38019330,2023-10-15 11:38:21,5,25077565,倚楼卧听风吹雨,PTAC ALH-BD00,,[],[],立绘画风太棒啦！必须支持一波！期待早日上线！,,,
378321,绯色回响,38019036,2023-10-15 11:03:15,4,30557814,~靣 對、,Android 设备,,[],[],被立绘吸引的，希望剧情和玩法能好一点,,,
378321,绯色回响,38019036,2023-10-15 11:03:15,4,30557814,~靣 對、,Android 设备,,[],[],被立绘吸引的，希望剧情和玩法能好一点,,,
378321,绯色回响,38017378,2023-10-15 08:03:44,4,44431937,烧猪,小米MIX 4,,[],[],游戏蛮不错的，日服玩了大概也有半年了？记不清了，白嫖党战力也差不多两千万了。具体来说日常产出少，活动福利还行，游族嘛，懂得都懂。但是等级解锁活动有点烦，池子也是歪的离谱，为了凑羁绊双up抽到头皮发麻。值得夸奖的也就是立绘和不少皮肤能白嫖了,8.0,1.0,2.0
378321,绯色回响,38015478,2023-10-15 04:54:27,5,486300989,史珍香,Android 设备,,[],[],希望这个游戏和外服一样衣服少穿点不然都没精髓了😻😻😻😻😻,,,
378321,绯色回响,38014804,2023-10-15 03:49:48,5,42197094,浩,Huawei Enjoy 10,,[],[],封面选的好绅士少不了,,,
378321,绯色回响,38014650,2023-10-15 03:34:18,3,2196014,Oreo,一加8T 5G,,[],[],就想看看到时候能和谐多少😋,,,
378321,绯色回响,38013127,2023-10-15 00:41:20,5,404636490,༄冷枫江此落ꦿ,Vivo V2057A,,[],[],五星,,,
378321,绯色回响,38012810,2023-10-14 23:48:24,5,21203988,心向光明,Honor X40 GT,,[],[],"满分哦
",,,
378321,绯色回响,38012744,2023-10-14 23:31:17,1,15059504,缺玖,Android 设备,,[],[],预抽卡活动就是个笑话,,3.0,38.0
378321,绯色回响,38012636,2023-10-14 22:51:13,5,340457374,王小明,一加 Ace 2 pro,,[],[],角色立绘很好看，期待公测,,,
378321,绯色回响,38011933,2023-10-14 17:36:14,5,1079502,liu~ming@J!,华为P40 Pro,,[],[],迫不及待享受游戏了,,1.0,
378321,绯色回响,38011562,2023-10-14 16:42:08,5,522021904,星溯,Vivo S16 Pro,,[],[],非常期待,,,
378321,绯色回响,38010944,2023-10-14 15:33:04,5,54590804,天桥公司董事长,Redmi K40 游戏增强版,,[],[],你抽别的我都可以忍，你抽利维坦光栅卡那我可就上了。,,,
378321,绯色回响,38009738,2023-10-14 13:41:37,5,541400098,耀不下饭.,Android 设备,,[],[],"美术功底不错的
在外服玩过
希望越来越好😁",,,
378321,绯色回响,38008968,2023-10-14 12:32:14,5,84222519,手机用户84222519,Vivo V2168A,,[],[],快点吧,,,
378321,绯色回响,38008592,2023-10-14 11:55:48,3,549065675,琴弦,Xiaomi Redmi K60 Ultra,,[],[],国服基本不期待，各种和谐没意思,,,
378321,绯色回响,38008511,2023-10-14 11:48:12,5,348390578,安格鲁,Redmi K40 游戏增强版,,[],[],"什么时候开服啊
",,1.0,
378321,绯色回响,37814938,2023-09-27 14:27:56,5,568725802,立花泷66,Android 设备,,[],[],"先说说总体吧给个★★★★☆
1测的时候玩了一个多月，挺好的，角色立绘也很精，玩法也很丰富，就是剧情比较单一，没什么花样性。然后就是通过升级各种战力系统提升战力，想玩的舒服就小氪一点，零氪也比较推荐，就是有点肝。
1.先说说抽卡:
这个就比较恶心了，要么保底，要么歪，常驻池的新手10连必拿，其次就是轮换up，这个看角色，比较推荐奥黛丽（辅助）、淇淇（爆发）限定up池一般看🐻，抽大的就行，越大越牛逼。
2.PVP:
前哨觅影:这里面的奖励特别丰富，一定要去拿，但是对战力低的小萌新不友好，人家都是大佬协会的，所以一定要挑一个好点的公会（实在不行自己建）
其他活动也要积极参与
3.立绘:一代版本二代强，三代简直没法看，布料和谐的太严重了，出个反和谐吧。
4.剧情:报看，能跳过就跳过，立绘不行，剧情没法看，这游戏还有什么可以玩的地方？
5.氪金度:散了吧散了吧，氪金大佬玩的。
我是从渠道服过来的，其他的我不太懂，毕竟就经历了2次测试，也算是老手了，能不氪就坚决别氪，谁氪谁大冤种，氪过的都知道。暂时先补充那么多，还有其他问题下面留言，我去帮你们问问去😎😎😎
",6.0,17.0,8.0
378321,绯色回响,38008350,2023-10-14 11:32:38,4,8752043,咩啊咩啊咩啊,iQOO Neo 5,,[],[],希望能和外服一样，国服内测体验，除了抽卡疯狂保底并且歪的情况，其他都挺好的,,,
378321,绯色回响,38008101,2023-10-14 11:10:11,5,539242040,弄,Android 设备,,[],[],希望立绘能够实物相符！,,,
378321,绯色回响,38008076,2023-10-14 11:08:05,5,416817023,ㄓ,Vivo V2148A,,[],[],外服开服玩家，二服战力第一，养成算是比较肝的，总的来说美术都很可以，立绘和建模都很不错，玩法也不像国内其他养成，角色还有三自选SSR，福利也很到位，就是容易歪（第一次歪了个伤害真神尼罗，第二次歪了个防御真神白羽），但是国内肯定要和谐很多东西，外服的才是真的顶,,,
378321,绯色回响,38007945,2023-10-14 10:56:01,4,20127884,烁韵哲,红米 K20 Pro 尊享版,,[],[],如果有反和谐，那确实可以5星😍,,,
378321,绯色回响,38007846,2023-10-14 10:47:09,5,25930823,司空乐水,Vivo V2131A,,[],[],看起来不错，五星期待一下,,,
378321,绯色回响,38007752,2023-10-14 10:36:03,5,29322011,伤风的鼻涕,Vivo IQOO 10 Pro,,[],[],公测😝,,,
378321,绯色回响,38006803,2023-10-14 09:12:28,1,579190450,地球玩家9856,华为HONOR View20,,[],[],快跑，除了立绘，一无是处，而且国内立绘还要被和谐，建议不氪,,,39.0
378321,绯色回响,38004742,2023-10-14 05:56:30,5,435473975,User435473975,Vivo IQOO Neo7竞速版,,[],[],苦了我十连三金的利维坦啊,,,
378321,绯色回响,38004166,2023-10-14 05:00:27,1,409467651,听风的倾诉,Redmi K50,,[],[],画面到了国服绝对和谐，除了画面啥啥不行 给你们讲个笑话 这里面你给角色提升好感度增加全队战力。。意思这个角色你不管喜不喜欢都得提升好感度，你说你没有角色？抽呢哇。但这里面的sr跟r角色啥用没有 是的你没有听错，因为ssr角色的普攻比sr的大招伤害多四五倍你敢信！ssr大招比sr的伤害多十几倍！角色用同一个角色提升一星可以增加百分之五十左右的角色数值。 最多升7颗星 大保底250抽。。 武器没有大保底但可以用石头换 抽五次给一个石头 如果用石头换就是7500块钱的钻才能得一把，增加一星直接提升百分百数值，需要五把能升五颗星。。宿舍的摆件也是提升全队战斗力的你们敢信吗？！而且跳过功能是你必须通关当前副本最高难度，但有些副本还有限制要求 比如你必须血量高于多少过了才能满星这种要求。。商城皮肤也是加全队属性的，就是说你想要高练度 你所有皮肤都要买。。史诗皮肤比普通的多了好几倍的数值。。不想骂了  ,1.0,12.0,4.0
378321,绯色回响,37999508,2023-10-13 15:31:51,5,515919466,剂量基因,Honor X40,,[],[],封面不干净呀😍,,,
378321,绯色回响,37998741,2023-10-13 14:20:40,5,584428556,刘小诺,华为 MatePad Pro,,[],[],这个应该挺好玩的，我也没玩过😁,,,
378321,绯色回响,37996478,2023-10-13 10:50:48,3,62997782,好耶,Android 设备,,[],[],预约完一看是游族的直接完蛋一半😅,,5.0,
378321,绯色回响,37996150,2023-10-13 10:17:27,4,473725314,蕾米莉亚,小米MI CC 9e,,[],[],这个封面....😳,3.0,,
378321,绯色回响,37995201,2023-10-13 08:30:22,2,438986,无邪人生,Android 设备,,[],[],活动要求的战力不会一次比一次高吧,,2.0,38.0
378321,绯色回响,37993693,2023-10-13 05:30:53,5,25259612,岛岛北,Honor V40 Lite,,[],[],"玩法是真的有点简单了，不用动脑的卡牌游戏，战斗的时候也是全自动虽然动画很精美但还是够了，
毕竟我入坑就是因为这个立绘，这么涩的立绘还要什么自行车。",,,
378321,绯色回响,37992414,2023-10-13 03:01:38,5,558281031,凌寒独自开,Android 设备,,[],[],希望可以好好运营，不要和谐不要和谐,,,
378321,绯色回响,37991993,2023-10-13 02:15:34,3,409936240,喵,魅族17 Pro,,[],[],封面图直接白雾也太良心了，不会做游戏只有美术能看的话建议下海,,,
378321,绯色回响,37987711,2023-10-12 12:39:04,5,3915232,黄油玩家,Huawei Mate 60 Rs,,[],[],我活这么久了，第一次看到广告都打圣光的,,,1.0
378321,绯色回响,37987658,2023-10-12 12:35:28,4,41121663,一念秋至,Vivo Y78m,,[],[],刚玩两天外服，目前感觉不错（有种以前玩少三的感觉）不知道国服角色立绘要和谐到什么样？,,1.0,1.0
378321,绯色回响,37985338,2023-10-12 08:20:22,5,501685400,云,Vivo IQOO Neo6 SE,,[],[],"很想来说说养成这个点，队伍是可以上阵六个角色的，还有古物和源质兽，很值得一提的是这个养成
养格子，而不是每一个人物都要花费精力重新养成，这是可以一键继承，肝度很友好。",,,1.0
378321,绯色回响,37985003,2023-10-12 07:41:28,5,551762570,小北,Android 设备,,[],[],"特别期待国服公测，就目前内测和透露出来的角色，感觉绯色好像也做了几个国风的角色，还把国风
机甲结合到一起，好新奇好美的设计。",,,2.0
378321,绯色回响,37983568,2023-10-12 05:02:34,5,27378652,cocona,iPhone 11,,[],[],"其实从国服的和谐程度，然后说的抽卡福利，就很能看出绯色官方的诚意了，在已经拥有绝美的立绘
十分有代入感的配音以及简单但还有点新意的玩法这么优秀的配置了，这真的很难得。",,,
378321,绯色回响,37981179,2023-10-12 00:12:09,3,549435436,诡影,Android 设备,,[],[],"看到迷你人就没有玩的欲望了
",,1.0,
378321,绯色回响,37980764,2023-10-11 20:31:00,2,322247485,四爷,Realme GT Neo2 5G,,[],[],"兄弟们，我去国际服预先体验了一番，快跑！
1.邮箱空荡荡，是一点不舍得给你送啊，我没氪金，到卸载前就抽了18次卡，一次十连，后面攒崩溃了，八个单抽，抽完卸载。
2.这B游戏在增加游玩时长上做足了功夫，变着法的恶心你，大招动画跳过功能要打完主线第十章，战斗快进功能也是比较后面才给你开放，一进去什么都没有，差不多打完第十章你才会看见领奖励的东西，这中间就已经花费了很多时间。
3.国际服十章未通关前只给你一个池子抽，当然你一分钱不充，你二十发都搞不出来。
总结：哥们头回见这么抠的游戏，除了立绘一无是处，可是外服二游要有颜色立绘的，一抓一大把，这B游戏不会真觉得他那个只有立绘没有福利能留住人吧？两星给到利维坦😁",1.0,7.0,
378321,绯色回响,37979350,2023-10-11 15:12:00,1,3211111,Tout à coup rap,iPhone 12,,[],[],被这种邀人预约的活动恶心到了,,2.0,37.0
378321,绯色回响,37979131,2023-10-11 14:46:48,4,321123812,Ramper,Android 设备,,[],[],外服还在玩，其实也还行，但是国服估计会把立绘的布料加很多，毕竟外服那个太露了，本质上就是个老婆收藏器，很多角色都好看的一批，特色很明显，应该能满足大部分人都xp了,,1.0,
378321,绯色回响,37977432,2023-10-11 11:32:01,1,10049870,布朗牙,Android 设备,,[],[],最抠的二次元手游非你莫属😓,,1.0,38.0
378321,绯色回响,37977104,2023-10-11 10:53:38,4,584174532,卿离🌷,Vivo Y77,,[],[],问一下零氪玩家能玩吗？四星给美术,2.0,,
378321,绯色回响,37975898,2023-10-11 08:35:40,5,552170404,该用户已注销,Vivo Y53t,,[],[],"""我始终认为 相遇就应该好好珍惜 :¯ᯅ¯:""",,,1.0
378321,绯色回响,37974248,2023-10-11 05:10:11,5,115012298,33,iPhone 14 Pro,,[],[],反正还没公测，玩法再稍微用心完善下呗,,,1.0
378321,绯色回响,37973474,2023-10-11 03:38:57,4,18417014,火环搞快点,Redmi K50,,[],[],咋说，ui和立绘风格还是比较统一，整体画风玩起来就比较舒适,,,
378321,绯色回响,37964511,2023-10-10 04:13:47,5,413498235,柚子,Honor X20 SE,,[],[],游戏没办法批评，立绘相当的慷慨，即使是npc小怪的立绘都设计得很大方，总之妥妥的福利游戏。像淇淇还有利维坦这些，这样的角色立绘设计反正我么有在其他二游中看过，总之，立绘还是给我带来了相当不少体验感的～～～,,,
378321,绯色回响,37971502,2023-10-10 21:23:43,5,32604232,卜至稻,Android 设备,,[],[],先给个五星，看看国服裹得严实不严实😋,,,
378321,绯色回响,37964670,2023-10-10 04:34:55,3,2522384,不胖的猪,一加 Ace 2 pro,,[],[],一个靠立绘的游戏全和谐了，除了氪金方便国服真没多大优势，真想玩白嫖党建议去国际服，也有中文，不过还是建议别玩，福利等于没有,,,
378321,绯色回响,37961747,2023-10-09 16:56:55,5,467156347,久违,Realme GT Neo5 SE,,[],[],老弟们双金了,,,
378321,绯色回响,37955756,2023-10-09 05:49:03,3,57679374,yamato,小米Mi 10S,,[],[],玩家有明确形象还塞进仓库里有点顶不住，我是我的自机？不禁想起以前pcr的所谓“佑树党”，和fgo骂迦皇的时候爆的那些“你真以为你是藤丸立香”这些典，颇为影响代入感,,,
378321,绯色回响,37955450,2023-10-09 05:13:07,1,40550899,百厌,华为P30,,[],[],预抽卡都这么垃圾，还要分享两个人才能抽ssr，我分享了一个宿舍的人，一次都没加，也不知道那两次抽卡去哪了，不想送直说，真下头。,,1.0,
378321,绯色回响,37953399,2023-10-09 01:06:18,1,2038425,煦颜,Android 设备,,[],[],预抽卡活动整挺好，这下彻底不打算玩了。,,,38.0
378321,绯色回响,37950925,2023-10-08 15:14:59,2,573519233,顶尖的单机大神,iPhone 14 Pro Max,,[],[],给两星是怕一星会屏蔽！ 福利太扣搜了，一个预约抽卡，居然搞这么小气！ 麻烦你去多看看别的游，好吗,1.0,3.0,
378321,绯色回响,37950513,2023-10-08 14:39:52,3,5155066,zeroly61,Web 官网,,[],[],"外服开服玩家，目前已经停氪躺平，三星给美术
一、养成：队伍可以上阵六个角色+四个古物+三个源质兽，你的强化资源都是给队伍格子的，格子里的内容可以随便更换，但是每个角色/专武/古物/源质兽星级是独立的。
资源主要是通过日常+周常活动+限时活动（两周一次不间断）+通行证+商店兑换获取，每天中午晚上各有一次体力赠送，不清楚国服有没有变化，日常现在有一键日常，大部分都可以直接完成。
二、美术：本质收藏养老婆游戏，立绘方面还是不错的，都有l2d，每期皮肤是伴随限时活动开放的，活动期间有折扣。还有皮肤券可以100张换一个皮肤，不过很多皮肤都没开放皮肤券兑换，获取方式有付费礼包/公会boss后拍卖/钻石商店（每周限购10次）。
国服和谐程度未知，日服最近新出了誓约内容，有誓约皮肤，质量挺高的，那个尺度感觉国服不太能直接上架。
三、氪金：玩家最关心的也是最重要的一点。
1.日常
大小月卡（性价比高），每日提供一定量钻石+体力+点数，点数可以累计进度兑换额外奖励。
订阅功能（长期玩强烈推荐），每日提供一定量金币+体力，这个不是关键，主要是有一些类似vip功能，比如部分日常可以跳过或者扫荡，部分日常和挂机内容增加产量。
通行证（性价比较高），和其他游戏类似，通过做任务提升等级获取奖励，奖励有头像+头像框+徽章+sr皮肤+专武自选箱+各种资源。
数据兑换，分为几个档位，第一个档位是500钻兑换5张古物抽卡券+体力性价比最高，后面都是付费档兑换钻石，前两档也比较推荐买，做日常获取点数开放兑换，兑换当前档后解锁下一档。
每日特惠，这个对于氪金党很推荐，平民玩家还是算了，毕竟价格等于每天买个小月卡。内容是每日限购三个小礼包，礼包是钻石+角色抽卡券+资源+体力+点数，这个点数和月卡那个同类，也有个累计进度兑换额外奖励，当然每天也有个免费礼包可以领，也有少量点数。
限时弹出礼包，这个就是每天游玩不同内容就会随机弹出相关礼包，比如抽卡会弹出抽卡券礼包，性价比不定，平民玩家基本无视。
2.商约
基础，就是每日限购礼包，平民玩家可以每日进来领一个免费的，其他的付费礼包性价比也低。
特选，就是针对不同内容的礼包，比如皮肤券，角色/专武/源质兽/古物抽卡券，平民玩家无视即可。
月光，就是月度限购礼包，性价比较等级礼包低一些，平民玩家无视即可。
等级，就是达到一定等级后解锁的礼包，分为免费和付费，目前只开到60级档位，有条件的玩家优先买。
活动礼包，限时活动开启后会同时开放相关礼包，有资源和家具礼包内容也是分为几档的，性价比最高。资源礼包含有资源和活动代币，家具礼包一般是四个左右，全买就是一整套，每套家具收集有属性加成，放在宿舍里提升舒适度也有属性，也可以在活动商店兑换，一般会在后续活动开放当期家具。有条件的玩家优先买。
3.其他
基金，这个就是达到奖励标准后返还，性价比很高，分为等级/主线/黑渊（爬塔）三种，有免费和付费两种，付费返还很多，长期玩可以考虑买。
投资返还，就是累计充值和抽卡可以领到不少资源，包括唯一一个只能在这里获取的角色未央，皮肤自选箱什么的。
特别支援，也是一个累充活动，达到标准后解锁档位奖励和档位礼包购买。
直充钻石，这个是性价比最低的了，就算有首充也比不上其他礼包。平民玩家无视即可，氪金玩家除非重氪全部礼包买完了没得选才考虑这个。
角色自选，这个日服最近才出的，先不评价。
皮肤，上面提到了这里就不再赘述。
基本氪金内容就是这些（罗列出来发现还是很多的），平民玩家基本白嫖或者小月卡/小月卡+大月卡，有能力的买个通行证，长期玩买个订阅就差不多了，基金，数据兑换和活动礼包的低档也可以考虑。

我目前只有在续大小月卡，通行证也停了，因为它好几期没加新皮肤进去了，然后偶尔买一下皮肤。
关于我为什么停氪：
1.玩家留存率低
一开始开了不少区，到现在每个区已经没多少活跃玩家，同公会的几个氪佬跑得差不多了，公会里就那几个在玩的，还不能确定过几天会不会上线。然后也没有合区，只是开了一些跨服内容。随之也有不敢再多氪的想法，怕官方突然哪天说关服了。
2.福利肉眼可见的减少
比如偶尔会有的签到活动，早期的常驻ssr角色自选箱也没了，官方的发福利邮件也没了，毕竟玩家也没剩多少。当然不敢断定国服什么样。
3.pvp内容太多
公会boss有跨服伤害榜，每周一次，这个倒是奖励不算太好。
黑渊，日常高难爬塔，分为两种塔，前者通过后可以扫荡，难度中等。后者平民玩家目前只能爬到中间层数，后面战力跨度太大，只有重氪玩家勉强能凹，而且只能手动，跳过战斗如果失败会扣除一点次数，每天回复一次，重置后回复三次。就算通过该关卡，等下次重置后也不能扫荡，每天浪费时间的日常之一（凹关究极折磨），主要奖励是兑换UR套装的代币。
绝境行动，日常高难副本，后面关卡目前只有重氪玩家能打，优点是可以组队找大佬带，但是找不到活人就没办法。
信仰解放，周一到周六每天重置，有12次战斗次数，敌人都是随机刷新的跨服其他玩家复制体，必须全胜，失败一次就会少最后一个奖励，如果刷到比你战力高的玩家，听天由命吧。而且只能扫荡之前的区域，最新区域的12次都要手动打一遍，每天浪费时间的日常之一。周日开放跨服pvp排行榜，按排名发放奖励。这两者分配的服务器可能不一样。
困兽/兽王，本服pvp（一队）和跨服pvp（三队），这个应该不用多说了。
周常活动全部是跨服pvp，有前哨，瞬隙行动，光耀祭。实行轮替制。
前哨，跨服公会抢地盘，主要玩法就是占领区域然后挂机获取代币兑换奖励，有排行榜奖励。自然少不了互相攻击，也是不少玩家弃坑的原因之一。有段时间一些玩家开很多小号来撞高战力氪佬，让他们没办法挂机，非常恶心。后来官方修改机制后，氪佬可以一人清一城，氪佬们确实舒服多了，其他玩家挂机就要看有没有惹到小人了。
瞬隙行动，跨服公会战，按排名随机分配三个公会一组乱斗，当日战斗结束后重新分配参战公会，按最后积分再排名发放奖励，每天12点开启5次战斗次数，每4小时回复一次，可以购买次数。
光耀祭，跨服pvp，周一到周五一队pvp，周六日三队pvp，周六决出十六强，玩家可以参与竞猜赢取代币兑换奖励。
月常活动目前只有两个，雾境梦魇和破碎星野。
雾境梦魇，跨服高难爬塔400层，虽然可以托管ai爬塔，但是它很蠢，手动又会非常花时间，血压上来了。按通关时间排名发放奖励，能爬多快就看各位玩家的财力了（
破碎星野，难得的跨服pve活动，随机分配区服组成探险队合作推进地块，最后攻克boss。行动力随时间恢复，只靠自己推真的很慢，所以不少玩家也是直接放弃这个活动。虽然叫作pve，但是玩家之间互相抢地块然后频道对喷也是很常见的（
4.卡池，分为角色、古物、源质兽、专武卡池，钻石基本都是往这里砸的。这里只介绍UP池，星级都可以使用通用碎片突破。
角色，单UP，ssr概率3%，UP概率40%，50抽必出ssr，每歪一次会有加权，第五次必中。角色基本是0/4/7三种星级，7星包括本体要12只。平民玩家基本抽0星，然后用ssr通用碎片突破星级就好，只是过程比较漫长。
卡池时间是跟随活动走的，也就是两周时间不间断。比较恶心的一点是，除了个别角色之外，大部分UP角色都不保值，运气不好可能下个卡池就被新UP角色克制了，所以投入资源培养角色星级就很吃亏，又不能转移给新角色。平民玩家攒很久的通用碎片，结果马上出来更强的，就会很恶心。
专武，单UP，ssr概率5%，UP概率80%，30抽必出ssr，每歪一次会有加权，第三次必中。算是这几种卡池里花费最少的了。
源质兽，单UP，ssr概率2%，UP概率60%（不确定现在没开池子忘了），80抽必出ssr，每歪一次会有加权，这个我最多歪过三次，忘了有没有天井。
抽取有概率抽出源质兽强化材料，这个宠物加战力很多，但是成本也高了。
古物，重量级选手，常驻池每天有一次免费单抽，单UP，完整ssr古物概率0.2%，ssr古物碎片概率2.6%，抽到就必定是UP，重点是完整古物无保底，每5抽给5个虚时碎片，可以兑换1个ssr古物碎片，最非的情况下500抽可以去兑换一个，最离谱的是，我的ssr古物全是兑换的，只能看着别人单抽完整古物咬牙，真的是无底洞。平民玩家不要拿钻石去抽，用白嫖的抽卡券抽一下就行了，限定池虚时碎片是通用的，等攒够500虚时碎片去兑换强力古物。

题外话，之前有跟其他氪佬交流过，氪多了之后有感觉被重点关照，抽哪个都非，一只角色经常250抽，基本都是50抽才出然后歪满4次，大概率连续250抽一个UP。不好揣测官方是否暗改，但是确定其他氪佬也是这样，抽专武80%概率也歪满，问其他氪度低的玩家没有连续歪满这种情况。
这也是我停氪的最主要原因，等于抽一只满星大概率要花费其他玩家数倍成本，停氪后基本都是不歪或者歪1-2次，当然也有抽数少的原因，所以只是一种猜测，认识的氪佬大多都停了，原因跟我差不多。
至于国服会是什么样子，先观望吧，真要玩的话只能说理智氪金。

讲了这么多，省流一下：是游族，快跑！
那你为什么还在玩？
我：左手莉莉丝老婆，右手利维坦老婆，真香~",114.0,614.0,53.0
378321,绯色回响,37947748,2023-10-08 10:07:25,5,118614319,旷世神坑,Vivo V2203A,,[],[],很期待，之前看国际服是大头娃娃就没尝试过，早点把游戏特色说出来嘛，正好等国服。,,,
378321,绯色回响,37945063,2023-10-08 05:20:47,5,450313922,妮好,Android 设备,,[],[],期待游戏可以有更多新颖独特且内容丰富多彩的玩法，可以让我们玩家体验到不一样的游戏情怀。,,,1.0
378321,绯色回响,37943655,2023-10-08 02:55:55,3,9613252,梦极尽,Vivo V1950A,,[],[],先来想一想，上国服会河蟹多少台词，加多少布料，我是国际服来的，奉劝大家赶紧跑，不要对游戏有任何期待,,1.0,
378321,绯色回响,37941460,2023-10-07 17:35:02,2,97383240,Lacklustrr,Android 设备,,[],[],"日服玩家，早已经不玩了。
P.S看一个玩家评价写国服的一些强度对比外服提升了不少，但是结尾也说了氪金力度也大，只能说只要不是0命提升到外服3命的强度，可以说等于没有提升。还有送什么黑丝SSR？外服也有，而且不止一只，还送了泳装皮肤，送了，但是我还是坐牢，活动打不过。
大部分角色3命即有用，5命即毕业，什么利维坦真神？问了群里的人才发现，没有3命就是勉强用用的地步，主线都过不去的那种。所以，利维坦真神也是可以说的，至于其他的？3命可以说也是真神，能勉强用用。
保底我记得是60还是80×3还是4不记得了？而且福利少的可怜，活动有利维坦也不太好打，最主要的钻石获得途径也是活动，日常周常副本给的少的一批。
吃保底严重，勉强算他60保底，3次小保底，180大保底。至于多少钻我是忘记了。你以为3次小保底180大保底很好？抱歉，比原神还抠，进阶要求最少3命。常驻角色基本5命够用。非氪玩家开服第一个活动应该会感觉很难打，那就是正常操作。
一些模式肝度拉满。pvp日服卷的要死，氪也要卷。
更别提这游戏主打的就是立绘，国服和谐没得玩。真要作为0氪看立绘去台服，我记得有台服，不然就是国际服。
真要因为游戏性玩这游戏也不至于。而且我不清楚游族，但是看别人骂游族都是简单一句游族，懂得都懂。可以说游族的大部分运营都没多大差别。",,2.0,
378321,绯色回响,37939869,2023-10-07 14:28:41,4,106526325,清茶,Vivo IQOO Neo6 SE,,[],[],"希望是个18岁的游戏，别来个12岁的。实在不行你出两个版本，一个登录之后扫脸，一个不用
",,,
378321,绯色回响,37939165,2023-10-07 13:20:09,1,25362571,拾歌,Redmi Note 12 Turbo,,[],[],看见游族就来差评了，很快啊，得罪玩家还想搂钱？赶紧似吧。找游族代理的也是糊涂,,,50.0
378321,绯色回响,37938374,2023-10-07 11:55:06,5,580933026,白玉,iPhone 11,,[],[],游戏角色立绘精美，设计思路独特，非常符合我xp,,1.0,
378321,绯色回响,37938139,2023-10-07 11:28:23,4,332616523,Noregret,Realme GT Neo5 SE,,[],[],不得不说，你是懂做封面的😕😚😚,,,
378321,绯色回响,37932618,2023-10-06 20:49:41,5,490403023,魃霸君,Redmi K40 游戏增强版,,[],[],真不错,,1.0,1.0
378321,绯色回响,37931704,2023-10-06 16:26:55,5,423614291,洛天夜,Honor 70,,[],[],可以的,,1.0,
378321,绯色回响,37931321,2023-10-06 15:44:03,4,12994597,风起地,一加手机 7T,,[],[],期待正式上线,,,
378321,绯色回响,37928943,2023-10-06 11:16:53,3,70304,林生,Redmi K50,,[],[],什么！游族?就是那个不把玩家当人的游族嘛?,,,
378321,绯色回响,37928469,2023-10-06 10:21:41,5,439068710,元久,小米Redmi K40,,[],[],期待游戏上线后可玩性高。,,,
378321,绯色回响,37927891,2023-10-06 09:19:58,5,100269049,燃泪,Vivo IQOO Neo7,,[],[],希望上线公测的时候别炸，今天就有个游戏刚上线就成贴纸了，我不说是谁,,2.0,
378321,绯色回响,37927549,2023-10-06 08:49:32,4,84082923,𝓗𝓪𝓻𝓭𝓮𝓼𝓼,华为 Mate 30 Pro 5G,,[],[],游族游戏，外服已经被骂烂了，😁😁😁,,,
378321,绯色回响,37800584,2023-09-26 09:03:10,4,442789866,世界清醒的游戏玩家,华为畅享10 Plus,,[],[],opp玩过，不太行,,,
378321,绯色回响,37066891,2023-08-06 00:48:45,4,121419159,白霞逐夜,Redmi K50 Ultra,,[],[],"日服玩了半年了，这游戏我个人还是挺喜欢的。
最大的优点肯定就是立绘，但是上线国服肯定会和谐的。
缺点主要是抽卡，200石头一抽，50抽保底，4次小保底才有大保底，运气差要250抽才出up，养成也比较繁杂，要抽角色武器、古物、宠物。
游戏性也很低，战斗没法操作，只能自动战斗，几乎没有策略性可言，战力够了就能打过，但是大多数战斗都能跳过，我还是挺喜欢的，因为玩二游不想动脑子手操。
游戏的福利实际上不低，倒不如说在我玩过的那么多二游里算挺高的，23天一期的卡池能攒够一个保底。
除了限定皮肤，其他的皮肤都可以用石头换皮肤券兑换，大概4000石头。月卡每天是给一抽在二游里还是比较少见的。
三幻式养成，养成位置而不是角色，游戏有一键日常，后期每天上线不超过十分钟，有活动也不超过15分钟，适合当副游。
总之适合不追求玩法只喜欢收集老婆的人游玩。推荐玩日服或国际服，最近还送了个利维坦婚皮，如图。",38.0,170.0,23.0
378321,绯色回响,37922197,2023-10-06 01:09:54,1,49189233,乱成一锅粥,小米MIX 3,,[],[],包装精美的狗屎，枉我还充过钱，40%抽卡必歪还不是最恶心的，各种卡你资源进度，设置胜利条件，你不抽强角就是打不过，新手活动难度都高的吓人,,3.0,
378321,绯色回响,37921258,2023-10-05 19:07:34,3,10258349,Bernka,Android 设备,,[],[],所以说你都玩擦边了为什么不玩没河蟹的外服呢？又不是没中文😅,,,
378321,绯色回响,37920416,2023-10-05 16:28:57,5,372428343,不悔,小米MIX 2S,,[],[],预约了，游戏期待一下,,,
378321,绯色回响,37918291,2023-10-05 12:50:39,3,390278976,一茶一酢,小米Mi 11,,[],[],外服立绘可以和碧蓝拼一拼。但是氪度肝度远超碧蓝,,,
378321,绯色回响,37911322,2023-10-05 00:00:05,3,473068,Sketch灬,iPhone XS Max,,[],[],玩了半年东南亚服，直接说重点吧，游戏好玩吗？不好玩，对，确实不好玩，福利也不是很高，卡池很歪。其次这游戏主要特色就是澀，是的没错，人物瑟，时装更涩。那么问题来了，你们觉得游戏立绘占了百分之90的游戏在国服会和谐成什么样我不好说，个人强烈建议大家观望一段时间再入坑，为什么？参考国服第七史诗的和谐事件。,,1.0,
378321,绯色回响,37905293,2023-10-04 09:14:03,5,347026075,我笑红颜,Android 设备,,[],[],已预约，期待游戏可以有更多新颖独特且内容丰富多彩的玩法，可以让我们玩家体验到不一样的游戏情怀😍😍,,1.0,
378321,绯色回响,37900460,2023-10-04 01:13:23,3,17530448,LEO,Android 设备,,[],[],这是能上国服的游戏？这游戏主要就是立绘好看，玩法真就感觉很一般。但是国服和谐肯定的，到啥程度就不好说了,,2.0,
378321,绯色回响,37900353,2023-10-04 00:58:02,5,453665394,赴卿赴缺月,华为 Enjoy 20 SE,,[],[],话说这宣传图为什么要打码(˵¯͒〰¯͒˵),,,
378321,绯色回响,37896722,2023-10-03 13:42:03,2,536699321,真巫,Vivo X90 Pro+,,[],[],是有多抖M，才会在知道有外服的情况下，顶着和谐的衣物和低劣的游戏性以及并不看好的运营，来国内玩这款游戏？,1.0,3.0,1.0
378321,绯色回响,37895797,2023-10-03 12:17:23,4,7889712,小可这厢有礼,Vivo IQOO Neo5S,,[],[],期待中虽然知道大环境下一定会和谐，但是期望不逼氪。,,,1.0
378321,绯色回响,37895594,2023-10-03 11:57:53,4,9521859,林小苯,Huawei Mate 30E Pro 5G,,[],[],看到宣传图满屏圣光感觉还挺好奇😃挺期待后续上线情况,,,
378321,绯色回响,37894843,2023-10-03 10:46:17,5,471219914,白梦妍,TablePC,,[],[],这款游戏上线后应该会爆火,,,
378321,绯色回响,37890367,2023-10-03 04:03:50,3,583124711,jntm,Honor X50 ,,[],[],玩了一会，每次抽奖都是保底，跟我同服的十连三黄两黄都是基本操作系统播报那边都显示了，真的服气了，这游戏非酋玩不了,,,
378321,绯色回响,37889650,2023-10-03 02:56:43,5,548980578,奥格格,OPPO Find X6 Pro,,[],[],3560抽😲，就冲着我都能每天签到一下,,,
378321,绯色回响,37888904,2023-10-03 01:34:23,5,379492875,Jackka,Vivo IQOO Neo7竞速版,,[],[],期待期待,,,
378321,绯色回响,37888087,2023-10-02 22:45:17,3,4791870,整笑了,Android 设备,,[],[],有无懂哥说说是不是搞涩涩的,1.0,2.0,
378321,绯色回响,37885431,2023-10-02 14:09:51,5,429948365,蝶恋,OnePlus 10T,,[],[],非常期待，希望早日上线,,,
378321,绯色回响,37878917,2023-10-02 04:50:19,4,71574102,浅笑心柔,Android 设备,,[],[],那么快就内测了，我还在测试中呢。,,1.0,
378321,绯色回响,37878385,2023-10-02 04:04:34,5,514271322,小恶魔努努,Android 设备,,[],[],玩过外服和国服内测，总之，国服策划诚意很足，很懂玩家想法，就等着10月17日正菜端上来了，希望不要菜量打折扣或者加料。,,,
378321,绯色回响,37584734,2023-09-06 05:18:46,2,2227734,不知所措的大白,OnePlus Ace 2,,[],[],"好家伙这熊，这豚，你游挺有料啊，有本事别动😂咱就是想看看不加布料能不能上线
参加测试：
散了吧，该删的都删了，你啥也看不见，玩点全无取消预约。
小黄启动！冲，哒哒哒哒哒哒",1.0,9.0,1.0
378321,绯色回响,37869034,2023-10-01 08:49:21,4,511432395,hhh,OnePlus Ace 2,,[],[],有一个游戏活的一模一样，但不叫这个名字，角色都一样，但不知上面写体验服还是公测,,,
378321,绯色回响,37868677,2023-10-01 08:19:49,1,582105325,平安啊,OPPO Reno标准版,,[],[],"我没想到这游戏还能出国服，玩的国际服，氪了6000+把，简单评价一下这游戏，希望大家避雷。
立绘:优美大，然后大大大也是这个游戏唯一的优点了。
广告:弹窗广告一堆，提醒你氪金，非常影响体验。
有非常多的基金，甚至等级深渊基金还有二期。
氪金:重氪游戏这游戏7星满突破，1-4 1只 5 6两只，7星3只意思是满命一共需要11只。如果只氪月卡+通行证(当时好像200多)+全勤肝大概一个月能拿到一个换所有角色的通用碎片。差不多月卡玩家1年能养一个满破。
抽卡:一坨有保底，50小保底(会歪)，250大保底。每天差不多肝满也就1，2抽的样子，一坨。
推图:前面只要养成够熟练能退的很顺利，但是到推图1/3左右的时候，差不多数值会提升。会卡很久很久(平民月卡玩家一起卡，差不多养个十多天一个月能推几章)。只有重氪7星玩家能慢慢推。
推荐:非常有钱的人玩，当时我那个去前十都氪了上w，第一可能几万，第一个池子(长触手叫啥我忘了)+开服活动可能3000能拿下满星，后面的池子没有活动硬氪得5000。14天一个池子，一个月两个池子这样开，平民玩家就算了，福利一拖。想抽的角色可能离得很近，可能一只都抽不到，后面角色复刻给的是双角色保底，就像原神的武器池，还没定轨懂得都懂

",,21.0,
378321,绯色回响,37867249,2023-10-01 06:18:11,5,541094334,古月方源,iPhone 13,,[],[],非常期待,,,
378321,绯色回响,37863879,2023-10-01 01:39:36,5,53668961,该用户已注销,Vivo V2162A,,[],[],祝游戏蒸蒸日上,,,
378321,绯色回响,37861904,2023-09-30 17:25:04,1,22268023,紫之萤火,Huawei Mate 50,,[],[],"我也不懂为什么tap首页疯狂给我推嗷，今天实在是受不了了，评价一手
我的评价是别玩，千万别玩，跑！赶紧跑！这游戏就是一款：超·氪金卡牌手游·坐牢
这游戏我承认立绘确实好看，但是国服连肚脐都要缝上的力度，说实话，这游戏高低给你裹成木乃伊。哦对，角色放技能有ex动画，但是！你买了皮肤ex动画还是原来那样，难绷。
然后就是游戏性了，三个字评价，点点点，每天上线日常最少半小时，且一直在点点点，里面有两个模式（其实还有好多，但是这两个给我恶心坏了，当时退坑也是因为这个，没有一键扫荡）我记得很清楚，一个是红不拉几的爬塔（深渊？）每天重复打一遍好吧，然后！这关卡很离谱，有些你明明能过，他给你来一个必须全队生命值大于50%，就硬卡你，很➗生。还有一个就是类似探索一样的，一个地图30几关吧，每天就是打→跳过→探索→打→跳过→探索，还有体力限制，真的，点！每天进去就是狂点。
这游戏还有PVP，世界BOSS，公会战。角色极其不平衡，sr角色和不存在一样，全是SSR，sr和r顶多凑个羁绊得了，哦对，这游戏里面所有的东西都加战力，包括但不限于（常规装备啥的就不说了）角色好感+皮肤+角色羁绊+家具，是的你没有听错，这里面家具也是加战力，你说离不离谱。真是离谱他马给离谱开门，离谱到家了。
这游戏还有永久月卡，还是vip特权？不记得了，反正买了可以给你扫荡啥的，然后嗷，这个卡嗷，一开始是按月买，我买完第二个他变永久了，我绷不住了。
最后最后，如果你真想玩这个游戏，别氪金，千万别氪金！真的，痛，太痛了。一款游戏，可以让我肝或者氪，我都没意见，但是你不能又肝又氪还让我坐牢，最后还要背刺我一手，难崩😅",2.0,4.0,
378321,绯色回响,37859601,2023-09-30 13:56:03,5,103181039,离辰,华为nova7pro 5G,,[],[],期待期待,,,
378321,绯色回响,37858883,2023-09-30 13:00:07,5,2183096,冷心,Android 设备,,[],[],就等开服玩了！,,,
378321,绯色回响,37858187,2023-09-30 12:06:46,4,582618932,没想好,Web 官网,,[],[],3650抽，听到这个我人都傻了，立绘这么美这么精致，福利还这么好，到底有什么缺点啊你游,,,
378321,绯色回响,37850316,2023-09-30 01:37:07,5,582475217,说别的,Web 官网,,[],[],温柔的、热情的、可爱的、傲娇的……真是你想要的都有,,,
378321,绯色回响,37845954,2023-09-29 14:23:26,5,582415647,不是你的,Web 官网,,[],[],游戏里面的大招动画真不错，交互玩法沉浸感ok,,,
378321,绯色回响,37845498,2023-09-29 13:52:44,5,570092277,该用户已注销,华为畅享10s,,[],[],我放一个碗在这里，必和谐！猜对了就在我碗里丢个鸡腿,,,
378321,绯色回响,37843719,2023-09-29 11:45:50,4,582373959,好咯,Android 设备,,[],[],这个画风这个立绘是有点惊到我了，包括皮肤也真的好漂亮，每一个都想要,,,1.0
378321,绯色回响,37843075,2023-09-29 10:55:43,5,514744818,金瞳猫,Android 设备,,[],[],"！！！真的定档国服了啊啊啊啊啊！！！
看pv就狠狠入坑了ψ(｀∇´)ψ
希望不要hx得那么严重，（但素看了下好像已经被削了）

",,,
378321,绯色回响,37841964,2023-09-29 09:34:19,5,414032270,春风启程,小米Redmi K40,,[],[],祝游戏红红火火蒸蒸日上越来越好,,1.0,
378321,绯色回响,37841548,2023-09-29 09:07:50,5,582318141,表情包,Web 官网,,[],[],太爱设计家园这个环节，好温馨好治愈，我一定要抽到更多老婆！还要给老婆们穿上好看的衣服！,,,
378321,绯色回响,37841525,2023-09-29 09:06:58,5,74291642,人,Android 设备,,[],[],有点实力,,,
378321,绯色回响,37840502,2023-09-29 07:57:28,5,582317308,你在急什么,Web 官网,,[],[],最爱的环节是布置家园，和我的老婆们一起在家园里温馨生活感觉人生就够了呜呜呜,,,
378321,绯色回响,37839533,2023-09-29 06:53:04,4,582298868,卡到起飞,Web 官网,,[],[],本来就是冲着立绘，看到pv看到官方发的资讯我就知道这个游戏我没选错,,,
378321,绯色回响,37838626,2023-09-29 05:48:22,5,582253742,不过分,Android 设备,,[],[],vv我的唯一老婆！到底谁get不到vv，极致的反差这个脸这个声音这个皮肤，抽不到不活了！,,,
378321,绯色回响,37837208,2023-09-29 04:10:45,5,425548061,该用户已注销,红米Note 8 Pro,,[],[],二次元型养成性游戏还是挺不错的，期待一下,,,
378321,绯色回响,37831769,2023-09-28 16:35:24,5,582180800,消失的温度,Web 官网,,[],[],vv那个红桃皇后黑丝的皮肤是什么！你告诉我！我要得到啊啊啊啊啊,,,
378321,绯色回响,37830681,2023-09-28 15:13:59,5,582157384,火辣,Web 官网,,[],[],累的时候看美丽的事情会被治愈，玩这种操作简单立绘绝美的游戏就是在脑子死机的时候我最喜欢的,,,
378321,绯色回响,37829297,2023-09-28 13:58:52,4,582156556,扛不住“u,Web 官网,,[],[],下班累得要死就想玩点休闲好看的游戏，刚好这个操作也简单都不用动什么脑子，适合我这种人,,,1.0
378321,绯色回响,37828369,2023-09-28 13:02:42,3,14476707,无谓＆,一加手机9R,,[],[],三星期待,,,
378321,绯色回响,37826902,2023-09-28 11:35:50,5,582124216,我曾两次,Android 设备,,[],[],每次进游戏就是感觉很棒，看到这个画风这个立绘，和老婆互动一下什么坏心情都没了,,,1.0
378321,绯色回响,37826635,2023-09-28 11:21:45,5,24691601,维尔梅,Oppo K10 5G,,[],[],就等着开服，现在已经有记忆了每天早上都想着打开那游戏，但是测试服已经关闭了但是留在手机里也行😭😭😭,,,
378321,绯色回响,37825960,2023-09-28 10:47:16,5,48555412,毛得银,Vivo IQOO Z6x,,[],[],角色立绘挺不错的，看好游戏！,,,
378321,绯色回响,37825694,2023-09-28 10:30:50,5,449941,阿尔托莉雅,华为HONOR View20,,[],[],末日、科幻加美少女，元素还不少，希望融合起来不差吧。五星鼓励下。,,,
378321,绯色回响,37823645,2023-09-28 08:57:06,4,551298602,🐈,iOS 设备,,[],[],操作很简单，立绘很美，缺点就是战斗模式不能跳过，希望公测可以改进,,,
378321,绯色回响,37821187,2023-09-28 06:23:28,5,360253182,雨巷,Vivo V2054A,,[],[],期待，画面感不错。,,,
378321,绯色回响,37820556,2023-09-28 05:23:39,5,457976226,零,Vivo V2046A,,[],[],期待一下,,,
378321,绯色回响,37820289,2023-09-28 04:57:16,5,8290033,♛空♛,华为P40,,[],[],立绘很不错,,,
378321,绯色回响,37820053,2023-09-28 04:31:18,5,582076827,玩手机,Web 官网,,[],[],绯色的立绘包括画风是我见过同类游戏中做得很好的，包括技能动画都是好看啊,,,
378321,绯色回响,37819114,2023-09-28 03:08:46,4,73371401,拟态提子农民,红米 Note 11,,[],[],给你一点提升空间，加油！一定要认真运营哦！,,,
378321,绯色回响,37817072,2023-09-27 22:38:49,5,15726509,古鱼,Vivo IQOO Neo7,,[],[],立绘很好看，玩法也有意思，剧情也吸引人，期待公测那天。,,,
378321,绯色回响,37817066,2023-09-27 22:34:47,5,582054321,班车下,Web 官网,,[],[],vv真的好会欲擒故纵，外表是纯洁神圣的天使，但穿着兔女郎黑丝性格是妹妹，说紧张让我陪着她诶,,,
378321,绯色回响,37816532,2023-09-27 17:50:35,5,495013463,野良神,Android 设备,,[],[],嘿嘿嘿欧派，大欧派，哎嘿嘿嘿😍😍,,,
378321,绯色回响,37816442,2023-09-27 17:27:00,5,24042217,白,Android 设备,,[],[],期待公测！,,,
378321,绯色回响,37815832,2023-09-27 15:58:46,4,472392570,聆,Hi nova 9,,[],[],期待，，，，,,,
378321,绯色回响,37815376,2023-09-27 15:09:38,5,84122885,暗夜协奏曲,Redmi K50,,[],[],满满期待，快快端上来！！,,1.0,
378321,绯色回响,37814771,2023-09-27 14:12:28,4,57876149,京华秋色,Honor 80 GT,,[],[],画风立绘还不错，听说玩法和策略还需要加强。总之先期待看看,,,
378321,绯色回响,37814460,2023-09-27 13:44:09,5,385280404,咖大大,Vivo IQOO Neo7竞速版,,[],[],游戏立绘虽和谐但还是期待一下国服专属角色，祝游戏越来越好公测冲冲冲,,,
378321,绯色回响,37813885,2023-09-27 12:42:19,5,17997015,小懒皇,Web 官网,,[],[],没玩过该游戏，不过看了一下其他玩家玩国际服发的感受，希望官方给国服的福利相对多一些吧，玩家本身会对游戏待遇进行对比，其次玩游戏，基本优先会选择国服居多，还有希望在公测前，能否出一个公测前的直播呢,,,
378321,绯色回响,37813490,2023-09-27 12:02:48,5,3699830,用脚脚摩擦吧,Vivo IQOO Pad,,[],[],不管啥，丝袜和脚脚，还是拉扯的不那么糊弄，先个5星期待。,,,
378321,绯色回响,37812234,2023-09-27 10:01:58,5,101832022,芙蓉塘外有,Redmi Note 12 Turbo,,[],[],国际服十年老玩家不请自来，国情来说改加的布料肯定少不了，官方聪明在特地等亚运和国庆的风口过了再上线游戏所以fhx应该会有的，比较期待国服的本土化角色。,,,1.0
378321,绯色回响,37812207,2023-09-27 10:00:04,5,28562724,心安,Redmi K50,,[],[],玩过国际服，希望上线后别和谐太严重，期待,,,
378321,绯色回响,37804293,2023-09-26 15:17:43,4,581929890,有点用还没,Web 官网,,[],[],不是打码干什么有什么是我们这些绅士不能看的，那我能想到游戏里得多劲爆了,,,
378321,绯色回响,37800427,2023-09-26 08:49:10,1,58799990,0.0,华为 nova 6 SE,,[],[],又臭又长浪费时间,,1.0,38.0
378321,绯色回响,37800271,2023-09-26 08:30:51,5,551008060,心思缜密的修仙者,iPhone SE (2nd generation),,[],[],荷鲁斯我的神啊黑皮辣妹到底谁不喜欢啊!保佑我抽到你！,,,
378321,绯色回响,37798924,2023-09-26 06:16:54,3,493752664,嗯好咯哦哦哦,华为 Mate 30 5G,,[],[],番茄都测试了你这还没动静呢,,,
378321,绯色回响,37791411,2023-09-25 11:00:49,5,361925613,请让我早睡,Redmi K50 Ultra,,[],[],pv里配音好酥，就是说我从小到大审美都没怎么变啊，还是喜欢御姐音,,,
378321,绯色回响,37789589,2023-09-25 07:46:56,5,11278227,Edwin,Vivo X80,,[],[],这么涩,,,
378321,绯色回响,37789399,2023-09-25 07:24:19,5,5220358,白衣渡,Android 设备,,[],[],期待上线，速速开测！,,,
378321,绯色回响,37785631,2023-09-24 22:29:51,5,581745813,无处,Web 官网,,[],[],钻石可以从每日活跃、玩法、活动这些地方获取，还是可以白嫖的,,,
378321,绯色回响,37784163,2023-09-24 15:38:40,5,43536671,╰ゞ残韧し╮,iQOO 9,,[],[],利维坦我好爱你😊,,,
378321,绯色回响,37783277,2023-09-24 14:07:46,5,581085271,月光,一加手机8,,[],[],到底什么时候公测，能在国庆节前上线吗？,,1.0,
378321,绯色回响,37783119,2023-09-24 13:49:59,4,56232735,糖豆子🍨,Vivo IQOO 10,,[],[],所以和绝代英雄录测试奖励有关系么？那个测试氪了2000多,,1.0,
378321,绯色回响,37776254,2023-09-24 02:46:54,5,463679636,。。。。。。。,Vivo X9s L,,[],[],啥时候开服啊现在已经停服了，我想玩,,,
378321,绯色回响,37763913,2023-09-23 01:28:37,5,581373314,保护你牙,Web 官网,,[],[],里面有可以探索的2d平面地图玩法，其实可以交互的内容还是比较多的,,,
378321,绯色回响,37761727,2023-09-22 16:00:46,4,581331520,骄傲,Web 官网,,[],[],就是希望月卡不要和角色升星材料捆绑在一起，这样平民微氪玩家也能玩,,,
378321,绯色回响,37761543,2023-09-22 15:41:23,5,581329101,回来了,Web 官网,,[],[],不要光是卖立绘，有内核的玩法也很重要，玩法才能留住人,,,22.0
378321,绯色回响,37742676,2023-09-21 06:02:11,5,581146064,没事没事哈是,Web 官网,,[],[],内测福利还挺不错，抽卡爆率也挺高，ssr不难抽,1.0,,
378321,绯色回响,37737087,2023-09-20 16:04:29,5,581103677,掉线是,Web 官网,,[],[],角色形象是我目前刷到最爱的，又欲又美，多出角色，我爱看,,,
378321,绯色回响,37736856,2023-09-20 15:36:53,5,581101345,翡翠明珠,Web 官网,,[],[],立绘很棒，立绘很清凉，所以快点公测，等冬天就太冷了,,,
378321,绯色回响,37731555,2023-09-20 06:00:25,4,581048252,djdk,Android 设备,,[],[],好处就是培养的是位置，换阵容零成本,,,
378321,绯色回响,37731199,2023-09-20 05:16:33,5,581044905,统考,Web 官网,,[],[],不知道出货率咋样，希望爆率可以稳定发挥233,,,
378321,绯色回响,37730626,2023-09-20 04:13:56,5,581037339,蒙圈,Web 官网,,[],[],达成满活跃度的任务种类可选的可以多一点，每天尽量每日任务不同，不容易让玩家腻,,,1.0
378321,绯色回响,37724309,2023-09-19 10:15:29,4,580968302,开始,Web 官网,,[],[],不希望太肝吧，这种卡牌游戏就害怕太肝了，上班族玩不了,,,
378321,绯色回响,37721495,2023-09-19 05:19:49,5,580944858,搜聪明,Web 官网,,[],[],画风看着挺喜欢，也是刚了解这个渝新欧哦，感觉还行，等玩玩看吧,,,
378321,绯色回响,37720999,2023-09-19 04:27:14,4,580940003,UI不v,Android 设备,,[],[],首先说好，l2d立绘不错，角色风格各异。只是玩法上，比较古早,,,
378321,绯色回响,37718572,2023-09-18 22:41:29,5,580920449,的就是,Web 官网,,[],[],今年能公测不？国内版号下来了吗？真心想玩,,,
378321,绯色回响,37717510,2023-09-18 15:58:43,5,580907695,高冷,Web 官网,,[],[],看了宣传图，特别特别期待，海外还有跑，评分也还不错，期待国服上线,,,
378321,绯色回响,37717273,2023-09-18 15:27:39,5,580905074,架子,Web 官网,,[],[],观望一波，今年二游挺多的而且逆天的太多，这款立绘也是非常戳人眼球的,,,
378321,绯色回响,37715906,2023-09-18 12:47:43,4,3294191,睡睡,Android 设备,,[],[],"玩了日服，体验时间不久，但对该游的特色有所体会，此处的特色为双关。
开局可选主角性别，可惜只有男女两种性别可选。
声优阵容比较豪华，开服后不知会不会像近年出的新二游那样加中配。",,,
378321,绯色回响,37710599,2023-09-18 00:49:18,5,83355598,旭恩小宝,Vivo V2136A,,[],[],"什么时候能开服啊？
",,,
378321,绯色回响,37705801,2023-09-17 09:56:34,4,580771889,现象好了,Web 官网,,[],[],立绘很美，剧情有待改进，还有玩法也缺少一定创新吧。不过总的来说游玩体验很好，老婆们实在太piu亮了,,,
378321,绯色回响,37705417,2023-09-17 09:13:08,5,580765542,包,Web 官网,,[],[],谁懂啊，立绘真的很好看，尤其最喜欢vv！真的各种类型的老婆都有，除了萝莉，其他都好爱,,,
378321,绯色回响,37705111,2023-09-17 08:36:27,5,580759529,快快快,Android 设备,,[],[],体力100点可以修改一下，早上多睡一会儿就溢出。活动也不要出限时的，对上班族有点不友好,,,
378321,绯色回响,37701391,2023-09-17 02:01:26,4,580685608,主t,Web 官网,,[],[],主要内测氪了，等公测返利吧。希望公测早点出，别等太久把热度都慢慢消耗完了,,,
378321,绯色回响,37696323,2023-09-16 12:01:52,4,580601904,八点开始,Android 设备,,[],[],玩了内测只有一点觉得反人类，通过第十关才能管边大招动画，有点长了,,,
378321,绯色回响,37683707,2023-09-15 08:39:46,4,580385539,User580385539,Web 官网,,[],[],玩的时候都震惊了，这个尺度是我国服能看的吗，最担心的问题解决了哈哈哈哈,,,
378321,绯色回响,37681105,2023-09-15 04:21:36,5,580335064,新年大吉,Android 设备,,[],[],技能动画太可爱了，虽然战斗不能跳过但看着可爱的老婆也会变得心情很好,,1.0,
378321,绯色回响,37676521,2023-09-14 15:34:53,5,580332198,fjdk,Web 官网,,[],[],怎么会有这么细节的游戏，一个小兵都画得好美好涩，爆率一般看个人运气，但真的很多r卡都很好看,,,
378321,绯色回响,37673383,2023-09-14 10:01:43,4,580294791,丽娜,Web 官网,,[],[],充值全返挺不错的，作为冲过一点点的老玩家，为了这一点点也得回来玩玩,,,
378321,绯色回响,37673164,2023-09-14 09:37:03,2,24160710,不过如此,OnePlus Ace 2,,[],[],给五星好评的基本都是0粉丝0关注0收藏，就这游戏一条评价，大家应该都懂是什么钱成分😅😅😅,,7.0,
378321,绯色回响,37670418,2023-09-14 04:30:31,5,580252955,干净,Web 官网,,[],[],最喜欢的就是与老婆互动尤其是治疗的时候，总是要点击我意想不到的部位,,,
378321,绯色回响,37668044,2023-09-13 22:32:39,5,580225822,和我,Android 设备,,[],[],动画真的做得特别好，反正美术方面没得说，但是画质太高的缺点就是有点不太流畅，这点可以改进,,,
378321,绯色回响,37666885,2023-09-13 15:55:12,5,580197073,雷塞,Web 官网,,[],[],这种卡牌类游戏就是很适合无聊或者上班摸鱼的时候玩，而且这个画风看着赏心悦目,,,
378321,绯色回响,37666563,2023-09-13 15:18:28,4,580193492,吃什么,Web 官网,,[],[],主线剧情有点一般，战斗的时候不能跳过，除了这两点其他完美,,,
378321,绯色回响,37661563,2023-09-13 06:01:07,5,580102586,够了,Web 官网,,[],[],让人无法诟病的是绯色的立绘，在美术方面是真的太超过了，不管是立绘还是特效和动画,,,
378321,绯色回响,37661104,2023-09-13 05:03:12,5,580098294,小鸡小,Android 设备,,[],[],真正玩的时候感觉立绘比之前发出的pv还美，主要是就在你眼前晃，还有点击时的摆动和羞涩做得很好,,,
378321,绯色回响,37660823,2023-09-13 04:24:52,5,580095685,大家都行,Web 官网,,[],[],活动和签到都送皮肤，而且是真的送每日十连，这个福利力度看得出来绯色很用心了,,,
378321,绯色回响,37658710,2023-09-12 22:33:07,4,580066718,nxn,Web 官网,,[],[],国服有很多国风角色和皮肤欸，看pv的时候就很期待，结果真的有旗袍,,,
378321,绯色回响,37657556,2023-09-12 15:45:57,5,580066372,5550,Web 官网,,[],[],体验了一下爆率还蛮高的，说每日送十连真的不是开玩笑,,,
378321,绯色回响,37652166,2023-09-12 06:01:26,5,579989441,我才是塔姆之王,Web 官网,,[],[],绯色的立绘和live2d就是和宣传中的一样，动态真的做得很好，还有皮肤特触。,,,
378321,绯色回响,37651743,2023-09-12 05:13:18,4,579985784,哪怕是,Web 官网,,[],[],我玩游戏很佛系，我就是冲着立绘来的，没让我失望，上班摸鱼的时候看看老婆，狠好,,,
378321,绯色回响,37648496,2023-09-11 17:31:48,2,608918,地狱王子,Android 设备,,[],[],玩玩国际服，就知道这游戏是个什么东西了。再一看厂商，游族什么成分也不用多说了吧。,,1.0,51.0
378321,绯色回响,37647542,2023-09-11 15:28:31,4,579950272,几公里,Web 官网,,[],[],很好上手，因为玩法很简单嘛，而且立绘真的绝美，我就是冲着立绘来的,,,
378321,绯色回响,37647089,2023-09-11 14:48:10,5,579946674,开吃,Web 官网,,[],[],这个游戏的动画真的做得没话说，不管是剧情里的cg动画还是战斗动画，很细节很不错,,,1.0
378321,绯色回响,37639694,2023-09-11 02:55:03,3,506389497,Ysw,Android 设备,,[],[],玩过国际服，立绘非常不错，其他如活动剧情等等都比较敷衍。游族还是那个游族，还是低福利高肝度重pvp的思路。,,,
378321,绯色回响,37638815,2023-09-11 00:34:40,5,579855166,丧气,Web 官网,,[],[],希望主界面背景多增加几个！明亮一点的！有好多颜色和背景看起来并不搭，影响我主界面放老婆了！,,,
378321,绯色回响,37636409,2023-09-10 14:03:50,5,579749003,用了,Web 官网,,[],[],绯色的角色养成是可以直接继承的，升级的是位置而不是某个具体的职业，所以说还是非常划算,,,
378321,绯色回响,37636250,2023-09-10 13:44:14,5,579746727,理智的单机玩家,iPhone 11,,[],[],什么时候公测啊     终于可以不用玩台服的了,,1.0,
378321,绯色回响,37636135,2023-09-10 13:28:17,2,102105675,凛冬致夏,Redmi K40 游戏增强版,,[],[],玩过国际服，比消消乐还无聊，战力崩坏，放个家具都能加战力，在游戏r跟sr角色根本就不是人，同练度的ssr角色伤害比r跟sr角色高了七八倍，平a都比他们大招疼，而且250抽大保底角色命座提升一颗星数值翻一倍，买皮肤有属性加成直接加角色全属性10％还有全场全属性1％而且可以无限叠加，福利更是蚊子腿，打完一大章甚至才能攒出一抽，而且有的模式甚至不能跳过要让你看着打，角色大招自动放，对局根本就没有需要你操作的地方，这游戏除了烧鸡其他一无是处，加上国服肯定和谐这下连烧鸡都没有了,,1.0,
378321,绯色回响,37634440,2023-09-10 10:12:01,5,579711236,上学啦,Android 设备,,[],[],还可以，玩法丰富，还可以装扮宿舍，还可以和老婆一起沐浴（bushi)看老婆洗香香,,,
378321,绯色回响,37628960,2023-09-10 01:34:21,1,101119059,原滋味,Android 设备,,[],[],"好神中神抽卡人物保底福利墙内游戏全网第一😁😁
最棒的没有之一，一看制作组 策划和公司老板被砍的游族😅紧皱的眉头一下就舒展开了😊",,,
378321,绯色回响,37619792,2023-09-09 05:00:18,4,579392991,858,Android 设备,,[],[],被立绘吸引过来的，自身也喜欢集卡的快乐。就是说立绘真的很香，哪怕是sr卡也做得非常好，而且活动还送免费的皮肤。缺点就是很多sr卡都上不了场，即使满突破，和ssr比起来还是有一定差距，ssr突破也比较难,,,
378321,绯色回响,37615453,2023-09-08 15:53:32,4,518852618,jsuw,红米 K40S,,[],[],俺想说两句，玩着游戏也有几天了，首先，给我的第一感觉就是太抠了，不不管是开服邮件送的还是过关卡送的，真的太抠了。其次就是池子概率问题，50保底，但是只有歪了4次才能大保底，我已经连歪两次了，在开服资源本来就不多的情况下，抽卡道具难获得的情况下，玩家想抽到up角色，除非特别欧跟氪佬，平民玩家很难拿下喜欢的up。还一样日常本建议出个扫荡功能，上班族时间本来就不多，日常本第一次通关之后就可以出扫荡模式，省时省力。以上三点大概就是我希望改进一下的地方，其他方面还是很不错的，想玩的小伙伴可以尝试一下,,2.0,
378321,绯色回响,37615098,2023-09-08 15:14:43,4,579316352,可以可以,Web 官网,,[],[],立绘这些都做得很不错，希望官方能着重优化一下玩家体验，比如首次动画跳过的限定，删了，还有合理规划玩家前期的进度，钢铁雄心第一天就要我困兽争霸排名到3500，第二天就是2000，竞争太大了，新人活动不应该是所有玩家都能简单完成吗？,,,
378321,绯色回响,37614768,2023-09-08 14:46:14,4,579311479,txw,Android 设备,,[],[],立绘质量高，自带动态，主界面还可以自己换任务和背景，建议多出几张背景图,,,
378321,绯色回响,37612505,2023-09-08 10:47:41,5,579272956,没有咯,Web 官网,,[],[],老婆们的立绘都值得夸赞，皮肤都有独特的全背景，要是原皮也能有就更好了,,,
378321,绯色回响,37612123,2023-09-08 10:03:02,4,579266980,记得,Web 官网,,[],[],玩法有些仁者见仁智者见智吧，不过立绘是真的不错，福利也还算好，送ssr和ssr皮肤，每天都有免费的抽送（不是邮件）,,,
378321,绯色回响,37609287,2023-09-08 05:22:44,5,579238705,880,Web 官网,,[],[],商店可以慢慢白嫖ssr碎片，在养成方面暂时也没看到特别稀缺的材料，还是比较顺滑的,,,
378321,绯色回响,37605384,2023-09-07 18:20:16,3,563317104,啊嘞嘞,Android 设备,,[],[],我就想知道你一个搞涩涩的游戏，回国服搞不成涩涩了，那你这游戏的亮点是什么？难道是觉得自己的局内系统做得该不错？😌,,,
378321,绯色回响,37604008,2023-09-07 15:15:08,5,579193902,自恋,Web 官网,,[],[],总的来说美少女很戳我，特别喜欢赛特，对敌方随机四人造成高额伤害，又美又强。里面很多角色都比较喜欢，芬里尔也很强，泳装更是好看！如果是收集党，可以入,,,
378321,绯色回响,37600944,2023-09-07 10:11:48,5,579138957,跑,Web 官网,,[],[],立绘精美无可挑剔，主线动画cg有的也很好看，过剧情当在看番剧一样,,,
378321,绯色回响,37600333,2023-09-07 09:14:46,3,23195946,一一一,Redmi K40 游戏增强版,,[],[],游戏挺好玩的，就是福利太抠了，但国服和谐是这游戏最大的克星😂,,,
378321,绯色回响,37598878,2023-09-07 06:50:59,4,579144957,香草,Android 设备,,[],[],我觉得可以把钢铁雄心活动里面对pvp的排名要求删了。一般卡牌游戏，不是这猴子那个pvp都是随便玩家打不打吗？有了这个任务，咸鱼玩家也必须打pvp了，有点强人所难啊,1.0,,
378321,绯色回响,37597993,2023-09-07 05:16:53,4,579138521,减,Web 官网,,[],[],深入黑渊有一点肉鸽卡牌的意思。主线有些关卡三星要求有点高，不能三星通关我浑身蚂蚁在爬,1.0,,
378321,绯色回响,37597599,2023-09-07 04:38:35,5,579134985,hhhh,Android 设备,,[],[],全员l2d，立绘一个比一个顶，说实话不追求全图佛系玩是很不错的，囤好石头抽想要的老婆,,1.0,
378321,绯色回响,37595743,2023-09-07 01:14:29,5,401830176,Orange,小米Xiaomi Pad 5 Pro,,[],[],不加布料不能过审,,,
378321,绯色回响,37595145,2023-09-07 00:12:41,1,22534308,预感,Android 设备,,[],[],换汤不换药啊 和国际服 日服 一样扣 这还是测试呢 官方有那钱请水军不如多发点福利 哦 游族啊 那没事了,,3.0,
378321,绯色回响,37589350,2023-09-06 12:28:07,3,49252852,钢闸门,Android 设备,,[],[],这游戏也就利维坦那对大的合我心意，其他的人设不太戳我,,,
378321,绯色回响,37585927,2023-09-06 07:18:00,1,120880066,没得意思,iOS 设备,,[],[],不就是少二换皮？,,,38.0
378321,绯色回响,37585786,2023-09-06 07:05:54,5,9906498,蹦蹦跳跳就是我,iPhone 13,,[],[],五星观望，这个游戏立绘真的是近几年难得一见的出色，我二弟看了直接竖起大拇指，迫不及待玩了下外服，兄弟们，这立绘摆在那消消乐我都冲爆，何况下载立绘还送游戏，至于游戏性？都2023年了玩个游戏谁特么还考虑游戏性啊，可惜国服上线必和谐，不过我还是要说一句“你看我还有机会吗？”，不过关于这个和谐的事，某某航线做的就很好，和谐了但是玩家有得选，这个游戏有得选我直接充爆，搞个皮肤全收集，希望策划不要不识好歹，毕竟这个游戏只有五星和零星，开服我再更新评论，另外预祝公测大成功！,2.0,5.0,7.0
378321,绯色回响,37584602,2023-09-06 05:04:52,2,114150835,零点的彼方,Android 设备,,[],[],人物好油腻…,,,37.0
378321,绯色回响,37584461,2023-09-06 04:49:38,2,13133179,JOKER,Android 设备,,[],[],卖肉卡牌+布料=寄,,3.0,39.0
378321,绯色回响,37584263,2023-09-06 04:27:38,2,454234902,spasmodic.,一加手机8,,[],[],"两个字快跑
纯粹数值游戏，二次元传奇，什么都能跳过，你怎么不直接跳到结束运营，讲真不如变成放置游戏，凭你那涩图还能撑一会门面，给的福利不咋地还要你一直打关卡，那就是看手机自己玩，只要负责点点点，脑子直接丢掉，还不如去看两眼七月厕纸番还不用我点屏幕，作画还比你这玩意强，官方你自己看看你做的是坨什么玩意，烧🐔游戏拉基玩法，池子还毒的一批，你可真对你那几张图片有信心我靠，骂你都浪费时间滾远点",2.0,5.0,
378321,绯色回响,37583641,2023-09-06 03:24:50,5,339996668,KD,红米 K30,,[],[],比日台马服福利好一分，皮肤免费自抽开的早一百分！,,2.0,
378321,绯色回响,37583379,2023-09-06 03:02:02,3,4144685,香菇鲜肉饺子,小米13 Pro,,[],[],😂这游戏有高帧率嘛？为啥我感觉卡卡的,,,
378321,绯色回响,37583358,2023-09-06 02:59:48,5,553058184,夜雨声烦,荣耀 V30,,[],[],"这个尺度国内能上线?
公测必被和谐，如果希望贵司能顶住压力，不要河蟹，不和谐我氪爆
小氪月卡观望下",,3.0,
378321,绯色回响,37583212,2023-09-06 02:44:08,2,446064258,灰色天空,Android 设备,,[],[],不好玩，还有跑马灯滚动，烦死了，立绘看球很大，喜欢看球可以玩，属于挂机游戏,,,50.0
378321,绯色回响,37583135,2023-09-06 02:36:46,2,85156010,CC,Android 设备,,[],[],我想关个cg动画还要通关战区10，天才，第一次见用主线限制游戏设置功能的，6,,3.0,51.0
378321,绯色回响,37583013,2023-09-06 02:24:46,1,103733840,落叶落叶,Web 官网,,[],[],官服测试服还没开吗？？？ 都快10点30了,1.0,,37.0
378321,绯色回响,37582878,2023-09-06 02:09:20,1,387134839,冥火,小米Xiaomi 12S,,[],[],身份证号不能输入，散了吧,,2.0,37.0
378321,绯色回响,37582222,2023-09-06 00:25:16,3,318138708,☆ﾐ(o*･ω･)ﾉ,华为荣耀9X,,[],[],国服的利维坦皮肤要是没和谐，我就考虑玩一下😁,,1.0,
378321,绯色回响,37573837,2023-09-05 04:08:37,5,578963063,正义的搭配师,iOS 设备,,[],[],你们根本不懂朦胧美有多涩，虽然利维坦的出圈图很……你们懂的，但是感觉国服和谐得还挺巧妙的，是那种半遮半掩的感觉，冲击力没有以前强但是真的很值得细品哦……,,,
378321,绯色回响,37571801,2023-09-05 00:27:58,1,25308630,岂几子哥,Redmi Note 11T Pro,,[],[],国际服《绯红の神约》换皮放置类卡牌游戏，又肝又氪，新号七天任务不肝的话竟然七天内完成不了，立绘比较瑟，但国服大概率和谐。,,,
378321,绯色回响,37569382,2023-09-04 14:36:59,5,578926991,反弹回来,Web 官网,,[],[],听到这个游戏要出国服的时候第一反应就是我那么美丽涩涩的立绘，不会要和谐了吧，只能且看且珍惜了。但是看到有些博主发的和谐后，有些我甚至看不出差别，哇你不会又行了吧,,,
378321,绯色回响,37566006,2023-09-04 08:52:05,3,53112028,基尔伯特,Android 设备,,[],[],建议能玩外服还是玩外服吧，这个差太多了。虽然我理解国服的问题，但是理解归理解，最好还是外服😂,,1.0,
378321,绯色回响,37564009,2023-09-04 05:17:11,5,578876737,没有技巧,Web 官网,,[],[],看利维坦的立绘已经很惊呆我了，听说还有泳装皮肤，不敢想不敢想，但是按照国服的尿性肯会和谐一点，啊啊求求做得好看一点泳装了就不用穿那么多衣服了吧,,,
378321,绯色回响,37563496,2023-09-04 04:21:07,5,578872569,有意思,Web 官网,,[],[],看pv第一眼就爱上荷鲁斯了，黑皮好涩啊斯哈斯哈，有没有人懂，如果送3650抽的话一定保佑要抽到我想要的，比如泳装皮肤什么的……,,,
378321,绯色回响,36816267,2023-07-22 02:45:34,1,102546681,久誠_&,一加8T 5G,,[],[],别在抱着期待了，海外服什么样你们自己下一个玩玩就是了，简体中文也有，纯粹的换皮骗一波钱的游戏，每章节打完一抽不到，概率也是低的离谱，up40%概率出，皮肤还有属性加成，最重要的事，游族，懂得都懂，国外捞不着钱，回来割国人韭菜来了，现在都已经控评了，全是5星好评，666，我看哪个冤种要玩😅。,3.0,5.0,1.0
378321,绯色回响,37554106,2023-09-03 06:19:39,5,578769012,这么大,Web 官网,,[],[],玩国际服的时候就是在剧情方面翻译不是特别好，没有那种感觉，毕竟这个游戏各方面都很合我心意，所以如果国服上线我一定会去支持的，很期待国服的剧情欸,,,
378321,绯色回响,37553378,2023-09-03 05:12:17,2,43197127,西宫硝子,一加手机 7 Pro,,[],[],玩过国际服，除了立绘涩，没任何优点，况且国服应该会和谐,,,34.0
378321,绯色回响,37552757,2023-09-03 04:16:01,5,578747557,好少,Web 官网,,[],[],好的立绘好的画风，在我这里是一个二游的基准，也是我很看重的点，包括同类型的游戏卷得也是这方面，所以绯色有这么多人夸它的立绘是因为真的值得夸，玩过的才知道，真的很期待国服上线。,,,
378321,绯色回响,37551821,2023-09-03 02:51:13,5,578733125,看不见的黑,Android 设备,,[],[],在我这里游戏太肝和太氪都不是槽点，你得好玩才得让人愿意肝吧，而且充钱都是自愿的，所以在我这里不算槽点，我是觉得立绘和画风都很好，就是战斗的时候人物再精致些就好了,,,
378321,绯色回响,37550511,2023-09-03 00:47:56,5,578718754,诚信便宜购,Web 官网,,[],[],外服说福利不好，国服就准备了3650抽，每天十连自选，态度真的很好了，看得出来想认真做好这个游戏，冲着这么好的福利和这个态度我都想去玩一玩。,,2.0,
378321,绯色回响,37550479,2023-09-03 00:44:40,1,733499,唯有时光,一加8T 5G,,[],[],究极的电子垃圾，战斗场景只有十几帧的二头身娃娃大乱斗，新手教程生怕你不会玩这个深奥的娃娃大战强制你左点右点半个小时，过完新手教程才发现要过六个大地图才给你抽卡。啊我真的每想到一次就红温一次，今晚觉都睡不着了。游族你真该死啊,,,
378321,绯色回响,37547144,2023-09-02 14:47:37,5,578680267,这么说,Web 官网,,[],[],就目前放出pv来看，这个游戏我还是很期待的，首先是这个世界观和设定，末世救世主，而且角色兽娘拟人，兽娘拟人就算了立绘还这么涩，真的是美美的很安心,,,
378321,绯色回响,37546233,2023-09-02 13:34:16,5,578668629,为什么要这样呢,Web 官网,,[],[],这个游戏不用多说了吧，玩过外服的应该都知道，很适合绅士们玩的游戏，立绘简直那啥得……反正在日本都是很出圈的二游，什么利维坦、荷鲁斯，反正你们懂的。,1.0,1.0,
378321,绯色回响,37537957,2023-09-02 03:46:01,3,5133682,戏言,Xiaomi Redmi K60 Ultra,,[],[],和谐太多了,,,
378321,绯色回响,37527422,2023-09-01 08:47:02,2,18698864,晚风吹行舟,Redmi K50,,[],[],国服特色，懂得都懂，不懂的说一下，纯擦边二游，在外服是烧鸡，在国服是冬季棉袄大妈,,7.0,50.0
378321,绯色回响,37526730,2023-09-01 07:57:05,3,110400880,User110400880,Redmi K40 游戏增强版,,[],[],观望把，国际服也快玩了一年多了,,,
378321,绯色回响,37524347,2023-09-01 05:08:13,4,578428084,xnxm,Android 设备,,[],[],立绘真的美得没话说，这个画风真心喜欢，其他方面不拉跨的话就可以留住很多玩家了,,,
378321,绯色回响,37522704,2023-09-01 03:30:39,5,7489390,雨天,OPPO Find X2 Pro中国版,,[],[],希望我能参与测试,,,
378321,绯色回响,37517864,2023-08-31 17:23:01,5,352181606,平民玩家,OPPO R11,,[],[],又是回合制走了,,,
378321,绯色回响,37510880,2023-08-31 09:04:11,5,522394892,447,华为荣耀9X,,[],[], 准备当开服玩家😁,,,
378321,绯色回响,37491233,2023-08-30 01:56:56,4,578077368,夏尔,Web 官网,,[],[],从目前看到的立绘和声优阵容，再加上福利和预约奖励，这个游戏应该很多人期待,,,
378321,绯色回响,37490630,2023-08-30 00:42:04,5,578067926,东郊,Android 设备,,[],[],虽然但是。我莫名觉得未央应该很适合国风元素，如果国服出个相关皮肤就好了,,,
378321,绯色回响,37490218,2023-08-29 23:23:33,5,578062762,为什么,Web 官网,,[],[],我说这个世界没有荷鲁斯根本转不了，荷鲁斯就是我最美的老婆，不懂的永别了,,,
378321,绯色回响,37487621,2023-08-29 14:48:16,5,578027737,等不到,Web 官网,,[],[],玩外服真的害怕国内版号批不下来，但是得知已经批了那我就静静期待吧,,,
378321,绯色回响,37485601,2023-08-29 12:06:54,5,577999350,哈哈哈哈,Web 官网,,[],[],知道公测有每天十连抽已经很让我震惊了，集齐老婆不是梦,,,
378321,绯色回响,37484926,2023-08-29 11:10:38,4,577986655,ccss,Android 设备,,[],[],凛冬阵营的真的每个都是我喜欢的，虽然是和谐了一点，但还是很期待游戏上线的。,,,
378321,绯色回响,37469535,2023-08-28 10:04:33,5,577777159,很紧v,Web 官网,,[],[],看了一遍立绘，别的问题没有，就想知道你游什么时候公测,,,
378321,绯色回响,37468638,2023-08-28 09:03:52,4,577764691,不上班,Web 官网,,[],[],"
希望能多开发点各种小游戏让所有美女都能展现自己的魅力哈哈哈哈",,,
378321,绯色回响,37467229,2023-08-28 07:24:09,5,577744884,啊哈,Web 官网,,[],[],整体看下来就很日系，希望美少女们都有出场的机会，不要有的根本出不来,,,
378321,绯色回响,37466200,2023-08-28 06:08:57,3,46136934,手机用户46136934,OnePlus Ace 2,,[],[],三星观望，最近才玩了几天外服，皮肤和立绘非常顶，但也就这个亮点了，抽卡养成巨坑，福利也不是很好，养成系统和三幻类似但没三幻送的多，国服和谐情况过于严重的话，这游戏唯一亮点就没了，总结一下就是可以玩，但除重氪土豪，氪金望三思，当个微信小游戏玩还是可以的。,,,
378321,绯色回响,37462564,2023-08-28 01:22:52,5,577680071,xujb,Web 官网,,[],[],好看的立绘+自动的玩法懂的都懂，偏养成收集休闲的游戏,1.0,,
378321,绯色回响,37458981,2023-08-27 14:38:48,5,577622036,难不倒我,Web 官网,,[],[],好看，是真的好看，除了立绘，其他方面也一点不差，大饱眼福,,,
378321,绯色回响,37456708,2023-08-27 11:47:56,4,577584796,慈吓,Web 官网,,[],[],既然重点是立绘，肝度方面能简化就简化，毕竟真看重玩法的也不会来玩这个,,,
378321,绯色回响,37455921,2023-08-27 10:47:22,5,577569083,就爱你康,Android 设备,,[],[],我能怎么办，主要是绯色回响她给看的太多了啊（不是,,,
378321,绯色回响,37448063,2023-08-27 00:54:24,4,577438340,佩服,Web 官网,,[],[],这么多美女不配一个好的的剧情不是很说的过去，希望官方知道,,,
378321,绯色回响,37447733,2023-08-26 23:57:31,5,577431780,这个代写6,Web 官网,,[],[],养成是养成的位置而不是具体某张卡，对我这种不爱看攻略的蛮友好,,,
378321,绯色回响,37433554,2023-08-26 01:35:26,5,577206722,结束战斗,Web 官网,,[],[],谁懂莫莉啊，她那个小表情真是拿捏死我了,,,
378321,绯色回响,37433163,2023-08-26 00:48:45,5,577200275,冷静,Web 官网,,[],[],这个凛冬的画风也好美，世界观真的的很大,,,
378321,绯色回响,37432598,2023-08-25 23:06:56,5,577188866,pkbc,Android 设备,,[],[],每日一问：什么时候能看到我老婆,,,
378321,绯色回响,37430135,2023-08-25 15:25:59,4,577106811,唱歌吗,Web 官网,,[],[],预约关注了，祝我公测抽到利维坦，莫辜负,,,
378321,绯色回响,37429191,2023-08-25 14:23:52,5,577084034,为什么,Web 官网,,[],[],果然绯色回响的美工不会让我失望,,,
378321,绯色回响,37416638,2023-08-25 00:58:31,5,576766319,差不多,Web 官网,,[],[],克拉肯这个声音好御，火红的颜色在雪天好有冲击力的美,,,
378321,绯色回响,37416104,2023-08-24 23:29:10,5,576728991,进来哈,Android 设备,,[],[],能不能加强凛冬角色啊啊真的很喜欢克拉肯,,,
378321,绯色回响,37413297,2023-08-24 15:19:44,4,576548734,d j do,Web 官网,,[],[],到底什么时候公测啊快快抬上来,,,
378321,绯色回响,37411164,2023-08-24 13:11:57,5,576492727,要留住啊,Web 官网,,[],[],好久没听到日语了，这个配音还是这么好听,,,
378321,绯色回响,37409793,2023-08-24 11:41:03,5,576465942,上太快了,Web 官网,,[],[],这个凛冬阵营真的全是我爱的啊啊啊啊我就看克拉肯有前途,,,
378321,绯色回响,37367451,2023-08-21 14:31:15,5,575860491,做不出来,Web 官网,,[],[],听说剧情一般？这么好看的美女给我配点好看的剧情啊喂,,,
378321,绯色回响,37363912,2023-08-21 09:50:34,2,566990848,狗子爱围围巾,Android 设备,,[],[],"怎么说呢，本来是不想发的，但是想想还是发出来吧，以下仅为我个人观点。（我是从抖音下载的名字不一样叫绝代英雄录）
这游戏只能说除了立绘一无是处，公测出来之后立绘估摸着也废了，这个三星就给立绘还有送的泳装皮。
先说他这个抽卡机制，我也玩好几年的抽卡游戏了，他这个抽卡真是让人难受，抽五十次必的一个ssr但是你可能会歪三次才会必出本期up角色，也就是说脸黑的飞出二十发十连才会出一个一个十连是1500钻石，游戏里能白嫖的抽奖券也少得可怜要不然充钱，要不然只能祈祷自己欧一点，我目前玩了有一个星期，在聊天里认识个朋友，为了抽克拉肯氪了两三千，就这还没有满星，昨天晚上抽奖上头了，氪了三百多再加上攒的钻石抽出来的拉胯的一批，所以说这个游戏不重氪想抽角色，洗洗睡吧。
从日常任务来讲，费时间，一天得花一两个小时在游戏里，作为一个抽卡类的放置游戏真心累，一般来说这种游戏是能让我们放松的，但是这游戏跟上班一样，就这日常奖励也少的可怜，我的角色等级跟突破等级永远更不上，不是这个资源缺就是那个资源缺，费时费力资源还不够，但扣一个6
日常副本里的绝境行动只能找高战带，自己是打不过的，我十四万战的时候邀请一个跟我差不多的打绝境第一关（推荐五万战）被吊起来锤，而且绝境行动不能跳过，不能退出，只能等你打死boss或者boss打死你，通关模式里等级低的时候没有跳过选项，解锁之后只能跳过普通关，精英关和bosds关不能跳过这无可厚非，但是你能不能给通过关卡的资源多给点
总的来说这个游戏只有立绘能看（公测之后估摸着就废了）福利也就新手签到给的泳装皮肤好一点儿，其他的一坨答辩
朋友们这个游戏我已经替你们踩过坑了，喜欢立绘的也可以玩玩看，如果你想收集角色或者冲榜就得重氪，否则就别玩，奔着立绘来的不如去外服玩，立绘不会改，但是在国服里也就测试服的时候能看看，公测之后就呵呵了",,10.0,
378321,绯色回响,37352304,2023-08-20 12:48:51,5,575399827,轨道,Web 官网,,[],[],自己没玩网上刷的，看起来赏心悦目，但是玩法没啥惊喜的游戏,,,
378321,绯色回响,37350244,2023-08-20 10:10:21,4,575346904,有点好看,Web 官网,,[],[],玩法就很普通的玩法，但是颜值确实很可以，目标群体比较明确,,,
378321,绯色回响,37343234,2023-08-20 01:04:35,4,575205696,nsks,Android 设备,,[],[],颜狗游戏，尤其是喜欢美少女的，玩法还不难，自行理解吧,,,
378321,绯色回响,37342624,2023-08-19 23:23:12,5,575191695,丫头,Web 官网,,[],[],感觉游戏方向就是颜值比较高，然后适合浅玩一下的那种，可以期待一下吧,,,
378321,绯色回响,37342397,2023-08-19 21:56:39,3,448879746,虚空,小米Xiaomi 12S Pro,,[],[],国服不报什么希望了，立绘肯定过不了审，玩玩外服吧。咸鱼党玩玩不追排名还行，不氪金连陪跑的资格都没。,,,
378321,绯色回响,37340170,2023-08-19 15:37:00,4,575141804,要求,Web 官网,,[],[],游戏休闲不肝，玩法可以自动，立绘算是亮点，好看，但是一般好玩,2.0,,
378321,绯色回响,37330396,2023-08-19 04:18:28,4,434394953,莸忻,Vivo V2057A,,[],[],没人去玩国际服吗？,,,
378321,绯色回响,37323377,2023-08-18 14:49:55,3,50772633,离落天殇,Vivo Z3i,,[],[],没和谐就玩，有和谐就算了,,,
378321,绯色回响,37303028,2023-08-17 13:59:25,4,424258309,腐都,红米 Note 11 Pro,,[],[],"前排提醒：就国际服体验来说
想要涩涩的话立绘确实够顶，一度以为这是黄油的那种，作战里释放技能有动画的
养成资源给的是中规中矩的，但是抽卡资源不够
这游戏有jjc，并且角色稀有度在这游戏十分重要，基本上稀有的角色无脑堆就行了，这是我后来退游的原因
总结就是当市面上那种抽卡游戏就行了，不要当主游，只会越玩越难受",,1.0,
378321,绯色回响,37285596,2023-08-17 00:57:17,5,574421599,华润,Web 官网,,[],[],荷鲁斯！！！老婆是天老婆是地没有老婆我怎么活啊,,,
378321,绯色回响,37284591,2023-08-16 23:22:45,4,574408596,赧赧可以,Web 官网,,[],[],其实挺休闲的，如果不一点要那些皮肤的话，操作也简单，舔舔立绘打扮打扮家园,1.0,,
378321,绯色回响,37281520,2023-08-16 15:38:22,5,574347330,膝盖嘎嘎疼,Web 官网,,[],[],看B站解说有很多玩法啊我只知道操作很简单，还是想解锁更多玩法,,,
378321,绯色回响,37280921,2023-08-16 15:03:40,4,574339679,换掉了,Web 官网,,[],[],玩法再升级升级吧，不然立绘吸引来的玩家也留不住,,,
378321,绯色回响,37279866,2023-08-16 14:13:19,5,330534645,虎皮兰,Vivo IQOO Neo7,,[],[],国服和谐程度会很大吧？,,,
378321,绯色回响,37276329,2023-08-16 11:01:55,4,574277807,尅k,Web 官网,,[],[],日服玩得很难受，立绘真的美配音也是真的好，就是福利太少,,,
378321,绯色回响,37259905,2023-08-15 16:22:38,5,46541803,ℳ℘浅缘ೄ೨,iQOO Neo 5 活力版,,[],[],玩游戏不玩绯色回响，就像沙盒不玩我的世界，读大学不读家里蹲大学，打篮球不看菜虚鲲，生活区不 看lex，学跳舞不看党妹，读书不读唐家三少，看新闻不看观察者网，moba不玩王者农药，哔哩哔哩不关注陈睿，说明这个人文学造诣和自我修养不足，如果你早 上吃饭香甜，那一定有米桑的艰苦付出。 如果你晚上大便不通，那必定是腾讯在从中作梗。他理解不了这种内在的阳春白雪的高雅艺术，他只能看到外表的辞藻堆砌 ，参不透其中深奥的精神内核，他整个人的层次就卡在这里了，只能度过一个相对失败的人生,,1.0,
378321,绯色回响,37259221,2023-08-15 15:39:56,5,320671680,小舞,Android 设备,,[],[],第一样我还以为我看错了😍,1.0,18.0,1.0
378321,绯色回响,37259029,2023-08-15 15:30:01,5,574043776,不敢乱,Web 官网,,[],[],日服的立绘特牛掰，希望国服如果不能保留，至少要把奖励那些准备好,,,
378321,绯色回响,37257177,2023-08-15 13:56:41,5,574021491,放不开,Web 官网,,[],[],奔着角色立绘来的，希望官方能想想办法，保留点好东西啊,,,
378321,绯色回响,37256840,2023-08-15 13:41:32,4,4476052,farkaway,红米 K30 Pro,,[],[],要是有pvp就不碰了，游族这公司吧，没别的印象，但是我同事玩的权游，就是他家出的，网页游戏，氪了几万吧，数值游戏，国战类，氪金项好像挺多的。上线要是一堆礼包红点我就不碰了，广告营销挺舍得的，不太像出羊毛。,,,
378321,绯色回响,37256259,2023-08-15 13:09:49,5,574007129,不懂你的西门,Web 官网,,[],[],看外服的氪金点有点多哦，而且是又肝又氪那种，希望国服能给老年玩家优化优化，至少不要太肝了,,,
378321,绯色回响,37254285,2023-08-15 11:23:51,4,573977428,度弟弟,Android 设备,,[],[],live2D这几年都被玩烂了，如果国服福利给不够，怕是有点难哦,,,
378321,绯色回响,37253303,2023-08-15 10:27:23,5,573964410,年审,Web 官网,,[],[],听官方说国服有专属福利，期待值拉起来了，希望能顺利抽到老婆,,,
378321,绯色回响,37240821,2023-08-14 18:16:39,4,105241272,相信自已很欧,华为荣耀20Pro,,[],[],听话国服永久每日十连耶,,,
378321,绯色回响,37238660,2023-08-14 15:08:09,4,573733532,纯情,Web 官网,,[],[],看设定啥的味儿还挺浓的，就是不知道文案的水平咋样，只求说人话,,,
378321,绯色回响,37238339,2023-08-14 14:49:33,4,573727580,今夜,Android 设备,,[],[],强烈要求出个跳过战斗功能！每天摸鱼时间有限，不要浪费在挂机上了,,,
378321,绯色回响,37237455,2023-08-14 13:58:49,5,573718231,好累啊,Web 官网,,[],[],看了各种视频，技能动画什么的还真挺不错的，希望不要太氪就好,,,
378321,绯色回响,37235615,2023-08-14 12:12:06,4,573690922,游泳,Web 官网,,[],[],老二次元了，肝不动了，奔着立绘来的，希望游戏能休闲放松一点,1.0,,
378321,绯色回响,37235042,2023-08-14 11:33:56,5,573678928,关于,Android 设备,,[],[],被这个吸引的主要原因就是涩！不过国服不指望了，能多点福利角色和演出就行了,,,
378321,绯色回响,37223898,2023-08-13 19:16:02,3,30410391,無言.......,三星Galaxy A53 5G,,[],[],"之前在b站上看到过相关的视频，觉得有点意思就去下了外服，怎么说呢，如果是期望好玩的可以走了，这里是瑟瑟人的地盘。
体力卡得死，新手一开始的满体力最多升到16级左右（虽然回得比较快），而很多内容要二十多级以上才开放，还有限定卡池好像也要升级到一定等级才开放
PS：如果每天的体力补给领了还是够用的
福利也一般
每天买体力限制8次。
当然，这是外服的情况，仅有一点参考价值。
然后剧情里会有动画cg，目前只打了个开头。
角色大招也是2D动画的形式，但不清楚为什么有的sr角色有动画，有的ssr反而没有。
国服的情况会让这个游戏的核心玩法爆削，懂的都懂，不能接受的就趁早放弃，别抱太大希望。
可是角色真的很涩
超涩！
巨涩！！
就这样。",,1.0,
378321,绯色回响,37230431,2023-08-14 06:54:15,5,468831132,小时雨,Vivo V2068A,,[],[],待上线,,,
378321,绯色回响,37224547,2023-08-13 23:19:45,5,573504856,真好看,Web 官网,,[],[],绯色回响的角色立绘还有配音感觉还不错，等出了应该会玩玩看。,,,
378321,绯色回响,37222624,2023-08-13 16:32:37,5,1576751,古城丿雨,Vivo IQOO Neo3,,[],[],公测布料拉满了😅😅😅😂,2.0,5.0,
378321,绯色回响,37221332,2023-08-13 15:05:30,5,573431819,有点懒惰了哟,Android 设备,,[],[],有没有大神发个外服版的立绘合集，让我先挑一下老婆留个念想，别国服一开就再也看不到她们现在的样子了,,,
378321,绯色回响,37220396,2023-08-13 14:05:39,4,573418188,一尘皮,Web 官网,,[],[],和谐虽然不可避免，但是希望官方耗子尾汁，不要搞成宝宝巴士,,,
378321,绯色回响,37217707,2023-08-13 11:18:26,5,573341008,321,Web 官网,,[],[],国服有没有什么方法可以看到海外版的立绘？求教求教！这游戏对我最大的吸引力可就在这了啊,,1.0,
378321,绯色回响,37214255,2023-08-13 07:54:17,5,418949589,月睱,Redmi K50 电竞版,,[],[],和谐应该不可避免，但希望还是能少和谐一点,,,
378321,绯色回响,37211617,2023-08-13 05:11:57,2,570000754,天上的地瓜,Vivo V2156A,,[],[],"啊这游戏的头像咋跟绝代英雄录这么像呢？
",,1.0,33.0
378321,绯色回响,37207009,2023-08-12 22:02:07,1,8030500,洛霞与孤鹜齐飞,小米Mi 11,,[],[],外服玩过一个月，就一个换皮的回合制卡牌游戏，套个二次元皮骗骗阿宅。,,,50.0
378321,绯色回响,37203794,2023-08-12 15:07:37,4,55972161,傑,华为Mate 20,,[],[],這遊戲玩國際服就好了，人物繪製，配音都不錯，劇情不算差，適合閑的時候拿來消磨時光,,,
378321,绯色回响,37203734,2023-08-12 15:04:03,4,2179740,Mr Bad egg,Android 设备,,[],[],之前在外服玩过，这里的宣传图真的给我整笑了。右边角色(好像叫茉莉？)裹上的黑色窗帘下究竟隐藏着什么秘密？还请各位用魔法一探究竟吧😇,,,
378321,绯色回响,37201456,2023-08-12 12:37:55,4,53419265,STARDUST（星尘）,小米Redmi K40,,[],[],能不能不和谐,,,
378321,绯色回响,37200697,2023-08-12 11:48:05,5,572828860,222,Web 官网,,[],[],国服能不能保留海外版的立绘？要是全都和谐了可就没啥看头了,,,
378321,绯色回响,37199567,2023-08-12 10:37:19,4,572808442,新逻辑,Android 设备,,[],[],海外版的立绘真是太那啥了，萌新提前问一下这种游戏有没有反和谐插件啊？,,,
378321,绯色回响,37193227,2023-08-12 04:34:30,2,7824577,桐人,OnePlus 10T,,[],[],祝开服暴死，不要再来割韭菜了，除了立绘一无是处我都懒得讲了😅,,,34.0
378321,绯色回响,37182219,2023-08-11 11:46:21,3,335022429,什么橘子,华为Mate 20,,[],[],"玩过一段时间的日服，国际服叫绯红的神约
立绘好看，但是进国服会和谐多少就不太清楚了…毕竟我玩游戏主要是冲立绘
玩法q版小人自动战斗，没什么新颖的，该评的已经有大佬评过了。很肝，战斗一开始不能跳过就看小人自己打呀打呀打呀打，要肝的内容也挺多的
退坑有段时间了，但是依稀记得后面无敌卡关…
这游戏主要就是冲立绘嘛，有条件去国际服就去国际服，国服一和谐什么都没有了…",,,
378321,绯色回响,37178848,2023-08-11 08:50:57,1,1384962,成年大叔,Honor Magic4 Pro,,[],[],这游戏除了立绘，啥啥不是，基本没福利…不过国际服也是一个鸟样…是不会改的,,3.0,50.0
378321,绯色回响,37171292,2023-08-11 02:58:51,2,556571848,糯枕,小米Redmi K40,,[],[],除了立绘一无是处，听我一条忠告:千万别氪！这游戏重氪！重氪才是跌！！有pvp！！抽卡资源获取极少，不是平民能玩的，况且国服必然是阉割版（教主太大了）。,,4.0,
378321,绯色回响,37168592,2023-08-10 23:37:50,5,572391294,宽度啊,Android 设备,,[],[],制作组应该是挺用心的，没上线还有小漫画,,,
378321,绯色回响,37166456,2023-08-10 16:52:51,2,3422403,咸鱼型拉姆,Vivo V2072A,,[],[],立绘可以，每日任务和活动任务很肝，国际服玩了一周就跑了,,,34.0
378321,绯色回响,37163086,2023-08-10 14:10:54,3,14447431,手机用户14447431,iQOO Neo 5,,[],[],这游戏立绘还行，日服玩了几个月抽卡概率极低，微氪0氪限定角色高星不可能的，还有武器升星太坑，开服福利多后面少得可怜,,,
378321,绯色回响,37155265,2023-08-10 08:12:02,5,572130490,压力好大,Web 官网,,[],[],故事设定比较出彩，只要别太逼氪肯定会玩下去,,,
378321,绯色回响,37151568,2023-08-10 05:04:48,5,38868549,迷v,华为 MatePad 11,,[],[],立绘好好看，很期待,,,
378321,绯色回响,37149466,2023-08-10 03:21:31,5,98632150,satellite,Web 官网,,[],[],"我玩绯红神约是为了什么！荷鲁斯！荷鲁斯！哦还没抽到啊，那没事了。
两周前被荷鲁斯的立绘吸引下载了港台服，没想到刚刚搜索了一下发现国服也要上了，就进行一个简单评价（？）
这个游戏主打一个美少女，如果你也喜欢：蔚蓝档案or碧蓝航线or公主连结，那绯红应该也是一个不错的选择！
当然也有不同点，正如碧蓝航线主打舰船，蔚蓝档案主打学园，绯红主打的是兽耳美少女！福瑞控福音！（不是）
不管是R卡还是SSR卡立绘质量都很高！最爱的是荷鲁斯！黑皮异瞳谁懂！（但是我现在甚至只能每天打开未获得图鉴看我的亲亲老婆呜呜呜呜）配图是另一个我喜欢的角色黯，这个立绘质量谁能想到这是R卡啊！
值得一提的是每一个角色都有l2d看板+大招动画，看美丽老婆！
玩法么，实在是我见过的二游里比较摆烂的一种了......战斗时角色放技能都是全自动的，甚至不需要你按一下auto按钮。需要手动的就是放一下武器技，不过武器技的效果好像也没那么重要，所以大部分时候就是直接auto刷刷刷，这未尝不是一种自由（大概）
毕竟才玩了两周，就先评价这么多了，等国服开了或许会润过来！万一能抽到荷鲁斯呢！",5.0,30.0,6.0
378321,绯色回响,37148483,2023-08-10 02:34:20,1,84960878,须弥皇太子,Realme真我Q3 Pro 5G,,[],[],"大家如果真的想玩可以去看看国外的版本，立绘色但是国内能让你好过，你说对吧白夜极光。
游戏玩法，真心不推荐
各种礼包直接贴脸
抽卡60还是50保底，歪4以后才是必出当期up的，而且，不到40级是没办法关闭角色的大招展示动画的哦（头一次见到）
宿舍系统，派遣系统感觉没啥作用
唯一推荐的点就是立绘够涩，国服不用想，我发个角色的图片看看会不会被屏蔽，这是利维坦（好像是个教皇）
上传失败6",5.0,27.0,
378321,绯色回响,37144106,2023-08-09 16:25:27,3,34753815,磊,华为P40,,[],[],绯红神约，我的评价是，想玩的可以玩国际服，国服的立绘完全阉割，游戏本身福利看似很多但是实际很一般，玩法就是经典放置推图加卡等级，也就是能玩的水平，看自己喜好吧，国际服的立绘还是很顶的,,,
378321,绯色回响,37142771,2023-08-09 14:51:47,5,571775100,找出来了,Web 官网,,[],[],感觉跟一般二次元手游唯一的区别就是立绘了..希望别河蟹太多啊,,,
378321,绯色回响,37141859,2023-08-09 14:00:11,1,569983,蚀星EVOL,Vivo IQOO Neo5S,,[],[],"请的水军只能吹吹立绘，为啥不让人家吹吹你的游戏玩法和福利呢？😅
环大陆开测能有一年的游戏，国际服，日服甚至马来西亚服都都玩烂了，除了立绘毫无是处，喜欢大奈奈吗？充钱抽吧，白嫖拿到想要的角色不如把这运气拿来买彩票。
游族经典缝合风格，上一次死的是伊甸园。二次元版少年三国志2，经典卡牌游戏，养成元素一个不少。抠搜的福利，人物还有星级设定，白嫖玩家纯纯受虐，你有这功夫搁这缝合为什么不好好运营伊甸园呢？是不想吗？😅",1.0,7.0,
378321,绯色回响,37141818,2023-08-09 13:57:21,5,29590908,Igor,Huawei MatePad Pro 10.8,,[],[],好家伙，这游戏居然有国服没玩过的人可以先搜搜国服伊甸园的骄傲，再决定是否入坑，或者去Qoo先行体验日服和国际服，这游戏除了立绘涩还是立绘涩，所以他就一个卖点，其他的福利啥的都很差，所以国服什么尿性各位心知肚明,,,
378321,绯色回响,37141346,2023-08-09 13:27:33,3,50173383,极恶之狼,努比亚 Red Magic Mars,,[],[],"立绘优秀 玩法是回合制 比较无聊 但养成系统有点创新 比如它需要培养6个位置 而不是具体6张卡 当要换人时直接把人物换到队伍位置就能用了 简单来说 就是位置继承等级装备技能

玩法非常肝 一天日常没有半个小时搞不完  而且还克 我记得一个什么日常任务战斗 没vip还不能跳过

总的来说可以体验下 毕竟立绘是非常不错的
忘了说剧情 玩的国际服 跟机翻差不多 差
",6.0,12.0,5.0
378321,绯色回响,37140802,2023-08-09 12:52:57,4,26026025,＃,华为荣耀20Pro,,[],[],这不是绯红地神约么，就现在我手机里的那个,,,
378321,绯色回响,37140033,2023-08-09 12:01:39,1,23239761,AjiaDXD,Android 设备,,[],[],来了嗷来了嗷！这个游戏能看的只有涩立绘，国服必和谐，福利不用期待了，重氪，而且这个是偏pvp的，还有滚服🙃,,1.0,
378321,绯色回响,37139136,2023-08-09 11:02:07,3,59198656,玉壁城下齐神武,OnePlus Ace 2,,[],[],首先，这游戏美术没的说。但，福利不咋地，我当初看它东南亚服的评论区有人说限时的新手活动，拿不到那个SSR，不知道真假，感觉是难，我当初玩的是东南亚服，后来又玩了日服，都没玩很久。主要还是没啥福利，又肝，它所宣传的福利都要肝很久图才能拿到。而且2倍速也很慢，体力也会卡你，战力也会卡，总之它给的这些过图活动福利很难快速拿到，我肝三天左右就受不了了，过指定图才能抽必出金的十连两次，选其中一次，然后你要再达成指定过图目标才能在你之前抽的那两个十连中选择其中一个，这样的十连我记得是有四个。你这四个金拿完差不多是得推大半的主线吧。我当初是肝吐了，受不了就跑了。然后我看到日服上了，以为会好一点，但还是东南亚服的老操作。反正它新手的那个SSR我是最后没肝到，主要还是玩一半受不了跑了。至于有人说的根本拿不到那个新手任务的SSR是否真假我也不清楚，反正这个任务是有时间限制的。国服估计也差不多。我不太看好，又肝又氪，抽卡概率不是很高，基本得吃保底。,,,
378321,绯色回响,37134682,2023-08-09 06:44:10,5,102754694,小鸟游六花,Web 官网,,[],[],这个立绘！！！我又可以了，啥时候公测,,,
378321,绯色回响,37134325,2023-08-09 06:21:36,5,571401428,做个人吧,Web 官网,,[],[],"浅玩过海外服，后来因为更新太麻烦就弃坑了。个人体感没有非常逼氪（可能是我当副游玩，基本不太氪，也不追求战力什么的），歪是真的会歪，但出货率还可以，我甚至出过三金你敢信？比一些我猛氪的号出货率还高....福利这块中规中矩吧，算不上很抠门的那种二游（某某O，我说的就是你），攒一攒一周能抽个小几十连，纯长草的话就会很慢。玩法就那样，没啥说的，因为好看来玩的，二游玩法能高级到哪里去吗哈哈哈
ps：听说国服送很多福利，到时候来玩玩看",,1.0,2.0
378321,绯色回响,37130546,2023-08-09 02:47:53,5,551446436,妮妮,iPhone XR,,[],[],"玩过一段时间的国际服，这游戏能上国服还是挺让人意外的，毕竟绯红的美术立绘那是相当涩啊，能算是半个绅士手游啦。🥹
说说我的一些游玩感受吧，不喜勿喷😁
你要知道绯色回响的定位，其实挺准确的我觉得，就是一个主打立绘和声优的二次元游戏，重美术轻玩法，说白了就是收集老婆，看老婆的。卡牌游戏就相当于是附赠的了，立绘非常好看这就够了😍",23.0,129.0,20.0
378321,绯色回响,37130059,2023-08-09 02:17:48,5,571237704,一切都会好的,Web 官网,,[],[],这个游戏在外服上线玩过，立绘确实牛掰，我倒要看看国服做成什么样,,,
378321,绯色回响,37128788,2023-08-09 00:55:09,5,571183994,粗粮还没,Web 官网,,[],[],等一下上线，感觉立绘都很。。懂自懂（手动滑稽）,,,
378321,绯色回响,37116465,2023-08-08 07:15:26,5,471113260,冷酷包工头,OPPO Reno标准版,,[],[],"妥妥的二次元福利游戏，乖乖看图就对了，毕竟立绘和声优才是绯色回响的本体，立绘绝对t0级别，而且是相当慷慨的级别，大家可以上国际服去感受一下，至于国服会削弱多少，这个就要等到公测上线的时候才能知道了。
至于游戏性，其实我觉得尚可吧，是传统到不能再传统的日式卡牌，容易上手，规则没啥创新，无功无过吧，能玩的水平吧。 ",12.0,77.0,17.0
378321,绯色回响,37092414,2023-08-07 06:22:53,5,109205292,褐蚁组,Android 设备,,[],[],"游戏还行，国服难评...
卖点是色，应该河蟹没了。
回合制卡牌战斗就那一套，能自动战斗，能跳过技能动画，能扫荡就行了。就看你们福利高不高了..随缘游戏当个养老的吧",1.0,3.0,
378321,绯色回响,37089463,2023-08-07 03:48:31,5,570368684,梣,OPPO Ace2,,[],[],"前段时间刚刚玩了一会国际服，正好看到国服要出了，就来评价一下！
重点肯定是立绘，质量嘎嘎高而且大大大大大大大（bushi）（但是其实我更喜欢小的）（这是可以说的吗）（伊利里我的亲亲女儿）（白毛红瞳兔耳赛高嘿嘿嘿嘿）当然大也很好！（所以我什么时候才能抽到vv老婆？）
玩法上就是中规中矩，紧张刺激的自动战斗（不是），道中小怪还能跳过战斗，通关后也能扫荡，虽然欠缺可玩性，但一键挂机解放双手作为副游倒也还行。
顺便绯红的角色养成是可以一键继承的，组队换人非常方便，不用从头开始拉角色，资源分配压力不大，比较护肝。
其他还有不少玩法，但我玩的时间还不长没有解锁，就先不评论了。最近打算好好布置宿舍！建设和老婆的共同家园！（暴论）
总之国服也先期待一波！",2.0,14.0,7.0
378321,绯色回响,37090316,2023-08-07 04:28:49,4,503245715,水冰月分月,Web 官网,,[],[],"之前在日服玩过，最近上某海外平台还能看到美少女大图推我，不得不说吸引我的就是涩！涩真的没失望，是真的涩！虽然当时是被立绘吸引过来的，但3D小人也真的蛮可爱的，搭配上日配也是不错！不过估计国服上线会和谐，涩不知道还有木有了，看看和谐到什么程度吧。

我打游戏主要就是个休闲不肝，上班摸摸鱼，不想再手游里上班。绯色战斗不算肝，自动就行，只要战力够了就能过。抽角色啥的我自己日服号概率其实还行。但看大家说福利有点抠，这个就看官方后续怎么操作了，毕竟国内二次元这么卷，福利低了也不好意思摆出来吧。
总之，收集收集美少女，休闲一下还是可以的~",8.0,50.0,11.0
378321,绯色回响,37075774,2023-08-06 08:28:01,5,570164835,不哭不哭,Android 设备,,[],[],希望战斗能跳过，官方考虑下这个功能，减少肝的时间成本,,,
378321,绯色回响,37038035,2023-08-04 09:58:57,5,569892906,辛吉德,Web 官网,,[],[],蹲一波上线，希望这么早开始蹲能有点福利,,,
378321,绯色回响,37036091,2023-08-04 08:08:49,5,569873527,南山南,Web 官网,,[],[],二次元手游挺多的，这有啥竞争力吗？目前就立绘吸引我,,,
378321,绯色回响,37027365,2023-08-03 23:22:29,5,569797159,留,Web 官网,,[],[],我现在看外服有了，也不知道剧情好不好，先观望一下,,,
378321,绯色回响,37017528,2023-08-03 08:12:33,5,55863439,业余玩家柳叔叔,Web 官网,,[],[],非常期待这个产品，我先五星码住，等着上线第一时间就去冲,,,
378321,绯色回响,37005693,2023-08-02 12:37:27,5,569564570,有机会吗,iPhone 11 Pro Max,,[],[],目前来看原画是挺好看的，期待上线,1.0,,
378321,绯色回响,36925871,2023-07-28 08:02:33,3,35497872,zheng,华为P20 Pro,,[],[],已经在玩国际服，已经榜一了，估计也不考虑国服了，就看看😂,,,
378321,绯色回响,36884018,2023-07-26 01:20:49,5,568184540,MY丶澪星,华为HONOR 20,,[],[],闲的没事预约几个game，到时候摸鱼玩ԅ(¯ㅂ¯ԅ)，就等着出来了。😁😁,,,
378321,绯色回响,36876319,2023-07-25 11:47:52,5,428821244,臭臭榴莲,iPhone 14 Pro,,[],[],期待一手！立绘看着很不错的亚子,,,
378321,绯色回响,36875917,2023-07-25 11:23:26,5,445324838,绯色回响攻略组,iPhone 14 Pro,,[],[],在日服玩过几天，立绘有点nb，很..大…希望国服早点上,2.0,2.0,
378321,绯色回响,36831025,2023-07-22 17:00:12,3,541936990,途經秋葉原,OPPO A11中国版,,[],[],"玩过国际服 只能说游戏唯一的亮点就是非常涩
上国服的话得被全部和谐吧😓",5.0,6.0,1.0
378321,绯色回响,36817669,2023-07-22 04:07:17,1,5307353,暂未命名,小米Mi 10,,[],[],"外服微氪200万战力已弃坑，我的评价是除了涩一无是处。
首先日常很繁杂，关键是每天做这么久的日常，给你的东西又特别少。我200万战力已经是排本服第九了，但你敢信我角色等级都还没跟上我玩家等级吗？
提升战力的大头全在抽卡上，这游戏可不止角色要抽，而且抽到的东西你就算不上阵也有战力加成，所以氪佬跟平民的战力差距很大。
并且，日常也很需要高战力，战力不高的话一些高福利日常你根本拿不到奖励。
那些高福利日常，一部分是公会相关，公会越厉害能拿的东西越多（你战力不高那些前排公会也不会要你，），一部分是pvp相关，你懂得。还有一部分是我接近弃坑时出的“双周常”活动，十四天一轮换，也是战力越高推得越快奖励拿得越多。

总之一句话，哪怕你真的钱多不怕，你也是直接去国际服，原因你也懂得。",2.0,8.0,
378321,绯色回响,36806067,2023-07-21 12:33:47,3,8562473,Twinker,Android 设备,,[],[],"国际服不是福利不多，而是根本没福利。真就10抽，然后什么都没了。初期逼你入常驻池，不抽常驻卡主线，不过主线不能开活动，活动池在活动里，你还不能一开始直接抽。开个初始号一路干下来到活动池真不轻松。每天要打的东西不少，有扫荡，就这我都觉得有点肝。

而且做好抽卡歪，后面卡关的准备。这是国际服里面普遍的问题，每个不同的号，因为角色和自己培养问题都会出现卡在不同位置。所以国服也会有人玩个一段时间就瓶颈了，不是没东西玩，是有东西，但就是过不去了。进度不是慢，是停。

深度内容国服会怎样，这个肉眼可见。就那张封面图，和国际服原图比，桌布，窗帘都已经给你裹好了。而且国际服不用开加速器，玩国服相当于你本来想去红楼，结果走到十字路口转向跑去菜市场去看卖菜大妈。当然也不排除有卖菜西施，我这也不能搞职业歧视。

真想玩游戏的先去下个国际服玩玩看，不是奔游戏玩的，直接国际服，进去氪穿扫完服装店就完事了。",1.0,4.0,
378321,绯色回响,36803200,2023-07-21 10:20:24,4,46371745,樱,Redmi Note 12 Turbo,,[],[],有河蟹吗，最好是没有吧😋,1.0,,
378321,绯色回响,36802334,2023-07-21 09:44:36,5,6369424,阳.,Android 设备,,[],[],好像在隔壁QOO里见过，快上国服让我康康立绘涩不涩🤤,1.0,,
378321,绯色回响,36760711,2023-07-19 17:38:29,3,22503200,风,OPPO Reno Ace,,[],[],"外服很涩，涩到和我玩的黄油有的一拼，但是游戏福利并不多可以用抠来形容。
游戏模式：
回合制抽卡游戏 （包含神器 刻印 ）
抽卡：
外服200一抽，国服好像150一抽？
50保底，普池100抽后可以选择角色提高概率。
月卡：
小月卡30（每天200钻）
大月卡68（每天400钻 ➕体力）
通行证：
98高级 128（头像框，勋章及额外材料）
池子，是保底的，是歪的。
立绘，是精美的，是涩的。
皮肤，是能用钻石购买的。
钻石，钻石…… 一章有10次战斗，每章完美通关可获得170钻石，已知一次十连需要2000钻石，那么请问一次十连需要经过多少次战斗？
这时候月卡的重要性就提现出来了，是谁逼氪我不说。
皮肤有全属性1%的加成，两千多钻一个皮肤，仁者见仁。
想用钻买皮肤，你最起码得是个月卡党。
然而游戏主打就是一个靠涩赚钱，但众所周知国服涩游都会被和谐，游戏模式说他是答辩也不为过。
最主要一点，游族！游族！游族！重要的事情说三遍。
偏肝骗氪割韭菜，死性不改。不清楚贵公司口碑的可以点进厂商资料，看看其他玩家对贵公司的评价。
以上陈述事实，其实也希望游族这一次能真正带给国内玩家一个好的游戏体验，让大伙知道你和以前不一样了。而不是觉得国内的钱更好赚再来割一波。",2.0,1.0,
378321,绯色回响,36778363,2023-07-20 11:05:32,5,489100437,吸干宇宇欧气,华为 Mate 30 5G,,[],[],速速上线！！想玩,1.0,1.0,
378321,绯色回响,36760013,2023-07-19 16:23:59,5,567154918,来吧,Android 设备,,[],[],卡牌游戏吗？,,,
378321,绯色回响,36750464,2023-07-19 05:54:40,3,117504475,ShanJie•Jack,一加8T 5G,,[],[],你游终于回到国服了呀！,1.0,3.0,
378321,绯色回响,36747719,2023-07-19 03:10:43,5,40696914,没有甜味的可乐,Web 官网,,[],[],五星观测一波，等待一下测试再来追评,1.0,,
378321,绯色回响,36707474,2023-07-16 13:37:39,5,524399721,李坤坤,一加手机Ace,,[],[],"加油，日服体验过1个月，还不错😁
",1.0,,
378321,绯色回响,36675700,2023-07-15 00:43:42,4,565572838,失败者,小米13,,[],[],什么时候能测试？,1.0,1.0,
