app_id,app_title,review_id,review_publish_time,review_score,review_author_user_id,review_author_user_name,device,review_played_spent,up_rating_aspects,down_rating_aspects,review_content_raw_text,comments,review_up_votes,review_down_votes
223324,物华弥新,45790830,2025-07-24 13:53:42,1,590332604,无名客i,Vivo IQOO Neo9,,[],[],削签到福利和活动商店福利你是这个👎🏻，20的置换材料一次给2个你还是这个👎🏻，把主线福利算版本福利还是这个👎🏻，祝褒姒,,,
223324,物华弥新,45552974,2025-07-07 09:23:36,4,688045810,丹尼尔,Vivo Y55t,,"['gameplay', 'visual_music']",[],怎么说呢，我开服时候下的，也抽了许多角色，很好玩，各个方面都挺喜欢的，但是，是我的原因吗，删了一次后，号怎么没了？（在B站下的）其实也不只一次了，BA也是，开了个号，删了后，重新登回来，号也是没有了。这是怎么回事？,2.0,,
223324,物华弥新,44702185,2025-04-20 15:09:47,5,564785015,枝落,Android 设备,,"['operation', 'visual_music', 'gameplay']",[],挺好玩的啊 这分被人刷低的吧(￣(エ)￣),,,1.0
223324,物华弥新,43475258,2024-12-16 21:04:46,3,70355653,流星雨谷,Android 设备,,[],['visual_music'],"难得抢到内测资格，我一般都会非常认真去体验并写感想的
但当时（24年2月低）比较忙，而且这游戏不太对我胃口，明明UI画风特别美，立绘却怪怪的，我就只登录了前面几天
还是发个评价留作纪念吧（按平均分给的星）",,2.0,1.0
223324,物华弥新,42929067,2024-11-02 08:47:20,5,351852877,User351852877,HONOR Magic6 Pro,,"['visual_music', 'gameplay', 'operation']",[],"很喜欢，因为文物的原因关注的，虽然该游戏bug多，小厂运营，小问题很多
但是，我要夸它，我很害怕它活不下去，很喜欢雪景图和鸟尊
有点也有很多，比如抽卡概率高，皮肤可以免费换，养成轻松，大部分关卡可以挂机，而且免费送的抽数很多
加油啊物华弥新，活下去！",,9.0,2.0
223324,物华弥新,39662533,2024-02-28 13:28:08,4,55447302,裸奔的大猪蹄子,Vivo X80,13260.0,['visual_music'],"['operation', 'gameplay']","开服给的星低，后面越玩越喜欢，等到t型就退坑了，发现没改评价，给你改回来，希望你越来越好

欧非差距巨大，有人20发一个红，而我60发一个红还歪了……欧非不是问题，但是大部分人歪池子歪的很严重，我已经很久没见过，一个游戏的up池居然可以歪出三四个角色？？！！一般都是第一个歪了，第二个必定是up，你倒好，只能180抽井一个出来，牛逼👍而且测试就是双up，还是新角色双up😅
游戏ui挺好看的，除了好看什么也不是，红点到处都有，图标又小，点进去有时候都找不到红点在哪
主线剧情的ui真是堪忧，把回顾放在对话框的右上角，而且特别特别小，要么误触，要么死活点不开。主线配音有的角色有，有的角色没有，我不知道为什么……主线剧情也是写的乱七八糟，一会忘了记不起来，一会又突然想起来，，，，中间过渡的奇差无比。要么就忘了，有个角色告诉你所有事情 ；要么就被撞晕了，过一会自己全想起来，一笔带过一下。
怪物也不是一开始就有，而是第一章剧情快结束的时候突然就出现了，所以人都不知道世界上有这种怪物，主角就突然知道了他的名字叫“曲解”。为什么突然知道呢？剧情里大概写的是：有种熟悉的感觉，哦！我知道了，他叫“曲解”。到底谁写的文案啊……
体力消耗巨大，人物养成花费巨多，前期估计要花很长时间去做无聊又繁重的养成，导致耐心大大降低
战棋游戏，但是我总感觉做的有点差劲，但是说不上来哪里差，我个人很喜欢隔壁天地劫的玩法。这里有些职业的技能和移动真的很奇怪，给你一种很局促的感觉，我不是很懂战棋类，不知道有没有人可以说一下问题到底在哪。
啊——福利，我也不觉得福利好到哪里去，反正我就做完了第一章，抽了70发，一个歪了的红（哈哈，甚至没出几个金）
这游戏主线奖励和方舟很像，通过一个关卡给你一颗“源石”，好像可以换皮肤，不过我没细看，拿去抽卡了，毕竟是测试，也无所谓
礼包我没看，感觉不是很值的样子
很难受，期待了很久的游戏结果端出来一坨……
写的有点乱，大家将就看看吧，希望公测可以改的好一点",2.0,5.0,1.0
223324,物华弥新,39662956,2024-02-28 14:05:08,4,340971467,鹿,Android 设备,,[],[],"三测：第一天，算差点意思吧，后面体验再总结

公测：毒点基本都改了，比较听劝，福利不错，目前也就是刷武器词条比较折磨",,,1.0
223324,物华弥新,39657781,2024-02-28 05:09:39,4,23900364,Ivy,OPPO Find X6 Pro,,"['operation', 'visual_music', 'gameplay']",[],难度还可以再压一压，打到推荐等级了开自动过不去就很难受,,1.0,
223324,物华弥新,39655757,2024-02-28 03:06:54,5,7155569,摸鱼琉璃,Vivo V1955A,,"['gameplay', 'operation', 'visual_music']",[],好玩，,,,1.0
223324,物华弥新,40394555,2024-05-01 06:36:14,5,411989416,钟,Android 设备,,"['gameplay', 'operation', 'visual_music']",[],还不错挺好玩的，就是体力值有点恶心人，还有评分为啥这么低,,,1.0
223324,物华弥新,40372067,2024-04-29 11:03:13,5,559691114,杜俊伟,iPhone 12,,[],[],还是很好玩的，这分数被人刻意刷低了,,,1.0
223324,物华弥新,40360032,2024-04-28 07:06:29,2,552282535,Lzp,Huawei P60 Pro,,[],['gameplay'],没啥好玩的，很无聊，美术也容易看腻，感觉现在吹过头了，评分太高。,,1.0,3.0
223324,物华弥新,39657407,2024-02-28 04:39:47,2,40045878,井奕,红米K20 Pro,,['visual_music'],"['gameplay', 'operation']","2024.4.28
玩了一段时间，拿电脑模拟器玩的没时长，怎么说呢，不是很催我的点，而且也没想象中那么的科普，美工还行，剧情不太喜欢，总体来说差强人意吧。
-------------------------------分割线------------------------------
6，又显示获得测试资格，进去又不能进😅合着还要抢🙃",,1.0,1.0
223324,物华弥新,39655953,2024-02-28 03:16:34,3,389695424,Quilldren,Vivo Y53t,540.0,[],[],"哈哈哈，蹲点进去都不行，就只给我显示说网络不佳，我换了流量也一个样哈哈哈 骗下载呢吧😃我的确之前很期待，昨天拿到测试资格可把我激动的，都和好朋友分享喜悦去了，以为三年的等待终于有了结果，哈哈哈好吧是我多虑了，真得亏还看了一下得抢注哈哈哈……是我太天真了😃画风的确不错，但是你的操作实属🙈第一款真心期待的游戏这么搞是吧🙃哈哈哈我不说了，大部分人都有目共睹的🙃

二编，玩过几天就没玩了，唔……四五天左右吧，首先先夸一下，游戏爆率挺高的，之前大概有150抽在里面了，出了7，8个红吧，还有一个双红，变色变了两三次吧。但是，抽卡很容易歪。。。现在是出了4个up角色，没有大小保底的说法。只有说160抽可以自选up池其中一个up。常驻新手up池用的都是同一种抽卡道具，抽卡道具有两种，单抽一种十连一种。抽卡资源也有两种，每完美通过一个关卡就可以拿其中一个道具，三个关卡就基本上可以靠这个比较“贵”的资源换一抽。灰珀我没注意看，但是目前对于我来说资源是很够的了。
  不好的地方……唔，，，关卡耗时有点，，虽然可以扫荡。。。战中AI的操作也属实让人蚌埠住高血压。。。哦还有四子棋，让我觉得我是个，蠢货……😅",,11.0,
223324,物华弥新,40328409,2024-04-25 12:59:59,5,349336321,哇酷哇酷,Android 设备,,"['operation', 'visual_music', 'gameplay']",[],"不知道为什么TAPTAP上怎么评分一天就降了2个点，但是身为切身体验游戏后的玩家必须得为这个游戏申明一下：
游戏整体还是很不错的，的确存在关卡通过的问题，但是可以查攻略，我就是这样一点点凹出来的。_(:з」∠)_这个游戏属于战旗类，肯定是要在角色弱的时候动点脑子的，不然通关的乐趣是啥，不想动脑子的话，就慢慢刷经验，攒道具，拉等级，所有材料都可以合成，一样可以靠等级压过去，靠白板数值打伤害，同样不弱，只是现在很多玩家没有那个耐心了
新手福利也算是二游里相当丰厚的了，过过主线，做做任务，每日，差不多200抽就到手了，活动还有可以免费用的红卡角色，靠手法一样可以通关
抽卡70小保底，160大保底，如果不是非要追求up，其实出货率是相当可以了，即变没有对应职业的红，金也可以顶上去，我属于XP抽卡，XP培养，必拉蝠桃瓶，虽然关卡让上6人，但是完全可以只培养三只左右，等级拉上去数值会长的很快，通关主线还是没问题的，

💃🏻立绘建模：说实话，很精致，到过60级就可以打材料精研，送一个写照皮肤，很漂亮，我现在都感觉皮肤商城里的还不如送的好看，现在还有一个为期一年的活动送160张皮肤票，完全是白给一个皮肤，之后应该还有类似的活动，但是着实感觉皮肤不用凹，送的已经很漂亮了
而且在试炼活动被玩家诟病后，策划也是很快就改变方式了，能听懂玩家想法的游戏不多，对玩家的态度还是可以的
所以这一款游戏还没有评论区里大家评论的那么糟糕，这个游戏可以很肝，也可以养生养XP，没必要现在就要让自己成为游戏里的大佬，谁还不是从萌新一步步走过来？慢慢玩，总能到达顶点的一天。😇",1.0,6.0,1.0
223324,物华弥新,40322043,2024-04-25 03:06:01,3,355235123,🍼NGC2337,Android 设备,,['visual_music'],"['gameplay', 'operation']",笑死我了，我出了第二个杯子，哪也找不到，我都怀疑是我的问题，想找客服，客服拉胯死了，就那么几个问题，自己提问一点都不管，我都不知道能不能继续玩，真棒啊，拉高数据？,,,
223324,物华弥新,40295147,2024-04-22 13:39:46,1,60452545,Niao酱,Android 设备,,[],"['operation', 'visual_music', 'gameplay']",除了开始待机界面修图修的好看（而且底图一眼ai作图）里面就是一坨goushi,,,
223324,物华弥新,40287315,2024-04-21 23:21:38,2,67135229,茕屿,小米13 Pro,,[],"['gameplay', 'operation', 'visual_music']",立绘表面上华丽实际上质量参差不齐，玩法很一般，玩起来很折磨，中配尬的不行，还老复读一句话，把语音关了勉强能玩，霹雳霹雳手游粉肠不是吹的，爆率还是挺高的，但是游戏无聊爆率再高也没用，签个七天到蝗一波就走了,,,
223324,物华弥新,40287121,2024-04-21 22:09:44,5,607501725,平民玩家,华为 荣耀30 青春版,,"['operation', 'visual_music', 'gameplay']",[],还行吧，没时间玩，现在只玩单机挂机游戏,,,
223324,物华弥新,40269583,2024-04-20 13:48:21,2,7029524,若水云梦,OPPO A56 5G,,[],[],剧情感觉好无聊，战旗游戏还有速度不太适应，进游戏的加载界面感觉不好看，抽卡没啥感觉，可能是因为我运气还不错？除了立绘有点吸引力外，好像也没啥吸引我的地方了。,,,
223324,物华弥新,40258541,2024-04-19 20:43:31,2,100414183,夏日么么茶,Redmi K60,,['visual_music'],"['operation', 'gameplay']",比想象中还要差，除了少数的立绘跟音乐，几乎没有任何可取之处，也毫无乐趣可言。,,,1.0
223324,物华弥新,40258247,2024-04-19 19:07:43,4,434389818,天,Vivo IQOO Neo8 Pro,,"['gameplay', 'visual_music']",['operation'],玩起来中规中矩，不过倒也不是极差，可能是没玩过这种游戏的原故，新意还是有的。但是因为b站代理，能否活下去被许多人担心。等后面的活动再作评论，目前给四星观望一下,,,
223324,物华弥新,40251889,2024-04-19 10:20:57,2,84624953,鉿姊喲駡,Xiaomi Redmi K60 Ultra,,[],"['gameplay', 'operation', 'visual_music']","亏我几个月前还预约了，玩了20分钟，当场劝退，只能说是一坨，
经典战棋玩法强加国潮，宛如💩盆子镶金边。
我说立绘毫无特点都算夸你，角色个个平平无奇，就这立绘不告诉我是哪个瓷器，我都看不出来，颜色还配的花里胡哨，配上的勾使ui看的我眼睛疼。
特效稀碎小人立绘难看，难以想象是一个2024年的游戏，战斗过程完全没正眼看，大招特效，天上飞起来一块盐砖我直接大力王难绷脸。
剧情配音刚听两句，直接关声跳过了，配的太尬了，完全没脸听。
看评论区还说啥，角色数值尸块儿，爆率低，福利差，更懒得玩了，直接跑路了兄弟
一星不计入评价，两星好评送上，慢走不送",2.0,3.0,2.0
223324,物华弥新,40250553,2024-04-19 08:37:57,3,31540565,欧欧茶茶丸,Android 设备,,[],[],上测已经有很多玩家反映过的战斗动画、对话（包括强制性教学引导）拖沓累赘的问题你是一点不改啊，光这一点就体验极差，ui累手累眼睛，你这些年打磨了什么啊😅,1.0,,
223324,物华弥新,40248901,2024-04-19 06:33:11,2,356064403,阡之陌,Vivo V1963A,,[],[],一般，首先作为战旗策略显得不足，立绘好像很好，好像又只有那样，感觉不上不下，你游目前很尴尬，比上不足比下有余，反正我是不知道这款战旗游戏优点在哪，对比天地劫铃兰感绝都不如，嗯一般。,,,1.0
223324,物华弥新,40167939,2024-04-13 05:45:03,5,475723361,时光安好,Honor 70,,"['gameplay', 'operation', 'visual_music']",[],很不错喜欢在游戏里面翻文物的科普,,1.0,
223324,物华弥新,39722624,2024-03-05 05:12:16,2,3734699,roger666,Android 设备,,[],[],"3/20更新
银河境界线停服，我的观点被证明了，战棋这赛道对小厂是否是捷径，适不适合搭配二次元，以及这市场规模到底才多大，够几个公司去吃，看清楚了吗
所谓的战棋蛋糕，实际规模基本就够紫龙一个人，这是个扩不大的零和博弈
3/05原始评论
测的差不多了，战棋玩法很平庸，系统设计能看到很多仿舟的痕迹，此外命座拆机制，多倍录像，随机化养成，最后这个可是我的逆鳞，高分就别想了，我这玩战棋的多的手游的策略深度留不住我，引圈外这品类又是毫无疑问难推广的小众类型，靠玩法出圈没戏，并且看看周围，不说挣大钱，战棋手游除了紫龙的多少都解决不了生存问题呢，美工看得出来明显投入不少，但可惜，国内二游的美工维度已经卷出边际效应了，更讽刺的是你们还不得不继续卷下去，因为美工包装几乎就是这种二线产品的唯一卖点和竞争空间，卷制作规格内容量跟有资源的头部没得比，少挣点卷服务是不愿意的，玩法更是去卷的资格都没有，却还想自我表达，只有美术钱扔的够多基本就不会太烂，而战棋这样的回合制作上稍简单一点（因为难点全在数值平衡和关卡设计）以国内游戏工作者在玩法与设计上的能力，折腾玩法基本就等于拿产品的命去开玩笑
现在一个产品想成功是必须得买量再搭配天时的，你的天命在22年，原舟大成功给了一般向光环，还有神女劈观带起的文输文创口号都大流行的时候，现在已经过了，角色是一般向混性别，我知道这是因为你立项的时候拆解的舟原，那时的认知下这个模板简直就是真理啊，但做游戏的一大风险就是这滞后性，你做出来时，版本可能就变了，去感谢少前2，环境下行，新21条等等事件导致的不安吧，你们二游原本的存在意义，就是用美好，可爱的故事和人物，缓解用户生活中的积累的压力和焦虑，对于那些刚立项和进度较早期的产品，你们还是有时间改的，快上线的那种是没时间改不了的，死掉我更不会可惜，做生意就这样，从没有保证挣钱的秘方，撞在“有男不玩”上死了，就只能叫运气不好，成功是天时地利人和共同作用的结晶，这些24年上市的产品，基本都是二到三年前立项的，我很清楚你们的立项逻辑，目标是拆解复制舟原，觉得他们成功的重点是轻奢营销，饭圈社区，一般向内容
未来的版本一定是来自用户更苛刻的服务要求，包括给谁服务，努力程度，尽早收起你们的“自我表达”，还不是头部的一员，就别想训练用户，不愿意的请参考大陆秀夫
对某些国内二游“创作者”，游戏不是一件用来售卖的商品，是炫耀自己学识审美（他们以为自己有）接着工作者的身份，狂妄的把自己的龌龊xp辐射给用户，然后沉浸在自我感动与孤芳自赏里的“个人艺术品”。对某些二游消费者，游戏也不是娱乐用品，而是证明自己与在主流社会印象里偏贬义的“宅”不同，是消费“时尚精品游戏”的<高阶层二次元>，而我这人，就特别喜欢找这种轻奢品式游戏的茬",3.0,39.0,3.0
223324,物华弥新,40092893,2024-04-07 13:27:10,5,545181339,八十岁老太太,Realme V23,,"['gameplay', 'operation', 'visual_music']",[]," 虽然我给的评分很高，但是……他确实有点不值得这个分数，主要是我充了四五十，如果这个游戏不火，我充了这么多钱算是白搭了，更可悲的是我抽错了限时卡池•᷄ࡇ•᷅
  我想说的话别人都已经说过了，还是希望大家去玩，不然我的四五十算是打水漂了，有人想收号的，告诉我一声(˃ ⌑ ˂ഃ )
最后希望官方不要背刺我们公测玩家，希望这些纪念和限定不要再回归了

",,1.0,
223324,物华弥新,40058506,2024-04-04 10:01:07,5,463278226,凄楚,OPPO A32中国版,,"['gameplay', 'operation', 'visual_music']",[],"物华弥新太好玩了～快入坑吧哈哈哈

💃🏻立绘建模：
简直太好看了",,1.0,
223324,物华弥新,40043749,2024-04-03 06:55:57,5,50258789,谷,小米13,,"['gameplay', 'visual_music']",['operation'],历史文物是一个很罕见的题材，文物成人象融入现代社会是一个很有趣的故事，而且立绘很好，光看就很吸引人了，喜欢！,,1.0,1.0
223324,物华弥新,40037150,2024-04-02 13:02:22,4,360248508,之乎者也,HUAWEI Nova 9,87180.0,"['gameplay', 'operation', 'visual_music']",[],还不错吧，ai自动战斗希望再优化一下,,,
223324,物华弥新,39998008,2024-03-30 11:43:23,2,58082496,阿皖,OPPO A96 5G,,[],[],你游可真有实力，先下载再抢注，没见过哪个游戏这样测试的，浪费我的时间浪费我的内存，昨天说的好好的测试资格领取成功，今天一登直接没资格了，不是所有人都会盯着那个游戏论坛看，下载完游戏显示资格获取，那就忙自己的事去了，谁会再点开论坛看看自己资格是不是假的，限量测试炸服，这波路人缘直接爆炸，我倒挺想看看开服公测你游又能整出什么逆天操作，给我整笑了,2.0,2.0,
223324,物华弥新,39656852,2024-02-28 03:58:20,3,10254771,匍匐前进的赤心,小米Xiaomi Pad 6 Pro,,[],['operation'],b站代理，世人称其为“手游坟场”。测试就出了抢到测试资格不算资格的乌龙。对于公测后的运营。我感到不安😰,1.0,5.0,
223324,物华弥新,39988469,2024-03-29 15:16:49,4,342033275,橙,Android 设备,,[],[],养成确实很花费时间，感觉有的 UI 做的不是很顺滑，建议一些画面跳转之类的还有战斗能缩短点时间，真的很浪费时间，要花好久就很消耗耐心,,1.0,
223324,物华弥新,39981935,2024-03-29 03:48:08,3,589069287,emo,Honor 90 Pro,,"['visual_music', 'operation']",['gameplay'],立绘不错，q版小人也好看，大招动画较差，玩法可玩性不高，古风的风格很不错，喜欢这种风格，剧情也很吸引人，希望优化一下系统吧,,,
223324,物华弥新,39669734,2024-02-29 04:36:24,3,556690521,L,华为荣耀20S,55680.0,['visual_music'],[],剧情党还是别入了吧，个人觉得剧情真不咋滴，但是美术音乐人设啥的确实挺好，尤其是美术真的好看，总之颜值XP党不在乎剧情的无脑入就行，战斗也还行，没什么太复杂的机制。至于难度这方面我觉得还可以，反正我玩的时候没卡级没卡关过，概率这方面我不多数，我一向很非，总体来说还可以，但是他公测我不会玩，人物立绘是很好看，但是我是剧情党，这个还是得看个人，这只是我个人的游玩体验,,3.0,
223324,物华弥新,39972388,2024-03-28 07:24:37,5,335023170,猪,Hi nova 9 Pro,4860.0,"['gameplay', 'operation', 'visual_music']",[],零氪党，抽卡暴率挺高，关卡也不是说过不去，对于零氪党来说肯定是比氪了的难一点，但也不至于卡关，剧情的丰富度也挺有意思的，总的来说体验还可以，期待正式上线。,,,
223324,物华弥新,39889753,2024-03-21 03:13:50,5,73849892,Q,Android 设备,,"['visual_music', 'gameplay', 'operation']",[],希望活下去吧😞,,,1.0
223324,物华弥新,39885891,2024-03-20 14:19:24,3,438167828,魔术, iQOO Neo7 SE,,['visual_music'],[],"优点：美术风格好看，UI设计简洁，人物有趣，古物拟人有意思
剧情中等，给玩家的选择不多，就有点平淡的感觉（可以跳过😆）
缺点：流程太长，副本太多（角色经验，武器，武器经验，角色天赋树，还有一堆活动副本…）开局角色等级15就卡上限了，至少得打两种副本才能突破，前期伤害不够纯折磨。
玩着太累，一天的体力精打细算，卡着回复上线。副本流程不长，但一天刷十几遍，枯燥乏味，玩的兴趣越来越小😭
总的来说，空闲时间多的人应该会喜欢
PS：游戏卖的皮肤好看，但是要充钱才能换😭纯靠肝挺难攒的",,,
223324,物华弥新,39867148,2024-03-18 15:14:45,5,390211144,19号,OPPO R17,,"['gameplay', 'operation', 'visual_music']",[],除了抽卡的时候有点脸黑别的都很好 ,,,
223324,物华弥新,39865402,2024-03-18 12:23:16,1,383076631,User383076631,iQOO Neo 5,,[],[],没抢到号,,,3.0
223324,物华弥新,39860336,2024-03-18 04:35:03,4,510872383,Tu,Vivo S15 Pro,,"['visual_music', 'gameplay', 'operation']",[],"💃🏻立绘建模：
立绘极其精美
战斗方式:可玩，简单易上手，但吸引程度不高",,,
223324,物华弥新,39851195,2024-03-17 07:20:25,3,568478305,凛霖,Honor 90,10440.0,[],[],"目前除了立绘，很难有吸引人的点呀(╥ω╥`)
还得加油啊",,,
223324,物华弥新,39849706,2024-03-17 05:18:52,5,365163352,绯色云影,Android 设备,,"['visual_music', 'gameplay', 'operation']",[],画风可以，福利再多点就好了😔,,1.0,
223324,物华弥新,39665239,2024-02-28 19:55:52,5,391530585,苅,Android 设备,,"['gameplay', 'operation', 'visual_music']",[],"画风很棒，真的蛮喜欢的，测试期间上了几个卡池角色都还蛮戳我的
然后就是这个战棋玩法，像我这种之前从没接触过的刚上手确实会有点懵，但是玩熟了之后真的还蛮有意思的，测试时间太短啦，测试结束，真的还有些意犹未尽，现在就是超期待公测啊",,,
223324,物华弥新,39837747,2024-03-16 05:04:25,4,72867977,只有喝汤加香菜,Android 设备,,[],[],"💃🏻立绘建模：
立绘好的是真的好看，但好多角色的五官比例很失调，看着像ai画的

🗨️剧情丰富度：
我是不太注重剧情的，但剧情转场真的很😅，不行就直接闪黑那种，那种PPT模板转场真的很怪

🎛️数值合理性：
不是很合理吧，定位是奶妈回血，本来技能就是几个回合才能用一次，结果回一次血还没怪打一次掉的多😅；那种盾抗伤的角色也没看出来血条别别的类型的角色厚多少

🎮可玩性：
主要是过剧情然后打怪，打怪手感不太好。手机上玩屏幕就小，上场角色那么多，在手动打怪时经常不小心就会点出怪物信息，但明明是要点它进行攻击的。真的不是很灵敏，会经常误触。自动打的时候角色也很怪，不去往怪的方向走，就前进一两格就停下挂机了。
不管是主线还是活动都是打怪为主，但这方面真的挺差的。角色升级很难，几乎要靠把商店掏空才能突破升级😅
",,1.0,
223324,物华弥新,39837716,2024-03-16 05:01:42,4,558552109,随便玩玩,Android 设备,81780.0,[],[],四星观望，等待公测。,,,
223324,物华弥新,39825268,2024-03-15 03:53:18,4,70368268,.疯✘,Android 设备,,"['operation', 'visual_music']",[],"作为战棋玩法的深恶痛绝者，为了你华的题材和立绘是咬咬牙玩了。可玩性来说还行，教学副本看看攻略过的很轻松，主线关卡对我这种不喜欢动脑的有点点难，比如说boss战，那个机制其实不难理解，但是实战因为配队啊等级啊之类的看攻略也就是个辅助作用。
虽然还有很多问题，但是大部分诟病的官方也出通告会改了。比如扫荡，资源扫荡真的是超级无敌需要的功能。
对我这种战棋小白来说，上手难度还行，boss战会卡，跟别人的进度哪怕我天天盯着打，boss战就能把你的进度卡下来呜呜，别人都到第四章开进化皮了，我还在第二章boss战难舍难分。虽然最后靠金瓯永固杯和茶姐过了，但是那会儿测试都要结束了阿巴巴。
最后强推兔形陶陨，抛开立绘不谈，兔子绝对是打boss战的好手。虽然我三测没歪出来，但是看攻略兔子的活动机制范围太大了，伤害也高，练好兔子甚至能在第一波消耗完单杀二章boss。其次就是茶叶生产画，一个不管你练不练都要喊她一声茶姐的女人。平民战神，输出永远的top。金瓯永固杯也是强推，大招伤害很高，但是近战容易死这点也无可避免。最后推荐一下俺ip博物院的宝贝晋侯鸟尊吧，战略输出荣光，可惜大招要攒的星星太多。",,3.0,
223324,物华弥新,39823790,2024-03-15 01:14:14,4,83659231,Away,Android 设备,64140.0,['visual_music'],[],主角立绘有点丑其他还可以吧,,,1.0
223324,物华弥新,39822151,2024-03-14 16:01:41,5,109903163,雲塵夢·墨羽,Android 设备,,['visual_music'],[],"界面画风都很独特，特别是这个看板娘地区筛选，个人特别喜欢，背景音乐也不错

个人而言主要还是剧情差点意思（因为时间关系只体验了第一章），开篇埋刀？（开篇那个福桃瓶好像和后面遇到的福桃瓶是两个意识个体）接着是方言对话和找器者的故事还不错（反正我是全程乐呵呵的过的）

之后是福桃瓶大战“曲解”（这里没啥感觉，印象最深的只有福桃瓶大骂“曲解”和福桃瓶的毅然决然的选择，以及福桃瓶提到的一个设定<器者死亡，会从文物本体经历一段时间复苏，并且对复苏前的记忆很模糊>这就对应了前面找器者的那段故事里福桃瓶也不清楚自己是怎么到收藏家这边的，而开篇那个福桃瓶是以重伤的形势找到收藏家的)

总体来说福桃瓶大战“曲解”这段并没有给我提供那种…情绪上的感染力？还有就是“曲解”是怎么诞生的？为什么要袭击人类？或许是我没注意到，但我印象里确实没有解释“曲解”的来源，就…砰的一下，天降大敌，完事也没能给个解释，个人理解的是“万物有灵”而“曲解”则是那些历史长河中未能传承下来的物品的一种扭曲怨念？

最后就我个人而言，比较希望弥新后面公测能弄个类似于活动剧情里的“旧事香”（虽然文物融入现代的设定很有意思，但我也想看看文物自诞生后的故事）主要还是感觉收藏家除了能看见器者外就没啥亮点了（而且这种能看见器者的能力的人虽然少，但并不局限于收藏家一个人，我记得“收藏家”好像只是一个给能看见器者的人的统一代称来着）希望公测后的收藏家可以利用某种媒介回到器者本体诞生的时代，见证器者本体的诞并且有能力习得制作过程的手艺
弥新给我的感觉与其说是文物拟人，更像是非遗文化传承以拟人的形势让玩家们都知道它们的存在（毕竟大部分玩家都应该是以学生为主体吧）而没有传承下来的，成了“曲解”？然后每个能看见器者的人，都是非遗传承人？打败“曲解”后利用媒介回到“曲解”的过去习得制作过程的手艺，再回归，修正“曲解”成某某器者
为什么写的这里感觉好像在一本正经的胡说八道，总之我个人很喜欢弥新，希望弥新未来越做越好！",1.0,1.0,
223324,物华弥新,39816735,2024-03-14 07:12:49,1,410737286,冷凝霜,OPPO Find X6 Pro,,[],[],登不上,5.0,,
223324,物华弥新,39814193,2024-03-14 02:58:58,4,29510484,OnTheRain,Huawei P60,,"['visual_music', 'gameplay', 'operation']",[],"💃🏻立绘建模：
物华弥新高星角色的美术极其优秀，但部分低星角色美术简陋很多，会有种不协调感。战斗小人相当精细，把不同武器都做出来了，很不错。

💬叙事：
剧情一直被骂，是比较平淡朴实的二次元打打杀杀流，要说跟这个文物拟人主题不符呢确实有点不够文艺，但作为主线我觉得OK。
支线方面外传还可以的，综合文物经历和特色，相信能做出自己的独特之处。

🎮可玩性：
战棋的玩法前期没什么意思，后期配队成型了有点乐趣，但不同关卡间地形差异可能会限制角色上场，有点烦。

🎛️数值合理性：
六星数值都很强，无脑练完事。
养成系统比较长线，有点意思，不过普攻和好感挂钩，好感又很难升，虽然说只有蚊子腿提升，但还是有点普攻焦虑。

💰肝氪度：
没氪没肝最好只有一个，前期开荒必须肝一点，要不然活动都打得痛苦死。",,,
223324,物华弥新,39807474,2024-03-13 09:32:34,5,515608863,吃,OPPO PGAM10,,"['visual_music', 'gameplay', 'operation']",[],我还蛮喜欢这种战棋游戏，喜欢动脑子，感觉不是很难，还是挺有可玩性的,,,
223324,物华弥新,39804550,2024-03-13 04:31:16,2,67450878,带雨云埋一半山,魅族20 Pro,3900.0,['visual_music'],"['gameplay', 'operation']",某些立绘挺有特色，也就这一个优点了，这个有优点又姑且算不上什么优点，比较二游立绘好是根本是应该。玩法是💩,,2.0,
223324,物华弥新,39804318,2024-03-13 04:08:26,3,55972461,《夏小正》,Vivo IQOO Neo9,60060.0,['visual_music'],"['gameplay', 'operation']",角色伤害迷一样的机制，不好玩，不推荐，但是画风很好看，推荐，玩法太烂了,,,
223324,物华弥新,39796602,2024-03-12 09:51:48,3,18473821,心生七面,Android 设备,,['visual_music'],"['gameplay', 'operation']",很早就关注了，这次终于参与了测试。游戏题材和立绘真的很好，可惜战棋玩法太小众了，而且打一局要好几分钟是真的累，可惜了。,,,
223324,物华弥新,39795198,2024-03-12 07:33:30,3,585184295,星河,Android 设备,114420.0,['visual_music'],"['gameplay', 'operation']","过了这么久才来评价哈哈哈哈哈哈哈。
首先游戏的画风的确是很可爱很好看，立绘什么的我也很满意，剧情就是拯救世界，这个有点俗套，但也还可以。器者语音带点地方方言这个我也很喜欢。以上是全部的优点。
接下来我来扒拉一下缺点，首先首先爆率非常低，咱也不知道是因为我比较非还是因为太久没玩国产游戏，那个爆率简直感人。每次十抽出一个黄，保中保了属于是，怎么玩？你告诉我怎么玩？180抽保底，我歪一个红那个七十抽的小保底就没了我啊？啊？啊？合理么？限定池子就几天除非氪点不然180肯定包不出来。每天兢兢业业两个池子里面全是常驻，我真的哭死。我那些绿的全都养到六级了，有什么用？希望正式服能改改这个爆率，一直这样我觉得我也很难再玩下去。
然后，一个很严重的问题，培养太难了，缺材料，啥都缺，一开始升到十五级不让升了我还在反思是不是我的等级太低。结果这个等级还需要培养！培养等级上限，我哈哈哈哈哈哈，我一点材料都没有我拿什么养？好不容易凑点材料了去养几个，哎，没材料了养不动！再去刷材料刷材料，好不容易养上去了啊。你以为可以快乐的去过主线了嘛？想得美，不让我高练上场！你说气不气，我倾家荡产养这么一个，你不让我上，没关系，我再去养别的。但是没材料啊，刷呗，玩这个游戏真的深刻让我认识到自己是一个穷光蛋。要啥没啥的。
而且，我现在都不理解，那个活动要了我1500的石头换衣服有什么用，那个上阳帖，你是不是觉得我能抽到还是怎么的？你用冬谷币也行呀，本来就穷的抽不起，抽得起还歪常驻，你还要我十抽。
最后，那个隐藏任务真的很怪，有的就强制要求两个近身器者上场，你猜我为什么不带两个近身器者，是因为不喜欢么？那我没有我也没养我带啥呀我带，带进去一轮大残两轮必死。真诚希望正式服可以改一下，不然真的很难坚持的玩下去。
剩下还有语音不能倍速快进没有语音，战斗里面的大招动画不能跳过之类的就不说啦。
毕竟还是等了好久好久的游戏，希望在正式服里面可以改改，祝安。",1.0,9.0,1.0
223324,物华弥新,39793698,2024-03-12 04:20:50,4,418506577,安橘,Redmi K60,,"['visual_music', 'gameplay', 'operation']",[],挺好的，我挺喜欢充满国风的UI，剧情不算难看，中规中矩。玩法也比想象的好一点，不过不算太惊艳,,,
223324,物华弥新,39791969,2024-03-12 00:05:05,5,59546457,茗, iQOO Neo7 SE,39540.0,[],[],好玩，但是有点点难,,,
223324,物华弥新,39791680,2024-03-11 21:05:44,4,7155760,Biclecy,红米 Note 9,,"['gameplay', 'operation', 'visual_music']",[],立绘音乐🎶都很不错但是先这个战斗系统真是有点………一言难尽而且体力消耗真是离谱……,,,
223324,物华弥新,39789353,2024-03-11 13:27:37,4,3485858,w120040550,Android 设备,,"['visual_music', 'gameplay', 'operation']",[],整体效果不错，经典的战旗类游戏，模型中规中矩。,,,
223324,物华弥新,39786123,2024-03-11 07:47:15,5,15327706,冰依,一加手机Ace 3,,[],[],"期待公测
",,,
223324,物华弥新,39783168,2024-03-11 01:57:54,4,333127897,戈谣,荣耀 50,128760.0,"['visual_music', 'gameplay', 'operation']",[],"💬叙事：
故事背景很有趣，基金会，文物拟人
💃🏻立绘建模：
美术风格在线
🗨️剧情丰富度：
可以，期待更好
💰肝氪度：
可以接受
🎛️数值合理性：
有点平均，缺少差异化
🎮可玩性：
强
🌃画面音乐：
好看好听，就是音乐有点少
🔖运营服务：
好
✍🏻建议：
扫荡功能",,,
223324,物华弥新,39780632,2024-03-10 14:32:51,5,540122508,饼猫猫,"Honor V7 Pro 11""",,[],[],emm出货率还挺高,,1.0,
223324,物华弥新,39780193,2024-03-10 13:50:30,4,4296336,出了旗锤也不改名！,iQOO Neo 5,58500.0,"['gameplay', 'visual_music']",[],抽卡太歪了，虽然关卡可以过，但是很烦，然后就是培养太繁琐，这个卡池轮换的频率？我应该是不会充钱玩了，之后如果玩就是抽到就专精养那几个卡了，不看剧情，不对剧情评价。自动战斗有点傻。对我来说有点鸡肋弃之可惜的感觉。运营服务不做评价，因为测试期活动那么密集应该会跟后续不太一样吧,,,
223324,物华弥新,39775374,2024-03-10 05:35:00,5,335105330,麟羽,Vivo V2072A,49200.0,"['gameplay', 'operation', 'visual_music']",[],战斗模式，和剧情有改进空间，美术音乐不错,,,
223324,物华弥新,39770358,2024-03-09 15:56:58,3,7538444,アーサーのつまアルト,Vivo IQOO Neo9 Pro,,['visual_music'],"['gameplay', 'operation']",玩了四五天吧，感觉养成有点繁琐了，音乐配音和画面挺好，但是游戏性上就差强人意了，没有扫荡，每天要刷的材料一堆，抽卡还没有保底继承，抽卡资源获取挺少的，六星角色给我感觉都不是很强的样子，是数值太低了的原因吗，总的来说还行，就是看看后面优化如何了，抽卡资源和卡池保底，还有养成和扫荡这些建议优化,,,
223324,物华弥新,39769884,2024-03-09 15:14:49,2,520592022,落芳天华,Redmi K50,10260.0,['visual_music'],"['gameplay', 'operation']",b站上说了很多了，这里就简要一点:游戏性不行，剧情依托,,1.0,
223324,物华弥新,39768357,2024-03-09 13:03:52,3,423514949,什一,Android 设备,,"['operation', 'visual_music']",['gameplay'],"角色立绘都挺好的，养成过程很繁琐，剧情没有很大的惊喜，整体感觉一般，抽卡很能歪，抽个角色能歪四次还没出，这概率真的，，，攒抽数挺快的，皮肤只买了天蓝瓶的，好看，特效也ok
战斗体验还可以",,,
223324,物华弥新,39760902,2024-03-09 02:12:54,4,17345559,亦然丶bue,红米K20 Pro,150720.0,"['gameplay', 'visual_music']",['operation'],"本人还是很喜欢战棋类游戏的，加上国风立绘和文物拟人的风格非常戳我，所以在很久之前就关注这款游戏了。这次破局测试在策略上做的中规中矩，职业划分比较详细，但是职业内部划分目前来说还是很少有比较大的差异。
剧情没太关注，不好评价。角色的美术非常戳我。武器的立绘建模就有些廉价感了
扣一星在于武器系统和命之座系统，刷一把武器很不容易，而且还带有加成很高的三条随机词条，简单来说就是圣遗物，这是个无底洞，要刷可以刷到天荒地老，偏偏还有体力限制()。另外，有些角色的命之座提升很大，有些则不尽然，但终究是命之座那种拆分机制的操作，这个见仁见智罢，反正对我们林克微氪玩家是不太友好了。
另外就是角色培养难度太大了，我个人还是比较肝的那种，很感觉养成有些繁琐了，特别是好感度系统。希望改进罢",,,
223324,物华弥新,39655639,2024-02-28 03:03:54,5,125188420,结界,Vivo V2066A,24960.0,[],[],刮目相看，比某个四年做不出来扫荡的fw公司强一百万倍,,8.0,2.0
223324,物华弥新,39756258,2024-03-08 12:37:23,5,420953821,sakito,Android 设备,,"['gameplay', 'operation', 'visual_music']",[],"        先夸一夸，这个游戏呢，可以看出来做的真的很用心，给了我一个比较大的惊喜。主要是在立绘方面。每个记者都有它对应的文物啊，而这个立绘就让人感觉这个文物如果真的有人型，他就应该是这样子的。
      里面有一个器者叫鹦鹉银罐，是真的典籍中记载的那个唐代的以丰满为美的形象，脱离了那种媚俗的风格。这让我很惊喜，因为我觉得这种做这种有关于古代历史的游戏就应该是这样子的，要细心大胆，敢想敢做。
    剧情的表现力还算可以，不能说差，但也没有很亮眼的地方，但是很多过场cg还是很好看的
     抽卡方面这个真实出货率呢高的我有点惶恐，基本上20抽左右就能出一个，希望放到公测也是真的这么高。
      当然这个游戏的有些不足，第1个呢，就是在玩法上面，对于一款现代游戏来说，里面的战棋玩法是稍微有些许单调，里边一些人物的q版形象和，大招特效我觉得都有待加强，有些内容呢，我也更希望突出一些机制， 而现在就过多的偏向数值。
      第2个是音乐方面。音乐方面有一些良莠不齐，音乐比如说主界面的音乐就做得很不错。但是到了剧情里或者战斗方面的音乐就变得有些怪异，偶尔偏向仙侠，又偶尔带点现代的风格，让人感觉像是一些口水歌。至少我听起来是有点难受的。
    第3个是养成方面，养成方面过于有些繁琐，比如说加天赋或者突破上限的时候，那些条条框框显得有些冗杂。而一些材料的副本更是过多了。希望可以改良一下，把这些东西统合一下
    以上就是我通过这次的付费测试得到的一些感想感受，总的来说呢，优点是真的很好，这些缺点呢，也是在可控的范围内的，所以我会推荐大家在正式上线后，去尝试这款游戏。
",,2.0,2.0
223324,物华弥新,39752947,2024-03-08 07:28:41,4,423556718,Siing,Redmi Note 12 Turbo,,"['gameplay', 'operation', 'visual_music']",[],好玩，福利不错，就是新手教程不够详细，有一些东西需要自己去摸索。,,,
223324,物华弥新,39752219,2024-03-08 06:18:51,4,400648690,阡陌♡尚轩,Vivo V2106A,,['visual_music'],[],还不错，就是太肝了点,,,
223324,物华弥新,39751886,2024-03-08 05:40:24,5,111080565,寒诩,Vivo V2133A,,"['gameplay', 'operation', 'visual_music']",[],很容易中，但是容易歪,,,
223324,物华弥新,39750814,2024-03-08 03:41:51,4,100226667,顾盼宸汐,华为Mate40 RS保时捷版,,"['visual_music', 'gameplay', 'operation']",[],"💃🏻立绘建模 立绘吹爆

💬叙事：
故事一般，有点琐碎
三测破局，总体不错",,,
223324,物华弥新,39748742,2024-03-07 23:20:55,3,16038978,任说,HONOR Magic6 Pro,,['visual_music'],[],官服就是b服，感觉已经硬硬的了,,,
223324,物华弥新,39741840,2024-03-07 07:17:32,1,18534974,尚善,小米13,8820.0,[],"['gameplay', 'operation', 'visual_music']",就不说注册的问题了  本身游戏就是不好玩,,1.0,
223324,物华弥新,39739839,2024-03-07 03:32:12,4,506373376,蘇禾,Vivo V2068A,69120.0,"['gameplay', 'operation', 'visual_music']",[],"玩了几天测试的，每天玩的时间不是很多，个人感觉体验还不错。（纯个人吐槽）
这游戏有点肝吧。
剧情都没有看不做评价，
打斗机制还好，我个人觉得各角色的技能有点单一，与明日方舟不一样这里角色技能一个职位基本上一样的，要不就换个数值。最烦的是那个进攻键和待机键一个地方，很容易误触（我就是那个老下意识按到待机的可怜人🥺）
活动和材料都差不多对于等级比较紧凑，希望以后时间长点
测试开了两个卡池，暴率挺高的，歪率也高，没怎么注意看保底，但是我有一个抽了八十多发金变红😂（不知道什么情况）
我个人比较关注美观性，有些角色的立绘我不太能接受的，也不知道大家能不能接受，对于我来说问题不是很大，但是该说的还是得说，不好看。主页界面做的还不错，但是我觉得那个个人的男女界面可以换一下，真心不好看，可以考虑一下一些角色动图，背景也可以搞个主题。
后面四星就是一个情怀了，可玩性还是有的，但是相比类似我玩过的游戏（方舟和1999）我还是更愿意玩之前的游戏，这个游戏现在我玩的感觉没什么亮点，论角色设计和打斗设计没方舟好论立绘没1999好看😂，不过要是方舟打不过又不会抄作业的可以试试这个（比如我）。

",,,
223324,物华弥新,39739032,2024-03-07 02:02:58,5,400196079,了无生趣（2025）,Android 设备,,"['visual_music', 'gameplay', 'operation']",[],局内模型再优化一下就可以了,,3.0,
223324,物华弥新,39738490,2024-03-07 00:38:55,4,83467942,User83467942,小米13 Pro,,"['gameplay', 'operation', 'visual_music']",[],"剧情方言配音很有特色
类粥的ui也还凑合
抽卡体验还行
男角色能不能变男娘啊",,,1.0
223324,物华弥新,39738340,2024-03-07 00:06:10,3,614324323,段然特特特意,红米 Note 10 5G,,"['gameplay', 'visual_music']",[],"这个玩法好像叫战旗是吧，我以前没太玩过，不太清楚这个玩法。希望每一关都有自动，手菜党真的很需要。
音乐还不错，立绘有的还需要精细一点，大体是好看的。界面我觉得有点花哨。故事我没看不做评价。
最后我真的好非，连歪六次我是什么很贱的人吗",,,
223324,物华弥新,39737756,2024-03-06 18:37:11,3,101138636,reisenC4,Android 设备,,"['operation', 'visual_music']",['gameplay'],"战斗交互体验有待加强，还有一些ui界面操作不方便，比如出击编队点角色页面后不能滑动切换角色。养成也是要点进去喂狗粮再退出很烦，手机上看基建的字体太小了
💰肝氪度：太容易歪了，两个up池都抽了120-130抽，歪了2次才出当期up，公测没有必出当期的小保底我是不会长期玩的😅
🎛️数值合理性：没抽到红卡T0会体验很不好，金卡绝大部分没什么用（或者都有上位替代），战旗本身不应该这么依赖box深度。而且送的角色全削了，不就是逼氪吗？🙃
",,,
223324,物华弥新,39736855,2024-03-06 15:51:28,5,30612145,奈何。,一加手机12,,"['gameplay', 'operation', 'visual_music']",[],好玩，无敌，就是剧情一坨屎，赚到钱赶紧把文案开了换一个吧,,1.0,
223324,物华弥新,39735026,2024-03-06 12:25:49,4,525753027,只想安眠,Android 设备,86940.0,"['gameplay', 'operation', 'visual_music']",[],"最开始是被题材和画风吸引过来 国风这个画风和文物这个题材很让我眼前一亮 测试的每一天都有在登录和玩 本人就充了张月卡（因为别的感觉好像不太需要把）
人物的建模和立绘
人物的建模挺不错的 立绘也都很美 （但说句实在的真的有点让我期待落空了虽然是很美的但给我的感觉就是有点勉勉强强）整体的风格给我的大部分感觉就是不太一样 服装都很好看立绘很美
剧情
我个人是超级不爱看剧情文字的类型 头一回认认真真看完了第一章的剧情 但之后就是不断的跳过跳过 剧情写的其实还好...就是感觉有点说不清楚 看着看着容易让我产生一种疲惫感（
玩法这方面我个人是比较喜欢的 就是在一开始的新手教程中看不太明白 有点潦草就结束了 后来纯靠摸索弄懂 策略性对我来说挺强的（动脑还是有些的）就是经常容易boss战卡三四次过不去的那种（e...可能是我的问题吧 升级之类的感觉好疲惫） 还有就是希望材料本里能加高一点点（感觉出来的基本上两下就霍霍完了）部分任务的难度希望能下调一点 自动ai虽然很有用 但我从头到尾除了打本其余都是手动 ai打的给我的感觉就是 嗯...有点笨笨的感觉？ 平衡做的还不错 就是希望卡池能够提高一点点 歪了真的会很痛（希望能up率提高一点点）
养成稍微有点繁琐但总体只有三个部分 每天刷本刷的有点头疼了（我的原因只是提一嘴）
途中我有遇到显示错误的bug 还没来得及反馈（ww总是忘）在打的途中会有怪物显示错误的情况 （比如打了但是还显示的怪物在那个位置）
部分角色的皮肤都很不错就是希望考核后的皮肤可以稍微有点点小改变（不然有点干巴巴的感觉）
再补一些建议吧 UI可以更加的简约一点点 且换装的时候希望把小人加上不然不知道对比是如何的 新手任务后面几天就很手忙脚乱的希望可以降低一些特别难的任务 器者的红点可以改成全部或者是默认比较好一些 而且一个一个升也会挺麻烦的（我感觉有点复杂和麻烦）
总结下来就是物华弥新的运营给人的感觉是很不错的 希望公测之后能更加完美！ 当然也希望能改掉缺点越来越好！（头一回写只是个人的感觉但愿不是很差...ww）",,1.0,
223324,物华弥新,39732859,2024-03-06 08:16:44,4,393738214,Nigo,Android 设备,,"['gameplay', 'operation', 'visual_music']",[],"很久以前看见过这个文物拟人的企划（银香囊和金瓯永固杯的手办），2024年了终于落地可喜可贺
首先吸引我的是国风+文物题材，游戏美术整体来说也算让人满意（其实我本来想说差强人意因为有部分立绘还是略显粗糙了而且整体风格不太统一但是上限也很高，UI设计不说实不实用也很好看，希望之后继续补足吧），主线剧情大改是改不了了希望后面剧情写好点吧，第一章我还看了之后就快进/跳过，发现文本信息量其实挺小……
玩法个人是喜欢的，给我一种仿佛自己动了脑的感觉（嗯。。），上手门槛是有一丢丢但也还好，只要公测养成材料别卡太死练度碾压也不是难事，当然还有一个前提是隐藏任务难度下调+优化自动ai，六人编队还是有研究体系配合的潜力的，虽然目前来说大家好像各打各的（除了利簋+金瓯永固杯/越王勾践剑，但是我没抽到利簋所以公测快来我box），角色平衡性做得也还好，虽然有强度差异但也没多少弱的红卡（白石散乐、云雷纹大铙、上阳台帖算吗，等一个未来可期…），加上高爆率就算歪了也不会太气（吧），但还是建议把up出率上调一下
养成稍显繁琐但是大致也就技能/武器/考核点三个部分，三测只有八天公测不用赶时间可以慢慢养成
最后物华运营应该是我听过最听劝的二游运营之一了，希望公测继续保持，做成小而美的定位就好，再补充一些小的建议吧：UI去繁就简、换装页面把原皮小人也加上去，基建升级取消等待时间，其他的想到再补充：器者致知红点改成默认所有器者都有提示，考核红点默认编队内器者比较合理，还有建议出一个只看红点功能，现在感知不强等角色越出越多翻起来麻烦（其实现在我就嫌麻烦x
（对了感觉蝠桃瓶初始/写照/皮肤三模三样的，好歹同一个角色画风一致一点啊，写照是个人觉得最惊艳的",,1.0,
223324,物华弥新,39655711,2024-02-28 03:05:36,4,20245776,暂无昵称,一加手机11 5G中国版,6540.0,"['operation', 'visual_music', 'gameplay']",[],滑轨诚意挺好 希望好好运营 早日公测,,,
223324,物华弥新,39733555,2024-03-06 09:41:31,3,350692378,迟迟-,Android 设备,48060.0,['visual_music'],[],"画风题材还挺好的，我应该算欧吧，没吃过保底一般四十抽左右就出了，还有两次双红，所以可能打的比较舒服
但是，咱就是说……我过主线1-4看完一遍剧情和教程了，之后回去补额外挑战就没必要再看一遍了吧，而且不知道是bug还是像剧情一样跟关卡是绑定的，又出现了一次升级的教程，我蝠桃瓶已经到十五级没得升了，就在那卡死了，只能重新登陆
再就是人物培养啊……我不知道你们是不是开服的时候还给这么多体力瓶，如果不是的话就还是建议减少一下培养成本，等级低了主线打不了，刷材料也出的不多，如果没有送的那些体力，我可能连这几天都玩不下来
就这些，还是希望继续努力吧",,,
223324,物华弥新,39733227,2024-03-06 09:00:13,4,3177809,麋鹭,Huawei Mate 60 Pro,82500.0,"['visual_music', 'gameplay', 'operation']",[],"三测结束了，来说说看感受。主线基本上推到第三章末尾，活动肝完了。个人是很喜欢这个IP的，大概在初中的时候就在等公测，，现在已经大学哩，终于是玩上了，泪。
立绘方面的一些小问题就不考虑了，毕竟是很多年前的作品了，，当年很惊艳的事物现在多多少少都会有点点瑕疵，可以理解，新皮肤大唐的那个非常非常喜欢。
玩法方面，个人是很喜欢战棋类游戏的，比起自走棋类和塔防类多了一些思考的空间，个人感觉，可玩性方面和国内二游比的话，比57稍微高一点点吧，但是果然不能理解近卫打大体型boss为啥伤害就算一次，有种龙卷风对单的美，很喜欢里面战略和狙击的职业设计，，基本上三测玩的就是狙击队，一抢一个小朋友，猛猛的很安心。但是瑕疵感觉也有一些，，比如法师的那个攻击范围和行动力令人不敢恭维，我至今不知道该怎么用桃子和芙蓉炉，泪了。
总而言之是一个瑕不掩瑜的二游，虽然感觉人物设计和性格，，对话方面还能再打磨打磨，有些角色真的感觉就是批皮，但不可否认有做的好的地方，，比如某路由器真的很可爱，茶叶姐姐也真的很靓。最后附上练度，，因为没怎么特别的肝，按照xp练了一些。期待公测！",,1.0,
223324,物华弥新,39732974,2024-03-06 08:29:40,2,427145166,夜的彼岸,小米 Redmi Note 9 Pro 5G,,['visual_music'],['gameplay'],养成太过复杂，体力完全不够用，红武器获取渠道少，词条还随机,,,
223324,物华弥新,39732765,2024-03-06 08:02:28,4,337413797,南方人,小米Xiaomi 14,,"['operation', 'visual_music']",['gameplay'],"总结 食之无味，弃之可惜，有点子玩法但不多。
画面很精美，人物立绘很好看。
剧情没关注，配音不全很大的问题，而且配音与文字有延迟。一旦你不小心误触了屏幕，配音就会消失。
战斗时不能自由指挥角色行动，很考验战略性和手操能力。
皮肤的获取途径可以有大大的好评。
希望你公测的抽卡出金概率可以跟测试的时候一样高。
很喜欢Q版小人的建模。
公测后玩肯定时还会玩的，就是希望策划不要逆天。",,,
223324,物华弥新,39732679,2024-03-06 07:51:40,4,441297312,鱼,OPPO PEXM00,,"['gameplay', 'operation', 'visual_music']",[],"以下纯个人体验！不要把自己带入进去！(虽然没有每天上号，但是玩的也算是比较养老了)

玩法：⭐️⭐️⭐️⭐️
我个人感觉这种玩法还可以自动，自动其实我理解各位可能也平时没有多少时间能够真正意义上的去把这个玩法去看完，就可能直接自动挂在那了，我以上这些话不是让你消除自动这个意思啊，我是希望你呢能把平日里的剧情能够缩减一点，然后也好出一个那种回忆录什么的，对吧，然后你到时候要回看剧情什么的，那你都可以去那个回忆录里面看对不对，那我希望能官方能出一个这样的东西，然后以前那种活动啊什么的也加进去，那有些时候你那个活动里面会包含一些人物，对不对？那他的人物也会有一些相应的介绍，那你如果说剧情一旦过了新手入了这个坑看见了这个角色非常喜欢，但是呢，又不知道他的性格或者是背景故事什么的，那就可以，看一下剧情，又或者是活动里面的活动里面的呢，你就可以说是全部开放嘛，那你主线的话，那你就是说你一张一张的过，然后你跳过了，你想看剧情的时候你就去回忆录里面看

故事：⭐️⭐️⭐️⭐️⭐️
我虽然没有把完整剧情看完，但看了一下网上的剧情，感觉到是很丰富的，但是我不知道该怎么说呢，就我当时的进度是打到第二章，主要是剧情太长了，我看着看着就看不完了，我后面都是跳过去的(再小声逼逼一句，我不知道为什么，有些时候剧情里面的语音会突然断掉不知道是我个人原因还是什么)

立绘：⭐️⭐️⭐️⭐️
怎么说呢，画风是喜欢的，但是呢我看到他的那个皮肤什么的，就觉得很怪，不知道为什么，就像换了个画师一样，我不太确定，有一些角色皮是好看的，但有一些角色那个皮是真的，哪里看都怪怪的…(因为这是我跟我朋友看到之后都觉得很怪，所以我才说的！你要是觉得好看那就好看)

卡池：⭐️⭐️⭐️⭐️
卡池其实多多少少抽了200多抽吧（也就大概我不太确定)概率说实话也就那样，和很多差不多的游戏都一样，当时是三个红的，我不知道这游戏的保底机制，但总体玩下来，我还是比较欧的，我只能说官方在卡池这方面还是多下下功夫吧，别到时候整太多恶心的卡池出来(大概意思就其实是说不要让玩家就是有一种固定去歪的一种心态，让玩家直接吃满保底出角色)

角色背景故事：⭐️⭐️⭐️⭐️⭐️
对于所有角色的背景故事，虽然说我没有看完，但是它是有一定的根据的，这一点是很好的，起码没有捏造事实，对吧？但我也希望呢，官方以后不要出一些奇奇怪怪的东西(这里我没有针对官方，是针对所有的厂商，不要打着什么名号就突然出现一个根本就不认识的东西，这样会让人看的有点懵)

角色配音：⭐️⭐️⭐️⭐️⭐️
配音这方面我是真的很喜欢！希望官方能继续加油吧，这里我没什么好说的，因为我感觉其实还好？

主线难度：⭐️⭐️⭐️⭐️
其实还可以，算是能正常玩下去，并没有什么卡关的现象(如果卡关了的话，那也不关我事，要么是你练度不够，要么就是其他原因，我也不知道)

氪金与用肝程度：⭐️⭐️⭐️⭐️
实际上，其实还可以吧这期间我没有充过钱，都是肝活动肝主线的，希望正式上线后也是如此，别有太多逼氪内容

说实话，我也是第一次写长评，如果有什么不对啊，或者是你觉得看了不舒服的，那其实说实话，可能是我个人原因吧，有些时候说话比较冲，希望大家多多包容啦(附赠几张我比较喜欢的图片)",,10.0,2.0
223324,物华弥新,39732677,2024-03-06 07:51:38,4,27198345,Vassalord,Redmi Note 11T Pro,,"['gameplay', 'visual_music']",[],虽然被测试开服操作气到了，但是讲道理游戏确实不错。本来就是冲着美工和世界观蹲了好多年，虽然没怎么玩过同类玩法，但是感觉比舟容易上手。第一次过主线需要纯手动比较耗时，其他关卡可以自动委托只看一次录像之类的设计真的省事。公测应该会继续玩的！号在内测卡池掉率贼高，这样让我公测了咋办啊！！人活着就是为了狸猫盘！！,,,
223324,物华弥新,39732644,2024-03-06 07:47:44,4,5543382,假草,华为P40 Pro,,"['gameplay', 'operation', 'visual_music']",[],"整个游戏总得来说是今日方舟
个人觉得挺多方面都和明日方舟挺像的
配音方面：主线有配音，文物会有一些本地话配音，但是听起来和普通话配音夹杂在一起感觉像两个人说的话，偶尔有配音缺失的情况；配音大体是还行的，有好的也有坏的；语音有个时间触发的语音，大晚上玩游戏看板突然叫我早点睡hh
剧情：我只看了第一章的剧情，感觉……有跳过也挺好的
立绘：有皮肤有精一精二皮，感觉大多数角色还是初始皮最好看
抽卡：三测看来开服给的一次性资源挺多的，最高稀有度出率2%，70必出，50开始加概率，180必出up，内测四个up都没吃到180保底
玩法：战棋，刚开始玩的几天没摸清楚同职业不同角色差别，不过技能树上去就看得出来；游戏里有个类似周本的东西“冬谷竞赛”，里面所持有的角色统一拉到五十级给你用，感觉这个挺好的，可以在里面用了感觉谁顺手再去练卡",,,
223324,物华弥新,39732296,2024-03-06 07:06:18,4,47506573,莫然,Hi nova 9 Pro,11100.0,[],[],可能是我理解错误，但还是感觉不能自定义作战顺序只能硬走回合还是有点难受,,,
223324,物华弥新,39731558,2024-03-06 05:31:12,4,324058911,ENNEAD,Honor X40 GT,,"['gameplay', 'operation', 'visual_music']",[],"除了玩法和养成难度比较一言难尽，其他真的很nice。他抽卡出率真的超高哎

",,,
223324,物华弥新,39731600,2024-03-06 05:39:56,5,65777130,雨中的蝴蝶,Honor Magic4 Pro,16560.0,"['gameplay', 'operation', 'visual_music']",[],"没怎么玩，美术方面不错，还有活动。
打发感觉还行吧，毕竟这方面玩的不多😊
",,,
223324,物华弥新,39731067,2024-03-06 04:24:03,3,2693922,悲左呼,一加手机11 5G中国版,,"['operation', 'visual_music']",['gameplay'],"天天都玩，测试结束也只拉出了一个90级的四龙四凤。70级的拉了乳鸭图，T型画，金瓯永固杯，五星出东方，天蓝瓶和福桃瓶。就我练过的这几个来说最舒服的就是四龙和乳鸭图，四龙开局可以切后排，乳鸭图全自动奶放着就可以不用管，大招的AOE范围也大，专业刮痧师傅。T型画就是需要暖机时间，想召齐两个宠物要等好多轮。也没啥爆发伤害，就突出一个人多，普通刮死盾。金瓯的话大招伤害虽然高，但是段数会分散出去，不能固定在一个怪身上，经常用她切后排打上去伤害全分散了，一个怪都没打死。五星的话前期很强，后期的话大招伤害就有点不够看了，但是往怪堆里一趴还是能收割掉一些残血的。天蓝瓶的普攻回血很强，缺点是速度太慢，对面都动完了才轮到她，腿也短，走不了多少格，经常赶不上大部队。福桃瓶说实话如果不是有任务要突破她，我都不想拉这个看板娘的。腿短，大招伤害也不高，唯一优点是回能快，运气好的时候可以开完大马上再接一个大。如果我出了狸猫盘，肯定不会上天蓝瓶或者福桃瓶的。。。
越到后面越没有玩的耐心，地图越来越难，一局时间我要打十几轮，要是有某个角色突然暴毙还得重开。主线的那2个隐藏分更是逆天设定，我的建议是，这点东西不想给可以不给的，删掉算了。打不满膈应谁呢?
养成是卡牌游戏常见的扣扣搜搜，体力花的多给的少。别人怎么出，你们就怎么抄是吧?可以预料到公测后上线自动4次素材本然后下线。
我氪了大概300左右，不多，浅尝了一下各种等级礼包。等级礼包的素材给的多，你要是0氪那这礼包里的素材估计你能打好几天了。
出货概率2%虽然高，但是up容易歪。我把up角色抽出来后全投了普池。我的结论是:别抽普池，快跑!快跑!普池明显出货率比up池低，我在普池有2次都是60抽才出货，而且有仓检!我出了3个一模一样的射手，叫啥没记住，反正是那个30水晶可以自选的几个卡里的射手。3个一模一样，演都不演了?
期待改的地方很多。至少公测体力应该多给一点，或者你素材本的出货率增加一点。主线的2个隐藏条件改简单一点或者干脆删掉算了。普池也演的真一点，别再这样随意了。
（时间太紧迫了，资源也不多，抽出来的银香囊和上台帖，还有著名的暖机之王勾践剑都没有拉。。。真想游玩一下70级的他们啊）",,2.0,
223324,物华弥新,39731204,2024-03-06 04:39:53,4,8177147,肆无忌惮。,华为CHA-AL80,,"['operation', 'visual_music', 'gameplay']",[],画风玩法都是我比较喜欢的，剧情不太是我的菜，小故事写的挺可爱的，之后扫荡实装我应该会一直玩,,,
223324,物华弥新,39655767,2024-02-28 03:07:20,4,41135903,许晨,华为Mate 20,117720.0,"['gameplay', 'visual_music']",[],"11：05，一直点 刚刚成功进，五星观望，先玩一会再说；
现在11点58，先回复一下tap的测试资格问题，很多人说这是tap的问题（我不太清楚，测试资格点击就给），但是游戏的测试资格采取的是抢注册的方式，所以可能没看公告的人确实也就不知道需要抢注册了，我也硬点了5分钟还是有点抽象的😂
略微玩了一下，背景音乐个人觉得还是不错的，然后有些立绘也很可爱（哦，我可爱的老古董们！）（当然，建模的脸我觉着可能我的审美不太好，总觉着好多脸显得有点奇怪，比如有的下巴尖的像个锥子确实有点蚌珠）
小保底70，大保底180
新手集市40抽必出，提前抽到的话新手集市会直接消失（20抽抽到了，准备再看看，抽到了啥如图）；
玩法就战棋那种嘛，小人还算可爱的说；
就是一直显示网络不稳定，然后跳转的时候等待时间感觉略久了，玩的有点难受（抽卡的时候也很卡，第一发十连一直在加载，然后我又点了一下十连，两个十连就一起抽掉了😹这个问题不好描述，不过等于我少了一次十连的抽卡体验😹）
下午3点半了，暂时还在玩，可玩性还是有的还没腻，刚刚突然发现氪金这个事情，如果不算首冲双倍的话， 一个彩泊5块多💰，三个彩泊换一抽 = 15～16 块抽一个，怎么感觉现在的抽卡游戏都这价格啊🙈果然平民玩家也就开开月卡了🙈
终止测试了，我肝到的红武啥滴还没捂热呢😢四龙的输出真的猛一个按着四个打，金杯开局打单只的话大招上万伤可以减员一个，银香囊的奶确实可以个人比较爱用，T画真就召唤物来了全抗了（配上银香囊再找个好的地形真就磨死全部），东方的输出很高不亏是输出战略的最后荣光，茶神有一说一那个伤害倍率真高啊也是一个开局万伤秒人减员，可惜了利昂和编钟还没养出来玩呢😭期待公测也能抽出他们🙏还有前期体力限制能不能加高一点，前面一不注意就要超了，然后武器的养成最高只有60级，其实做了这么多武器可以挖一下武器的后续发展，只60级+满星的话感觉还是不够用，毕竟人都能拉90级对吧",6.0,1.0,
223324,物华弥新,39731043,2024-03-06 04:21:02,3,98970674,旺旺,Vivo IQOO 12 Pro,,"['operation', 'visual_music']",['gameplay'],差不多通关，我的感觉是不氪金玩不了一点，体力不够用，永远缺资源😑,,1.0,
223324,物华弥新,39730963,2024-03-06 04:10:50,4,393159998,暗泽,Android 设备,,"['gameplay', 'operation', 'visual_music']",[],立绘超级棒，操作也还行，就是剧情感觉有点瑕疵，不过看在立绘上还是可以看看的，池子概率也不错，基本没歪挺好,,,
223324,物华弥新,39730378,2024-03-06 03:07:09,5,549432314,起司我了,Android 设备,,"['gameplay', 'operation', 'visual_music']",[],希望公测能多点币和材料，测试这几天感觉体力也不够用，抽卡的保底机制兑换也是有点问题的，建议改成两个池子up自选？另外希望出交友还有竞技的玩法,,,
223324,物华弥新,39729477,2024-03-06 01:03:38,4,17055980,神一般的肾,HUAWEI Mate 40 Pro,111060.0,"['visual_music', 'gameplay', 'operation']",[],"这次的破局测试我一天都没落下，玩完之后的我表示：我已出舱，感觉良好。
话不多说，开始讲讲我的感受：
1.人物建模和设定非常有趣，把古代器物化人的想法扣中了我的民族自豪感（手动狗头）
2.故事剧情可以说是十分精良了，目前开放的总共四个大地图，我打到了粤州，也就是广州，前面三个大地图分别是来古，汴都，申海，现实地点就不说了，不过制作组真的敢啊，把现实地名都写进剧情里了。蝠桃瓶这个从社恐一路变成坚定的战士（雾）的心路历程刻画的不错，越王勾践剑和吴王夫差矛这一对冤家的故事我也很满意，但是到了申海篇我却逐渐看不懂剧情了，不知道是不是制作组有点赶？
3.具体玩法上是战棋游戏，也就是俗称的小人对对碰，由于本人之前一直玩的是RPG类游戏，这种战棋玩法还是初次接触，略感新奇，觉得还挺好玩。但是身边的朋友和一些网友觉得这种玩法很枯燥。我也说说我的看法：前期在角色没有进行“考核”（游戏里的养成玩法之一，具体是通过刷材料解锁额外属性，强化技能被动和突破等级上限）的时候，战力十分孱弱，敌我双方属于互相刮痧，的确就是小人对对碰，很多人就是在这里被预警的。直到考核系统开放以及“演训”也就是俗称的材料本经验本和进阶本开放后，玩家发现自己的体力明显的要大量花费在刷取材料，经验和获取货币上，一天至少碎五管石头，才能兼顾主线推图和角色养成。况且后面还开放了活动关卡，也要投入大量体力。
新人入职活动总共八天，按理来说应该每一天能够正好完成是制作组的预期计划，但实际上从第六天开始玩家已经有些跟不上进度，毕竟蝠桃瓶的伤害比我大芙蓉炉低到不知道哪里去了（暴论），肯定先拉即战力推图啊，哪有额外资源拉别的啊。
角色强度方面：新人奶妈推荐天蓝瓶，近锐无脑推荐金瓯永固杯和兔形陶埙，兔陶移动力高，能换位，能攻能守，后期闪避高；永固杯额外高伤，小技能突进加群攻，大招高额群攻，非常无脑。远击还得是大神龛和茶叶生产画，后期茶叶一轮两动+低血收割能力极强，伤害很高。构术芙蓉炉先拉能量，保证前两回合每回合两动+第二回合附加群伤伤害十分爆炸。至于T形帛画…姐姐人美心善，见不得杀生…缺生存可以上，但打输出真的乏力。战略五星出东方尚可，得叠暴击，利簋很强，先把能量拉一点，速度调低，开局就可以让人二动放大。盾卫实际上可以用吴王夫差矛，前期三星小吃货就够了，后期没盾卫一样能玩（进攻就是最好的防御！冲！杀！干！）。
而且战斗上速度机制逆天，太逆天了，你要搞速度，那至少给玩家调速手段啊，不然有些策略性和联动性的玩法直接没了，就算你调速有惩罚，比如只能角色行动延后也行啊。
推图时我们遇到的敌人叫下型体，BOSS叫曲解，BOSS的机制挺有趣的，这个让大家在游戏里体验吧，我就不多说了。此外，除了推图，游戏内还有两种挑战，一个是选定出战角色连打两关，中途有debuff，另一个是全角色战力齐平，选角打关，选过的下一关不能再用。
4.抽卡上面是七十抽保底，一百八一井，但自我感觉爆率真的高，不信看图（doge），抽卡动画我很喜欢，好有感觉。
总之，制作组把体力上限提高一下吧，或者每天多一些免费获得体力的方法，这点体力真不够啊…
游玩下来体验挺不错的，正式出版之后绝对会玩",,14.0,2.0
223324,物华弥新,39729517,2024-03-06 01:12:25,1,9605406,大象骑士,华为 Mate40 Pro,41580.0,"['operation', 'visual_music']",['gameplay'],"题材还是很抓人的，美术方面也差强人意，剧情没怎么细品就不说了，但是这个玩法和养成真的一言难尽。
玩法有点落后时代，目前只能感觉到数值美还没有品出策略性，不能放大缩小经常点错格子。自动战斗更是血压拉满（不要求多智能，起码能让近战角色自动走最大范围去寻怪吧，身边没有怪在那里两步两步挪太拉血压了）
另外希望精简一下玩法吧，日常太多要点的东西
养成的东西也太多了，角色材料武器材料，还有掐着时间的武器制造和角色征集等等，都是大大降低玩家游戏体验的东西。
希望策划做一些减法吧，这游戏的玩法和养成真的配不上这种的关注度，有点像广告里随便点进去的一个氪金游戏。
题材还是很棒的，我的期待是达到幻书的水平，支持了大小月卡，希望别上线爆死了。",,2.0,
223324,物华弥新,39729181,2024-03-05 23:31:42,4,543702952,mimk,vivo Z5x,86880.0,"['gameplay', 'visual_music']",['operation'],"虽然目前游戏带给我们的文物之旅已经结束，但我相信我们还会有再见的一天，我们有着博大精深的文化及其文物，他们不就是历史的见证者，还是历史的记录者，文物之旅我还是会一直走下去的
",,,
223324,物华弥新,39728451,2024-03-05 17:13:00,3,99030337,手机用户99030337,华为 Mate 30 Pro 5G,4500.0,[],[],进去了，卡1-1后面的过场动画，等修复，说已经修复了，又登上去看，还是过场，哪里都点不了…，这上面统计我玩了75分钟…，你知道我这75分钟怎么过的嘛…，其他的啥也说不了，因为我根本啥也没测着…就这样吧，祝成功,,,
223324,物华弥新,39727991,2024-03-05 16:03:33,5,593987661,子非鱼Yu,OPPO PHM110,3240.0,"['operation', 'visual_music', 'gameplay']",[],对于喜欢战旗的玩家来说确实不错,,,
223324,物华弥新,39727826,2024-03-05 15:43:55,5,20120042,雨露,Vivo IQOO 10,,['visual_music'],[],希望能快点玩到正式服😤😤😤😤,,,
223324,物华弥新,39727721,2024-03-05 15:30:13,3,4653004,寒鸢,Android 设备,,"['gameplay', 'operation', 'visual_music']",[],"一星给音乐一星给画风一星给玩法，要改进的还有很多捏（叹气
以下是碎碎念吐槽&建议😋
●养成需要消耗的资源太多了，毕业一个角色太难，更何况一个队里6个人。建议删除武器系统or考核全部完成之后再开放武器系统，给前期一点过渡时间。
●武器更换之后显示出来好丑...建议可以自选显示出来的武器形象（用新武器的外观or原角色自带武器外观）
●关卡难度跨度太大了，主线关卡难度提的太快了，建议适度降低难度至少把主线能推过去。
●战斗手机端太容易误触了，建议轮到谁行动视角锁定。
●buff战斗时不明显，建议血条上面or下面加一个显示图标更方便看。
●战斗时建议标注还剩下多少个敌人。
●大BOSS延迟攻击大范围的时候，角色如果堆在BOSS附近范围内看不太清，建议加一个角色站在范围内出现危险警示之类的。
●武器订单建议固定供应商对应的武器。
●战棋玩法有点难，新手上手不太容易，建议显示敌方行动路径or下一个要放的技能降低玩家难度。
●简化一下UI，主界面太多功能太杂乱了，经常会找不到想要的功能在哪里。
●优化红点，抽到重复角色再显示红点，现在到处都是红点看着太难受了。
●剧情方面真的太差了，文案好尴尬像是ai自动合成，世界观的建设太薄弱了，整体剧情过下来完全没有感受到剧情世界的魅力，而且莫名其妙穿插的PV和鸡汤，非常难看，这块再好好打磨吧。
●建议增加器者专属任务
●活动加点剧情吧，纯战斗有点无聊（

以下是夸夸🥰
●整体画风都挺戳我的，有种赛博古风的感觉
●豆豆眼小人头像太可爱了！能不能全员豆豆眼实装plz
●喜欢游戏的音乐！战斗音乐和主界面的BGM都很好听！但是新年活动那个确实是有点吵闹了（扶额
●战棋玩法我个人还是蛮感兴趣的，特别是新手教程2那几关还蛮刁钻的，需要想怎么破局，还是蛮有意思的嘞

最后希望制作组多听听玩家意见好好打磨再端上来！！公测我一定会玩的！！_(:зゝ∠)_",,,
223324,物华弥新,39727718,2024-03-05 15:29:53,5,332439933,派大鑫,Android 设备,28680.0,"['gameplay', 'operation', 'visual_music']",[],"💃🏻立绘建模：
文物拟人，美术上大分

🌃画面音乐：
ui很舒服，音乐还行

✍🏻建议：
1.界面高帧率模式需要一定时间开启，可以优化成在第一次进入游戏前提前设置。
2.对话与战斗之间的BGM衔接的不够流畅，对话中穿插的脚步音效的感觉像以前橙光游戏。
3.屏幕触击的光圈有点大，感觉可以向水波涟漪那方面靠拢一下。
4.配音与文本的速度的差距是有明显感觉的，而且文本点击后就没有配音了。
5.新玩法介绍文字有点拖沓，一般要停顿一下才能点击显示其他的文字
6.多屏会强制暂停游戏，游戏定位主游还是副游要清晰一下。",,,
223324,物华弥新,39727099,2024-03-05 14:20:20,2,46824346,一瞬,Android 设备,34860.0,[],['gameplay'],"总体感觉可玩性不高，主线剧情有点偏幼稚？反正不太有吸引力，角色养成资源消耗太大，而且感觉养成后的提升并不大，养成系统太过花哨反而容易让人迷失方向。资源关卡一次就花费二十体力，需要的资源才掉落1个，玩到第二章就要么缺体力要么卡等级。所以养到后面感觉没几个好用的角色都是凑合着用的感觉。。
战斗系统体验也不太好，开自动的时候一分屏就暂停，很浪费时间。而且至今没搞懂角色的战斗顺序是怎么排的。打到第二章的时候，开始需要占领什么区域才能获得胜利（？ 感觉有点恶心人。
本来奔着画风来的，但是感觉男女角色立绘差异有点大。女性角色都很好看，但是男性角色不太吸引人，就。有点普通。。。而且有部分角色感觉配音不太贴。（特别是四龙四凤座的声音感觉听了一次不太想再听第二次。
然后就是bug有点多，本来就是内测，送的东西也很少导致也没测出啥出彩的东西来，倒是帮制作组测出了一堆bug。。。
玩到最后玩得最多的是小游戏的四子棋和2048（？）",,5.0,
223324,物华弥新,39726994,2024-03-05 14:10:49,4,97988444,樱雨季空,Honor 80,,"['gameplay', 'operation', 'visual_music']",[],游戏的立绘、音乐都可以，就是升级太麻烦了，一局废的时间有点长，特别是抽卡，新卡池不继承旧卡池的抽数，抽出来的红色角色没保底，抽出两个红就是没up，不过卡池爆率蛮高，算个小优点，希望后续能改改这个卡池！,,,
223324,物华弥新,39726693,2024-03-05 13:35:51,3,369662490,万物兴歇,Realme GT5 Pro,,"['gameplay', 'operation', 'visual_music']",[],"玩法方面:玩法可能是因为我第一次玩战旗感觉有点无聊，因为不确定自己是不是会一直玩下去，所以只氪了一个月卡加几个礼包
美术:这我是真的喜欢
抽卡，天杀的我不懂这个概率到底啥情况了，抽个角色歪5个才出，而且好多保底，如果开服还这样抽卡模式我可能不会玩下去。
总而言之这是一款值得一玩的游戏，希望官方可以把战斗过程中的动画可以跳过，不然太磨叽了，而且主线关卡数值有一定问题，希望开服降低一下难度",1.0,,
223324,物华弥新,39725933,2024-03-05 12:06:12,3,355303961,在苏,Android 设备,10500.0,['visual_music'],"['gameplay', 'operation']",怎么说，剧情不太尽如人意，但是挺喜欢画风和音乐，可能公测会下回来作为养老副游吧。,,,
223324,物华弥新,39725928,2024-03-05 12:05:41,3,411362981,今晚想跳河,Android 设备,,['visual_music'],[],测试当天就开始玩的，但是玩了后除了立绘还是没有吸引我玩下去的点，立绘这种东西也有看腻的时候，玩了一天就仓库了。立绘绝美，但是抽卡扣又非不继承也没有世面上的大小保底，而且才up几天，ui设计有种精致的杂乱感，对我来说如果卖立绘我更希望主界面人物占比部分大一点，如果那些皮肤立绘可以放大就好了，不过说实话大多数皮肤甚至还没原皮好看。,1.0,,
223324,物华弥新,39725468,2024-03-05 11:04:35,1,413828714,希~,HONOR 100,,[],"['visual_music', 'gameplay', 'operation']",运营巨nb，垃圾游戏没的说，服务区不好，经常断，游戏巨肝，材料获取少,,,1.0
223324,物华弥新,39725421,2024-03-05 10:59:19,4,42240505,我的班车叫86,小米Xiaomi 14,,"['gameplay', 'operation', 'visual_music']",[],"作为只参与了这次破局测试的玩家来说，画面我给4，配音可以给5，然后ui交互可以给3-4，玩法我给3-4吧。
理由如下：这游戏我第一次刷到pv是两年前估计，结果等到现在都没公测，不过还好有破局可以试玩一下，当时看到文物拟人和纯国风就比较感兴趣，然后后面偶尔刷到非常有特色的配音，完全是想入坑了，但是几年过去，玩到手发现画面整体是没问题，有部分很精细有部分有点糙😂，后面肯定是优化的，这是画面我打4分扣1分的原因；
配音没的说，听到的都会给5，只不过测试没有全部配音放出，不够过瘾哈哈哈；
Ui交互，我觉得有些动效，比如获得道具和任务完成可以加快点速度，然后主线界面安排的东西也太多了😂，主线，派遣，阶段资源点，外传…可以把派遣和外传拿出来到主界面新开一个二级界面？
玩法这部分见仁见智了，我这是第一次玩，这叫战棋类吧，操作很不习惯，但是愿意研究学习，这几天玩下来可玩性还是很高的，就是那个点击常击老是经常点不到不知道是不是我的问题
最后说下剧情，本来第一章来古我都不跳过的，结果发现推进太慢了，后面都玩不到第二章大量跳过😭",,,
223324,物华弥新,39724635,2024-03-05 09:23:40,4,10266482,ok123,荣耀 X30,49740.0,['gameplay'],[],游戏不错，立绘脑婆，最大的问题应该是隐藏条件和boss都很反人类，希望优化一下这点,,,
223324,物华弥新,39724253,2024-03-05 08:35:47,4,7317709,粒子代号,一加手机9 5G,3780.0,"['gameplay', 'operation', 'visual_music']",[],"马上结束内测，所以来补个分……
整体个人感观还不错，我提前下载并注册好了号，所以开服当天并没有卡在当时被诟病的“无法注册”上，但是当天真的很卡很卡很卡，卡得我没耐心玩了，等到晚上才重新打开。
游戏整个世界观和框架我蛮感兴趣的，而且还自带科普性质，能认识不少古董，挺好的！
游戏的美术风格我还蛮喜欢的，立绘真的很好看！建模QQ的，感觉也挺好，音乐我是真的爱，听着就让人觉得内心很沉静…
运营还是蛮大方的，给的东西够多，抽卡也能出货，目前五个红，卡关不严重，如果卡了那真的是我玩的有问题hhh哦以及，器物养成成本还不错，不会特别难，建议可以加一个养成返还，该省咱还得省不是！
是一个很不错的二游，正式公测还会继续玩的！主线剧情可以考虑再打磨一下……有一点点，怎么说呢…不太成熟？我好多都跳过的😂但是刚进游戏制盐砖的四川话真给我整乐了，好可爱，可以多多搞一些方言语音嘿嘿！
总之继续加油！我先上线再抽几个十连去kkk
",,1.0,
223324,物华弥新,39724208,2024-03-05 08:29:48,5,347461357,一吻，芳泽（妻＝蕾姆）,Vivo V2049A,91500.0,"['gameplay', 'operation', 'visual_music']",[],剧情可以，立绘也很精美。关卡难度还好，坐牢了几次。抽卡概率也还行，晒一张5金一红😚😚😚,,,
223324,物华弥新,39655819,2024-02-28 03:10:37,5,73041804,♥绮罗白花♥,Vivo V2012A,12840.0,"['gameplay', 'operation', 'visual_music']",[],总算是完结了，总的来说游戏做的还是不错的，立绘挺好看的，还是希望可以继续变好吧，出金率的话，不好评价，我的话，出金率还挺高的，至少比隔壁原神那个出金率高多了，整体这个游戏的话，除了刚开测那天网络问题和新手关卡问题，其他的总的来说都是很不错的，福利的话，还不少，也可能是内测的原因，先给个五星观望一下，就目前这个品质我还是很希望他能早点出的,,6.0,
223324,物华弥新,28770756,2022-01-03 04:30:21,5,17070117,夏和夭夜,华为荣耀20Pro,,"['gameplay', 'operation', 'visual_music']",[],"五星好评，依旧是其中一星给我的乖乖女儿宋金项饰🥺🌹
总体来说体验大幅度优于二测，公测时继续玩的动力有了，也会抓亲友一起玩了，接下来细说一下测试感想
①剧情方面为了保证公测的新鲜感这次并没有细看，不做评价，美术和音乐则一如以往的优秀（别卷美术部了美术部要画皮肤画死了.jpg）
②ai战斗方面超级加强，终于从能把我气死的人工智障变成正常ai了，虽然有时候还是弱智（比如帛画的优势之一就是自身突入的同时可以召唤，等于变相加强突入能力，但是ai会原地召唤甚至还往回走）
③卡池方面综合了原及舟的优点，同时具备双重代币（源石/合成玉＝彩珀/灰珀）、大小保底及公开招募（器者征集），此外还增加了五选一强制up卡池，角色获取压力相对轻松许多，这点绝赞好评。
水位方面有看到官方说公测会将大保底调整至160，降低了20，并且双up池间会互通水位了。但是因为测试期间换池换的非常突然，并不确定大保底是否为额外获取该角色（文本描述）亦或是同原一样出金修正为up，仅能确定同原一样保底水位继承但定轨（当期up积攒抽数）不继承，抽数会像舟一样折合成特殊代币用于兑换部分稀有资源（兑换比例1抽：100代币）
另外并不确定是测试福利还是确实如此设计，期间限定卡池更替时候发了二十抽（邮箱及商店免费礼包各一张十连卡）
④接下来依旧是老生常谈的肝度问题，这次吸取了二测的经验教训没到处拉人了，但是压力依旧不小，活动关卡及主线难度个人感觉跨度很大，不至于跟不上肝度但是追的很累，不知道公测能不能再调整一下。
另外一点个人向的建议是盐砖、蝠桃瓶及天蓝瓶都是可以保有在原本队伍中加快推图的，尤其是蝠桃瓶，完成任务即可满命，技能机制很适合前置清杂压血加快推图速度。公测如果依旧是T形帛画与金瓯永固杯先开up的话非常建议抽取一张帛画，召唤机制很占优势
⑤以下是一点杂谈
主线/部分特殊关卡通关后再开不消耗体力，比较适合刷成就
新春活动的bgm好像跟别的都不是一个音量，每次打开都会吓一跳，希望能做调整
上阳台帖的游历活动感觉有的资源不是很对得起一百灰珀
长安活动的宝箱地砖实在很难辨认，希望再做优化
周常感觉全部完成的压力较大，希望再做调整
五选一的内容比较局限，对我这种xp党来说有点无助，不知道公测会不会扩池（特指五选一内容）或者增加常驻定轨
存在有剿灭作战，但是我摸了没打完不知道是不是一次性的剿灭
武器制造不知道是因为我跳过了教程还是真的没说，不太确定什么武器商对应什么武器产出，以及如何辨认“稀有”类武器商（有省略号那种？）
冬古竞赛（pve形式）会给均等等级及命座，没有养成压力，但是角色是从自身box里出，对非酋不是特别友好，不知道公测是不是能改成全角色试用，一方面通关压力会更小，另一方面试用体验好的话会更容易骗到我的钱（ps：竞赛代币可以兑换红卡/金卡）",,1.0,
223324,物华弥新,39722097,2024-03-05 04:09:58,3,97891918,寒热温凉恭谦让,魅族21,,['visual_music'],[],"冲着文物题材来的，画风不同突出，但国风感觉还是有，不同时代背景的文物拟人有一定的特点

体力回复感觉有点慢，培养分了好几个维度，材料也好多种，社畜不够肝还没开完功能，但是已经感觉正式开应该肝不动
战斗UI有点奇怪，行动格子和敌人都容易误触，角色立绘或者别的什么容易遮挡界面然后就又是误触，然后就触发返回逻辑，又要去点行动角色再来一遍（然后又可能误触）
",,,
223324,物华弥新,39721732,2024-03-05 03:24:01,3,568210036,不加香菜不放辣,荣耀 X30,,['visual_music'],"['gameplay', 'operation']","💃🏻立绘建模：
好看，戳我xp
🎮可玩性：玩法不对我口味，而且总是跳网络不稳定，所以…不太想玩了
",,,
223324,物华弥新,39721640,2024-03-05 03:13:13,5,506754169,XZGJXL,Honor 50 Pro,12720.0,"['gameplay', 'operation', 'visual_music']",[],"立绘很棒
主界面有点花里胡哨，可以简化
对战自动希望能开3倍数（目前太花时间）
可玩性挺大的，有许多有意思的小板块",,,
223324,物华弥新,39721498,2024-03-05 02:57:47,3,6545945,青鹿,Android 设备,,"['visual_music', 'gameplay']",['operation'],文物题材国风没得说，很好很加分，玩法塔防关卡设计蛮有意思，不推荐自动，剧情我玩游戏从来不看，无法评价，雷点是抽卡和养成资源获取，抽卡抽数池子不互通且保底不继承，抽数在卡池结束后直接换算成抽卡商店兑换的货币；第三章建议等级难度70+，但是卡养成资源直接获取要开第四章，合成的话不是低级资源直接合成高级，而是需要2-3种才能合成，所以看朋友们个人选择了,,,
223324,物华弥新,39721201,2024-03-05 02:21:27,4,13204330,哈偶的风景,OPPO PGCM10,,[],[],古物拟人题材二游，出来就好，画风华美，语音带有地方特色口音，玩法复古不费脑，可以来试试,,,1.0
223324,物华弥新,39720251,2024-03-04 22:03:13,2,445087129,顾澜清,一加 Ace 2 pro,45480.0,[],[],自动和坨💩一样，体力不够用，资源关卡给的扣扣搜搜，我是非酋，抽了一两百抽全是歪的，养成资源要的太多，反正公测我是不会来的，再见！,,3.0,
223324,物华弥新,39719814,2024-03-04 17:44:00,4,72067140,H,OPPO A56 5G,,['gameplay'],[],"首先这个帖不谈玩法，主要是说一下游戏可以优化的点，虽然可能官方也看不到。如果兄弟们有补充的，可以在楼下说出来。
1.在换装界面里面，原皮没有小人。服装有小人我能理解，但为什么不加原皮小人呢？没有对比啊。
2.绿色界面太多了，看久了总感觉哪里有点不对劲。有没有兄弟跟我有一样的感觉？
3.致知没有红点，但升级有红点。很怪，就算是编队里的角色，有升级的空间我也不一定要升级啊，搞个红点怪难受的。编队里面可以的致知角色也没有红点。
4.关于卡池的，我觉得up卡池的那个额外奖励的180保底可以互通。人性化一点呗，都抽了180抽了，毕竟碧蓝档案等类型的游戏也是这样的。抄卡池机制就抄全啊。
5.在关卡里加一些易于战斗的功能。比如下一个波次有怪进入战场的话，可以在上一个波次的时候给个入场的位置提示。主要是某个红角色的蓄力技能是真的小丑。既然加了蓄力技能，那这个功能感觉还是要有啊，不然太难用了。
6.一点我自己的小问题。感觉你游有点偏爱男角色一点啊，看到一些红角色的技能设计，男角色几乎都比较强，女角色就有一些垃圾了。比如某个拉条的男角色，还有新出的男剑仙。在一些低星的角色里面也能看出来。觉得我说错的，你们可以仔细去看看技能。
以上是我本人的观点",2.0,,
223324,物华弥新,39719728,2024-03-04 17:22:21,2,17097782,该用户已注销,Android 设备,,[],[],UI不是很方便，局内功能还不够完善，不过也还在测试，同玩法还是异象回声更优秀，然后立绘，角色有过多幼女😨（想到隔壁18岁外表看着还是幼女的游戏）感觉box一大半都是，看过去千人一面没有特色，没看剧情有这种设定吗，可能主美没什么创造力吧，不同风格的角色平均些不好吗，幼女过多真的让人一阵恶寒😷觉得没问题的自嗨就行别评论咱,1.0,3.0,
223324,物华弥新,39719268,2024-03-04 16:04:28,3,49127173,松下🌸,Android 设备,,"['gameplay', 'operation', 'visual_music']",[],有资格但没号，真的是不好意思了，也只能给个中规中矩罢了😅,,,
223324,物华弥新,39719178,2024-03-04 15:50:25,3,496065008,秋桑,荣耀 X30i,,[],[],下了，但不代表能玩,,,
223324,物华弥新,39664438,2024-02-28 16:38:52,4,110703893,叶限,Android 设备,79620.0,"['visual_music', 'gameplay']",[],"因为喜欢文物拟人题材来参加测试了，玩得上头，惯例先夸夸。
UI和角色设计审美都很统一，让人眼前一亮又很舒服，画风很特别，色彩很漂亮，小Q版可爱。
跳剧情有梗概好评，派遣鸡很可爱，战斗结束和抽卡界面很有新意且酷，""胜""字杀出来特别帅。
⭐有音乐播放器，战斗音乐很好听。
⭐器者资料里有科普，有原文物档案的资料和图片！极好极用心的。看在这点我一定会玩下去，已安利给朋友。
再补充：碑哥ml卖得甚得朕心，赏
一些建议：
1.点触灵敏但是剧情语音承接不太好，会慢一拍。导致点着会很难受，会过快也可能点过了不知道。
2.有各角色画风不太一致的问题，大体看还好细看比对就容易发现，比较不舒服的是兔形陶埙，那一块特别变扭怪异。
3.增加一键编队，扫荡，回放语音，五星抽卡区别，智能自选礼盒，跳过动画
4.不大喜欢战斗，虽然能自动但走路会忘记普攻……完美条件挺麻烦，个别关卡有特殊机制和特效，指引不明显。
5.降低你的茶室游戏难度，要么奖励门槛调低，四子棋还行2046真的很麻烦。
6.也降低你的制作时间或者增加你的奖励，人家收菜一大片你只有一根草。派遣次数最好也能随时间增加，太漫长。
7.任务难度有待降低，活动时间有待延长，指引也不到位，同战斗。
8.剧情中规中矩，没有大亮点也没什么槽点，但是看久了有点无聊，想表现热血震撼的场面但实际没法感染读者……笔力问题吧，公测最好再优化且补配音。
多看评论😶",,3.0,1.0
223324,物华弥新,39718397,2024-03-04 14:19:10,4,73150369,小花,Android 设备,,"['gameplay', 'operation', 'visual_music']",[],连续两次快速征集跳红，记录之,,,
223324,物华弥新,39717334,2024-03-04 12:32:15,4,57683504,卡瓦兰,红米K70E,,['visual_music'],['gameplay'],"玩了测试服
我和战棋的渊源可以到宝可梦信长野望，我觉得那是一个好游戏。一方面因为它的角色设计足够丰富，可以玩到持续的新鲜感，另外一方面我觉得它的机关设计也很有想法，不仅仅贴合场景还很公平，可以同等的被对战双方利用。
后面也玩了银河境界线，讲真那游戏也就玩个噱头，后面真没有啥持续游玩的动力，所以退坑了。
再来看看你游，说实话我真的觉得你游问题很多，有点吓人。
首先，说说看这个角色的设计，讲真，撇开人设不谈，单谈技能机制，很蠢，都一个模子里刻出来的，也就高罕角色稍微有点点花头，但是也没有到让人眼前一亮觉得很有趣的地步。而且不同职业角色就是个物伤法伤攻击范围不同的区别，和场地联动太少了。举例来说，在口信里面，火系可以横跨岩浆，水系可以直接过河，飞行系和有漂浮特性的可以无视大部分场地的障碍行动，剩下一些属性也各有特色，这也就导致我打不同关卡会有针对性的准备队伍，而不是拿一支高练队伍无脑嗯推。这游戏里很多地图的设计，到最后常常就是大家挤在桶狭间里对波，没什么含金量。这样很容易就玩厌了。
说到这里再来谈谈地图里的机关设计，这方面我也觉得问题很大，体现在几乎所有的机关都是单纯在限制玩家，对敌方完全没有坏处。还是拿口信举例，地国的沙尘暴把人卷下来的时候是不分敌我的造成伤害的，岩国的滚石还有普国的滚木也是这样，你游现在看下来唯一可以对敌方产生伤害的就个地热裂缝，还是别人都玩烂的。别的包括三章的干扰器和活动的裂缝都是利好敌方净拿来恶心玩家的，你还不能完全不管 。感觉很搞。
再谈谈这个游戏的福利方面，可以说一次性给了很多，但是后续产出乏善可陈还对玩法深度要求很高。这游戏可持续产出的就个冬谷赛，另外后面那个试炼看着不像会更新所以先不算。这个冬谷赛是干嘛的呢？锁船加卡练度加危机合约的周本。算一下每次打完真没几抽，也就是还给了特殊货币可以换高罕这一点还可以吹一吹。
再来谈谈基建，这个基建突出一个意义不明，花里胡哨的东西一大堆，管用的没多少。策划为了拉长玩家在线时间，还搞了俩逆天小游戏，每个里面放三抽来吊着玩家不得不去玩，后面会怎样我不好说好吧。拿友商来说，人银河那个钓鱼起码我还玩明白了，里面的奖励也没啥特别要紧的，所以无所谓。
这个游戏也算是摸舟过河，有公招，有蓝票黄票都可以换抽，还加了一个红票，总之每个月上来能换的抽确实不少，但是也就一枪头，唯一还能夸一下的也就累抽换积分这一点还算良心。
总之，谨慎看好吧。个人还是希望游戏能好的。另外提一个小问题是皮肤一口气出太多了让人没有收集的欲望，这方面倒是应该学学舟一次要买的控制不超过三个最好了。

",,1.0,1.0
223324,物华弥新,39716894,2024-03-04 11:50:10,1,17057865,鲤鲤,Huawei Mate 60 Pro,,['visual_music'],"['gameplay', 'operation']","网络差到开测好不容易第一时间挤进去结果直接把我的起名和选性别剧情卡掉了😅😅和朋友对了一下才发现 不然我还以为要打到后面几关解锁呢😅
立绘画风不统一，高饱和玻璃糖纸看得眼睛很累，有几个角色给我感觉美术压根没学过人体
角色技能范围和普攻范围在哪呢？？找了半天没找到，战斗时候的走位设计也是颠中之颠，限制走位距离还限制技能范围，明明是远程如果前面没人点一下就自动冲到最前面了不然放不了技能，这是什么天才设计😅1-15BOSS三万多血还能随机卡你地形，带免疫8次攻击，去B站随便找了个攻略视频都打了13分钟慢慢刮痧，谁家好人手机游戏主线一局打13分钟啊😅
最颠的还是想把这些反馈在调查问卷里，结果调查问卷过了2-1才能填，被卡掉的起名和选性别剧情过了2-1才能恢复😅😅但我想反馈的就是你们把1-15搞这么难啊我根本打不到2-1你看不懂吗，写了推荐20级我三张红卡六个人都30级还打不过去，真是天才策划啊你们😅
公测这堆东西不改没人会玩，真的，做游戏不是光有创意就行的，这么好的文物拟人的点子就做成这样，我真替那群文物伤心。
",1.0,3.0,1.0
223324,物华弥新,39716714,2024-03-04 11:32:22,3,4732659,所以我给它打一星,Android 设备,,[],[],音乐不错,,,
223324,物华弥新,39716616,2024-03-04 11:21:49,3,579957576,Elusa,小米 Redmi Note 9 Pro 5G,48180.0,[],"['visual_music', 'gameplay', 'operation']","你这概率有问题啊😅
你这新手活动卡资源有问题啊😅
你这自动有问题啊😅
你这...",,1.0,
223324,物华弥新,39716016,2024-03-04 10:05:21,3,4976343,千手扉间,小米Xiaomi 12X,13560.0,['visual_music'],"['gameplay', 'operation']",开始无聊了，第一天肝肝肝，然后发现卡等级卡材料，然后又去体力打材料打武器，养成地方太多了，光等级，就有上限要解锁，技能升级也要解锁，材料太少了扣的体力和材料也能不能等级少点啊一个红卡就能要8个突破，然后打蓝突破给2个打绿突破也是2个。。。这个养成繁琐的我完全没耐心了，虽然我也有在玩方舟，你学点好的，好吗？养成不能简单点吗？1999养成也没这么繁琐啊，其他的别人都有说，虽然在这说也不知道看不看得到，我现在大概率会是打到问卷反馈之后就不玩，等公测了,,1.0,
223324,物华弥新,39715525,2024-03-04 09:06:38,4,31644514,桉星,华为ADA-AL00,,['visual_music'],[],"我没玩很多战棋，所以本身玩法数值一类我不是很清楚就不谈了。
但就对局操作来说我希望能加一下地图放大之类，因为图在手机上很小会经常按错，好在结束行动另有确认键，不然我打一局走位大概会很惨不忍睹🙉
还有就是技能释放确认，普攻和输出技能能双击敌人结束行动，包括治疗、走位限制、buff技能等我也希望能双击确认释放。我打的时候几次都是双击完才想起来是另一个流程再点人再确认的，希望这个能改良一下。就我个人体验来说双击确认攻击真的很爽，比另按确认在整体游玩的时候也会更流畅。
然后是界面高码率有一个微妙的卡顿，就是多等级升级的时候就会卡一下，这个我在排除掉不是网络问题后只能认为是游戏优化问题，希望可以修修。
接着是养成，一个队要凑六个人，加上功能性替补（比如反击盾替抗伤盾或替嘲讽盾），一个队要成形实际养成的人数能拉到8甚至更多，但现在很多养成材料分布非常散还多，要不是内测福利给得多，7天内拉出一队全50过到2-10并不轻松（因为我不太聪明，只会拉等级压制，不过开服后有攻略了应该会好……一丢丢？）。考虑到开服福利要砍不少，我还是建议这个养成再减减负比较好，比如30那个节点是把职业2级银牌换大量1级绿牌。
故事我的体感还行，就男收藏立绘左下角那个文件夹，真的，很，不符合物理常识！看上去就像是贴在衣服上一样手也没抓着但是衣服又是被风吹动的样子（闭目）（死去）（按头看图），那么好一张酷哥脸不要这么浪费了啊啊啊🙃🙁🙅
码着码着忘了还要说啥，，，先这样",,5.0,2.0
223324,物华弥新,39715424,2024-03-04 08:54:26,5,430975172,"@,",Android 设备,,"['gameplay', 'visual_music']",[],扫荡感觉不够直接,,,
223324,物华弥新,39700478,2024-03-02 16:45:44,2,112727061,夜莺,Android 设备,,[],[],"UI和美术我挺喜欢的，就是你游卡池是真的，抽个up角色能歪三次，还给了我两张一样的卡🙃
开开心心抽上阳台帖，云雷纹致知加一。你游的抽卡机制还是改一下吧😇😇😇",,2.0,
223324,物华弥新,39657497,2024-02-28 04:47:19,3,610848972,啊哈,小米Xiaomi Pad 5,69900.0,['visual_music'],"['gameplay', 'operation']",开自动就挺无聊的，想开个小窗看看视频，开了他就自动暂停，非得看它自动战斗，需要准备两部手机，挺烦人的（P3有红框的手写笔还点不了，非得手点， P2有次角色徽章不会有小红点提醒你去升😅）🙃话又说回来，爆率挺高的，话又再次说回来，银香囊的池子爆率不大的😶吐槽归吐槽，照玩不误,10.0,5.0,2.0
223324,物华弥新,39714159,2024-03-04 06:33:09,4,73630862,鉴湖多鹿韭,一加8T 5G,,['visual_music'],"['gameplay', 'operation']","一直显示和总部连接中，不论是流量还是WIFI都是这样
游戏难度跳度太大，第二章已经开始玩不过去，活动也就只能玩过几关(还要开距离很远的宝箱，相当于减少了一两个战力)。
文物拟人不太懂，个人感觉画风不是很丑。但是角色稀有度和文物的价值显然不对应。一些很有价值的文物没有进行拟人，一些没听说过的文物是稀有度很高，甚至还有知名度影响。(不然小粉炉为啥品级那么高)。
体力恢复特别慢，也没有额外的可以领取体力的时间段，打个四五次就没了，虽然一局手动时间相当长，但总体来讲没什么意思。
感觉是一款因为是文物拟人会吸引到我，但具体玩的话不会坚持太久的游戏。",,,
223324,物华弥新,39712713,2024-03-04 03:03:18,4,123390238,张老师,Huawei Mate 50,,"['gameplay', 'visual_music']",['operation'],这个网是真的卡，一顿一顿的。还有开机公告，咱能不能搞一个今天不提示的按钮？完后再说抽卡爆率，红的几率还是可以的，但是咱能不能别次次歪啊？我抽了100多抽，出了俩毛公鼎。。。。俩。。。而且活动需要的体力太多了吧，你一天才多少体力，随便一个活动20体力，15体力。。。。还有能不能关闭绝招的动画？顺便说一句，常规招募能不能有个能固定多少次选择固定人物的大保底？像180次我固定选某一个？,,,
223324,物华弥新,39655749,2024-02-28 03:06:27,2,1075253,橙天心,荣耀30 ,89880.0,"['gameplay', 'visual_music']",['operation'],"03.04.修改评价：
地板特效做明显点要你命了？
就这么不想我找到活动关卡的隐藏箱子？
减移动+放的巨远的箱子更是恶心
上阳台帖皮肤那个你好意思做成活动？除了最后的三抽和皮肤，哪个值100灰珀了，直接做成打包礼包得了，哪有活动消耗玩家抽卡资源的。
别的还好，带着B站标的我一律对策划运营保持怀疑，毕竟“名声在外”
————————————————————
剧情上：我先直接跳了，测试时间不长，我个人倾向于优先体验其它内容，剧情留着最后几天有空或者公测再说。不过世界观第一眼就能看出是类似“奢侈品”基金会。
稍微看了一下剧情，都有配音，可能是打算全剧情配音了
美术上，当初预约就是因为一眼爱上这个风格好看爱看，Q版小人和小头像很可爱，立绘好看还有live2D，整体ui【P1】上也很不错，和谐融洽，就是不太喜欢顶上的那几个活动小按钮和右上方的资源显示（资源显示感觉字体不好看），同样在图鉴界面【P2】几个小标签后面的字也不好看（我说了我是来挑刺的😼）
【P3】有重复抽取提升（现在来说没有才奇怪），而且3潜和6潜提升感觉不小，3潜是第二被动进化。
评论图片限制3张，我转到论坛重新弄吧，后面还有抽卡概率，福利之类的图",26.0,26.0,1.0
223324,物华弥新,39711733,2024-03-03 23:44:01,4,20955612,鸽子精本体,小米Xiaomi 14,,"['gameplay', 'operation', 'visual_music']",[],都是十抽出这是测试服爆率吗😭,,,
223324,物华弥新,39711256,2024-03-03 18:27:29,5,560437121,绫,Huawei P60,105900.0,[],[],不说别的，为了T形帛画我都会玩下去😍,,,1.0
223324,物华弥新,39710722,2024-03-03 16:38:06,3,36943949,途迷,Redmi K50,24840.0,[],[],你那新人入职里的进阶是不就是就得按照你的想法打？就那一种赢得方法，这么想出来的这么反人类的？都2024年了你在教我打游戏？,,3.0,
223324,物华弥新,39656291,2024-02-28 03:28:34,3,466529384,三筱,Android 设备,72840.0,['visual_music'],['gameplay'],"东方语音太难听了，想当看板都有点难受
只有第一章有配音以后就没了
2048清小游戏模式太累了起码要扒拉15分钟（四子棋还好）
一开始很欧后来就不出了？
古物剧情实在是太脱离现实，好像没有什么联系
等等等等不是吧，这是你们的文案？？！
因为科考在即的缘故？？？
给我整麻了，这剧情本来就不想看现在更不想看了

",,3.0,2.0
223324,物华弥新,39710247,2024-03-03 15:34:46,3,397899732,小羊屑恩,Realme真我GT Neo闪速版,18180.0,[],[],立绘有很多画得怪怪的。特别是男的。音乐挺好听的。剧情没看不知道怎么样。战斗的话一般。对战旗类不是很感冒。还有就是抽卡感觉出货率挺高的。出了3个up六星都没有歪。其实我最想要的是铜奔马😢,,,
223324,物华弥新,28726082,2021-12-31 07:16:57,4,43718137,迩迩,Vivo IQOO 11,45360.0,[],[],"天亡簋为什么换cv了，我更喜欢之前二测的，😭能不能换回来 2024.3.3

目前体验不错，喜欢UI和美术，抽卡掉率略低，期待公测 2021.12.31",,1.0,
223324,物华弥新,39657649,2024-02-28 04:58:32,4,533134651,松不言,OPPO PFTM10,30960.0,"['gameplay', 'operation', 'visual_music']",[],"物华弥新3测评价/意见，持续更新
最重要的几点：加扫荡，降主线难度，每日每周任务精简，提升角色概率，降低角色养成难度
先说个人想法，理由整体来说还算是不错的，但是你游的毒点实在是有点多……放在4、5年前绝对是个二游里的佼佼者，但是现在已经2024年了……你除了去把游戏尽力做好以外别无他法，不然就只能像什么非匿名指令啊宿命回响啊一样，迎来开服的时候人气很高但是依然只能走向寄的结局
现32条2266字
1.有自动战斗和剧情跳过，夸！
2.一开小窗你游就暂停是不是有点那个大病😅你是想恶心谁啊？分屏不行开小窗不行，把你变小窗也不行，怎么着？你还非得让我看你那个该死的自动战斗啊？😅写个测评，还必须得换个手机不然你那个该死的自动战斗就要暂停……你是想恶心谁啊？？？（3.2补：好好好把这个给改了，夸）
3.召唤角色出现的动画有点平淡，缺少高级角色出现的那种惊喜感
4.没扫荡……劝你赶紧加，这年头副游没扫荡等着暴毙吧🙄
5.回顾剧情改为能听语音
6.每日的奖励你不觉得有点少吗……三天一抽，隔壁9两天一抽还每个月有个十连还有每周一抽，但是你加上每周也就一周不到四抽……一周少一抽呢……还不知道你游有没有每月固定给的十连……
7.你能不能加一强一下你第一章官邸boss碎裂地块的提示啊，利簋哥往那一站特效直接给挡住了啥也看不见……其他人也很难分辨
8.立绘能动还是不错的，虽然十分的简陋，但是起码比完全照片好。就是铜奔马一段立绘，能不能给我个正眼啊？我总感觉他现在的立绘是马上要把视线投向我然后笑一下，你不觉得这么做更好一些吗？结果他就一直盯着鸟……盯盯我的😋
9.亲，大招动画就不能跳过吗？？
10.老师，下次大招动画这种活动我们家铜奔马就不参加了……你不觉得他那个一闪而过的大招动画甚至不如一张sr卡吗？简陋的实在是有点过头了吧，甚至不如其他低星角色的大招诶……
11.关卡难度还有奖励要求建议你降一降，然后把你的自动战斗优化一下
12.能不能来个点击跳过敌方回合动画啊？真的很麻烦
13.把up角色的概率占比调高。我知道你游的出货率不算低2.5%，但是你游他没有大保底啊，他只能180去井诶……说真的你把这个数字改成150我甚至能接受点……Up角色只占50%太恶心人了，改成75%或80%吧（3.2补：井数改了，但还是建议up概率为75左右）
14.卡池的180井改成两个池子互通
15.多增加一些你游装备和装备制造券的获取渠道……他不会真的只能一个个的慢慢制造吧？你要不改成隔壁1999那样？
16.说真的我非常建议你给新手活动加一个自选角色或者把你的新手池改成自选up啥的……这样的话你也不吃亏玩家也可以顺利得到自己想要的角色也有能玩下去的理由
17.新手签到奖励有点难评。怎么说呢，你游的新手活动给的其实也不算少，但是你看现在大多数的二游为什么都是新手的一二天登录还有第七天登录都是送个十连呢？因为更能吸引人玩下去啊……俗话说的万事开头难，你第二天送个十连让玩家有点盼头起码能再多玩一天，然后度过前几天无聊的开荒期说不定就固定玩下来了，但是你现在一个sr放那真的完全吸引不了人啊。不是说你第二天加个十连玩家就一定会给你玩下去，但是你第二天加个十连有个动力让玩家玩下去的概率可比你现在放一个随便就能抽到的角色大的多。
18.你游的尸块问题有点太严重了吧？好多角色都是三命大提升……我寻思着拆分也没你这么拆分的呀……
19.日常任务太过于繁琐了，把你的任务量减少些，最好是领完礼包清完体力就能领完每日奖励下线。玩家是来玩游戏的又不是来上班的。要是让玩家全把时间放在每日任务上谁还会有心思体验你游的其他内容啊？
20.养成角色缺材料然后用那个礼包自选的时候给标注一下所需是哪个行吗……参考1999
21.减少角色养成难度吧……好麻烦好繁琐哦……
22.建议让留影图鉴里面的图片也能做成看板
23.目前看来还是有很多人希望能上线角色养成回退功能的（包括我……）这点对于玩家体验来说的确蛮大的。可以加一个**级一下可以使用道具重置养成进度，返还养成资源的功能（参考nikke）
24.升级的时候可以选择升到多少级，目前只能一个个的点经验书或者一键升满，真的很麻烦
25.能不能给战斗多几个视角……怪一站啥也看不见……
26.工作室的经验书和武器书制作最好可以来个重复上次制作，参考云图计划
27.尽管之前已经提到过扫荡但是我还是要再强调一遍:扫荡真的很重要！赶紧把扫荡替换掉你现在的看录像。有扫荡对于养成来说真的非常的方便，对于玩家的体验来说也是一个极大的提升。加个扫荡你又不会亏钱，反而可以让你的养成更加轻松一些。赶紧加，不要犹豫！
28.我不知道你游的办公室入住角色的心情值啊什么的是1999那样的还是明日方舟那样的。但至少我觉得明日方舟那种需要一天一换班是比1999那种不会有心情损耗麻烦不少的。我不建议你加上一个心情损耗值之类的东西，每天换个班倒也不会占很长的时间，但是真的很烦……
29.话说给器者们起个名字会不会更好一些呢？不仅会更方便一些也更亲切一些嘛。本来以为会是幻书那样的，结果居然是食物语那种吗？感觉叫原型的名字有点麻烦和疏远喔
30.关于PVP，PVP这个玩法的话我建议你不要在里面放过多的抽卡资源啊什么的。我更建议你将它做成倾向于娱乐向的一个玩法，可以做成那种想打就打不打也不会亏多少奖励参考nikke
31.铜奔马似乎更适合保护队友的那个职业技能吧？毕竟是反击……现在的禁锢，似乎没有替队友扛伤那个技能适合
32.好友助战功能，我真的很需要真的真的真的！！！！不要设置每天的使用次数，OK？
",8.0,36.0,
223324,物华弥新,39679860,2024-03-01 00:11:17,1,7361485,月光派蒙,Android 设备,24540.0,['visual_music'],"['gameplay', 'operation']","（2024/3/2补充：卧槽，这卡池机制这么逆天，70保底180井就算了，你的井还不继承，换的积分还只能换通用突破材料，粗略算了一下400抽的积分才够升红卡一命，这个卡池机制开服如果不改，我绝对不会再碰，武器随机词条也就刷的时候麻烦点，这卡池机制可是恶心透顶，要么大保底，要么井继承选一个吧，不然鬼都不玩，评分改成一星了。）
（四连歪了，救命啊）
这游戏的美术是真的神中神，我已经很久没有在二游里看到这么惊艳平面CG了，光美术我都觉得值一个5星，单独拿出来出一个画集都没问题。但是这也衍生出来了别的问题，虽然大部分立绘化用的还算不错，但是有些角色立绘和文物本体的联系太弱了，感觉就是生硬的把本体的花纹塞进角色身上或者直接把画个人拿着本体，这样的拟人我个人认为有些瑕疵。
玩法方面，那我玩过的来举例的话，我觉得和天地劫的手游属于同一类型，有职业分化但是没有属性克制之类的机制，走。总体上中规中矩，策略性还是有一些的 不过我个人对战棋类不怎么感兴趣，大多数时候还是自动，好玩与否仁者见仁智者见智，我没有太多体验不做评价，但是对我来说总体还是枯燥了一些。
剧情方面意外的没怎么整黑深残人性黑暗那套，意外的阳光和正能量，三观倒是挺正的，但是对于部分玩家来说可能会觉得剧情没有特色，不够突出，我目前是通过了第一章，感觉有些套路化，总体还算能接受吧。比较意难平的事部分文物的塑造有些太浮于表面了，缺乏对历史、文物背景的深挖，部分甚至化用了网络上的一些玩笑说法，虽说多了点趣味，总归还是少了些严肃，作为文物拟人题材，我本人还是更想体验到历史走进现实的感觉，而非看到被网络段子解构的文物设定，不是说就不能和现代文化融合，这个融合的度，文案组还是再好好把握把握吧。
然后要说说这游戏的养成，角色的养成包括等级、装备、命座，等级上限需要爬技能树来解锁，而这需要消耗大量的材料和时间，这游戏的材料本是类似某明开头游戏的看录像，但是好在能够主动调整掉落倍率，还有数值增幅，总体上来说耗时不长，但是角色技能树巨长，考虑到体力获取周期和掉落量，这无疑会把一个角色的养成周期拉的相当长，除此之外就是这游戏的装备系统，装备不需要抽，可以通过副本获取，装备是固定主词条和随机小词条，但是每个角色只用装备一件，不过不同职业的角色装备的不一样，等于说是要刷一队6件，总体上来说是要比几件套的那种圣遗物系统周期要短点，我个人不怎么喜欢，但是还算能接受，好过直接要你抽武器。然后就是命座系统，命座系统其中五个都只提升了一定的数值，总体来说提升不大，但是必须要提的事这游戏固定三命会进化一个技能，这或许意味着以后抽角色，至少需要抽3命才算完全体，这个不知道还会不会优化。
最后，我扣两星的核心原因是这个卡池的机制 ，70抽保底出红卡，但是180井，都什么年代了怎么还有人玩井这一套啊，你还不如学学大小保底呢，我一百多抽出了三个红卡，看着挺欧吧？但是愣是一个不是up ，还有一个是重复的，还全是盾，给我气的都想直接删游戏跑路了，要是有大保底我早出了，如果公测还是这要死的180井，我看都不看直接跑路
最后的最后吐槽一下，这个游戏的UI美术挺好看的，但是交互逻辑怎么用怎么别扭，希望以后多优化吧。
游戏的美术我能打五星，但是游戏方面的一些问题让我觉得打三星，算是对游戏公司的鞭策了。这游戏的缺点在玩法和冗长的养成上，对我来说痛点是卡池180井而不是保底机制，剧情我个人觉得虽然套路了点，但是总体没啥大问题，作为新手村能够接受。",5.0,16.0,2.0
223324,物华弥新,39708876,2024-03-03 13:06:59,4,65060827,－－－,华为荣耀9X,37920.0,['visual_music'],"['gameplay', 'operation']","开服，点了好久才抢到资格。
1.画风和立绘真的很喜欢，设定也还算可以。
2剧情个人感觉有点无聊。玩法上也就中规中矩的战旗玩法，谈不上难玩但也绝对说不上有多上头多好玩。如果不是真心欢战旗或者这古代文物的设定与画风的可以直接离开了
3.目前删档测试福利给得都有点扣扣搜搜的，感觉正式服也很难好到哪里去。所以接受不了游戏福利低的别玩。
4.武器系统还是要强化还是会歪，而且获取难度也大，是刷副本概率获得武器，而不是一定获得。这一点比原神崩铁阴阳师还要难受恶心，不能接受这个的也别玩。
5游戏正反馈太弱，你的角色很难有太多明显的提升或者说提升的强度表现不会太明显。玩的时间一长便会感到乏。
总之我个人是不打算继续玩下去，毕竟实在是有点无聊，如果不是立绘和人物设定我甚至两个小时都玩不下去。如果我的评价有太过片面极端或者后续官方作出了调整的地方还请见谅，毕竟可能我玩的也有点浅，没有玩到更深层的地方，但我是真没动力玩了，也就几天的时间，我也很难摸清一个游戏的好与坏只能说目前在我看来还是有点差强人意了",,,1.0
223324,物华弥新,39708139,2024-03-03 11:48:03,3,57148545,黑茶奉德,Vivo IQOO Neo8 Pro,223140.0,"['operation', 'visual_music']",['gameplay'],我也妹感觉玩多长时间啊😂，玩法还是有些单一了，可以再加些有趣的其他玩法😁，国风复古的画风很戳我，希望更好,,3.0,
223324,物华弥新,39707884,2024-03-03 11:19:06,4,120009073,今天算卦了吗,Android 设备,,"['operation', 'visual_music', 'gameplay']",[],"刚开那天bug挺多，动不动就点界面没反应了。这两天好多了。
抽卡很棒啊，给的前期奖励和活动给的奖励挺多。
立绘是我的菜
有剧情跳过和视频跳过
缺点的话，委托代理给的数值很高，但是委托代理人物20级之前一次只能代理6把，3倍速一把的时间获得把的奖励。看出来官方不想代理浪费太久时间，又不想直接填次数给奖励把游戏变得快餐化，但是你都有代理记录可覆盖了，为啥代理还这么乱啊，兔子从来没有正常跳过洞。角色走的时候也不是走到最后一格。
还有角色大招能不能添加个开关按钮",,,
223324,物华弥新,39679260,2024-02-29 20:47:47,5,111758454,User,Vivo IQOO 12,46740.0,[],[],"       怎么说呢，战旗类手游里直接抛弃某二吧。最起码在可玩性和剧情上小投资碾压大投资了。
——————————————————————————  每日和每周给的抽卡资源有些少，基本上和舟差不多，但舟有剿灭，华里不知道有没有。已养成的武器分解不返还钱，有些亏。
红色武器上面还有一个档，华不会是想来个武器池吧？
画风我挺喜欢的，这个因人而异吧
武器精炼只能用特定资源，不能用同阶相同武器，不很理解。
那个人物进阶活动时间有些紧张啊，我到现在一个60级的也没，更别说完成活动了。
ai有些蠢和死板，要不是委托加数值了我感觉ai会一直翻车。
武器打造里不能具体看到武器商能研发出的武器，建议加上。

        
",,,
223324,物华弥新,39649818,2024-02-27 10:39:32,3,64825011,橘子汽水,Android 设备,6480.0,[],[],"黑屏卡死了。
护官宝真多，下头。
可以玩了，界面颜色又暗又杂，看得费劲，玩法有点无聊，没有扫荡功能，大部分关卡有自动战斗功能。还是觉得无聊，题材感兴趣，玩法无聊，不喜欢战旗玩法的可以不玩了。才注意到定价，不含双倍要18块钱一抽，有点离谱了，修改一下，充到648大概是15块左右一抽。
签到送的皮肤还挺好看的，暂时没氪，加上新手池三红（应该算欧）。就是ui真的很让人不适，很不舒服，看主界面还好，点进那个新手活动的页面就很杂，各种颜色东西堆砌的太多了。还有每日任务的界面也很让人不适，领奖励的特效不怎么样，怎么说呢，一般情况下，在每日任务界面领奖励会给玩家一种很爽的感觉，but，在这个游戏界面领奖励给我一种很累的感觉。
有点可惜，仅个人认为，战旗玩法有点小众（叠甲，仅个人，你杠你对）。如果公测能加个扫荡，应该会继续玩吧。",3.0,4.0,
223324,物华弥新,39707391,2024-03-03 10:21:00,2,6218745,一头叫本杰明的驴,三星Galaxy S23 Ultra,,['visual_music'],"['gameplay', 'operation']","等了这么久，游戏出来对不起期待。
💃🏻立绘建模：文博拟人是好想法但是部分角色设计和立绘肯定是有争议的，这一点见仁见智。建模小人很一般，特别是拿着形色各异的武器很别扭。
🗨️剧情丰富度：剧情看了第一二章和花鸟活动的剧情，活动剧情明显好于主线，总体一般。
🎮可玩性：本人战旗新人，在ns上轻度体验了战场女武神和火纹。个人感觉游戏可玩性不强，更多在于数值和角色特性。加上苛刻的隐藏成就，战斗部分让我感到无聊，既没有动脑的成就感也没有大杀四方的爽感。
✍🏻建议：删掉武器系统，降低养成难度。玩了这几天这么多角色我只培养几个，不想养也没有资源养。武器系统加随机词条，给越王勾践剑再配一把剑，各种武器配合小人，奇怪又鸡肋。
总结：如果公测还是这个水平我不会下载了，玩这不好玩的游戏，有这时间还不如去文博院看看实物。
",,1.0,
223324,物华弥新,39707310,2024-03-03 10:11:23,4,32720761,User32720761,Redmi K60,,"['visual_music', 'gameplay']",[],"战旗类其实在这种游戏里算得上新颖
然后游戏模式有点类似方舟那种情况这个我不是很喜欢（在我心中算是扣分项）综合4⭐",,,
223324,物华弥新,39707023,2024-03-03 09:41:12,3,117690615,山药,华为P40,,['visual_music'],[],操作繁多，攻击容易误触，节奏偏慢，资源不多，画风倒是很不错，但感觉人物技能差别不大，特别是高星和低星，拉不开差距只多了点微微的变化,,,
223324,物华弥新,39707009,2024-03-03 09:39:56,5,386416713,梦现织,Vivo V2073A,33120.0,"['gameplay', 'operation', 'visual_music']",[],挺好的，就是玩家立绘改改，主线难度降低就更好了,,,
223324,物华弥新,39706504,2024-03-03 08:45:56,1,27223489,一萌,红米 K30i 5G,720.0,['visual_music'],"['gameplay', 'operation']","💃🏻立绘建模：只有这个能看
",,,
223324,物华弥新,39706205,2024-03-03 08:15:35,5,23961839,坦克手贝塔,小米Xiaomi 14 Pro,,[],[],绝美的国风体验 中华文化的发扬和传承,,,
223324,物华弥新,39666689,2024-02-29 02:32:54,3,24290329,Moersno,Redmi K50,59340.0,['visual_music'],"['operation', 'gameplay']","没想到变成嘴替发言了，结合这两天的体验再补充修改一下。发现了一些亮点，增加一星。（最后一次修改了，发现周本纯逆天，还是3星吧）主观评价，谨慎借鉴。
历史学本科毕业，现在教书，早就对这款游戏有关注。《国家宝藏》大火时就很想玩了，这次终于玩上了，特来评价。首先一句话，目前的物华弥新作为一款游戏，难尽人意。
先说一些缺点：
1⃣️文物拟人的人物塑造不如预期。把一件真实文物拟人化，一定要结合历史史实，而这款游戏是讲诉器者在现代社会的故事，这中间就有一个核心问题：古董的人格在现代社会如何表现。目前这些角色中有部分还不错，有的就很奇怪，比如金瓯永固杯。她有一句语音：“告诉你一个秘密，麦子其实是长在树上的。”诚然，永固杯是皇家器物。可以理解是为了反映那种“何不食肉糜”的统治者形象，可以当做一个玩笑。但是，游戏中的永固杯已经生活在现代了，首先她本身不是统治者，她原来只是器物；其次，在现代社会中她说这种话，难道没有人纠正她吗？本来语音就没几句，我每次点开角色界面她都说这一句。天天这么说，难道就没人纠正她？哪怕改成“告诉你一个秘密，我以前以为麦子是长在树上的。”其他角色如妇好鸮尊等，在试图用器物反映背后的古人的力度上过猛。
2⃣️故事剧情只能说是同人文。现在我只过了第一章，后面还没看过，听说越王剑和吴王矛的剧情要好些。但是，第一章剧情是门面啊，第一章不好，就给玩家留下不好的印象，后面多半就不会认真看了。玩之前我以为，主要剧情会是文物背后的历史故事，但没想到剧情还是老套的世界出现危机→主角解决危机，中间加点友情、爱情或者其他什么的调味料。真的，吃腻了。
补充：过完了第二章越王剑和吴王矛的故事，总体来说人设符合我对两件文物的认识，但是剧情确实还是拯救世界的老一套。一个细节是，越王勾践剑会梦到自己以前上阵杀敌的场景，说明越王剑的人格形象是照着勾践拟的（但别忘了，上面我提到的金瓯永固杯是乾隆用的，乾隆会不知道麦子长在地里？）拯救世界真的累了，我就想每天下班之后打开手机，看看我馆里的文物，把玩把玩，就足够了。让我眼前一亮的是新人入职的收藏家回忆里，一些短剧情很不错。比如第一个鸟音山水钟，她刚刚苏醒还坚持整点报时的职责。但当她发现现代社会不需要她这种传统钟表时，她会感到失落。这种情绪就是对“古董的人格在现代社会如何表现”这一核心问题的很好解答。新出的花鸟纹银香囊通过“旧事香”回到长安的故事我觉得很不错，可惜梦太短了，当时长安的民风民俗展现得不够，要是在角色外传里加一些回到过去的故事演绎，那就很完美了。比如越王剑和吴王矛的外传可以演绎一些吴越战争的故事，永固杯的外传可以演绎一些乾隆的故事。涉及敏感话题的绕开就是，只需要把历史细节展开想象，大家都知道演绎是假的。然后把你外传里武器本全删了！！！
小结：以上只是因为这是一款历史文博类游戏，所以我个人对它的期待比较高。如果不在意这些，那也不是不能玩，但是它的游戏性，也有一些问题。
3⃣️角色培养繁琐，培养材料要求高。这款游戏角色有类似升星、命座的机制，要抽六个才能补满，但对伤害提升不大，所以也无所谓。角色技能有普攻、职业技能、大招和若干被动。而几个被动和技能提升，就需要升级角色、肝材料了，游戏里叫考核。角色等级一共100，技能升级和等级关联，这里需要花费的材料真的很多，一共5种职业，每种职业升级材料都不一样，每级之间的梯度又高，后期为了点一个考核点，要刷好几次材料本，每天体力又少。这些都见怪不怪了，现在游戏都这样。更让我莫名其妙的是，这游戏有武器，每种职业有自己的武器类型，好的是没有武器池，坏的是武器也要升星升级，而且居然还有随机副词条！！！随机副词条！！！副词条还有好多种！！！我请问，这都是跟谁学的？？？建议速速删掉！
4⃣️战棋游戏性弱，缺少可玩性。如果这是几年前的游戏，肯定会火，可惜了。不知道是何原因，近年我觉得画面美术、音乐配音不错的游戏，主要的游戏玩法都不太行，比如1999的回合卡牌、新月同行的回合策略，都有缺陷。物华弥新这战棋基本没有可玩性，机制好的角色随便乱杀，就算机制一般，练度堆上去就行。角色之间基本是各打各的，没有太多配合。地形策略估计也是奢望。
补充：之前评价游戏性弱，是我没远见了。今天开了周本，也就是竞赛，才发现这游戏居然硬整策略。竞赛机制是这样的：我方只能选自己已有角色参加对战，每个角色只能参加一次关卡，一共几关我没打完不清楚，所有角色（包括对手）练度一样，但不是满练度！不是，你这游戏本来培养角色成本就高，我好不容易养起来，周本不让用？只能用你那半桶水练度的？那我练角色干嘛？让我熟悉所有角色？拜托，你这同类职业的战技是不是一个模子刻出来的你心里没点数？本来我的金瓯永固杯能量点满了，开局一个战技闪现，接着开大，直接秒掉一个，多爽的体验，好了，现在大招开不出来了，就硬憋着。哦，或者你游知道角色培养成本高周期长，专门把没练的角色练度提高，让它们也能打周本，那你还真幽默。

总结：目前来看，物华弥新在画面美术上很优秀，但是在角色塑造、剧情、战棋可玩性、角色培养等等方面都还有提升空间。

其他问题
1⃣️剧情中，长按快进时，有时候没有角色语音。
2⃣️耗电是真的快，虽然确实有我把画质全开满的原因，但充着电玩还掉电是真的厉害。
3⃣️福利不高，虽然皮肤可以靠肝抽卡资源，但是资源主要是关卡首通和活动，后期基本就没了。今天出来一个上阳台帖的游历活动，居然要用抽卡资源去换活动奖励，属实给我整不会了。
4⃣️抽卡没有次数保底，能歪到你怀疑人生。我所说的保底不是指那个180抽的保底，而是指这次歪了，下一次必中的保底。T形帛画的池子我抽了70抽，已经歪了三四次了（红卡的爆率高可以保留），但是还没有帛画，那这个限定和常驻有什么区别呢？

最后补充些优点：
1⃣️角色立绘精美。这点是必须的，如果立绘拉胯了，那也没必要做这游戏了。目前不管是立绘还是皮肤我觉得都是用心了的，按照文物本身特点创作，很可惜不是live2D。但仍然有一个小瑕疵，就是有些器者的立绘会拿着器物自己，比如芙蓉炉手里的麦克风一样的东西就是照着文物画的，天蓝瓶两个立绘也是捧着自己的本体，总觉得怪怪的。除此之外，更让我惊讶的是关卡里的一些怪物画得是真精美，很有国风味，不知道是不是从《山海经》里借鉴了一些形象，可以图鉴里不能放大。
2⃣️红卡金卡爆率高。物华弥新是目前我玩过的二次元游戏里爆率最高的的了。像我这样非的70抽3张红卡，一堆金卡，爆率我满足了，可惜不是限定。希望公测保留这个概率，不然就这个战棋玩法很难留人。",25.0,282.0,4.0
223324,物华弥新,39706000,2024-03-03 07:53:51,5,15426198,独醉,HONOR HPB-AN00,18240.0,"['gameplay', 'operation', 'visual_music']",[],除了炸服其他都可以,,,
223324,物华弥新,39656720,2024-02-28 03:50:49,3,284835,threer欺负,Nubia NX679S,18960.0,[],"['gameplay', 'visual_music']","----------2024.3.3
要配速的战旗实在玩不下去..
目前游戏可夸的点就是以文物拟人作为角色了吧，可以在游戏内点点图鉴看看文物历史啥的，希望以后可以多多联动各地博物馆了
----------2024.2.28
看到开服马上就来玩了，因为人数过多而经常网络不稳定....希望公测的时候崩服时间短一点吧...玩着的时候因为卡顿，体验不太好
1.在进入第一场战斗的时候会黑屏，在重启游戏后一直点跳过剧情倒是能正常进去了
2.游戏的配音有点卡，不是跟着台词放出来的，而是会等一会才有声音，并且因为配音念的语速太慢了且有点尬，想着直接看完剧情，点击一次屏幕让台词全部显示的同时，原本播放的配音也中断了，体验很不好...bgm也挺突兀的其实（
3.战斗是战旗，按速度条依次行动，战斗内是2d卡通小人，攻击特效就差了点...
4.在看新手教程的时候，还没看完呢就自动关闭了",,1.0,
223324,物华弥新,39705368,2024-03-03 06:49:46,1,42316446,咖喱鱼,vivo Y3,51660.0,['visual_music'],"['gameplay', 'operation']","硬挤给我挤进去了，但是过几段剧情就网络不稳定几次，会黑屏好几次，而且抽卡也挺迷的，抽的都没什么意思了，剧情整体一般，能看但不会觉得很好。唯一不错的估计就是主页整体看得挺舒服的

又崩了，到底什么毛病，我在游戏里都能感受到又崩溃了，一到抢注的时间就崩溃，能不能先把你那服务器修好先

我真的忍不了了，你游卡池2.5的概率是假的吧？我在别的比你概率低很多的游戏里都没抽卡抽到这么憋屈过，新手卡池我吃保底，up卡池我现在要累积一百抽了，70次一次红卡小保底，我就在这个up池歪了两次，那两次还是让我用小保底砸出来的，次次60 70抽出，你歪就算了，那歪的还是我有的，我砸那么多抽，就新手保底一个红卡，另一个up池，小保底歪的一个红卡，就两个红卡，你还能给我歪出我有的红卡？我就两个红卡啊？

卡池毒，关卡毒，耗时长，自动战斗特别智障，一塌糊涂了

战斗好累，真的，养成花费的时间长，在战斗里没有正面的反馈，关卡又多，更别提现在还开了活动，要打的关卡越来越多，每一关都是我纯手打，现在看到关卡就开始下意识反感，当我花了两个小时在里面得到的正面反馈却很少，问就是大部分时间浪费在跟怪的斗智斗勇，主线的完美评价有些都是要最少打两局才能拿到完美奖励，活动里还有那些要人去局里乱走才能拿到的隐藏宝藏，这就等于最少开两次，关卡多，难度又不低，有些难度甚至是高的，还要开两局才能拿奖励，说实话，真的很累，累到现在连上线都不想上，卡池是能歪到十万八千里的。",,1.0,
223324,物华弥新,39705261,2024-03-03 06:39:29,2,24761917,罗卟子,Android 设备,,['visual_music'],['gameplay'],"被活动的捡宝箱搞烦了，故意丢到远的地方要跑去拿就蒜了，还一点都不清楚，找半天找不到。要是一次不拿完又得进去再打一次来拿，奖励也就那点
",3.0,,
223324,物华弥新,39705201,2024-03-03 06:33:58,4,39838828,卜司曙,小米13,,"['gameplay', 'visual_music']",[],"不是很肝，比较菜，就抽卡基本出了自己想要的，本来不知道这个游戏的，三测当天看到的，又正好抢到了。我还是蛮喜欢这些立绘的，但要到心动想氪又不至于。
音乐方面大多都是古典乐，好听的。战斗曲也不是响得闹耳朵（打材料，刷体力反复都听，还是要有点新东西就好了）
战旗玩法也是第一次接触，刚开始有一点不适应，特别是攻击的时候，加入人站的密了，就很难点到怪，远程增加射程想划拉屏幕的，容易点到地面出地面或者其他敌人的信息。
角色有不同的定位，会有两种不同定位的奶妈，虽然都是奶妈。需要关注角色的主动被动技能。
养成刷就完事，可以倍速属性加成几次一起过（玩某舟是刷材料，代理还有几次过不了，吐了）现在有点点经验书不够用，反正体力是最不够的。武器方面普遍都是金的，红色要兑换道具才能做。武器也要刷材料，不过平常奖励应该是够的，就是随机词条给了我某种恐惧感（坐牢的记忆出现了T_T）
抽卡没继承，但会变成点券可以兑换抽数，我不好评哦，反正我觉得还是继承最好。不够加入抽够180发就给你一个当期up
剧情没怎么关注，但也还是看了，就还是主角携手角色拯救世界，第一章船上还有个谜语人（虽然大致理解）但是如果角色的成长和拯救世界少一点，换成轻松日常，然后日常里有一点点小冲突，我觉得就会很轻松快乐。（就拯救世界，正义使者这种严肃老套的话题太多了）（虽然这样就没有出战斗场景的理由了）（但是还是想bb一嘴）
总之，虽然有缺陷，但我觉得我可以玩下去，还是可以吸引到我的。",1.0,3.0,1.0
223324,物华弥新,39705196,2024-03-03 06:33:18,4,422751434,羽赭,HUAWEI Nova 9,,"['gameplay', 'operation', 'visual_music']",[],还行 希望有个扫荡,,,
223324,物华弥新,39705161,2024-03-03 06:30:04,1,96894,溯雪Sosetsu,小米Mi 11,,[],[],"笑了，很久没有打差评了，tap限量测试资格拿到进游戏注册还要限号，怎么想的啊？
而且一进游戏公告还不着重说清楚，下了好几个g更新再一进说不能注册，大乐特乐",,1.0,
223324,物华弥新,39704546,2024-03-03 05:30:19,5,478077149,知北有木,Huawei Nova 9 SE,,"['operation', 'visual_music', 'gameplay']",[],画风很精美，就是培养资源太稀缺了，建议有个重置返还资源,,,
223324,物华弥新,39704379,2024-03-03 05:15:26,3,63192324,渡,Android 设备,,[],[],"💃🏻立绘建模：
立绘不错，是喜欢的国风的感觉，建模也很可爱，UI感觉有点乱感觉有一些可以合并

💰肝氪度：
测试没氪，这几天玩下去感觉日常给的奖励算不上多，我自己抽卡还很非，刚开始体力也很少，而且不知道是不是内测的原因，两个活动一起上，四个限定卡池资源根本不够

🎮可玩性：
自走棋这种模式我不太会玩，自动有的关卡能开有的不能开，有一些关卡有回合数要求，自动模式很多时候没办法完成",,,
223324,物华弥新,39655608,2024-02-28 03:03:11,4,13504106,一百年零九十五天,OPPO Reno10 Pro 5G,,['visual_music'],['gameplay'],"崩了哦兄弟黑屏卡了
玩法有点无聊，自动战斗水平太低了吧老是打不过，比手动烂很多，美术还是很不错的，UI设计也比较舒适，音乐还挺好听的，配音有一些地方略感奇怪（有可能是我的问题哈哈）新手教程很详细，真的，很详细。我个人蛮喜欢这个游戏的主题和风格的，里面的氛围感也很足，大概率会继续玩的
原来每期活动池子保底不互通啊？而且怎么这么容易歪?",,3.0,
223324,物华弥新,39655675,2024-02-28 03:04:41,3,18050431,MoonViolet,三星Galaxy S23 Ultra,,['visual_music'],"['gameplay', 'operation']","喜欢搞抢注，那就得经历这些。
14：30补充：本来以为卡顿问题已经过去，结果你又开放50000个，土豆服务器没装满，制作组心里不踏实是吗，现在倒好又卡得进不去游戏了。
不要因为这种事情影响风评啊，本来是个挺好的创意。另外这游戏战棋方面是不是太单调了，这么日式的传统战棋，却好像连侧后击都没？
18：00补充：细玩一会儿，其实有那个战棋的味道，但不多。我会从战棋体验，到游戏整体设计的顺序来说明问题。集中于以下几点：
一，日式战棋的架子有了，但内容缺乏策略性，没反击，没背侧击，没高低差，没克制，完全是数值对撞，还要看运气（格挡闪避暴击）。这样公测的话，真正的slg玩家是不会买账的，参考《银河境界线》这个数值怪战棋就好。
二，角色有build，很少，但比没有好，这个倒是挺新颖，就是延展性太差了，因为加的都是基础数值所以没有让角色产生质变，到头来大方向还是线性强化，一条路走到黑。
三，关卡的挑战设计不是很合理，从游戏设计层面讲，『优』要求不死单位，而『某些隐藏挑战』要求所有单位hp不降低到50%以下，太重复而且没有道理
四，书接上回，为什么我说有些挑战不合理，因为敌动的逻辑其实很混乱。有的时候就会对着t一顿锤，有的时候又会攻击别人，反正我眼拙，没看出来具体规则，而且这里的t只能援护不能嘲讽，奶速度慢又得近身才能加血，所以实际上平衡血量是很困难的事情，这种隐藏挑战，更像是一种反复作业，而不是在游戏过程中就能完成的任务。
顺便希望官方能公开敌人行动逻辑，这样对大家都是好事。
五，个人认为，定价略贵，虽然看上去很多东西都有送，但现在这个定价和返利程度，可能制作组真的拖太久急需钱了吧。另外，月卡不给付费钻石也是一种隐藏的欺骗手段，我个人是建议把那300免费钻变成6个付费石头。
六，网络问题，麻烦重视一些，我发现有的时候连wifi甚至进不去游戏，只能用流量。这太离谱了。
七，ui改大一点吧，对眼睛不好。
八，很多细节希望可以改掉，比如：进人物界面就是相同台词，不管你升完级之后退出来，还是考核后退出来，都几乎是同样的台词。比如：剧情中，点两下会让文字全部显示，但配音却停了。
还有很多想说的，篇幅有限，再多就太墨迹了。
总体而言，有潜力，但没锋芒。很多东西都可以优化，就看还有没有那份初心和理想，以及制作组有没有那份功力了。
题外话：我从项目出生不久后就一直关注，经过这么长时间终于玩上了游戏，说实话挺感动的，因为游戏没有中道崩殂。b代理也好，对我而言无所谓。不过就游戏质量而言，还是得多多加油啊，现在战棋越来越小众了，死的死（时序残响），摆的摆（银河境界线，少女前线2），想在毒沼池中竞争成为那顿白莲花，很难，真的很难。
————————
2.29补充：你说你学什么不好，非要学随机词条。真是精华完全不要，把糟粕融于一身了。
2.29补充二：越玩越觉得，这游戏真是糟粕的老家。你开了四章，第一章就要求玩家进阶刷材料就罢了，第二章后半程，敌人血量随便过万，隐藏任务是4回合/5回合过图？你们数值策划是少写0了还是多写0了，有毛病吧？不想让人玩可以不测，没想到内测的时候就能看到更甚于《银河境界线》的数值游戏，我真的醉了。",,8.0,2.0
223324,物华弥新,39702961,2024-03-03 02:58:40,2,48365114,晚茶,OPPO Reno11,33660.0,[],[],你游没有保底可真少见😇这年头没有保底的游戏真牛啊,1.0,2.0,
223324,物华弥新,39702439,2024-03-03 01:58:15,4,112511136,User112511136,Hi nova 9,,"['visual_music', 'gameplay', 'operation']",[],游戏本身不需要大的调整，但还是有一些问题。一，应当对敌方数值再进行合适的调整，关卡数值成长有些快了；二，对卡池再进行一定的调整，在保留井的同时，减少必出红卡的抽数需要，毕竟对潜能要求仍然存在，光靠商店压力太大；三，提高前期武器制造数量，可以保留刷词条，但希望提高相关材料刷取量。,,,
223324,物华弥新,39702154,2024-03-03 01:19:53,1,26115518,二少主,Android 设备,,[],[],不清楚，说是获得测试资格的我，没有获得测试资格,,,
223324,物华弥新,39679695,2024-02-29 23:25:59,3,65953528,cpa征程路遥且漫,华为JAD-LX9,36540.0,['visual_music'],"['operation', 'gameplay']","更新一下：
新活动踩隐藏宝箱是什么垃圾活动！！！！！！！
为了踩个宝箱要么偏离路线要么最后久一个怪不杀为了踩两个宝箱让角色一次次待机无意义度过回合，很没意思的充满负反馈的关卡设计，公测别有了！！！


💃🏻立绘建模：
立绘有些无足轻重的问题，整体画风统一，而且新一些的角色明显更精致，在美术这方面没有什么大问题。角色多元，男女老少中西内外都有，不强追涩气画风的话不是大问题，应该算加分项。
💬叙事：
一般，剧情没有意思，有点为燃而燃的感觉，调动不起来看剧情的热情。悬念，铺垫，情绪递进也乏善可陈。
💰肝氪度：
一次up两个角色，每个180井，而且不共通井，只共通出ssr抽数和概率，体验很差，有的人四个特出，没有当期角色。非常糟糕，建议改大小保底。
🎛️数值合理性：
目前体验正常，但是六星五星有明显区分。
🎮可玩性：
有可玩性，是战棋游戏。但是有不合理的设计，即隐藏目标，每个关卡60石头，0.4抽，有很多没必要的要求，例如同时斩杀两个怪物，或者先击杀远程怪物，但是不这么做通关会舒服的多，为了隐藏奖励会很痛苦，每个关都要盯着不能自动。自动也非常不合理，基本为了拿全奖励没法自动。
而且战斗时候七八个小怪一个一个一个动，只有二倍速，非常浪费时间。一般一个战斗3轮最快解决，人物6个，那么总共要动3*(6+7)=39次。
建议加入怪物移动的三倍四倍速。
🔖运营服务：
服务器有点不稳妥，有点担心开服炸服。
简而言之，时间多的人/白嫖非图鉴党/喜欢文物的人可以进。",,1.0,
223324,物华弥新,39701518,2024-03-02 21:46:17,2,6134034,染秋弦,Vivo S1,,['visual_music'],"['gameplay', 'operation']","**的50%闪避和闪避后自己打自己
制作组到底有没有考虑过自己练卡难度多高和新人练卡资源的情况，第一个活动端上来50%闪是真的**感觉开局抽到四龙四凤去打这个活动看着他自己把自己打死真的是令人无语了。",,,
223324,物华弥新,26880466,2021-09-12 08:59:52,2,5733183,(๑´ㅂ`๑),Android 设备,,['visual_music'],"['gameplay', 'operation']","战斗二倍速不够，你搞清楚自己的受众好不好，大部分人就是来看个剧情看个美术放松一下的，真要玩硬核战棋为什么不去玩买断战棋？那个纯正多了还不用花大把的时间搞养成。比如2-7越王勾践剑那关吧，你是不是觉得，哇怪物一波一波出，体现角色心路历程好棒，但是就玩家这俯视视角，看一堆小人打架，开个大嘻嘻哈哈，突然越王勾践剑苦大仇深，有什么代入感？还要被砂x自动ai折磨，全图到处跑，打tm四波怪。你有没有考虑过你是个战棋啊？别拖沓，别恶心人，你们应该知道什么叫演出，什么叫浪费时间吧。
先把你自动战斗小窗暂停的问题解决了，然后自动战斗提提速，弱智ai（抗伤盾在后方一个队友和敌人都没有的情况下原地开大的含金量）调智能点，你这题材建立稳定受众太简单了。
还有这个破壁养成，你们自己养过吗，养到五十级都废老劲了，一看后面的技能书两眼一黑。你第二章就要五十级打了，后面的关卡我是更不好说，才玩四天，就一点推关的欲望都没有。
说到养成就不得不说素材问题，蓝色书可以靠绿色合成很正常，但是为什么还要刷子和别的什么东西一起合成？那我有打刷子的功夫我直接去打蓝书的关卡不就好了？本来就是把副产品绿书用掉的，结果副产品还要靠别的东西才能合成，神金！
还有你的服务器，应该懂的吧，你这次测试服开服的状态公测，我都不好说你未来怎么样。
真心希望你们听劝，我在tap上重新看我的评价，发现你们一测就犯过这个毛病了，当时就是资格没了七八个小时还能下载，就很好笑，当时多少人喷，你们是当看不见还是什么？那个时候二游还算包容你们也还没出圈，现在那么大规模宣发了，版号拿到了，不听劝的报应，现在的评分你也看到了，就那么一天差评无数，再看看远方的雷索纳斯吧。
希望你们未来能呈现更好的东西，保持五年前的思维走不远，五年前的游戏还有几个活着呢？",1.0,8.0,
223324,物华弥新,39700955,2024-03-02 18:01:59,2,111623517,毛绒绒,Android 设备,,['visual_music'],['operation'],"为什么不能洗点！？为什么！？是有什么难过的事情想不开吗！？
角色不能洗点，装备不能洗点，强行培养的角色我用不上还得硬刷材料，好几个体力瓶子下去，主线不管专门刷都不够用。哪怕你是升级装备位和角色位呢？到底是没把握好强度还是在逼氪啊？要是后一种的话是在下打扰，立马闭嘴告退",,1.0,
223324,物华弥新,39700824,2024-03-02 17:33:08,3,392901391,陈也,小米Redmi K40,,"['gameplay', 'operation', 'visual_music']",[],"画风，音乐都好good！就是战斗点的时候很不方便还有能不能加个扫荡，不然玩的好难受，感觉坚持不下去……
",,,
223324,物华弥新,39699931,2024-03-02 15:42:50,3,73563772,楪涩,Android 设备,14580.0,[],[],"本来是冲着剧情玩的，想着文物拟人的游戏，剧情不管怎么说都不会太差，结果看了第一章差点没绷住，都什么时候了还搞失忆拯救世界那一套…你文物拟人的特点是什么啊…
还有这个b养成，技能树那么长一串，角色技能和机制之间又没什么配合，纯看强度，前期就算没抽到好用的角色也得养啊，试错成本太大了，公测改改说不定还能玩，先三星期待一波，文物拟人这个主题真的很难不喜欢…",,,
223324,物华弥新,39699787,2024-03-02 15:30:02,1,85066332,无妄,Redmi K50,,[],"['gameplay', 'operation', 'visual_music']","可惜了。
原本可以的题材，浪费在了纯运营手里。期待转世重生。",,1.0,
223324,物华弥新,39699606,2024-03-02 15:11:50,5,342185781,User342185781,Vivo V1934A,,"['gameplay', 'visual_music']",['operation'],我以为我可以玩了，结果上线还是那个样子😭😭😭😭,,1.0,
223324,物华弥新,39680248,2024-03-01 01:32:05,3,1365619,細音,Blackshark SHARK PRS-A0,19980.0,['visual_music'],"['gameplay', 'operation']","嗯……浅浅的体验了一下，毕竟要玩儿的游戏很多没深入体验，就说几个我个人体验下来比较关注的几个点吧
音乐和画面，对我而言无可挑剔，尤其是音乐，感觉可以纯当ost听一天，画面很干净舒服，ui稍稍有点集中，不过也还好
战斗上，战旗有点被数值弱化了，没有太多站位和地形优势一说，基本上数值碾压过去就行，作为战旗并不合格，希望公测时能改进，鉴于本人几乎就没有红和黄，没办法评价高星级下的职业差异，只能靠其他人的评测了
养成……唉，老生常谈的问题了，升级，进阶还有相同角色补全机制，外带装备升级，还有额外的点点儿的机制（比如点额外的攻击力，防御，暴击加成），不知道技能需不需要升级……养成太冗杂太繁重了，如此之多的养成估计到后期绝对会数值爆炸，而且又是类似命座开额外技能的机制，服了
抽卡，哦，反正我是几乎全是九蓝一黄，近乎绝望的抽卡，红？除了新手池我还真没见过，抽卡资源的获取，目前来看可能不是很丰富，主线拿的是强硬氪金货币，明显换时装更核算一些，而且算是我个人的喜好吧，我倒是很希望抽的都是美少女但我总能精准的吸引老爷们儿，这时候真是感慨雀魂那样的性别分池子真好啊
有潜力，我还是很喜欢去档案里看这些历史的，但是改进空间很大，前提是愿意改的话
补一条，娘嘞这个爆率是真的低啊，80抽全部都是九蓝一黄，除了新手池我都没有新的红，我靠nikke我都能快全图鉴了这游戏我看不到一点能收集齐美少女的希望，如果再没有福利，唉",2.0,7.0,
223324,物华弥新,39699059,2024-03-02 14:18:55,5,434168900,User434168900,小米Mi 10 Lite Zoom,,"['gameplay', 'operation', 'visual_music']",[],"这款游戏可以说是细节满满，到处都是古雅气息，并且所有功能和休闲玩法都很喜欢。唯二很重要但做的不那么好的是本身就是难点的文物拟人和战旗玩法虽然上头但耗时太长，虽然瑕不掩瑜，但希望能继续改进，展现更好的游戏和独属于文物的浪漫

夸夸:梦回长安篇真的很好看",,,
223324,物华弥新,39698853,2024-03-02 13:59:50,3,64299903,无我,Redmi Note 11T Pro,,"['gameplay', 'operation', 'visual_music']",[],"可玩性上，因为除了限时活动内容，其余的活动只有剧情关卡和资源关卡的区别，包括限时活动，除了刷资源以外的活动内容并不是很有特色，更别说每个角色养成需求同一关的材料太多，导致要到过主线所需求的等级在前期就要开始刷刷刷，这真的很劝退，所以一直玩还是比较枯燥的。可以多设计一些除战旗外的活动内容，或者将战旗和其他能带来强正反馈的游戏形式结合起来，战旗也不一定非得规规矩矩的，能在关卡展现的创意就别藏着掖着，多研究不同的形式，不同的乐趣。
角色技能设计还是很有意思的，就是角色之间的联动性不像我想像中那么强，有些关卡的角色站位还会分散，虽然更有思考空间，但间接增加了玩家想测试组合套路的难度，为了应付一些关卡要养全新的角色又要开始刷刷刷。当然，只要练度够就不存在这些情况，但这又使分散站位没啥意义了。
然后剧情的话，我感觉是很平淡的，虽然不是说很差，但除了设定以外没什么特色。剧情可以是古典故事，可以是风土人情，但是变成了传统的王道剧情总感觉怪怪的。感觉专门写人的故事比写和设定没啥关系的主线要好的多。
画风和ui都是特别有特色的
音乐都很好。
当然，我之前没怎么玩过战旗，纯主观评价。",1.0,,
223324,物华弥新,39698533,2024-03-02 13:31:39,2,542077,衣裳啊,Motorola Edge S30,480.0,[],[],一分给UI，一分给美术，现在这种慢节奏的游戏很少有人喜欢了。,,,
223324,物华弥新,39697988,2024-03-02 12:44:16,5,26155704,填坑少年,华为JAD-AL80,,"['gameplay', 'operation', 'visual_music']",[],"💃🏻立绘建模：
超喜欢，国风味很足

💰肝氪度：
内测版本只氪了六块，感觉目前体验非常好，自动战斗三倍速而且多重自动副本只需要观看一次，皮肤目前免费，打十六关三星就有一个了，而且是特效皮，只要通关了刷隐藏任务拿石头不要体力（虽然没重复奖励）这点超喜欢！

🎮可玩性：
个人玩的挺上头

🌃画面音乐：
国风爱好者真的很喜欢",,,1.0
223324,物华弥新,39661166,2024-02-28 11:09:18,2,14756784,LAN,华为P30,4920.0,['visual_music'],"['gameplay', 'operation']","浅玩了一会，评价一下。
优点：
立绘和小人都挺可爱的(但是立绘质量感觉有点参差不齐)。加一分
题材类型对我口味。加一分
缺点：
感觉ui有点乱，让人抓不到重点
命座加成太高了，逼氪感觉重
没有扫荡，又是看录像",,,
223324,物华弥新,39697537,2024-03-02 12:00:15,5,361042004,烤地瓜的喵酱,Vivo IQOO Neo9 Pro,,"['gameplay', 'operation', 'visual_music']",[],非常好玩，就是有点难,,,
223324,物华弥新,39697524,2024-03-02 11:58:43,3,74599225,一雨零秋,Redmi K50,6720.0,[],[],优点无非就是画风画质UI什么的，缺点是关卡太难，第一章没打完关卡推荐等级：16，你想难死谁,,,
223324,物华弥新,39697358,2024-03-02 11:42:34,3,484878277,Стран снег,荣耀 60 5G,10980.0,['visual_music'],"['gameplay', 'operation']",ui太花里胡哨了啥也看不清，战棋吧没办法可玩性就这样，立绘一般，剧情看了一点没啥吸引人的，还有你家服务器卡死了快修修,,,
223324,物华弥新,39696607,2024-03-02 10:30:45,3,18737139,我不道阿,Android 设备,,"['visual_music', 'gameplay']",['operation'],"其实玩的不多，游戏玩法啥的我不好评价。
只说我自己在意的点。美术这个我觉得还可以吧，不惊艳我，但是还算好看。
然后就是，当初到底是谁在骗我说这游戏男角色数量还可以的？！😅😅我真想求求现在的游戏了（不止针对物华弥新），不喜欢男角色可以不搞的，搞了男角色吧数量又不行，质量（强度）大部分也不行。",1.0,,
223324,物华弥新,39696528,2024-03-02 10:22:30,3,16639943,手机用户16639943,Android 设备,,"['operation', 'visual_music']",['gameplay'],游戏主题是很新颖的   这种文物类拟人的游戏其实是让人眼前一亮的    但是战棋类玩法不熟悉   不好评价   个人感觉玩法有点繁琐了（对于第一次接触这种玩法的人并不友好   上手很慢）     立绘很好看  但是似乎没看懂谁是SSR谁是SR（原谅我愚蠢）,,,
223324,物华弥新,39695823,2024-03-02 09:15:13,5,56218830,キガ,Redmi K60,34620.0,"['gameplay', 'operation', 'visual_music']",[],一句话总结：有需要改进的地方，但目前玩下来既有游玩动力又有推荐欲望。所以暂时五星好评😁,,,
223324,物华弥新,39656663,2024-02-28 03:46:57,5,40609224,Re,一加手机12,1200.0,[],"['gameplay', 'operation', 'visual_music']",补发了测试资格，客服态度挺好的,,2.0,
223324,物华弥新,39695112,2024-03-02 08:11:08,4,330618649,花に亡霊,荣耀30 ,,"['gameplay', 'operation', 'visual_music']",[],这两天下来，体验还是可以的，主要是主线怪的强度太大了，希望公测的时候能够降低一下，还有就是一些前期给器者升级用掉的材料，后期不能将材料返还，我觉得这一点一样能够改一下，哪怕不能够全部返还也好，不然升级压力还是比较大的，再加上前面提到的怪的强度太大，就很坐牢，立绘什么的都还可以，抽卡虽然爆率很高了，但是很容易歪，这就是这两天体验下来的样子，总体来说还是不错的,,,
223324,物华弥新,39656064,2024-02-28 03:19:57,4,353663866,西弗勒斯,华为 nova 7 Pro 5G,18840.0,[],[],"一星给期待，一星给画风【后补的两星纯纯鼓励】
虽然我进去了，但你玩一下卡一下提示网络问题，真的很搞心态。
————分割线———
主线太难打了，数值也很膨胀。新人任务的第一天就要推到12关，建议等级还是30级，然而资源体力根本不够拉出一个30级的六人队。第三天才勉勉强强凑出来一队过了任务。如果战旗游戏爱好者觉得这个游戏难度不大我理解，但官方是否也要照顾一下初次接触战旗的玩家，奔着画风入坑，玩了三天都被恶心得不行，钱、升级书、体力哪哪都不够用，体力上限低，副本花费高，和1999刚开服有的一拼😓

————分割线————
画风确实好看也很戳我，但是看久了就容易审美疲劳，可能因为太花了抓不到重点，希望能优化，改个四星鼓励一下吧",,2.0,
223324,物华弥新,39693817,2024-03-02 06:12:32,5,333925429,忘忧,荣耀畅玩 20,,"['gameplay', 'operation', 'visual_music']",[],玩着还行吧，可能是这种战棋类的游戏还是不适合我有可玩性。,,,
223324,物华弥新,39693796,2024-03-02 06:10:58,4,5531985,汐鸣,Android 设备,26340.0,"['gameplay', 'visual_music']",['operation'],"本次测试缺点
1.开头剧情仿佛ppt+旁白，不知道后续会不会做成动画
2.紧接着ppt之后的动画特别糊，字幕都是糊的
3.剧情里语音断断续续，部分cv感觉有点棒读
4.养成太复杂了，武器我甚至都可以接受但是能不能别随机词条啊，你都这么复杂了还要随机词条
5.体力太抠了，都删档测试了不给点体力让大家养成
总之，好好做文物拟人，别擦边，我会买账。但是问卷里把碧蓝航线放在第一个让我很慌，希望你记得自己是文物拟人，正经点",,,
223324,物华弥新,39693237,2024-03-02 05:20:50,4,327708828,User327708828,Realme GT5 Pro,1140.0,"['operation', 'visual_music', 'gameplay']",[],"不知道这个上面为啥十几分钟，题材挺好
剧情只能说不是我菜，常规剧情套路，我直接跳过，有喜欢的还会去看
玩法挺不错，习惯之后挺好玩的，需要摸索
人物养成涉及的材料各个模块都有，也不用担心，可以点材料直接跳转
画面和音乐，战斗音乐很好听，整体还成，画面立绘有种华丽但是潦草的感觉，恩，还是可以的
卡池，之后会更改，再看看，付费测试的爆率挺高的，我前期挺欧，后期就非起来了，浅看
体力耗得挺快但是前期安排好了不会觉得没事做
休闲小游戏再开发看看，一个四子棋，一个类似2048的小游戏，还不错
器者宿舍这边还没开放，没看
氪金这块看各人选择吧，我月卡党

整体感觉可以，还是推荐的（整体较为混乱，凑合看看）",,,
223324,物华弥新,39692965,2024-03-02 04:50:26,5,419972008,貉,iOS 设备,,[],[],玩法挺对我胃口，抽卡也还算欧,,,
223324,物华弥新,39692377,2024-03-02 03:54:43,3,366614362,偏铝酸钠,Vivo IQOO 11S,38820.0,[],[],"玩得很痛苦，养成复杂，体力少，关卡战略强度挺高，一些关卡根本不能自动，游戏里看不到被动技能，主动技能描述雷同。
抽卡我大概六七十抽一只红，目前在T形帛画的池子里全歪，只能等180井出来，但是180保底每个池子都会清空。
剧情跳过。
关于休闲小游戏，目前体验的有2048和四子旗普通版，四子旗只要把ai逼到让它按你思路落子就行，2048只有第一次玩和玩到最高分才给奖励，奖励都是一次性，先不说那么几个简陋的小格子升最高级有多难，也不说我为什么要在一个战旗游戏玩2048而不是去专门的游戏玩，你这奖励一次性的领完以后难道还会有人碰它吗……
主要问题还是养成复杂，井数太多且不继承，以及啊B运营时间没有保障。
武器词条随机，稀有度绿蓝黄红专，附加属性各不一样；深造选属性加伤害，好感度加伤害，考核有大小三条线性加取模式；堆尸块升伤害，满三个尸块技能发生质变；部分主线关卡无自动，要用费力养成的角色费心打关……以及关卡不能切屏，不管是第一次打还是重复刷材料，只要有一点不属于游戏的屏幕出现就会暂停（哪怕你只是打开系统栏看看时间）
另外成长计划128，最近几年见过最贵的。",,2.0,
223324,物华弥新,39691908,2024-03-02 03:09:49,3,17196015,辰轩,Android 设备,,"['gameplay', 'visual_music']",['operation'],up池机制不太行，我玩到现在一百多抽歪了两次，一个up角色都没有。up池更新大保底（180抽换一个up角色）也会随之消失，差评。,,,
223324,物华弥新,39691555,2024-03-02 02:27:50,1,39655820,希小沫,小米Xiaomi 14,,[],"['visual_music', 'gameplay', 'operation']",💩，比土豆服务器还垃圾，测试不起别测,,2.0,
223324,物华弥新,39691517,2024-03-02 02:24:12,1,54480522,柠萌,小米13,,[],"['gameplay', 'operation', 'visual_music']",滚你的垃圾玩意，100多抽T一个没出，全歪。你怎么不去si,,2.0,
223324,物华弥新,39691156,2024-03-02 01:40:25,5,98072942,子衿,Android 设备,,"['gameplay', 'operation', 'visual_music']",[],美工很棒，可玩度也可以，就是小游戏，比如合合还有四子棋，有一丢丢难,,,
223324,物华弥新,39690804,2024-03-02 00:42:43,2,4097048,羽落＆殇,iQOO 8 Pro,,"['gameplay', 'visual_music']",['operation'],"不愧是坟场出品，能活过一周年都算烧高香了

💃🏻立绘建模：
这是下载最大动力，蝠桃瓶还是很可爱的
但是拼尸块还是免了吧，一个个的没有原的粉丝基础还都想学原拼尸块

🔖运营服务：
坟场运营懂得都懂

✍🏻建议：
别整那些恶心人的东西正常运营能挣的会更多",,3.0,
223324,物华弥新,39690775,2024-03-02 00:37:27,3,7992376,十二号风,Android 设备,,['visual_music'],"['gameplay', 'operation']",游戏整体页面设计挺好的，但太复杂，看着眼花缭乱，游戏性上感觉没什么好玩的，抽卡限定池出了两次金，结果都歪了，这实在是，活动感觉也没什么意思，就一个年兽站那等你输出，没感觉出什么机智策略，总的来说，人物设计很好，但游戏性暂时没什么特别新颖的地方。,,,
223324,物华弥新,39683946,2024-03-01 08:03:44,5,22802721,shuyushi,Nubia Red Magic 8 Pro,,['visual_music'],[],总的来说比较良心。养成材料多肝会就不缺。玩法比较传统,,,
223324,物华弥新,39690127,2024-03-01 19:48:25,2,436665867,夜之北斗,华为P40 Pro,,[],[],"客气的评论一下。
本人一般不写长评。
1，立绘，在二游里中规中矩，部分崩了，但是不厉害。缺点是和文物本身关系不大，历史感？没有，喜欢历史文物的人恐怕要失望了。比如游戏里的曾侯乙编钟，该立绘就是把一套编钟挂在胸前的女孩子，实在看不出原文物细节历史之类。每个人都有LIVE2D，能动一点，但有的做的不好。
2，剧情，和SCP没有关系，就是普通的剧情，正常。
3，玩法，看似战旗，实际数据。因为敌人的攻击很高，游戏的选择很少。地图似乎很大，但受限于角色的能动范围，没什么发挥余地。好消息是还是要动脑子的，它设置了一个隐藏挑战，AI打不了，坏消息是要先有数值 ，有的隐藏挑战是回合数限制，没有数值很难打。整体体验感坐牢，尤其你拿着几百攻击力的角色打万血BOSS的时候，一关10分钟算好的了。
4，抽卡机制，我的UP池歪的厉害，180抽硬换保底抽象，角色机制必拆分到三命，2.5%的出红概率体感上只有1%。很难理解，日活资源少，通病。
5，养成，一共100级，它拆成15级30级50级70级100级，你可以理解成一个角色要突破五次同时中间还要加一个精研也就是六次。玩到现在只突破了两次，而且下一次遥遥无期。除了等级，角色的技能和属性加成也要升，和技能共用材料，一共要点二十个。
提示：这个游戏要养一队6个人。
提提示：有的关卡还会对职业有要求，有的职业还不能带。
6，福利，月活27抽，小保底70抽，大保底180。
体力是抠搜的，打一个关卡要20，您的体力上限多少？嘿！68，69！看似不用打卡，实际不打卡体力全没啦，哈哈！
7，基建，啥也不是，爱基建的可以退了，本质就是个加工站和刷好感的。还有小游戏，可笑的嘞，一个四子棋，一个2048，2048说玩完了送你三抽，我玩了一个小时还没过呢。
8，活动，它搞了个新年活动，我一看！嚯，一共送10抽，还得废了吧唧劲打20分钟打8天。游戏里的冬谷赛，看似是你选6个人，机器选六个人，以相同等级练度打对抗赛。实际你只能从自己的卡里选，而且用一次就不能再用，机器不一样，它随便选，最后就被数值碾压。幸幸苦苦打完一关，给了60个活动代币，看看可以兑换的红色卡牌，要，1200个！这个活动里有没有1200我都怀疑，官方打算送400个，我看也不要送了，白送。
整体体验很差，关于立绘我承认仁者见仁，智者见智，关于玩法我坚持一坨答辩。很多细节没有提及，包括强卡逆天，10抽要反复痛苦打难关2，30遍，商店啥也没有（除了几个抽数），战斗玩法逻辑有问题以至于经常误操作，好感培养周期惊人逆天可怕恐怖等等，给两分只是害怕一分被屏蔽了，至此。
附加个曾候乙的截图和我的号目前为止的养成进度。",7.0,50.0,6.0
223324,物华弥新,39690139,2024-03-01 19:54:18,3,506377167,尝试两次之前先尝试一下,Android 设备,,['visual_music'],['operation'],"别的先不说，我先聊下抽卡机制吧。
70抽必出SSR（红），出了归零重算，运气好第一个红就是当期UP，运气不好需要在这个池子里一直抽到180，人才赠送你一个当期UP，过期这抽进去的就转化了。哥们这抽到130了，结果卡池就剩个一天，这还是测试呢，这样子搞吗",,,
223324,物华弥新,39690126,2024-03-01 19:48:06,3,118434977,日常想宰人,华为 Mate 30 5G,22800.0,['visual_music'],"['gameplay', 'operation']","世界观是一开始吸引我的点。
美术风格挺有特色，主题我喜欢，剧情还行。
角色很好看，也很好嗑。文物之间的羁绊～策划给美工道歉！
第二章就没有配音不知道是我的问题还是测试服不稳定
战棋类我是第一次接触，但没太感受到特殊性…感觉主要还是靠等级装备这些来打，没有很强的趣味性（没什么整活的玩法）
新手开荒想要达成“完美”是有难度的（限定轮次内通关），对养成的要求较高，并且与此同时养成是庞杂的：①等级 ②考核（技能） ③装备（有副词条）。致知（命座）这种靠抽卡的不算在内。养成需要的材料很多，体力完全不够。战棋不能扫荡是可以接受的。但总体来说就是玩得很累并且没有兴奋感
抽卡没有大保底（70小保底180可以兑并且不继承不进常驻），而且是双卡池不互通。连歪两次两个up现在一个没出（八九十抽大概）。

因为最近在玩公测的《白荆回廊》所以会忍不住对比着来在我自己心里打分。白荆也是我第一次玩肉鸽类，刚开始不太懂，完全是被福利吊着没退游，差不多第三天在攻略的帮助下get到了游戏的趣味，然后就开始上头（那会儿总时长2天13h、4天20h，现在摆烂了因为有能用的刻印了并且可以扫荡），复活流岑缨第一次打赢200小电视的时候成就感超强（虽然是抄攻略），然后开始自己了解烙痕技能。
我一直觉得肉鸽类和战棋类都是策略性灵活性很强的游戏类型（简单说就是需要动脑子所以之前一直不是很想玩…白荆纯属被福利诱惑进坑），但是白荆让我感受到了肉鸽类的魅力而弥新没能让我感受到战棋类的魅力，反而只让我觉得玩起来好累养成好麻烦。
总之目前为止个人心里对比的结果就是，你游完全溃败。

我也不是没玩过养成麻烦的游戏，比如原神，养成内容极多、资源极其抠搜，但是它主打开放世界并且很容易就能打得过大世界（只要不打深渊就对练度没啥要求）（而且可以找人帮忙）
个人建议，如果想搞战棋类战斗模式，那就增加战斗的自由度策略性，减少数值影响和等级碾压，开发多样的机制；如果就想搞养成那还是把战斗再简化一点吧，我不想既要肝材料养角色又要用脑子打架（等级碾压的话其实也不算很要脑子但毕竟还是得自己走，AI太智障了而且初期想养成角色确实比较难）
（概括一下就是我希望养成和战棋二选一主打）
玩过二游很多，你游也没什么特别的值得我玩下去。我可以看PV看二创云玩游戏。",,3.0,
223324,物华弥新,39689325,2024-03-01 16:52:10,3,337549422,言叶未落,华为 Nova 8,,"['gameplay', 'operation', 'visual_music']",[],那几个长评已经把我体验的感受讲完了，总的来说抽卡来说还是蛮良心的，不知道公测会怎样，美术风格也蛮不错的，但角色设计总感觉不太行，越王勾践剑和吴王夫差矛的立绘总给我一种很大众的感觉，大部分角色和文物原型联系不大甚至毫无关系，例如战国铜餐具，建议在角色界面给上原形图片，剧情的话，中规中矩吧，实在一般,,,
223324,物华弥新,39689223,2024-03-01 16:40:20,3,25478396,辉夜辉夜,小米Xiaomi 13 Ultra,,"['visual_music', 'gameplay']",['operation'],"1.战旗玩法因人而异不做评价
2.抽卡只可180抽井不继承不互通这属实有点...哪怕用大小保底那套都比这强
3.卡池只up了六星（红色）可以加两三个五星（黄色）一起up，如果可以自选五星up就更好了
4.ui有种华而不实的感觉，比如有的按钮太小有的太挤。我个人认为ui这种应该实用性大于美观
5.角色美术有点参差不齐，可能是因为经费问题吧
6.主线前几章的三星难度可以降低点
7.这次测试运营简直了，希望你公测时能正常点",,,
223324,物华弥新,39675386,2024-02-29 12:16:25,5,245028,不死川,Honor X50i ,,[],[],"入游戏了，感慨一下，你这个ui也太小了，可以的话希望能对设备做些适配，不然太小了！！太小了！！！太小了！！！！
终于看到了令人诟病的剧情，让我看看边玩边讲
：感觉是为了新手教程在硬塞战斗，不合理，而且写得角色也不讨喜，莫名其妙的
判定范围恁大一块咋长得就是一副点不着的样子呢UI酱

3.1
游戏已经这么无聊了甚至不给分屏，简直死罪",,,
223324,物华弥新,39688457,2024-03-01 15:15:44,5,563208829,王剑峰（小名）,一加 Ace 2 pro,,"['visual_music', 'gameplay']",['operation'],不明白，评论里一堆人有一点不合胃口就差评。画面音乐哪里做的不好了，测试阶段服务器有点问题也很正常，一个个玩游戏抽不到想要的就叭叭叭，真无语。剧情也不看，虽然剧情有点俗套，但一个个配的游戏找得到几个吗？你们体会的到那种现实和游戏相融的那种感动吗？真严于律人，宽以待己。😓,,1.0,2.0
223324,物华弥新,39688143,2024-03-01 14:49:47,1,6425446,天羽◢,小米10至尊纪念版,,[],"['gameplay', 'operation', 'visual_music']",就现在这种游戏机制和抽卡机制，真的是24年的游戏吗连保底都没有，真心玩不懂，一天在线要两三个小时，不算开荒，手机里面不止一个游戏，不能当副游戏，突破要得材料也多，而且是第一阶段，后面看了更无语,,,
223324,物华弥新,39687593,2024-03-01 13:56:19,2,82909021,手机用户82909021,华为 Mate40 Pro,,['visual_music'],"['gameplay', 'operation']","对比现在运营稳定，玩法有趣的游戏，优点是一点没学到。
养成系统冗余啰嗦，界面UI复杂，各稀有度卡差距极大，养成关卡过多，单局游戏重复度高无聊等等。整一个装备系统却没有专武一类的，真的有必要吗？
这个游戏从立项开始我就关注了，没有参加过以前的测试，反正是不符合我的期待，浪费了优质的人物设计和设定。硬是耐着性子玩了3天，玩过第一章，目前已删。😑
补一句，作为战棋类游戏战略性不足，地形影响微弱，剔除了普通战棋类游戏防守反击、协同攻击、职业克制等等重要玩法。唉，明明有那么多优秀单机战棋游戏可作为借鉴，为什么要以删减玩法作为自己的创新。可能是想让玩法简单化照顾不同玩家，但真的是两头得罪。
再补，顺便再减一星。从美术设定就看得出来，这游戏肯定是投入了不少资金，但是说难听的这个项目真是浪费钱。",,,
223324,物华弥新,39687432,2024-03-01 13:43:10,3,56950156,奈格里,IQOO Neo6,22140.0,"['gameplay', 'visual_music']",[],建模立绘不错，故事设定也很不错，但关卡通关条件太多了，5个条件，如果没完美通关奖励基本没有，公测一定要出悔棋，还有一些关卡要回合类通关才能拿满，这会让游戏变成数值游戏，那玩法也将变得毫无意义，希望改一下，内测福利也很一般，福利太少了，每一关奖励本来就不多，没有完美还要重新打又废时间奖励又少，希望以后福利能好一点，通关条件少点，总结福利较少，立绘优秀，关卡通关限制多,,,
223324,物华弥新,39687275,2024-03-01 13:27:00,4,70009309,禾千,小米24018RPACC,,"['gameplay', 'operation', 'visual_music']",[],"对我来说这个游戏的战斗系统很麻烦！那个待机和确定处一起，我点着点着它就待机了，他就不打了换成下一位角色了，😭
",,,
223324,物华弥新,39686586,2024-03-01 12:15:55,4,30270103,枫汩槲,iQOO Neo 5 活力版,35820.0,[],[],不是我只有两个问题，一个是玩这游戏其他软件开小窗的时候点一下游戏战斗就会暂停，还有为啥所有声音都关了还有声音啊？不是，啥情况,,,
223324,物华弥新,39655626,2024-02-28 03:03:34,2,334802305,起落的天,华为CHA-AL80,268260.0,['visual_music'],"['gameplay', 'operation']","这个游戏说不上来哪不对劲，但确实失去了上次测试的乐趣。
这游戏立绘无敌，是工作室自己努力的结果，配上这一堆礼包，真是嘎住了。
谢谢啊b",,5.0,
223324,物华弥新,39685954,2024-03-01 11:12:58,1,431752353,第五年春,Huawei Mate 50,,[],['operation'],一星拿好敬测试资格😆,,,
223324,物华弥新,39685700,2024-03-01 10:48:56,4,355702830,khh,Vivo X Flip,,"['operation', 'visual_music']",['gameplay'],"画面还是有点太花了，然后角色大招动画感觉还是很敷衍，而且开大招的时候音乐直接没有了显得很空很潦草，要是把背景音调小会合适一点
玩法有一点单调，希望以后会丰富一下，总体体验还是不错的，祝宝长长久久",,,
223324,物华弥新,39685500,2024-03-01 10:32:01,2,105070582,꧁听雨花事了ད꧂,Android 设备,,['visual_music'],"['operation', 'gameplay']","画面音乐其实也一般，剧情看两眼就不想看。感觉俗套剧情，古风整现代风剧情不对口。说是战棋，但是行动顺序什么开局定好的，操作性说实在的就是带着镣铐跳舞。那剩下就靠角色强度了。up卡池也是个毒池。买点也就是文物。而手游坟场b站，慎重。
还有一点，养成体力花费感觉也挺多的。拉一个角色体力就没了。",,,
223324,物华弥新,39685645,2024-03-01 10:43:51,1,125248168,Chtholly,Vivo IQOO Neo7竞速版,,[],"['gameplay', 'operation', 'visual_music']",构思炸服,,,
223324,物华弥新,39669068,2024-02-29 04:09:41,2,19165874,HxG_MANER,Android 设备,,['visual_music'],['gameplay'],"单纯游戏性方面，有点低，不好玩
带行动条的战旗…很难评，前期基本上没办法自行决定出手顺序，确实有调速度的武器，但是必须放弃攻击生存的词缀，基本上不能指望这来调速。加上地图小，角色腿短，大部分时间角色全都是挤在一起，说实话玩起来毫无策略性可言。
角色技能，除了大招的伤害，机制基本上毫无区别
战棋游戏也算经典类型，无论是单机还是手游都蛮多的，建议多参考下吧，现在这个真不好玩。要是做不明白战旗，不如改回合制😅


玩到15级了，开了冬古和宿舍…非常的可笑，越往后开放的内容越多，可玩性越差。宿舍的小游戏都是什么2048五子棋之类的，有的可能要花一两个小时才能拿一两抽。冬古挑战每个角色只能上1次，需要4队，可能开服两个月后才能凑齐吧。对的，这四次挑战还是周常，周常任务根本完不成。策划有没有自己玩过自己的游戏？？",,3.0,
223324,物华弥新,39685252,2024-03-01 10:09:36,4,589192904,嘿嘿嘿,一加手机9RT 5G,,"['visual_music', 'gameplay', 'operation']",[],"画风：偏向于古风
玩法：上帝视角布局
剧情：总体来说还是可以
立绘：个人觉得很不错
        无论是音乐还是画面，我都很喜欢，肝度也适中，玩了两天，难度还是有的，需要了解职业和布局，新手指导比较详细，Q版角色也很可爱。
缺点就是服务器有人多就会卡、断连，最难受的事过主线不能自动，这对一个又懒又不想跳过剧情的人来说是多大的打击吗，希望官方以后会优化。
那为啥给四星呢？因为还有一颗星在期待开服。",,,
223324,物华弥新,39684873,2024-03-01 09:34:44,3,2120711,隔壁徐老二,Android 设备,20820.0,['visual_music'],"['gameplay', 'operation']","题材立绘还行，剧情很一般，没啥亮点，体力上限太低了，随便刷一下材料就没了
抽卡我只能说难评，因为我已经三连歪了，差不多只能等180抽领up角色了",,,
223324,物华弥新,39684755,2024-03-01 09:22:32,4,56594967,邪王真眼使,华为ADA-AL00,6840.0,"['gameplay', 'operation', 'visual_music']",[],个人感觉还行，能玩，就是一些细节不到位，比如该那个角色移动了标志的不明显这种,,,
223324,物华弥新,39684266,2024-03-01 08:33:55,3,611578617,春日迟,Android 设备,,"['visual_music', 'gameplay']",['operation'],"说说自己的想法吧，物华弥新是我四年前就预约的游戏，之前还叫来古弥新来着，当时真的很喜欢古物拟人，看到这个游戏IP之后立刻就预约了。然后就进入了漫长的等待。。一星给我等的四年，一星给蝠桃瓶，一星给其他器者。
跟朋友聊起这件事，朋友打趣我说这是不是大学生创新创业搞出来的，四年毕业了也出了。她说现在这种IP的游戏太多了，感觉都像是绝望的文科生参加创新创业搞出来的。。很好笑，但是后半句是真的。。这种IP越来越多，放了四年的游戏再不出真的会死在这种漩涡中。
物华的建模立绘真的很不错，不管是曲解还是Q版小人，音效也不错。这个真的不枉等四年，好喜欢蝠桃瓶呜呜呜呜。
世界观也很不错，讲出来了古物器者跟现代社会复杂的关系。但是后面希望出点副本讲讲器者过去的故事吧，从古物诞生到器者诞生都可以讲讲，古今结合嘛，小建议。
玩法机制和肝度嘛，不是很推荐。打怪还比较新颖，就是太太太费时间，放大要强制看动画，AI也很慢很拉，手动真的很浪费时间。后面我就卡关了但是真有可能是我菜的问题哈哈哈。卡关后要练武器练级啥的，总归来说肝度有点强。
对，肝度这么强了还有卡池出up的概率还极低，还180保底，对我很不友好。。因为我非。。。我氪金还少，合券更少，也很难得，就，蒽😇。
总结：看到有人说出个器者画集卖卖然后关服好聚好散，我支持。可玩，要有强大肝和耐心。",,1.0,
223324,物华弥新,39684096,2024-03-01 08:18:36,4,508153465,锦沢,Vivo S17t,9180.0,['visual_music'],[],"首先，美工真的不错，然后，新春活动音乐声音也太大了吧（
很难相信这才开服几天我就卡关了，相领关卡怪的等级差的很多，体力又少，是真的痛
但是，问题不大，未来可期吧",,1.0,
223324,物华弥新,39656686,2024-02-28 03:48:28,2,10755046,kong白,华为 nova 6 5G,28320.0,[],"['gameplay', 'visual_music']","玩了3天刚刚卸载了，谈谈感受
首先立绘方面，非常廉价，部分ssr看起来跟sr一个水平，皮肤更是大无语，你们是怎么可以把芙蓉瓶一个萝莉皮肤变成大长腿御姐的？不写名字我都不知道是一个人。
战斗一点爽感都没有，每关都有好几个高难条件限制你完美通关，每次手动打都是纯纯坐牢，没感觉到哪里有设计巧妙的战棋玩法，那我寻思不想手动打总该有自动战斗吧，唉↗，主线不给用自动战斗只能手动打，想偷懒？鬼！终于熬到支线啦，我寻思终于能用自动战斗好好爽爽，结果那个ai自动战斗又让我眼前一黑，太若智了，只有一个敌人的时候看板娘不放1点耗能的高伤单体二技能，反而放3点耗能的低伤群体大招？
抽卡方面，高情商的说就是非常稳定，每次都是1金9蓝（这游戏金是sr），抽卡的时候我都直接跳过不抱任何期待了。
UI方面，我都怀疑我在玩十年前的游戏，好久没见到可以把初始界面塞的这么满的游戏了，上下左右全是图标，好比把抽屉里的东西全拿出来扔到地上一样，就不能整合一下？还有你角色列表那些UI不都挺大个的吗，为什么活动UI蚊子一样小，根本看不清上面写的什么活动名字。
总结就是又是一款烂大街的物品拟人二游，不出意外公测2年之内必倒闭，这毒我替大家试了，大家还是把目光放到其他好游戏身上吧。",,6.0,
223324,物华弥新,39683620,2024-03-01 07:28:47,4,447985152,喜多川海梦,Honor V40 Lite,2640.0,[],[],时长别看了不对，我主要是在模拟器上玩的，体力上限太低了你前期不想给那么多体力你大可以每升一级给一半体力，你体力上限搞这么低，前期升级又慢，体力经常满出来，还有你角色养成能不能优化优化，角色有命座可以点没红点提示，反倒是能升等级的角色你就来劲了全是红点，谁教你这么设计的？然后特殊任务必须进入战斗后点暂停才能看到，建议在进入关卡的界面也加上，别的地方还可以，能玩，四子棋还挺有意思的，这种小游戏多来点，爱玩,,,
223324,物华弥新,39683512,2024-03-01 07:20:35,4,70784485,趋,Honor X40i,42660.0,"['gameplay', 'operation', 'visual_music']",[],"💃🏻立绘建模：
人物抽出来是立绘的，很好看，之前就是奔着这个画风预约的，然后战斗画风是人物Q版
已经0氪玩了三天，新手八天任务后面五天的不知道难不难，但是前面三天每天玩玩就能完成，难度不高
16个彩珀换个皮肤感觉还行，可能是因为立绘
玩法就是战棋玩法，有自动跟二倍速（扫荡是三倍速），但是不知道为什么悔棋不能用，因为每个关卡都有两个隐藏挑战，往往走错一步就又要从新开始，有点麻烦，希望正式上线能出来
游戏因为当前测试服，感觉没什么热度，目前游戏领域里面战棋游戏也不少，米哈游的明日方舟，天地劫，棒地劫（棒子国的），只能说希望厂商能走出自己的战棋路（多给点福利😃）",1.0,,
223324,物华弥新,39683472,2024-03-01 07:16:38,4,20769545,二次元爱好者,一加手机9 5G,,['gameplay'],[],"第一次写测评，只阐述我自己观点
轻锐职业只用过兔形陶埙，制盐砖，金瓯永固杯，天亡簋，这四位，兔埙还是看攻略才抽的。只能说兔埙真好用，1-11，2-7有兔埙和没有是两种体验
说说这三天玩下来的感觉，肝，体力不够用。
我现在最高等级是50级兔埙和35的的制盐砖。缺经验书缺突破材料缺素材缺资质证明缺武器升级材料。
关卡现在推进到2-7伤害不够了。挑战没打满。要等后面等级上来才能收集。想要升级就要去考核。考核就需要材料，材料就需要体力。而且轻锐进阶寅才给2个蓝，突破需要8个，25体力一次。14级的体力上限为76点根本不够，这还没有算上突破要用的剩余材料，也是需要体力获取，虽然可以通过易市来买（用金钱，派遣给的图章，以及抽卡给的分析报告来买）依旧是不够用。而且派遣只能通过关卡的第一次和资源关卡来获取。这点不好评价，我觉得这个设计很弱智。我第一章就是派遣没满了（才46%）。
哦还有一点，武器装备系统竟然是武器品质以及原神那边的圣遗物强化系统（我自己只在原神和崩铁里见过，也只玩过这俩）结合起来的，就无语=_=。我一个红色品质的武器强化后没个有效词条，这不就是狗粮了啊，这是哪个鬼才策划想出来的。
这已经三测了 ，希望体力可以多给点，要么就材料多给点，以及把敌怪的技能特效做明显一点，boss地土的塌陷技在地图里的特效一点也不明显，加上角色的移动范围后根本不知道我是否在塌陷区域
",3.0,,
223324,物华弥新,39682966,2024-03-01 06:22:45,3,4851047,i,Android 设备,36840.0,['visual_music'],['gameplay'],"好的方面就不说了，数值策划赶紧给美术组磕头。至于玩法，可能有人不喜欢，个人觉得还行，但是养成太累又没有一个足够好的剧情支撑，两天下来也没摸到30级，已经摸不动了；经验书可以快速刷但是体力明显不够，官方估计也发现问题了才补了点饮料回体力。这次测试先玩到这，看后续优化了。
槽点：
1. 怪的强度跟推荐等级对不上。主线第一章不到推荐等级低也能打，一个打年兽的活动推荐30级，我好奇20-22级进去看一眼，两回合就被拍死了一个🤣 一想到升满5个30级的要用多少体力开委托刷经验书就提不起劲。
2. 语音规则太固定，听着烦。你们就不能给切入的时候设置随机语音吗？🙃搞的每次点进去返回都要听两遍以上同一句台词。还有喂经验的时候就一句话，这个倒也没啥，但喂一次重复一次就有点烦了，还不如只说一次，或者升到上限再说一次。
3. 不能按具体器者属性排序，想找一个移动快的还不如抄图鉴，找能用aoe技能的更麻烦。
4. 除了一次性问卷，游戏内没有其他反馈渠道入口(tap的评论太小写不下更多槽点，先写这4点)。
总之你游在设计上是有用心的，很多细节看的出来。数值和机制改成现在这样亦“有迹可循”，勉强能理解，不过就现在测试服的样子真留不住玩家。都说b游是坟场，但愿你们能找到活下去的办法。
- - -
看其他人评价想起来的槽点：
5. 看板不能静音。静音和随机语音两个都没有，但凡有一个我也乐意用喷釉小天才做看板。目前这点也不是大问题，毕竟还有没实装配音的角色😄",,,
223324,物华弥新,39683051,2024-03-01 06:32:45,3,35745734,狐萝,Vivo IQOO Neo7竞速版,,['visual_music'],['gameplay'],我不到啊，第一天开服就进不去了，删了。怎么辉石捏,,,
223324,物华弥新,39662088,2024-02-28 12:43:07,1,9348233,AIR,HONOR 100 Pro,,[],"['gameplay', 'operation', 'visual_music']","1.你肯定觉得你搞的世界观可有意思了，但是在我看来你的世界观又平庸又普通，非常商业的一个烂世界观，剧情也很烂，一点看下去的欲望都没有
2.ui乱且丑
3.过剧情的时候，点一下屏幕配音直接没了，我喜欢把文字全部放出来然后听配音，这样搞得我非常难受，制盐砖的四川话插入太生硬太尴尬了
4.你这战旗玩法是改不了了 ，无聊就无聊吧
5.没大保底，意思是可以无限歪，而且180井太贵了，要么加只会歪一次的大保底，要么180井互通每个池子
6.从来没玩过哪个游戏，开服第一天就需要去刷材料本来提升角色才能通过主线的，你游做到了，第二章主线最后一关已经要求等级50级了，目前角色的最高等级是100级，你是否考虑过后续主线关卡如何设置？难道继续提高等级上限，变成200级，300级？
7.主线关卡隐藏条件达成困难，主线2—7隐藏，5回合内打完，你的关卡推荐等级是33级，既然你设立了这个等级，那么默认就是能用这个等级的角色完美通关对吧？请问谁能用33级的角色把这个隐藏打了？
8.切小窗游戏就暂停了，非要让我看你那小人的大招动画吗？",1.0,2.0,
223324,物华弥新,39682624,2024-03-01 05:44:10,2,819003,圆圆圆,Black Shark 5 Pro,,"['visual_music', 'gameplay']",['operation'],根本没有机会测试…说好的已获得测试资格呢😤,,,
223324,物华弥新,28733034,2021-12-31 14:48:39,2,16442640,拾柿呀,Android 设备,,[],[],"3.1更新
哥们？2-15你告诉我怎么过？啊？你不会觉得你的数值很幽默吧？除了题材，一坨狗屎！

我感觉关卡难度有点高，起码我全都40级去打推荐40级的打不过，3-4全员50＋突破三次还带了奶妈也打不过去，真有你的，你不会觉得你的关卡设置很幽默吧",1.0,5.0,
223324,物华弥新,39682584,2024-03-01 05:39:34,5,470928092,押韵,Android 设备,,"['gameplay', 'operation', 'visual_music']",[],画风喜欢，剧情一般般。拟人人物都贴合实物，而且配音有特色会有时候根据古物来源地。,,,
223324,物华弥新,39681667,2024-03-01 04:11:02,1,38725656,边云浮沉半梦醒💞,Redmi K50 Ultra,20460.0,[],"['gameplay', 'operation', 'visual_music']",你游是真逆天，我去补成就结果打完还有教程，直接给我卡死了。,,,
223324,物华弥新,39681459,2024-03-01 03:48:10,3,393620155,满天星,OPPO PFGM00,23760.0,"['visual_music', 'gameplay']",['operation'],"先是练度图证明确实玩过
11点炸服的时候抢进去的，前半段掉网打过了都能失败，后续优化之后有通知3点有额外名额也让朋友抢了
整体来看，游戏是有资格和其他二游分一杯羹的，大部分地方基本相当成熟，就是游玩难度方面，有点过于高了？进关卡的特殊挑战可以设明显点不，每次进去都要先在门口看看，怪物等级一路高歌的时候玩家的角色实际上跟不太上怪物的等级，15一个节点，30一个节点，怪物打着打着高队伍整体五级六级的时候基本就是打不太动了，再增加点前期资源？而且资源节点位置也，你基本要全队到一个整体高度了才能去好打下一个节点，想直接刷到新立绘的节点材料要求高的确实有点？
角色方面大部分角色立绘都非常有自己的风格，而且蓝卡能动有二段立绘还是值得点赞的，但是部分角色的比例貌似有点崩坏，然后角色技能方面只能说，一个角色一个技能（职业技大多固定）部分红卡的技能看上去都有点抽象，T形帛画的两个技能，一个召龟一个召鸟，鸟的能量要求比龟高这么多数值比不上龟（？）战略敌我双方互相站着挨打也很抽象，加上地形要是敌人在你移动格上面你就打不了是啥情况，然后那个过年任务，第一天任务还算正常，第二天任务是抽卡十次？我第一天抽完了我要搞第二天任务还得肝个十连？后续官方邮件补了个十连，自己也肝了个十连。再到第三天 也就是今天，你让我去打一天一次的活动boss才能解锁今天的活动boss？不是哥们，我就一次机会，你让我打了你再给我解开？多多少少有点故意的成分的，逆天的地方有好多，活动看上去和没动过脑子想过一样，而且，你那个30石头抽指定红卡是在说你也能自选吗（）买皮肤买礼包哪个不比你30石头换常驻红卡好，你能用的上练的动的就六个，其他角色你一下子练不起来的，我多的两个红卡真的没有一点多余资源练了。
再再再再吐槽一个地方
你那后宅活动真的开的没动过脑子吧，你那简单人机和困难人机的四子难度没区别吧，再是那个合成乐，你放三张单抽在那里，但是合成那玩意一次比一次难，你要最终级才能拿3张，你也别说不想打就别拿就行，那玩意就在你脸上放着你想整就必须被折磨你乐意？

ps：T形帛画可抽，练就不必了，小怪打不掉大怪打不动，boss还卡你地形（躲boss地图炮的时候被召唤物卡在外面动弹不得是真的相当抽象）",,1.0,
223324,物华弥新,39681411,2024-03-01 03:43:31,2,4358306,梅利,Android 设备,,['visual_music'],['gameplay'],"一坨漂亮的大便
战旗本来是好玩的但是做的垃圾，养成系统过于冗杂感觉可以把很多都砍了，物拟是亮点可惜剧情也烂。怎么数怎么觉得一无是处，玩二游的第n天我还在拯救世界。",,2.0,
223324,物华弥新,39681229,2024-03-01 03:25:15,4,4668242,可能吧,华为P40,,"['visual_music', 'gameplay']",['operation'],"有很多朋友觉得可玩性不行，相反，我觉得可玩性其实是合格的。如果能提升一点黄蓝卡强度当然更好。
刷装备这个我认为是空白期间对制作组来说最不费神又能敷衍玩家的东西，我还蛮喜欢的。

令人遗憾的两点，一是剧情还有人物塑造。
本来这个题材哪怕是搞最正统的历史科普，从古董们的视角看人类的兴衰和历史进程，都会很有意思，但结果又是老一套的拯救世界危机，说实话不是说这个老套就不能用好了，但很明显贵游的主编水平非常“古早”，有种看流水线小白文的感觉，非常乏味。虽然我已经小氪了三千，玩是肯定会玩，但只有把剧情搞得有意思一点，贵游才有未来。

二是养成机制和活动规划。非常繁杂的养成，我能肯定的是，没有玩家会喜欢反复为了一个人物不停地跑不同的本的，仅次于绘旅人的繁杂度和令人厌烦的程度，但那是个乙游。我能忍受的极限（但前期存的资源不足的时候也足够让人产生退游欲望），就是韭菜那种程度，绘旅人这种其实是不能忍受的，但它剧情不错。
然后是经验获取，贵游在这方面主打的就是一个“你别玩了，你给我滚”的情绪输出。
最后，活动规划，任务一天一解锁，第二天抽十抽，第三天打年兽，策划自己完整地玩过一次都不可能这么搞，最基本的逻辑性错误，还是线程单向逻辑，但凡有个五年游戏经验和九年义务教育经验的人都不会这么安排。
本来想给3的，但5.6不符合我对贵游的评价，7差不多，所以打了四星。",1.0,,
223324,物华弥新,39680912,2024-03-01 02:55:08,3,35981706,墨墨墨墨河,OPPO PFZM10,,['visual_music'],['gameplay'],"从幻书启世录关服以后我就一直在找一些类似的游戏，然后看到了来古弥新，作为一个历史爱好者看到“文物拟人”这个题材还是很期待的，经过了漫长的等待，现在已经是历史系大二学生了。
这个游戏单说画风我还是蛮喜欢的，但它与文物有很大的割裂感，给我的震撼相当大，就感觉只是单纯的一个纸片人套了一个文物的名字。一千个人眼中有一千个哈姆雷特，每个人对文物的理解不同，反正在我这里它不是我想象中的文物。
剧情方面来说，只能说是中规中矩，有点浮于表面，希望文案组能多多打磨吧。
三星给的是UI设计和画风。
如果这个游戏能让更多的人对文物感兴趣，愿意去进一步了解文物背后的故事，我认为也会是这个游戏成功的一点吧。",,1.0,
223324,物华弥新,39659259,2024-02-28 07:38:47,4,49915716,添一恒,HUAWEI Nova 9,7020.0,"['gameplay', 'visual_music']",[],"💃🏻立绘：挺舒服的
🗨️剧情丰富度：目前体验下来挺不错的，不错的配音与人设。同时对我进行了一些关于古物的科普
战斗玩法：我玩着挺爽的

最后想起一件事，过剧情的时候有时没有语音希望公测能解决。",,,
223324,物华弥新,39677074,2024-02-29 14:39:54,4,349341731,半现,Huawei P60 Pro,,"['gameplay', 'visual_music']",['operation'],"服务器开局确实是有点不稳定，但现在趋于稳定，如果正式开服，可能服务器还要崩个几次。
抽卡目前来说爆率挺高的，就我而言，基本二三十抽一个红，前期抽卡资源也挺好获取的，现在三测第二天，我能搞个140抽，就是，他没有大保底啊阿sir！我抽了120抽才抽到T形帛画，120抽啊，给我歪懵了都，拜托了，调高点概率up或者搞个大保底吧，我抽的好崩溃啊。还有一种小票用来抽卡，掉率还能接受，我就第一次搞到个黄色的，其他全是蓝色（拉起个批脸），怎么说呢，感谢新手保护吧。
体力，我真的很无语，一点不够用啊！他比1999还扣啊，我11级满体力就72点，打一次升级用的那个徽章蓝色的一次就掉2个啊，打一把20体，我打的真的好崩溃，刚上手，嘿，您猜怎么着，没体力了，果断下线。比我1999前期还摆。求求了，多发点体力吧，我连派遣都才只能派遣7次，因为派遣用的月饼一关主线就掉一次打一关主线15体，真的，有种太监逛青楼的无力感。体力啊，多点吧，求求了，求求了。
战力，我自己感觉飙的有点快，主线第二章第八关建议等级36级，我超30级才拉了四个，拉不动，真的拉不动。我个人是喜欢玩战力碾压的所以我基本会直接拉满我的主力，然后你就会发现，我经验书呢？哦，全没啦，后面拉一级要5本蓝色经验书啊，那没事了。真的，前面我都没敢多拉，我就怕经验书不够，结果还真不够，有种自己小心翼翼过冰面结果走到中间发现，嚯，感情这是通天河，笑死，根本过不去。
好用的角色，我自己感觉嗷，只说我自己感受，四龙四凤座，利簋，还有主线试用的越王勾践剑都挺好用的，一刀一个小朋友，兔型陶陨技能好的挺快的支援比较快，可以全场乱跑，四龙四凤座普攻比大招伤害高你敢信，而且当他快死的时候，直接一刀999，伤害报表好吧。其他还有没抽到的，抽到了再来补充，T型帛画最漂亮了，召唤物也挺好用的，就是容易和召唤物一起死。奶妈的问题，我到现在就有一个奶妈（虽然但是，我不看R级的奶妈，不要喷我），还是主线送的，我感觉奶量有点跟不上，而且她是单奶，如果没攻击到敌人两回合才能奶一次，而且她大招四个点！四个点！四个点才能奶一次大范围！我感觉我能推关推到现在，全靠我四龙四凤座灌伤害。而且我看了卡池，SSR目前就一个奶妈，sr目前也就天蓝瓶一个奶妈，生存位压力很大的拜托，又要抗伤害又要打输出，生存位很难的。
小游戏部分，我现在开到四子棋和那个合成，主要小游戏给抽卡卷哎，而且四子棋也挺好玩的，消磨时间也还不错，目前应该是有三个小游戏，等我把第三个体验了再来追评。
装备，我是真的难顶，根本刷不到好用的啊喂，我目前看到最好的是红品，但我看人家评论是还有琉璃品，就是彩色品质的，目前我还没看到，我现在还在为一个红品武器努力。他那个武器有副词条的，底下还有常态效果，详情请参照原神的圣遗物。你知道我拉了一个武器结果全点防御力的崩溃吗？你不知道！你根本没有心！
剩下的评论如果我完整体验完游戏，应该会回来追评。现在就这样叭，几天后再回来写。
你猜怎么着，他有错别字，下一次成了下一此，emmmm。",,1.0,
223324,物华弥新,39680254,2024-03-01 01:33:08,2,388799620,春日蔷薇,一加手机9 5G,,['visual_music'],"['gameplay', 'operation']","1.武器养成，本来三级已经不少了，现在又要出彩色，打算搞专武是吗?又是升级又是升星
2.角色养成，巨巨巨缺资源，不论是钱还是经验还是素材，一切资源都很缺，而且也比较繁琐，升技能和突破也就够了，最底下一行那个纯粹加数值的又是什么东西
3.抽卡机制，只有180井，而且池子之间不互通不累计，每月的可再生资源不加活动就三十抽不到，我请问呢这是跟哪个学的
4.剧情，非常尬，特别是第一章，上来就拯救世界了，而且点触角色语音经常出现音画问题……
最后说一下唯一的优点，题材和剧情过场cg，总而言之一句话，B站不愧是手游坟场，你弥阴得的，大家快跑",,1.0,
223324,物华弥新,39680219,2024-03-01 01:28:27,4,829944,Birdy,华为P40,24480.0,"['visual_music', 'gameplay', 'operation']",[],"优点
这游戏最开始应该都是被文物拟人吸引的，人物都是实打实的文物，还有相关介绍，配音也挺贴，剧情里国外文物还是英文配音。
说到这提一点缺点，就有些文物的技能好像有点出戏不是很贴，比如茶叶画得技能是拍照，emmm虽然都是记录方式吧，用画笔都好一点吧……
还有就是技能提示，一些主要buff或者debuff的提示有些不太明显。
就是纯好奇，这个加了属性的ai代理，打的倒是比我自己打快。但你ai是有点傻的，在代理有特殊机制的关卡的时候真不会翻车吗😳。
策略方面，目前打到第二章，一些隐藏成就，boss战斗需要稍微花点心思不是很难，但越级打是有点难度。
养成吧，养成是有点杂，要刷装备，装备强化进化，人物要点板子，要刷经验，反正就二游那一套啥都有。
",,,
223324,物华弥新,39680103,2024-03-01 01:04:26,5,416499805,师爷,OPPO A95 5G,29400.0,"['operation', 'visual_music', 'gameplay']",[],"三年之期已到供应龙王回归。
龙王回归都只用了三年，来古你最好今年公测，要不没你好果汁😏",,,
223324,物华弥新,39680018,2024-03-01 00:48:35,4,62074875,煤气罐煤煤,Vivo IQOO 11,180.0,"['operation', 'visual_music']",['gameplay'],游戏性一般其实，其他的还是可圈可点的，对了我的鹿鸟皮肤特效有点拉优化下谢谢,,,
223324,物华弥新,39679978,2024-03-01 00:38:38,2,5493295,筑汐,一加手机Ace,,"['visual_music', 'gameplay']",['operation'],"等了四年，本来玩的挺好的，但活动安排的是不是有毛病？
活动boss每天只能打一次，做完任务解锁下一阶段的boss。你这个任务是什么意思？卡进度是吧",2.0,1.0,
223324,物华弥新,39679702,2024-02-29 23:27:28,3,60640609,BrokenDreaming,Android 设备,11820.0,['visual_music'],['gameplay'],"首先测试服开服的事情表现出游戏服务器质量有多差，不优化建议先把开服炸服奖励准备好。
剧情还算及格吧，但是第一章的剧情节奏有点莫名其妙，指失忆又恢复的各种过程都怪怪的，世界观介绍得也不是很清楚，文物的宣传和介绍值得夸奖，虽然专业的东西大部分玩家也不懂，但能引起好奇心就是胜利，总之立意不错，感觉是后续各种联动能拿到手软的题材，画面ui有特点显得有点花里胡哨，有时候有点找不到往哪点。
战斗差的一p，不是说二游你就能完全不管玩法了，手机玩游戏那么小的格子各种点错，自动zhizhang得受不了，玩起来简直有种坐牢的感觉。战棋是小众玩法，但不代表不能做的很好玩。另外各种技能都挤在那么小的格子上，根本看不清格子有什么效果，尤其是第一章boss战，那个裂纹在哪个格子上根本看不清。
养成方面没体验完全跳过不谈，不过看点技能点的页面大概又是长线养成的方式。
抽卡我个人体验爆率不错，20抽两个池子的红色都抽出来了，希望公测也能这么欧。",,3.0,
223324,物华弥新,39664871,2024-02-28 17:49:36,5,45255774,沈千尘,Redmi Note 12 Turbo,,['visual_music'],[],"打完第一章了袭来，普通二游，普通的无聊剧情，策略性好像还行，反正我没怎么研究。帅哥美女都很多，从文物化来的立绘也很让人惊喜，值得下载一试的水平。
作为一个内测的二游可以给三星，加了一星给那个文物搜索引擎。
想了想还是给一堆进不去测试的一星再加了一星，怎么说呢，运营失败罪不至此.jpg


然后是太长不看的吐槽：

剧情回顾！！！我的剧情回顾重复听语音呢？！

1.把你那个难受的要死的UI界面搞好，剧情界面也是，操作混乱的要命，光好看有什么用？领取个奖励还拖拖拉拉成这样烦得很，抽卡的跳过也加的太慢了。
2.战斗里的异常提示太淡了，BOSS战那个异常地块特效淡的跟个什么一样我眼睛都要找瞎了，石块的血量以及击杀提示也没有，你不说我怎么知道它没有血量？怎么容易误触的游戏你直接把悔棋功能开放得了别搞个什么道具开放。
3.剧情我就不骂了，中配我也不骂了，也不是一个小公司能解决的东西，新手引导，你家新手引导干什么吃的？把活动在哪还有各种地方的新手引导都开一下行不行。
5.奶奶滴你家的治疗奶量少的可怜，我都不知道她到底是奶还是术士，要不你就专门做个奶吧我不缺伤害我求你了。还有那个四龙四凤座伤害是特别爆炸吗非要扣那个30%血干嘛呢？身为新手可能有的常驻器灵开荒这么不友好？
二编：（对不起我错了，原来四风四龙座是真的强。）
6.打开界面就要听一次语音烦得很，太吵了，建议关了。
7.新年活动三怎么想的？还击杀一只年兽，我昨天就击杀了非要我今天杀？
最后附一张你们怎么知道我十连双金了。",1.0,,
223324,物华弥新,39657462,2024-02-28 04:44:16,2,25653532,shuny,小米Redmi K40,,[],"['visual_music', 'gameplay', 'operation']","立绘还可以，但游戏2D小人一股页游的廉价感，角色有男。战斗是加了崩铁速度跑条的战棋。抽卡概率2.5还行没看到有专武。运营太烂了，炸服了还要人抢资格，离谱。
总之这游戏放2年前还勉强能玩玩，但现在不行。月卡都一个价的我为啥不玩头部那几个。制作成本比别人低了几百倍凭啥敢卖一样的价格
2D游戏也敢学米卖尸块？谁给你的自信？2D游戏就老老实实学粥或者舰。去年的9都不敢你还真的敢啊",,1.0,
223324,物华弥新,39679221,2024-02-29 20:20:32,1,65561844,夏七月,Android 设备,,['visual_music'],"['gameplay', 'operation']","不好玩，建议官方出设定集别做游戏了。等了几年做的这什么东西。
首先问题就是，剧情很像文笔很差的同人文，又是世界要毁灭了穿插友情爱情你救我我救赎你的，看不下去。
其次，剧情对话间隔太长了，我总是感觉他要说完的时候，他又蹦出来一句。中间间隔也不能说太长，总之就是让人给一种感觉，就是他已经说完了，结果他又出来一下，很烦。
抽卡方面，又有个类似命座的东西又武器还随机词条属实难评，那个命座一样的提升不高。且很怪异。
还有一点就是，找攻略过关也不太行。因为有可能怪走向和攻略的不一样。战棋类游戏不常见，不能说一下子就上手领悟应该怎么走，不看攻略自己摸索要重开好多次。
要刷的资源太多。UI设计也有点乱。
只能说美术拯救游戏，美术是真好看，其他的太难评。",,3.0,
223324,物华弥新,39679199,2024-02-29 20:08:17,1,37881065,快乐风男,Redmi K50 Ultra,,"['gameplay', 'operation', 'visual_music']",[],"没玩到还问我游戏好不好玩，跳脸是吧
",,3.0,
223324,物华弥新,39679183,2024-02-29 20:00:25,3,604118141,人个家259590,Android 设备,,['visual_music'],"['operation', 'gameplay']","网络问题导致我的游戏账号没有名字。
玩法不感兴趣。
设定新颖，但剧情没有亮点。",,1.0,
223324,物华弥新,39678646,2024-02-29 17:28:12,4,59968137,陌路人,Android 设备,,['visual_music'],['gameplay'],画风和音乐我是真的很爱，但是玩法不喜欢就很纠结，主要是Ai真的蠢，但是战棋类的游戏我又十分不想手动磨血……不知道是不是我练度问题，真的太磨了，而且研究了很久也搞不清技能涉及的范围，就很头疼😩另外有点就是主线不好看，没玩之类很期待，玩了后发现这个剧情是真的无聊……,,,
223324,物华弥新,39678037,2024-02-29 16:09:20,1,418706507,萍水相逢的小岛,OPPO Reno9 Pro 5G,5880.0,[],"['operation', 'visual_music', 'gameplay']",一个游戏做稀烂，还有红的铜奔马，没有对比就没有伤害，黄的特效都比红高的多😓,,,
223324,物华弥新,39677882,2024-02-29 15:51:43,3,18424221,来亿口桃桃,OPPO PEGM10,13020.0,[],[],"期待蛮久的了，也有参加之前别的服的测试，整体真的不太行
首先题材是好的我蛮喜欢，但是有的立绘根本看不出文物的特征，没有特色
福利也不行，180的大保底竟然不继承？",,,
223324,物华弥新,39677658,2024-02-29 15:31:53,5,7749540,［        ］,Nubia Red Magic 8 Pro,600.0,"['gameplay', 'operation', 'visual_music']",[],虽然我体验时间短，但是整体游戏玩法还是可以的，,,,
223324,物华弥新,39677604,2024-02-29 15:27:35,3,520807448,千与,华为 Nova 8 Pro,32220.0,[],[],"一星扣在服务器，一星扣在无up保底
首先说说题材，题材为文物拟人讲真我是真的非常感兴趣，特别是在看了b站某个up主整的《逃出大英博物馆》之后想玩的兴趣达到了巅峰，即便听说是战旗游戏我依旧十分感兴趣。
其次说下立绘，立绘感觉还是蛮不错的，画风优美，一些文物的拟人的古风装扮也很符合我对她的期待但是角色台词太少一直重复也是缺点。
然后是剧情，剧情的话emm怎么说呢我个人感觉还成。我是更偏向于主角莫失忆而是新手啦可能这样更有代入感？不过个人偏向不喜可略。
接着我得骂骂这个傻瓜服务器，十一点抢注直接炸服，炸我七八分钟一直网络不稳定，呵忒，我都以为抢不到资格了然后进了游戏之后依旧不稳定😕
最后的最后，这玩意测试的时候爆率还可以我个非酋也是来了波双红蛋，但是实际爆率dddd正式上线为准，但是我为啥还要扣分呢？是的她两个红蛋都歪了😅
我不知道她正式上线之后会不会有保底，但目前我是没兴趣了，公测再看一波，浅退。",,1.0,
223324,物华弥新,39677434,2024-02-29 15:12:28,3,47436316,清冥的安茗,Android 设备,,['visual_music'],"['gameplay', 'operation']","战旗类，第一次玩这种，还挺上头，个人很喜欢但是很繁琐，会牺牲一部分社畜党的热情。
剧情有点谜语人，不算特别优秀，勉强及格。
养成过于繁琐，冗杂。红点提示对强迫症非常不友好，建议去掉红点。希望官方明白有提示≠必须升。给玩家一些可选空间更好。升级难，打关难，体力少，长长的一串升技能系统让人眼花缭乱，UI还特别不明显，这点让可玩性大打折扣。主打养成的系统连让玩家都不知道养什么的话挺失败的。
角色不容易弄懂吧，官方还搞些数值机制怪，我感觉对面怪各个都比我强，抽到的角色大部分近战单体，对面远攻群体，给我看得一愣一愣的。建议下调难度。希望官方能吸取玩家意见，不然公测口碑会很差。",1.0,,
223324,物华弥新,39677320,2024-02-29 15:01:46,1,51964513,夙愿,Black Shark 5,,[],[],下载还没来得及玩，人就满了让我怎么评？,,,
223324,物华弥新,39677244,2024-02-29 14:54:24,4,15302081,樱下小渚花田汐,Redmi K50 Ultra,,['visual_music'],[],不知道为什么这种花里胡哨的画风很符合我的审美，就可惜游戏是战棋,,,
223324,物华弥新,39661285,2024-02-28 11:24:43,5,539743882,butaburger,Vivo IQOO Neo9,,"['gameplay', 'operation', 'visual_music']",[],"美术 5/5
很棒的国风美术风格，文物题材更是让人耳目一新。人设也好立绘也罢看出来很用心的设计了，而且每个角色好像都可以解锁第二张立绘
UI 4/5
UI风格有点偏日厂二游的风格，主打一个人艳丽丰富，各个按钮或者说元素之间的分界感不明显，第一印象让我感觉游戏眼花缭乱，不知道玩久了能不能适应。
剧情演出 4/5
第一张打完感觉剧情文案不能说是太出彩，也许还有打磨的空间。还有就是没找到日志回放功能，一不小心误触就错过了。
养成舒适度 5/5
肝氪度这种东西测试服也不好下定论，但是没有武器池加上井相对较浅可以说是第一梯队了，各种礼包看上去也比较丰富，感觉是属于轻氪很舒服的程度。
游戏玩法 3/5
与现在其他战棋作品相比可玩性确实一般，只能说优点是没有玩过战棋的玩家易上手。
运营 4/5
内测炸个服啥的个人感觉戾气没必要这么大，删档测试而且测试时间这么短何必非得玩到。要说是喜欢这个游戏一定得玩到吧，测试炸个服就恨不得把制作组吃了，那要是不喜欢这个游戏，那为啥非得这么急着玩到呢，不是很理解。
综上所述个人感觉总分大概4.5/5左右，加上对于题材与美术的好感度五分满分，希望制作组加油，早日破局。",,,
223324,物华弥新,39676720,2024-02-29 14:07:45,5,5615887,微笑404,小米13,2760.0,"['gameplay', 'operation', 'visual_music']",[],首先立绘真的好看，玩法上也很容易上手，抽卡概率很高，也不知道是不是我欧，总体来说还不错,,,1.0
223324,物华弥新,39676667,2024-02-29 14:03:54,3,26805379,鱼鱼鱼与鱼,Huawei Mate 50,,['visual_music'],[],人物设计有新鲜感，但是玩的总有种不得劲的感觉。,,,
223324,物华弥新,39676245,2024-02-29 13:29:04,4,48824025,"""""死于数学,亡于物理..",Vivo X90,,"['operation', 'visual_music']",[],"等了一个很久的游戏，参加过二测。
当时我玩的挺爽的（当时爆率很高），但当时问题也很多就比如主线的难度和剧情，不现在好很多（主线依旧很难打）。下面是修改建议
1.养成的人物多，培养步骤繁杂，需要材料多，给的体力少。升级角色没有实质的的提升和爽感。
2.主线难度太大，关卡与关卡之间的过度很差，关卡的难度与练度资源严重不符。
3.可以去掉对局内的二倍速和速度，回合内角色可自主移动，这样可玩性会高很多。
4.这个准备界面的UI作的非常差劲，你是有三星条件的，那为什么不显示出来。还有那个挑战，我打快打完第一章才注意到还有这玩意，我以为石头是三星就给，没想到还有条件。而且这条件在不注意的情况下，你是要去打第二遍的。
测试吐槽
炸服这我都见怪不怪了。
既然是测试就是要体验基本的游戏内容，给的体力少，要的材料多，关卡难度太大有些活动根本就体验不到。资源全靠肝，可没有体力和游玩的内容。我想肝还没法儿肝，没有二测玩的舒服。
o(¯▽¯)d不过这测试服算这两年游戏界上乘的了
制作组态度好，没有什么大节奏，游戏题材新颖，可以当副游玩玩。
好好整改，哥们等你",,,
223324,物华弥新,39676212,2024-02-29 13:26:32,5,109359685,悠,Android 设备,,"['gameplay', 'operation', 'visual_music']",[],喜欢，等了很久了都快成执念了😂😂😂画风是我很喜欢的，策划个人感觉还行,,,
223324,物华弥新,39676115,2024-02-29 13:17:42,5,84062045,夏夜清月,Oppo A58,,['operation'],[],"有一种要长脑子的感觉。
他的立绘真的好看，没有什么可以挑剔的地方。每个角色的性格鲜明，都很可爱。
在玩法上就是控制角色走，选技能攻击这样。我个人觉得完美通关有点难（不是真的特别难），他对角色的选择和站位有点要求，打的好通关就快，打的烂就容易失败。
剧情做的也好，就是开局“我”昏过去了，醒来和角色对话时有点像小脑萎缩一样。
没玩多久，暂时没感到什么缺点。",,,
223324,物华弥新,39675842,2024-02-29 12:57:42,4,567990158,棠笙,Android 设备,,[],[],我也说一下，为啥我打四星啊？很简单，因为我没玩。他的美术非非常好。简直画在我的心巴上了😘，其实吧，这游戏啊，我也是预约了，但是吧，只能怪我手速不够，我在登录的时候，这个资格已经被抢完了，所以没玩到😑，还有啊，就是这个是系统自动推荐玩过的，发表评论哈。虽然我没有真正玩过，但是我也是下载好，加载好了的。所以应该也算玩过😐,,,
223324,物华弥新,39675643,2024-02-29 12:39:44,3,74937756,|･`),Android 设备,,['visual_music'],['gameplay'],"首先立绘是漂亮的，战斗是玩不明白的，第一次玩一个游戏那么憋屈时不时就卡等级
主线打不过→那就去升级→升级要材料→材料关要先过主线→主线打不过",,1.0,
223324,物华弥新,39658469,2024-02-28 06:15:55,3,30115602,长殷,Android 设备,32640.0,[],[],"二编：
第二天终于可以顺利玩了，到2-10左右开始卡了，难度up。玩法上手了手动操作一下还挺有意思的（虽然有一部分自动ai太傻的原因）。
目前体验最大的问题，养成太杂了，进而导致非常缺体力。
角色升级不能简单的花点材料直升而是分阶段达成目标式升级，三四样材料每一个对应不同的副本。补充属性和技能升级也同样要刷本，梯度很多。材料本难度跨的也大，一阶最简单的先不说，二阶到三阶的推荐等级从20到50，我养一个角色从20到50要花费多少材料，还得养至少六个:)打不过三阶打二阶难度吧掉的又少，而随便点个技能至少打三次，一次20体力。
角色还有武器，不同类型的角色适配不同的武器，武器本出的材料是不固定的。武器也是要养成的，升星、突破、升级。最离谱的是搞副词条那一套而且随机词条:)
记得还有个角色好感系统忘记了对角色有没有加成，如有，又要刷材料了嘿。
除了养成之外还有这个抽卡的问题，非常好不是完完全全硬吃保底，提前出红但是非常能歪。第一次歪的时候我想下一次该出了吧，结果第二次还不是哈哈哈:)你是真的up了概率吗？以及非常离谱的保底不继承。这样的情况下没有180抽谁敢抽啊？
最后，照现在的情况这游戏并没有多少突出到能抢占市场的地方，你不如换换你现在的定位，别整那么多乱七八糟的东西，该优化的优化，做个副游可能更好一点。
——————————————————
游戏时长84分钟，游戏等级2级:)
你这网络到底什么时候能修好？上线啥也操作不了一直显示网络不好连接中balabala然后返回登陆页面再点进去再连接再返回如此重复。受不了了退出。什么时候修好了我再上线。
抛开上面这个问题，被画风和设定吸引来的，之前的测试都没参加过，前两天b站看到三测信息，定了今天10：59的闹钟起来，然后一直网络不稳定，炸到11：07我终于进去了。抽卡类游戏不太爱看剧情，但是对古董器物这些还挺感兴趣，把它们的背景介绍都融进对话里，打游戏还能扩展一些知识其实挺不错的，这样的剧情我也比较乐意看，配音也会比纯文字更有兴致点。但是剧情对话点一下配音就戛然而止真的很突兀，剧情回顾里也没有语音可以重复。
游戏主要玩法战旗类，以前几乎没有接触，确实很不习惯，感觉很麻烦，流程很长什么的。但看到不少喜欢这种玩法的玩家又会觉得过于简单。啊习惯了阴阳师崩铁那种玩这个还得花点时间适应一下了orz
角色立绘什么的有的有背景有的没有尤其是同级别的卡希望能一致。
然后某个礼包好像看到有角色装备/武器（？）一类的东西，希望不要搞圣遗物词条什么的那一套。没看到要不要升星叠卡。
角色是要升星的，希望微氪/白嫖玩家有稳定获取来源或无需升星一样能打。
UI画风比较统一但同时有点复杂不知道对应什么系统，希望优化或者新手指引补充完，也可能我还没体验到。
暂时这样，等稳定了上线再玩玩看。",,3.0,
223324,物华弥新,39675369,2024-02-29 12:14:23,5,5811832,❦零❧❦斗❧,Android 设备,,"['gameplay', 'operation', 'visual_music']",[],我喜欢这种风格比较轻松的游戏,,,
223324,物华弥新,39675289,2024-02-29 12:06:52,3,70306139,柒,Android 设备,18180.0,[],"['gameplay', 'operation', 'visual_music']",玩了两天，不尽人意，给我的感觉就是正常的二游批了一个文物的噱头，难度算上附加任务也是偏高了，养成比较麻烦,,5.0,
223324,物华弥新,39675015,2024-02-29 11:45:51,1,33502492,芝芝喵,iQOO Neo 5 活力版,,[],[],前天下载，昨天登录玩不了。测试版还要抢名额，也是醉了😅,,1.0,
223324,物华弥新,39674856,2024-02-29 11:35:07,2,3353446,僵尸很爱笑,Android 设备,360.0,[],['operation'],逗我呢，说是有资格，进去一看又说没资格，骗下载量不是？,,4.0,
223324,物华弥新,39674796,2024-02-29 11:29:55,3,591809491,ue与545,Vivo IQOO Neo7竞速版,,[],[],诶不是你这个主角立绘保持黑色剪影挺好的，现在这个韩漫风格的双开门冰箱男主是什么情况,,,
223324,物华弥新,39674695,2024-02-29 11:21:33,3,99474115,桜,Honor 80 GT,,"['gameplay', 'operation', 'visual_music']",[],"画面太花，点击反应和手感巨烂无比

！！重点！！凭什么不让我边玩边刷小窗！！！都自动了你要我看什么我看了也过不了，失败就重开或者回去升级呗

虽然不知道运营会不会看，但是还是想说如果能点一下滴一下会更好，就是比如日常，点一下收菜，再点一下直接出奖励，而不是等你那个纹章动画完了才有，新手指引也是，点两下就直接把这一趴全展示了，而不是等慢腾腾地出完字幕才能点
和我预想的国风类差别有点大，美术风格也不太符合我的预期（总感觉和之前宣传的有点差别但是说不出来），特别是商店里的皮肤，有些真不觉得比原皮好看，但是皮肤可以靠肝（像明日方舟一样）值得表扬
至于玩法，没有脑子所以都是直接自动，ai也还行没有像9一样弱智，可以用练度碾压，扫荡也是和9一样看一遍扫多次
抽卡还是得看公测，这次测试有个号很欧有个号很黑我也不好说
总结，建议白嫖或者套个月卡玩，有低星战神，我是咸鱼玩家我感觉还不错，公测会下下来玩玩，要是运营作死就跑路
",,,
223324,物华弥新,39660056,2024-02-28 09:06:41,2,7951573,幻·夢,Huawei Enjoy 60,4800.0,[],[],"我真的受不了了一进游戏默认给我开最低画质糊的字都看不清，进去之后就必须教程教程好不容易出来了我终于去改了高清，嗨，您猜怎么着，一点也没发热现象呢！所以我明明开高清一点问题没有您为什么给我默认最低呢？
还有就这么多年玩游戏了我是第一次看见进个七日签到还他妈有教程的，进个商店买免费礼包也有那个b教程，您面向的玩家是哪一类啊？婴儿类是吗？那婴儿类也看不懂您这字啊？
————————————————
好消息是我下午四点多才想起来进游戏（然后下载了半小时资源乐）倒是没出现网络问题（笑）所以就不打一星了罢（笑）
————————————
更新一下：就是说敌方行动中和我不能开二倍速有什么关系啊？
哦原来是教程里不能开二倍速啊……不是为什么不给开二倍速……
————————————
实话说我觉得作为一个战棋，你为啥要设个速度条啊？本来我想主c来k头回能量结果速度第一就是主c（悲），真的是很难理解的设计。
还有一条比较难理解的是不能悔棋，我寻思吧你都从21年测试到24年了悔棋功能是没做出来还是必须氪金才有悔棋功能啊（因为我完全没氪不了解氪金部分哈）
还有这个战斗动画，有tdj珠玉在前（，你做的真的一般，或者能不能给玩家开一个跳过动画罢。",,5.0,
223324,物华弥新,39674415,2024-02-29 10:56:16,5,55383341,等你很久了.,荣耀 60 5G,,[],[],💃🏻立绘建模,,,
223324,物华弥新,39674296,2024-02-29 10:46:37,4,408828902,沉欲落雁,Vivo V2166A,,"['gameplay', 'operation', 'visual_music']",[],"可以玩但是有待提高  被恶意刷低分了
玩了有这么久了我觉得可以玩  虽然不是学历史的但是看到文物以游戏的方式进入我的脑子里确实很有趣，从之前预约到现在谈谈我的感受。

💃🏻立绘建模：
立绘我觉得每一个角色都突出了文物的特点就比如金瓯永固杯她的手上就是本体  角色技能也突出了角色本身 每个角色都给我一种特别贵的感觉

🌃画面音乐：
画面特别养眼  看惯了其他游戏的画风第一次看到这种的确实让我提起了一点兴趣
音乐可以适当将声音调小一点（因为会有一点大声）  音乐好评 我觉得好听不错

其他的就是游戏玩法 可能有人对这个游戏玩法不太感兴趣因为确实就是普通的走棋类型  希望官方后续可以开发一些小游戏  官方了解文物希望也能更加用心挖掘不要打着文物的靶子圈钱
希望正式上线也能像我现在一样欧",,,1.0
223324,物华弥新,39674182,2024-02-29 10:36:30,4,16168387,喧嚣,小米Xiaomi 14,,[],[],还好画质不错，,,,
223324,物华弥新,39674151,2024-02-29 10:33:52,5,46874547,永吉鹏晏,红米 K40S,600.0,"['gameplay', 'operation', 'visual_music']",[],很喜欢这个美术风格,,,
223324,物华弥新,39674101,2024-02-29 10:30:11,2,7220749,十言九妄°,Vivo IQOO 10,,[],[],不好玩，女的立绘越穿越少是这个游戏的命运，别整文物拟人了,,2.0,
223324,物华弥新,39673930,2024-02-29 10:15:06,3,84239501,Polaris,Android 设备,,['visual_music'],"['gameplay', 'operation']","你家战旗地图做的是真恶心啊，恶心到爆
第二章第一关都过不去。挤在一条线上我真的要笑死了",1.0,,
223324,物华弥新,39673557,2024-02-29 09:47:20,1,57507354,User57507354,Honor 70 Pro,420.0,[],"['gameplay', 'operation', 'visual_music']",抢到名额了，告诉我注册人数已满是什么意思，我下载完了你告诉我人满了，要不直接就别给我名额，浪费感情😓😓😓,,,
223324,物华弥新,39673163,2024-02-29 09:15:22,1,107354432,手机用户107354432,Redmi K30 Ultra,,"['visual_music', 'gameplay']",['operation'],游戏不好说不过就b站这态度妥妥的就差评。资格获得了不让进，还说tap显示错误，88以后b站游戏我离远点。,,1.0,
223324,物华弥新,26828884,2021-09-10 05:01:01,3,108426940,洛时,VIVO IQOO Z1,24900.0,[],['operation'],"2024.2.29留
昨天差不多玩了一小会，只能说我预期的确实有点高了，因为我在21年的时候经历过最初测试，我不太清楚二测的相关，但它确实和三年前没有太大区别，就好像三年过去了它还是一个巨大的半成品甚至有些落伍了。
首先是剧情方面 了，一测剧情开局人物是“我”与蝠桃瓶，所以制盐砖出来的时候我还愣了一下，当然制盐砖的家乡话配音这一点还是挺好玩的，不过比起一测，开局的剧情甚至有些莫名其妙了，我能理解他是想尽快把新手指引和人物搬出来，但是我并没有从中明确的感受到，“我”和文物的羁绊，好像身为主人公的一部分有些弱化了，因而不能很好的代入。
二游的故事发展似乎总离不开什么世界末日，但是我初看这次测试剧情，以为是轻轻松松的日常向慢慢引出后续，结果突然端上来一盘菜，让我看的很别扭，于是迅速跳过，而且语音你有时候不小心点两下他就哑巴了，难评。
再就是战斗方面，战旗小众什么的话我就不说了，我主要说想对于误触这点上来说，因为角色行动你需要点格子，但是如果点怪在你过不去的时候，它就不停的闪立绘很影响体验，我更希望让它一动不动，误触就误触别让我一直点。
美工方面还是要夸夸的，这游戏这么多年还有人取代就是因为这能打的画风以及独特而且吸引人的界面和题材，我说真的战国铜餐具真的很可爱我要变成萝莉控了。
然后我发现这游戏可以自动了，挺好的，要是能再倍率一下或者跳过就更好了我真的烂烂的。
我看评论区有人说这游戏的竞品有1999，怎么说呢，9的质量和剧情其实比物华弥新更出彩一点，至少主线我当时看9感动的稀里哗啦的，物华弥新我只感觉无聊，但是介于这只是测试，所以都有的改，剧情方面更好一点或许会更吸引人。
总体来说剧情方面只能给个一二星，可能是因为我二游玩多了嘴刁，美工卡面可以给它加点星，三星评价中规中矩
不过以上仅为我个人的偏好，不能代表其他人 ，仅供参考，真正喜不喜欢还是要自己去玩

(后面都是21年测试的评论可以不用看)






我对这个游戏期待值一直蛮大的，所以这次测试确实让我失望了
画风说实话还可以，剧情也将就，但确实没有让人玩下去的欲
先是登录出问题，没办法领签到奖励，过剧情的时候点的也巨不舒服，开局的男人物老是让我感觉脸歪了，别扭的不行，可以的建议设置加快剧情的按钮，毕竟有些地方完全可以略过
战斗画面无聊又长，难度也有点大，不太适合大部分受众，技能指引则是该告诉的地方不说，让人懵逼，弄得我都不想推主线了。
题材挺吸引人，但真的不缺你这一家，让人感觉玩这个无聊基本上就等于被淘汰了
好好改进吧
更新一下评价
肝，真的肝，没自动我猝死真的，玩法我目前算是掌握了吧😂，但只能说真的挑人，新手教程可以分跳过和详细的，因为对于未玩过战棋的玩家来说真的要花心思才能搞懂，关卡不能挂机不能跳过，我这种咸鱼玩家真的难熬，还有倍速问题，我好像虽然设置了二倍速但第二次打还是会变成一倍速，
具体就不做说了，翻了翻评论区已经出现了很多类型的评论，我这里就不做参考了，毕竟我只是单纯注重收集不太注重玩法的那一类人，玩家也没有高低贵贱之分。
之后如果测试我还会继续关注和参与的
2024.2.28留
没想到给我留测试资格了，骂早了，等我玩完再改",43.0,89.0,14.0
223324,物华弥新,39672872,2024-02-29 08:52:40,1,6142964,医生的丑小三,小米Redmi K30 Pro Zoom Edition,,[],[],题材新颖，但界面实在是太花里胡哨了，尤其是敌方攻击范围提示，太艳了，看不到地格。抽卡体验很不好，硬吃大小保底。加上误发资格骗下载，好感度骤降。,,,
223324,物华弥新,39672863,2024-02-29 08:52:11,4,386306262,云乱,Android 设备,6660.0,[],[],"画风很好看，喜欢。
UI有点过于复杂花哨了，感觉可以简化一下。
不知道是不是我手机的原因，这个游戏一开小窗挂着做别的事就会自动暂停，别的游戏也不这样啊",,,
223324,物华弥新,39672733,2024-02-29 08:39:49,3,368749607,大侠,Vivo IQOO Neo8,9840.0,['visual_music'],"['gameplay', 'operation']","1.题材新鲜，历史文物拟人。认真做很容易出彩，但也容易做成刻板印象。在角色养成界面有对文物的溯源，这一点值得好评。
2.美术独特，ui界面让人眼前一亮，不过似乎也有点太亮了。角色立绘整体风格统一，个人很吃这一套。
3.剧情一般，比较常规的设定。没有那种“大的要来了”的感觉。
4.需要优化！过剧情点对话框的时候很容易跳过语音；活动对话直接浮现在界面上而且每段对话中间的间隔太长了；引导不够流畅。总感觉一卡一卡的。
5.肝度一般。没有扫荡但有平替，角色养成感觉类似1999，等级、突破、重复抽取、考核爬格子、武器（不用抽卡需要升级），似乎还有个圣遗物？看着复杂但其实还好。
6.福利一般。关卡首通送一个付费石头，幻视方舟；15块一抽，70保底，up可能歪2次，每月日常获取抽卡资源约30抽。
7.战斗繁琐。角色动作很磨叽，希望有3倍速。部分关卡不能自动强制手动，虽然自动很蠢，但是手动很累。关卡除了评级目标还有隐藏目标，一不注意就还得再打一次。
中规中矩的二游吧，等了这么久，本来以为会更好一些的。",,,
223324,物华弥新,39672703,2024-02-29 08:37:20,4,28458229,丩眽,Honor 70 Pro,,"['operation', 'visual_music']",['gameplay'],"过于注重美术反而忽略了可玩性的典型例子。
美术真的没话说，但是整体游戏的引导性特别特别差，ui色彩等区分度很小，玩起来很难快速找到需要的功能，主页面的菜单显得过于杂乱（删一点罢）。对局内的页面也非常令人难受，想找的功能也是找不到，比如那什么自动战斗，还有角色的状态栏等等需要强调的信息没有强调出来，整一个主次不分，玩起来特别难受。
战斗方面我不是很了解战棋游戏，但是这个难度是不是有点小高了，而且玩法感觉还是挺麻烦的，希望可以继续简化一下。还有关卡等级卡得太死了吧，第一章不是忙着刷经验书就是忙着刷突破材料，刷完材料后打关卡能感受到的提升其实特别小（），这个真的很影响体验哎，嘎嘎拉了好久的角色结果关卡难度比练角色进度还快，战斗本身就复杂，养成还得不到爽快感，短期还好长期我个人是坚持不下去（）。
因为剧情党所以讲讲这个剧情，目前只玩了第一章，总体给我的感觉是剧情割裂感特别特别强。首先开篇的轻喜剧风格和后边的灾难降临的压迫剧情之间没有一点点的铺垫和衔接，观感特别差，我理解是要营造前后的对比感，但是过犹不及，这样的对比已经到突兀的地步了。其次战斗过程中角色的台词也有点莫名其妙的，不像是那个情境下能说出来的话。而且这么一个灾难性的大场面文本量反而过于小了，感觉剧情特别赶，没怎么渲染惨烈的景象，玩家情绪还处于莫名其妙的状况下角色就已经开始唱易水了，难绷。福桃瓶的配音在这个大场面下也显得不太行，没有危机感和该有的决心和力度，没法表现角色在受冲击情境下的激烈情绪变化，当然这个也很有可能是台词拖累cv发挥。
总而言之希望还能继续改改，这些除了战斗系统都不算是开发的大问题，祝越来越好！",,3.0,
223324,物华弥新,39672469,2024-02-29 08:16:19,1,107697055,平平淡淡,Honor 80,,[],[],"不能玩就别放下载  下载好了又不让玩
",,,
223324,物华弥新,39672432,2024-02-29 08:13:16,4,6682681,好运来,Android 设备,,"['gameplay', 'operation', 'visual_music']",[],"玩了两天，不过昨天因为服务器原因所以大概只算是玩了一天。
立绘我是喜欢的，都挺花里胡哨且赏心悦目，不过有些男性角色有点简单，普通的现代衣服，很板正简约。live个人觉得没有多大毛病，角色q版也很可爱。
剧情我一般都是跳过的，不过看了两三节，个人觉得没多大逻辑问题，就是过程有点套路。
掉率还是良心的，七十抽三红（俩限定卡池＋新手卡池），不过第一个限定卡池我差十抽保底出的，后面的都是十抽出的，好在都没歪。
福利的话我觉得没有抠门吧，我玩游戏都是比较佛系的。
音乐方面的话对我来说有点一般，但还是挺洗脑的，角色配音我很喜欢，挺贴脸的。
玩法我是比较喜欢的，不过自动的时候开小窗的话游戏会暂停，导致不能摸鱼。活动挺简单的，活动的玩法一般，就剧情＋打怪＋挂机＋奖励。
游戏还是好玩的，很上头。希望能早日上线。",,,
223324,物华弥新,39665027,2024-02-28 18:25:09,2,501370187,3ee0,Redmi K50,,[],[],"————————29号下午——————
我服了战斗小方块快看瞎了，怪/人物在上面站着我地砖状态颜色什么也看不见，费劲。
还有月卡怎么还得自己领？我差点忘了，能退钱吗？就这么端出来玩不下一点。游戏做的好复杂，内容是不少，但是我觉得不好玩，这游戏吸引我的竟然是唯一优点，那我云看一下角色介绍不就得了，若只剧情也纯纯浪费时间。

————————29号凌晨——————
美术：⭐⭐⭐⭐立绘不错，角色都挺有特色。希望保持设定贴文物，别和其他换皮二游一样做个大胸美少女露个肉就得了，说实话你游唯一优势在文物设定。
音乐：⭐⭐⭐喜欢，战斗曲莫名上头。
战斗：⭐⭐我菜，才到1-15，这关应该用远击打，我养了一堆近战，打了一次懒得打了，明天继续推。个人战斗体验一般，可能是个人因素，感觉还是靠等级考数值，策略性也就那样吧。
养成：⭐⭐升级，考核，装备，还有别的吗？目前看很繁琐。可能你定位是主游吧（但是我怎么觉得你没有那个实力占据我这么长时间...？
剧情：⭐⭐开头挺好笑，热热闹闹日常风，后面灾难来的太突然，强行煽情挺尴尬的，剧情不像其他二游谜语人，才到1-15所以可能大的在后面，目前是不太吸引我，实在不行做不了深度做成日常点的吧。倍速看不懂了，完全没倍速好吧，对话很慢，很久才出语音。
抽卡：⭐⭐70小保底180井（个人因素我很讨厌井！感觉毕竟几年前的了，设定比较像舟，主线送资源可以换皮肤。
总结：这题材期待了挺久，也因为这个一直卡版号，开三测火速搞了资格，氪了点，体验了一天，心理评分一直掉掉掉。这个剧本有点像23年二游逃杀胜利者9，那个也是三测出节奏滑跪改了，不多做对比了，苦等多年版号，错失风口，背靠二游坟场，希望你活下来。",,4.0,
223324,物华弥新,39672098,2024-02-29 07:41:46,5,30108950,ㄨ × ✘,Vivo V2047A,10500.0,"['gameplay', 'operation', 'visual_music']",[],从测试来看，除了活动进入界面按钮🔘太小之外，没什么大问题，主线没有被卡。,,,
223324,物华弥新,39669819,2024-02-29 04:39:17,4,339403939,古树门中见,Huawei Nova 7 SE,,[],[],"乐，现在互联网环境真是太乐了，想找个靠谱点的测评都看不到，还在测试阶段抢注炸服就刷差评，抽卡歪了了刷差评，游戏玩法不喜欢就刷差评，拿日式战旗去跟美式战旗比，你怎么不把文字游戏当动作游戏玩呢呢？（好像还真可以）玩一小时就说深度体验，没有内容，泰勒不等式秒了，哈哈哈哈
玩这游戏的人大多是冲着文物来的，在支线里面，主线是传统的拯救世界的题材，一大帮人主线里面找，你家主线这么写的？
扣一星是因为商店ui的反馈不明显，买了都不知道买了些啥，这点极为重要",3.0,2.0,2.0
223324,物华弥新,39671925,2024-02-29 07:26:04,1,487039993,CC,IQOO Neo6,16980.0,['visual_music'],"['gameplay', 'operation']","土豆服务器，开服抢注卡算了，后面还是动不动就卡。
剧情方面看的出来应该是ml游戏，不是也别怪我，没怎么研究。怎么说呢，这个剧情是真的水啊，玩了5个小时一半都是剧情，关键是我也没打多少关啊。
游戏难度方面，额，用人话来说就是，基本没有跨等级打的可能性。完美很好打，只要多养几个轻锐和勾术，盾奶拉上来在同等级下完美很容易打的。至于跨等级，那还是算了，你游策略性和s一样，看着像是能靠策略，但是实际，都是数值。每个职业主动技能1基本都固定了。然后有设计图的情况下，选那个开局能量的，基本开局都能开大，也没啥意思。
养成方面……没有扫荡，要的材料一堆还不送。我玩过千年之旅，和这个游戏要的材料差不多，甚至还能多点，那为什么更喜欢千年之旅呢。当然是因为它送的多。你游送啥了，就一个100体，其他涂料一点也没看到",,,1.0
223324,物华弥新,39671738,2024-02-29 07:09:41,1,112076682,不停,小米13,,['visual_music'],"['gameplay', 'operation']",进都进不去玩什么？除了画面一无是处,,,1.0
223324,物华弥新,39671626,2024-02-29 07:00:24,1,513677375,人间失格,Android 设备,,[],"['gameplay', 'operation', 'visual_music']",史一样的抽卡体验,,,
223324,物华弥新,39671584,2024-02-29 06:55:59,5,3083034,祭川°,OPPO PFDM00,,[],[],挺好的，对比隔壁刚刚开服的某倒游简直是爆纱，我是反正想不通2024年了怎么还能做出那种游戏，服务器和资格问题扣分太多了，游戏是好游戏，派遣也是能出金的,,,
223324,物华弥新,39656779,2024-02-28 03:54:10,2,368548353,hur,Android 设备,7860.0,['visual_music'],['operation'],角色尸块，而且难抽,,,
223324,物华弥新,39671250,2024-02-29 06:23:46,4,48249632,流云激光,Redmi Note 10 Pro,,['visual_music'],[],"个人评价——分为优秀、精良、合格、不合格、不关心
画风方面:优秀，而且可以说和很多我看到的游戏都不同，点进主页面就能感觉到那种中华的五彩缤纷的感觉。尽管因为版号问题，使得游戏搁置了四年，但画风却一点没有因为时间搁置而落下，看起来很舒服很好看，大致上就感觉像重返未来1999那种（不过这里是国风特色）
音乐方面:优秀，很推荐大家进来听听这里面的音乐，包括战斗时的音乐、主页面音乐、活动页面音乐等等，主页面音乐听起来非常舒心，就像是漫游在中华园林、竹林之中一般，惬意但又不寂静不哀伤，有一种古代富贾、官宦游园林的感觉。
玩法方面:合格，战旗游戏，我个人对二游玩法不大关心。
剧情方面:不关心，主要是我本人没啥时间，剧情一般上只看那种能让我在被窝里傻笑的剧情（就类似于你喜欢的女角色突然向你告白的那种剧情），所以大多数剧情我一般不看，除非网上有人发出一段我喜欢的剧情，我才会去慢慢品味。
养成方面:精良，养成界面非常有特色，看起来像是古代文人科举考试那样，养成就只有升级、突破（这里的突破还是比较有特色的），也有武器不过没有武器池。（目前我还没解锁武器系统，暂时搁置）
UI方面:优秀，UI界面很有特色，无论新手教程UI还是消息UI，都有一种既怀旧但又新颖的年味。让我回想起了儿时在新年时玩游戏的感觉。
氪金抽卡方面:精良，大多数学的是明日方舟的抽卡，50抽开始概率增加，初始概率2.5%，从50后开始，后面每多一抽概率加5%，70抽必然保底，180抽可以井，没有武器池这种坏文明，这在目前这种游戏资源通货膨胀（指初始概率零点几，算上保底也才1.6%，90抽保底，还有武器池）可以说已经很良心了（主要是这游戏还是被版号压了三年，没坐地起价感觉挺好的）。唯一的不足就是和明日方舟一样，就是有可能能出现连出两次货，结果两次都歪的情况，不过因为180抽就是井，其实也就相当于180抽大保底，但出货数量却比传统180抽大保底要多。
氪金皮肤方面:优秀，这里面的皮肤也和明日方舟一样，可以免费用游戏里的异形彩珀（类似方舟里的至纯源石，获得方式就是打关卡首次通关），所以皮肤是可以白嫖的，这一点比目前很多游戏都要良心。
BUG方面:合格，目前我也遇到一些BUG，不过我还能忍受，毕竟我知道这游戏因为版号问题，都被卡了四年了，一般项目组四年无收益多数都是直接解散，这游戏还能撑下来并不断改进以顺应时代其实已经很难能可贵了，我也不那么苛求，毕竟我也不是咄咄逼人的玩家。不过项目组还是得好好甄选哪些评论是真正的玩家提出的值得考虑并的确需要改进的问题，哪些是单纯没事找事带节奏自己装作自己很“正义”的无良玩家。毕竟这年代，玩家的戾气和双标（指对待国内外游戏或者对待大火游戏和小众游戏两个态度，两种标准），严重污染了国内游戏环境。",,5.0,2.0
223324,物华弥新,39671146,2024-02-29 06:15:20,5,38074094,吃瓜希,小米Xiaomi 13 Ultra,,"['gameplay', 'operation', 'visual_music']",[],"超出预期! 题材，UI非常喜欢，角色与文物适配度高，看起来没有明显不适感。已充了大小月卡。未来可期。缺点是抽卡道具获取来源单一，并且还设置不互通保底的限定池。 这个不改，肯定会被骂。这个游戏肯定不会成为主游（我认为是类型导致，把少女前线等战旗类游戏当成主游的玩家毕竟是少数（个人感受，勿骂））。大部分玩家顶多是买大小月卡，以及类似198角色礼包。如果修改互通保底，估计会影响流水。卡池修改确实麻烦。可以考虑多设计皮肤，周边，博物馆联动作为收入来源。（等了几年了，非常喜欢文物题材，还望好好运营，好好成长）
剧情目前体验到1-9，感觉以后会与外国文物有合作或对抗？整体下来还能接受，配音很契合。（小孩声音特别贴切）",1.0,,1.0
223324,物华弥新,39671129,2024-02-29 06:13:11,3,42045817,在玩游戏,Vivo V2072A,,[],[],"本来都不准备说话了，但你既然发消息让我评论来那我就写点
美术很合我胃口，要不然我也不会预约
但是bug是存在的，控评是必须的，捂嘴是一定的，那就看看你公测能不能活咯
反正我不在乎，手机里多您游一个不多但少您游一个也不少",,,2.0
223324,物华弥新,39671076,2024-02-29 06:08:15,4,333132733,小小单某纯,荣耀 V30,720.0,"['operation', 'visual_music']",['gameplay'],可以说是中国古风二次元的一支强力军，对角色塑造，已经剧情的展开都很不错，但是玩法有些不耐玩，希望制作组继续加油，给大家带来更多期待,,,2.0
223324,物华弥新,39670777,2024-02-29 05:44:23,2,3214708,Eva.,OPPO PJG110,,[],['operation'],说好的获得测试资格呢 测试下载？,,,
223324,物华弥新,39670312,2024-02-29 05:03:33,3,49342013,霁,Android 设备,,['visual_music'],"['gameplay', 'operation']",一般吧，有点子繁杂了，测试福利也不太行人物立绘只能说凹凸不平好的非常好，不好的真的一眼看上去就很奇怪,,,
223324,物华弥新,39669781,2024-02-29 04:37:44,5,450831595,繁星,Honor X40 GT,,"['visual_music', 'gameplay', 'operation']",[],"很好玩，就是前期体力给的太少了，前期正是开荒的时候非常缺体力，但是给的就那么一点点，啥都缺，希望策划和运营能够重视一些。
",,1.0,1.0
223324,物华弥新,39669482,2024-02-29 04:28:48,4,407039365,风间琉璃,Huawei MatePad Air,,[],[],游戏主题可以说是得天独厚了，国风二次元题材不错。但希望还是减负，认清副游的定位。开局福利大一点，运营不作大死，肯定也是能过的舒服的,1.0,,
223324,物华弥新,39669333,2024-02-29 04:23:03,2,15743721,梦里不知卿似客,红米 K40S,,[],"['gameplay', 'operation', 'visual_music']",可以肯定又是手游坟场—b站的又一力证了,,5.0,
223324,物华弥新,39669238,2024-02-29 04:19:46,2,1230451,娇柔傀儡师,OPPO Reno9 Pro 5G,28560.0,[],['operation'],"中规中矩，三星一星给画风，二星给文物
剧情对于我来说写的不算好但有跳过，剧情里谜语人二游常态但概念引入有些生硬，不过一千人眼中一千个哈姆雷特。对于我来说有跳过就是好样的
画风我看夸的蛮多的就不多说了，估计好多人都是因为文物加这个画风吸引来的。
游戏本身玩法上战旗加了跑条，但操作手感不好。看不见角色攻击范围对于刚开始玩的时候很不友好，需要玩很多把对于常用角色勉强熟悉后会好一点，但为什么不做攻击范围呢。而且想攻击怪总是误操作，有时候点攻击，结果变成了怪的详细信息，有时候没攻击到就待机了，真的很难用。自动ai真的是人工智障。
养成非常吃体力，不论是角色等级武器刷取都非常吃体力，还没有扫荡！！我不理解，我大为震撼。而且角色养成慢但剧情里怪的等级涨的很快，第二章就开始推荐等级30级了。
福利我个人觉得基本正常偏扣门，不过测试看不出来太多，毕竟不论是剧情还是新手签到都是一次性资源，至于开的活动我个人偏向年兽这个活动由于是新年活动奖励应该是比正常活动奖励要多的，正常活动资源获取量到不了年兽这么大方。
抽卡我个人怨念很深，就是狂歪啊！而且在你游设计的致知功能下，三命角色完全体，一直歪真的格外的痛苦。测试普遍出货概率好像不错，希望公测保持吧，毕竟你保底180。另外就是池子开放我保持观望态度，因为上来测试就开了俩up池，且up池描述里并没有说角色会入常驻，如果开服就俩up池我感觉你游可能要倒闭。
还有就是武器词条随机，没什么多评价的，就一个字6。好感度加战力，见仁见智吧。



",,7.0,1.0
223324,物华弥新,39668892,2024-02-29 03:54:27,4,32781375,山雾流.,Android 设备,,['visual_music'],[],"先汇报一下我的情况，是b站下载的。
从昨天十一点的抢号，正式注册是十一点半，然后玩到晚上八点左右。
先说缺点：
1.资源和体力太少，资源关卡要求等级差距大，突破升级材料需求高。
10级（15体力）→30级（20体力）→50级。
然后我现在体力值才76，突破30级，要打4~8次第二关，才能集齐一项材料。
2.题材和角色画面都不错，就是剧情稀碎，很经典的那种老派剧情，蝠桃瓶想牺牲自己去毁灭曲解。bala bala，不太行。
我只有一句话，不要把角色搞成ai，我会杀了你们的。
3.虽然十连抽金色保底2，但是红色概率实在太少，重复率也高。
我现在大概是107这样，配置队伍为T型帛画、天蓝瓶、蝠桃瓶、七盘舞鼓、鹿角立鹤、丙午神钩。
还是可以的，就是奶量不太够，有丙午神钩和天蓝瓶配合，也能够大于50%的血量，压线过挑战。
4.还是服务器的问题。刚开测，十一点，我点了五分钟才进去，然后过了一下最开始剧情，闪退出去了，回来又要重新注册。
你既然那时候就分为服务器A和服务器B，那肯定是有做好人流多的准备，结果还是出问题。
后面又撒出了几万的新增，服务器又卡了，很难说你们是不是在搞饥饿营销，挨骂了才假模假样说新增。
5.关于玩法，我很少会玩这种类型的游戏，所以上手还有点困难，更别说比我更不会玩的朋友。
我的朋友一直卡在1-11，是真的没办法了。
还有其他的系统，键盘太小，点的x键好几次都点不到。
6.角色分类，很复杂，太过于文绉绉？我朋友本来就不太会玩游戏，现在都不懂这个角色是什么类型，要怎么玩。
我自己也要研究小半天，才看得懂什么角色是什么用，做什么位置。
7.五子棋难度太大。我打了十几局，从昨天到今天，才打赢一局，而且更像是俄罗斯方块的玩法，不是特别五子棋。
（如果可以希望开通别的玩法，比如麻将、扑克牌、象棋（毕竟老古董都要进现实社会了）
茶叶获取通道少，平均一天要煮两次茶，从日常任务里只能获得一份茶叶。
——其他的暂时想不到，先这样，接下来是优点。
优点：
各有特色，角色鲜明可爱，战国餐具萌死了，还有蝠桃瓶也超可爱。
画风也超萌，Q版的引导喜欢！
福利勉勉强强吧，还算可以（点头）
优点补充：
新年活动（打年兽那个）奖励兑换很好，有多少东西，再抽几次可以全部兑换完，我觉得很好，而且还是分类型，还不是混池那种，我觉得很棒！值得夸一下。
——暂时没了。
为什么给4分，因为题材不错、角色也很好看。
其实本来应该是3分，但打4分是让你们给我家蝠桃瓶买柜子的。",4.0,2.0,
223324,物华弥新,39669045,2024-02-29 04:06:59,1,105486863,Renaissance,Realme真我GT Neo闪速版,540.0,[],[],因为不能打0星所以只能给一星了，你游真的很搞笑，溜玩家有一套的，不亏是手游坟场，还没公测呢就开始找死,,2.0,1.0
223324,物华弥新,39656611,2024-02-28 03:44:59,1,414876920,一夜花凋残,iQOO Neo 5,3240.0,[],"['gameplay', 'operation', 'visual_music']","所以这是骗进来杀啊？白下载这么久了



又看见追加名额了，又气到我了，不得不说你游是真剑啊",,6.0,
223324,物华弥新,39668911,2024-02-29 03:55:45,2,501849733,靈,Huawei Nova 9 Pro,5280.0,['visual_music'],"['gameplay', 'operation']","太卡了，卡死算了。游戏操作麻烦有慢。还不歪歪歪。
但文物立绘和科普挺可以。
反正，再见吧！",,,
223324,物华弥新,39668814,2024-02-29 03:49:00,5,109031485,风咏,Realme V25,2820.0,[],[],"说实话，在玩之前我没觉得这游戏会有多好玩，但玩了一会发现真不错啊。
配音真的很舒服！找了小孩子来给小孩配音，真的可爱死了，听的我全程姨母笑😍
剧情也不错，比较有趣，好久没看到像天亡簋这么正统的暖男了😂灾难降临没有表现一堆人大喊大叫的慌乱，反而是大人都在护着小孩子，小孩都很懂事忍着害怕，然后就是小孩子懵懂的说为什么刚刚还在说话的朋友不见了，真的很让人揪心。
战棋类游戏，操作比较顺手，不会有隔壁的卡手感，技能描写的也很清晰，就是大招动作有点尬。
养成和明日方舟类似，多了个武器，没有太多新奇的地方。
立绘比较稳定，没看到有崩的，都很好看。
抽卡七十保底，可继承，一个池子还会有额外的保底，抽够180抽会送一个本卡池up，是单独的。
本来想给四星的，但评分太低了，五星鼓励一下！
真的给了我一个很大的惊喜，期待正式开服。

",,1.0,
223324,物华弥新,39668755,2024-02-29 03:44:40,4,26585956,J-T,Android 设备,7020.0,[],[],"美术风格很独特，ui界面确实让人眼前一亮，但立绘质量参差不齐。
战斗方面，第一次玩这种类型的，不好多说什么，有一定研究空间，上手难度适中。
养成方面看起来比较复杂，其实还好，材料要求也都相对比较合理(目前人物最高30级，对于后面的材料要求不清楚)
抽卡掉率还行。
虽然没有一键扫荡，但是可以进行“委托”，委托是三倍速，人物有buff加成，打一次可以获得5次以上的奖励(根据主角等级解锁奖励次数)。
目前感觉还行，但是没有多大游玩欲望，可能是我确实不太适合玩这类游戏。",,,
223324,物华弥新,39668602,2024-02-29 03:35:05,5,397667872,墨卿,Realme GT Neo5 SE,,"['gameplay', 'operation', 'visual_music']",[],"很好玩（自我感觉）！！！推荐！！
立绘很好看，配音也很不错，每个器者都有自己独特个性，剧情还没有推完（感觉还不错）还可以在游戏中看到每个古物在什么地方。很喜欢里面的蝠桃瓶，已经准备想到上海去看看清雍正景德镇窑粉彩蝠桃纹瓶了，在念一次，清雍正景德镇窑粉彩蝠桃纹瓶！！！",,,
223324,物华弥新,39668581,2024-02-29 03:34:15,2,20401484,9087w,Android 设备,22440.0,['visual_music'],"['operation', 'gameplay']",游戏质量挺不错，战斗略拉胯，养成材料需求太大，需要整合，剩下的就是二游最主要的福利抽卡方面了，只能说不愧是手游坟场，180大保底亏你们想的出来，你的游戏内容和福利能支撑得起吗？器物立绘资料网上都能搜到，战斗就是小人对对碰，我花时间花钱就抽个拉胯的战斗体验？2.5％出率是挺高的，但玩家之间欧非差距极大，中氪重氪玩家充了钱狂歪，还要被评论区晒卡狗恶心，你这游戏还有玩的必要吗？反正非的人180大保底攒不到就退了，欧的人月卡都不用充，这就是你的抽卡机制，隔壁银河境界线150大保底我玩着都很难受，现在看你游180大保底我反而好受了些，呵呵,,1.0,
223324,物华弥新,39668486,2024-02-29 03:28:54,4,600185043,和月折梨花,Vivo V2166A,,"['gameplay', 'operation', 'visual_music']",[],"第一章1-15难度过大了吧，角色几千几百的伤害，一个Boss几万血
还有训练，限制角色就算了，等级也不给升，我是玩儿游戏，不是下棋
",,,
223324,物华弥新,39668435,2024-02-29 03:27:11,4,17983204,白寒露,Android 设备,,"['gameplay', 'operation', 'visual_music']",[],ui和ui动效非常优秀，简单玩了了一下，有点战棋苦手，玩法就不评价了，不过在战棋里加入行动速度还是有创新的吧（玩的战棋少不知道之前有没有这种第一次见）提个建议：剧情立绘有点糊，开最高画质还是有点糊，人物太小了，可以放大一点，主界面对话框ui非常突兀，很大一个黑框，太丑了，建议改成渐变白底➕深色字,,,
223324,物华弥新,39668362,2024-02-29 03:25:15,1,16441295,cwpll,华硕ROG Phone 3,,[],[],模拟器上画面非常糊,,,
223324,物华弥新,39668161,2024-02-29 03:20:41,2,37437576,呜哇呜哇(・◇・),Android 设备,,['visual_music'],['gameplay'],"我公测大概率是不会玩了，二游嘛，都是厨力喽，但是对我而言，最大的问题是空有文物拟人的外表，其他的和文物完全没有关系，剧情就是去普普通通拯救世界的模板，一点厨力都激发不起来；第一次抢到测试资格，和我想的差太多了，明明这么好的背景，也有很多小说漫画游戏都是历史类题材了，为什么还能写出来这样的剧情呢？我关注这么久就是为了这些文物，可是现在的游戏，直接换皮都不毫无影响，完全不符合期待
游戏玩法不做评价，我不爱战棋所以我评不出来；
游戏运营就是普普通通的坟场罢了，我不愿意堵坟场的未来；
配乐和画面：还可以，有特色有细节但毕竟是几年前制作的游戏了，也远没有达到遥遥领先的程度
",,1.0,
223324,物华弥新,39668078,2024-02-29 03:18:36,4,2774012,EAME,iPhone 13,,[],[],"关注四年了，一测也参加了。
战棋游戏基本不玩，总感觉这速度机制加进来好鸡肋，影响体验。还是像少前2那样回合内自由操作的比较好吧，现在这样感觉还不如少前那样的玩法。
",,,
223324,物华弥新,39668012,2024-02-29 03:17:10,5,6110562,兔子先生,Redmi Note 12 Turbo,,"['gameplay', 'operation', 'visual_music']",[],画风很喜欢，玩法还可以接受，就是福利目前不太看好。,,,
223324,物华弥新,39667910,2024-02-29 03:15:04,2,99188546,尘岸,华为 nova 7 Pro 5G,7320.0,[],"['gameplay', 'operation', 'visual_music']",不好玩，配音也怪怪的，剧情更是一坨,,,
223324,物华弥新,39655882,2024-02-28 03:13:46,1,2917322,梦之泪伤,Vivo IQOO 11,6480.0,[],[],"难绷


保底180😋",,5.0,
223324,物华弥新,39667726,2024-02-29 03:11:17,3,57201963,雯,Redmi Note 12 Pro,,[],[],"人物立绘都特别好看
就是太非了，不到3个小时就删了",,1.0,
223324,物华弥新,39667681,2024-02-29 03:10:29,2,2619778,kimo,华为 Mate40 Pro,2340.0,"['gameplay', 'visual_music']",['operation'],骗下载流量，说有了测试资格结果还要抢注,,2.0,
223324,物华弥新,39667647,2024-02-29 03:09:56,1,6008615,诺克,OnePlus Ace 2,,[],[],与预期不符,,,
223324,物华弥新,39667078,2024-02-29 03:02:50,3,16191621,枍水兮,Huawei Mate 50,,['visual_music'],"['gameplay', 'operation']","游戏初见时感觉很不错，UI设计也有自己的风格，立绘单看一般，但放在主界面又微妙的融洽，美术上也算是做出风格了。
战斗玩法是无聊的战棋加2d小人对对碰，不出彩但也不出错，局内战斗有自动有2倍速，但我觉得2倍速还是有点慢，建议再提提速。再提一嘴，战斗过程中偶尔会出现人物或地面格子点触失误的问题，也不知道是游戏内判定的问题还是我自己的问题。
抽卡…说实话就这个质量来说我觉得有些贵，但我也没抽几次，就不过多评价了。
剧情是合格线水平，有动态立绘和配音，偶尔插cg图或者小动画，总体上还不错。
上面零碎的小问题倒也还好说，我觉得这游戏最致命的是无聊，如同一盘看着卖相还不错的食物，尝第一口的时候觉得还不错，但越往后嚼越没味道。
还有，服务器太差了，动不动就提示网络不稳定，很影响游戏体验。

",,,
223324,物华弥新,39665804,2024-02-29 00:40:03,1,346496678,清海,OPPO Reno7中国版,2700.0,['visual_music'],"['gameplay', 'operation']","一言难尽，1-2新手教程过都过不了，那个白毛女一放技能就卡顿，等了两分钟都没用还是卡，你修了个什么😅
卸载了，你还是倒闭得了都这个时候了还没修好🤣",,,
223324,物华弥新,39666952,2024-02-29 02:58:32,3,446842240,不带你新娘子呢,iQOO 8 Pro,3840.0,[],[],第一次玩游戏发表评论，立绘很好看界面也好看，就是点了地图一进去降维打击，地图感觉看着好拉，质感太差了，地图界面改一下我感觉就无敌了真的看着太别扭了,,,
223324,物华弥新,39666935,2024-02-29 02:56:46,5,429610975,无我,Vivo S15e,32460.0,['gameplay'],[],"好玩，爱玩，就是体力不太够
皮肤能直接肝出来，类似方舟通关给的源石可以兑换，不过得换成皮肤券
抽卡这方面不怎么了解其他抽卡类游戏的概率，有了解的可以对照看看
练度这些基本都是今天提的，昨天抢完资格因为服务器卡也就没管了，打起来不会那么累，毕竟有委托并且人机委托打的比我手打的还快（好有挫败感）并且委托一次即可获得设置次数的关卡奖励，角色晋升的材料刷取这方面弄到一个地方去了，我个人觉得更方便一些，（作为一个一年刀客塔的吐槽，次次得等活动疯狂刷大型掉落材料）
剩下的也就没啥了，主要还是体力不够啊",,,
223324,物华弥新,39666908,2024-02-29 02:54:33,3,7864235,云笙,华为 MatePad Pro,,"['gameplay', 'visual_music']",['operation'],"这款游戏虽然瑕疵比较多，但总体上而言确实不是一分两分的那种垃圾换皮游戏，不论是美术还是创意方面，我认为都是有开创新东西的，因此评分确实偏低，这种因为短暂炸服产生不良情绪打差评的做法我认为也并不合理。
当然剧情画面这种也已经被大家都说了很多，我提一个点。真的建议制作组把自己的人物数值进行一下检查和修改。
举个例子，我手下现在有两个角色：
一个叫鎏金骑士，是红色角色，即最稀有的角色。
一个是天气卜骨，是蓝色角色，即最普通的角色。
前者开放15级等级上限，所需的材料是10 10 5。
后者开放15级等级上限，所需的材料是10 10 7。
突破15级上限后两个人提升一级需要的经验，前者是3312，后者也是3312。
也就是说我练一个普通角色，用着相同甚至更多的材料获得了更低的人物成长数值，你这个纯属瞎搞，完全违反正常人的逻辑思维。
二.角色皮肤。我不知道你们有没有做过市场调研，就定这个价，我估计也是没有的，因为你们的游戏数值都感觉跟瞎填的一样。
但你就算没有做过市场调研，你也知道别人卖皮肤好歹是给个预览的吧？你们卖皮肤就给一张图片，都不给预览一下买了之后的live 2D形象，那在我看来就是一张图片就卖大概80块。而且你游的皮肤并不是很难制作的，我是真的第一次看到有一款游戏在内测的时候就能整出十几个皮肤的。
三.这不算是游戏问题，只是我个人的疑问。你们的2D战斗画面其实也并不是多么精致，能拿到市场上打败99%的同行的这种东西，为什么在获取材料的时候还要再看一遍动画呢？直接给扫荡难道不是一样的东西吗？
附上角色经验图",,,
223324,物华弥新,39666915,2024-02-29 02:55:02,5,34748974,追梦,OPPO Reno 5,,"['gameplay', 'operation', 'visual_music']",[],我不要当非酋啊😭,,,
223324,物华弥新,39666915,2024-02-29 02:55:02,5,34748974,追梦,OPPO Reno 5,,"['gameplay', 'operation', 'visual_music']",[],我不要当非酋啊😭,,,
223324,物华弥新,39666897,2024-02-29 02:53:42,4,2483919,南海北歌,小米Xiaomi 14,6960.0,"['gameplay', 'operation', 'visual_music']",[],玩法上没有太多要说的，反正就那一套呗，1999、崩铁刚玩的时候感觉就这？时间久了反正画风顺眼、运营做人就行了。就是这个网络连接有大问题，评分丢在这上面是最不应该的。,,,
223324,物华弥新,39666896,2024-02-29 02:53:20,1,1515313,云漠天，无声别,Android 设备,10260.0,[],[],只能说，奔题材来的还是走吧，不如攒攒钱攒攒时间去看看实物，比这快乐的多,,5.0,
223324,物华弥新,39666867,2024-02-29 02:51:10,4,84054435,手机用户84054435,Android 设备,,"['gameplay', 'visual_music']",['operation'],"💃🏻立绘建模：我的爱啊 男的女的都很好看颜狗天堂，但是有些立绘有些奇怪
🗨️剧情丰富度：有跳过的就是神
🌃画面音乐：整的很不错 花里胡哨我的爱
",,,
223324,物华弥新,39666828,2024-02-29 02:46:26,5,19396673,百鸟,小米Xiaomi 14,,[],[],ui字体太小了看不见🙈,,1.0,
223324,物华弥新,39666774,2024-02-29 02:41:18,1,421598222,落叶,Vivo V1938A,,"['visual_music', 'gameplay']",['operation'],绝了等到11点进去1.3黑屏退出重进就再也玩不了了,,2.0,
223324,物华弥新,39666744,2024-02-29 02:38:32,1,102388776,输入昵称,Redmi K50 Ultra,,[],[],进不去,,1.0,
223324,物华弥新,39666720,2024-02-29 02:36:10,4,450768399,书山压力大,Oppo K10 5G,,"['gameplay', 'visual_music']",['operation'],立绘，语音，剧情 ，界面做的还行，但局内战斗有点难受，上阵的人太多了，人一多，局内前面行动的角色容易把路堵住，后面的过不去，特别难受，还有就是能不能把行动轴取消，让玩家自己选择哪个角色先动，输出打完了，上增益的角色才动，更难受了，最后就是把卡池里特级角色的概率提升一下，大小保底全吃完了😖😖,,1.0,
223324,物华弥新,39666685,2024-02-29 02:32:34,3,41057730,ab,Android 设备,,['visual_music'],"['operation', 'gameplay']","作为一款以文物拟人为主要卖点的游戏，很好的向玩家展现了文物的特点，其中制盐砖的四川话给我的印象最深。其次在美术和音乐方面也是没的挑，主线剧情的表现只能说中规中矩，剧情开头文物介绍的内容我觉得单拿出来讲效果可能更好。
游戏可玩性方面只能说十分一般，与前面优秀的内容相比，没什么创新之处的战棋玩法显得十分简陋。
总而言之是一款文物内容表现优异，但游戏本身内容比较匮乏的游戏。属于比上不足，比下有余的类型。",,,
223324,物华弥新,39666662,2024-02-29 02:29:48,5,479587726,初心,华为Nova 3,10140.0,"['gameplay', 'visual_music']",['operation'],美术很好看，方言也很有个性，剧情也挺合我口味的，战斗的话，个人认为挺动脑筋还可以，但是没有扫荡，还有下载了却不能进行游玩这件事很具有争议性，和崩服还有各种bug，总体而言，我还是挺期待公测的,,,
223324,物华弥新,39666654,2024-02-29 02:28:56,1,84684626,易怼怼,OPPO PFTM20,,[],[],给了资格还得抢注，是我不配玩！,,1.0,
223324,物华弥新,39666631,2024-02-29 02:26:34,1,2995875,人活着就是为了樱岛麻衣,小米13,5940.0,[],"['operation', 'visual_music', 'gameplay']",有资格 进去之后一直提示网络不行 再进去就说满了,,,
223324,物华弥新,39666567,2024-02-29 02:20:11,3,47463370,喵生堂～,小米Mi 10S,19620.0,['visual_music'],"['gameplay', 'operation']",好嘛，两发小保底全歪，180发大保底，玩不起，玩不起。,,,
223324,物华弥新,39666495,2024-02-29 02:15:35,4,9165342,一沫丶,Android 设备,,"['gameplay', 'operation', 'visual_music']",[],总体玩着还可以，就是感觉操作有点怪，感觉队伍里各个角色的联系很差，各职业的作用发挥的不是很好。,,3.0,
223324,物华弥新,39666477,2024-02-29 02:13:51,3,1132019,火山山,小米Mi 11,,['visual_music'],"['gameplay', 'operation']","主要问题在玩法上，个挺喜欢战棋的，只是目前来看战棋玩法略显单薄了，希望可以有更多机制钻研。
UI很美很喜欢，但是红点不太明显。
立绘的话见仁见智了，整体很美的但部分脸部有点崩，但没别人说大概是我审美了。
最后是福利问题，一张卡要抽七张才是完全体，池子不考虑加个“歪了下次必出up角色”的大保底吗？或者平时多送点通用觉醒材料，至少一个月要攒一觉吧？

",,1.0,
223324,物华弥新,39656441,2024-02-28 03:35:39,4,5069277,中發白,华为 Mate40,,[],[],"二次抢注进去了，虽然还有点不满，但先评估游戏吧。以下纯为个人体验，不代表任何群体：
💃🏻立绘建模：立绘挺精美。但也有二游的初始通病，男女比过大，目前还没有比较戳我的人物，不过以后慢慢出角色吧。朋友表示扣一分，因为没有他最喜欢的老头角色。

🌃画面音乐：ui就是常见模板，不过复古配色我比较喜欢，觉得还是挺好看的。不过战斗画面不能放大转视角有些难受，毕竟很多个小人挤在一块。

🗨️剧情丰富度：剧情比较失望，尤其是器者的简介引入部分，插入得很差，希望文案再润色打磨下吧。

🎮可玩性：常规战棋类，前期如果抽到的角色较少可能会卡手，角色够用后基本上卡关只要去升级解点就行了，难度还算不是太高，但比较繁琐，希望能精简一下。不过体力挺少，刷几下就没了，公测应该会增加吧。虽然二倍速和自动解锁很快，但是和明日方舟一样，过关后刷材料依然是看录像，比较耗时。

🔖运营服务：运营最大的失误就是开测抢注的事情，内测福利也比较少，我目前不太满意。

总结：整体还行，各项都做的完成度比较高，玩肯定能玩。但是有些地方过于繁琐导致有点磨洋工，光靠立绘可能并不能把人留下，希望再多多打磨一下。
",,3.0,
223324,物华弥新,39666428,2024-02-29 02:11:00,4,446205723,游生梦死,Android 设备,,"['gameplay', 'operation', 'visual_music']",[],能不能发点体力，发点体力，发点体力，体力真的很缺！,,,
223324,物华弥新,39666399,2024-02-29 02:08:51,3,50535692,ᕕ(ᐛ)ᕗ,vivo X23,,['visual_music'],"['gameplay', 'operation']","阿b的客服不给回应，所以就在这发了。
提点建议:
操作方面:
1.在主界面可以设置编队
2.仅点击器者进入培养界面触发问候语音，升级考核及查看资料等操作退出后不触发
3.未升级过的器者，考核有材料足够的地方取消红点提示
4.器者界面自定义排序，比如玩家可以选择默认按稀有度排序
5.增加器者特别关注功能，关注后的器者无论4偏好为何，排在未关注的器者的前面
6.编队界面长按器者可以拖动以改变其位置
7.有固定掉落物的关卡显示其掉落数量
8.特殊挑战显示进度
9.委托保持角色练度不变
10.等级礼包未达到相应等级时，“免费”二字亮度降低，与达到相应等级作出区分
其他:
1.提高体力上限，至少做到一天两次上限不溢出体力
",,,
223324,物华弥新,39666336,2024-02-29 02:03:38,1,45851400,栗子,红米 K40S,,"['gameplay', 'visual_music']",['operation'],运营耍我们骗下载量,,,
223324,物华弥新,39666272,2024-02-29 01:54:56,3,591817705,兔兔子,华为 Nova 8,,[],[],我觉得最不能忍受的是角色技能演出动画太普通了，红品质的大招动画也丑，剧情有些无聊，角色人设是有意思的，但是剧情写的很一般，你要是四年前是这水平说不定还能玩玩，现在这种质量的二游我是不太会买账的,,1.0,
223324,物华弥新,39656331,2024-02-28 03:30:06,1,5403819,殇月阴影,红魔9S Pro+,,[],[],"给下载资格 还来玩抢注
😓
说是tap的bug瞎给资格 实际还不是官方想两头吃 不然直接设置成到点直接下载 到时候抢资格不就好了 现在搞得又给限量资格又要去抢注 一发吐槽一堆人还说你咋不盯着公告 谁闲着没事一直盯着论坛公告 看完测试服开服时间慢悠悠的登录不是正常现象？",,5.0,
223324,物华弥新,39666193,2024-02-29 01:45:01,5,124257848,猫的小鱼干,华为P50 Pro,,"['gameplay', 'operation', 'visual_music']",[],除了三测开服炸了，感觉还行，画面什么的都还ok，那个危险范围建议重新弄下，打开之后感觉很难受，然后那个普攻（自动技能）有点别扭😂,,,
223324,物华弥新,39666183,2024-02-29 01:43:39,3,392301793,༺ༀ加油ༀ༻,小米Mi 10S,,"['visual_music', 'gameplay']",['operation'],"💃🏻立绘建模：
立绘真的很不错，建模的话还可以，不算太差。
🌃画面音乐：
画面的话相比于那些小众游戏来说是真的不错。
🔖运营服务：
运营是个大问题，你们说11点给这么多个测试资格，结果突然在1:00又说追加了这么多资格，大家都没看到，你这是纯纯失误来的，早知道如此，你为什么不在11点的时候我就说多加资格呢
✍🏻建议：
还有那个福利，我只能说也太少了吧，干完活找了半天都找不到，可以哪个地方拿点抽卡的，希望这一点可以稍微改一改，还有把你的服务器加载改一改，我网络这么好，他都给我说起网络加载失败，差点我就进不去，而且玩的过程中体验真的说不上太好
💰肝氪度：
说实话还是有一点点肝的，程度不高毕竟可以开ai，至于氪金嘛，只能说和原神差不多
🎮可玩性：
在可玩性方面，我感觉还行，玩的也还可以，就是他那个条总让我想起了星铁，如果说玩过星铁的话，上手还是勉勉强强，不过有些地方我是真的很想吐槽的，就是那个点boss，我每次都是想打那个boss，总是能点到那个boss的详细，这里稍微改一改，太容易误触了，还有角色技能给个范围行不行？不给个范围我都不知道他能不能打到那个boss，而且他给的那个范围还挺模糊的。",,,
223324,物华弥新,39666122,2024-02-29 01:35:56,1,2254653,紫逸楓,Vivo IQOO 12,,[],"['gameplay', 'operation', 'visual_music']",给了资格又不让进游戏，测什么测,,1.0,
223324,物华弥新,39658743,2024-02-28 06:47:32,5,582463116,sxuds,Redmi Note 12 Pro,13980.0,"['gameplay', 'visual_music']",['operation'],"10分给战国铜餐具，-6分给网络不稳定
差点忘了我心爱的天气卜骨，当时就是冲着天气卜骨来的，太可爱了，算了再给一分把",,,
223324,物华弥新,39666032,2024-02-29 01:23:24,3,352605629,青花鱼,Vivo S18,,[],[],感觉人物的立绘没有想象中的好,,1.0,
223324,物华弥新,39666010,2024-02-29 01:19:14,2,23517810,滴森芽,OnePlus Ace 2,,[],"['gameplay', 'operation', 'visual_music']",如果这游戏10年前出还行吧，非常传统的战棋，还有你那个新手引导能不能关了，或者缩短甚至去了吧，太烦人了，Ai也傻傻的，玩不下去,,,
223324,物华弥新,39665993,2024-02-29 01:17:21,2,26083904,曳曳池间影,小米Xiaomi 14,,[],[],喜欢俩头下注然后又搞一手抢资格，能不能麻烦您一开始就说明白？😅,,,
223324,物华弥新,39656497,2024-02-28 03:38:16,4,110013738,祈,Redmi K60 Pro,14100.0,"['gameplay', 'visual_music']",[],"持续更新
💃🏻立绘建模：
就美术来说，还算可以了，（玩的二游比较多)，对标大部分二游算中上水平，不过有一点挺好的，画风里面q板还是不错的，而且打斗界面人物也是2D，符合我的审美吧（玩粥玩的）
🗨️剧情丰富度：目前就过了前面一点，还行，没什么雷点暂时，而且也尝试着把角色的原型介绍（不会形容了，背景介绍？）融合到了对话里。（反正我剧情看得少，其他二游也少有会看）
💬叙事：嗯嗯，经典失忆，不记得。
🎮可玩性：嗯？玩法有些熟悉，先玩玩看
🔖运营服务：能不能把服务器修一下，影响游戏体验谢谢😤
✍🏻建议：先玩着看看，除了服务器要修后续再写
一编∶
爆率挺高，不知道正式上线高不高
二编∶
ok，爆率看脸吧，其实高不高不好说。
AI代理太傻了，希望能优化一下，还有刷资源能不能不要学某粥还要再打一遍，你游这样搞可能想刷游戏时长，晚点搞来搞去没人乐意这样浪费时间。
还有分屏小屏点击别的就会暂停，都代理了，你还让我去看画面，纯纯多余。
三编∶体力送的少，养成都要体力",,2.0,1.0
223324,物华弥新,39665977,2024-02-29 01:13:38,4,69408059,山玥,Android 设备,24720.0,"['gameplay', 'visual_music']",[],"差评大多数都是因为内测服务器问题，也有些之前测试的问题。战棋类游戏大众但稍冷门，会觉得很无聊但能静下心去玩还是个不错的一款游戏。
好坏都有，都有个人观点，各位看看再选择入手。
从一开始内测服务登爆，但后面不到十分钟就彻底好了，进游戏剧情是一般，与其他游戏拉出来都一样的剧情，认识→相知→相熟→知道BOSS→打BOSS。
后面的新手教程也还好，随便点点也都知道怎么玩了。
器具有武器，但需要你自己去搞，最近也有新春活动，活动也能接受，我玩的来，福利算多的了，哪里都有石头跟信件（嘿嘿）。
有资源商店，可以兑换资源，包括石头跟信件，没仔细算过能换多少，是按月收取的。
你们的体力瓶不加进资源商店吗，从一开始给的两瓶之后我都不舍得用石头去换体力你知道吗。
再讲下器具吧，抽卡还好，T帛的池子五十多发了，两红，个人来说是能接受。器具还划分，好感，武器，器具升星，以及技能升级。
器具包括，近战的刺客跟盾，法师的伤害辅助奶奶，远程的炮台跟弓箭手。
伤害缺点的话就是有些大招还没技能伤害高，每次看到我那个大招伤害我就换技能伤害。
关卡不难也不简单，你要是不在意隐藏条件的话可以直直打，后面再补，他这个通关之后想打隐藏不消耗体力。
有自动挡，但要打隐藏建议自己手打。有快档，但我更希望调到三倍速去，再快一些。
关卡体力消耗过多，一局十五，资源十左右，打不了多少，我更建议把所有体力消耗都削削吧。
每次升级都送六十的体力（个人觉得不够）包括体力恢复较慢，建议缩短时间。
资源我打通关了我后面刷资源我不想再看一遍暴击流，能删就删，不能删也给我删。
四子棋我这辈子都玩不了，我跟傻子似的好靠北，有个头像框就需要通关高难度的，你们人机就不能傻一回吗。
武器可以制作，打关，活动等获取，但是武器他有词条，每十五级需要资源去升下阶段的等级，角色也是一样的。
其他的倒是没什么了，这游戏的美术是戳我的，战棋类也能让我无聊的时候慢慢打。
我好像还忘了什么，以后再补吧。
做活动或者打关卡的首通都会送彩石，彩石可以兑换普通石头拿去抽卡，也可以拿去换皮肤，我已经换了两款皮肤了，都是我的女儿。一款皮肤十六个彩石，能接受就好。
后续再继续补。

",1.0,1.0,2.0
223324,物华弥新,39665948,2024-02-29 01:07:40,3,72769036,写虫,荣耀30 ,46320.0,['visual_music'],"['gameplay', 'operation']","卡关了，过来评价一下，由于剧情跳过了所以不谈剧情。
先说优点：题材新颖，画风不错，音乐好听。
再说说吐槽点：
1.战斗是真的臭长，人物移动范围小还不会自己移动，一场战斗打下来除了累没别的感受。而且角色之间也没什么配合，就是各打各的，可能因为抽到的角色不多吧，不过那个奶妈的奶量我是真的想吐槽一下，没见过这么拉胯的奶。
2.体力太少了，卡关之后也没什么能干的（目前2—15），升级又没体力，建议出点像白荆回廊漫巡，或是星穹铁道模拟宇宙那种能消磨时间还有点蚊子腿的新玩法。



",,1.0,
223324,物华弥新,39665934,2024-02-29 01:05:41,4,3480180,Jay,华为PAL-AL00,19440.0,"['visual_music', 'gameplay']",['operation'],还行吧，主要是“器物”题材吸引了我，其他的中规中矩，可以一试,,,
223324,物华弥新,39665906,2024-02-29 01:02:17,1,25843776,笨笨的你,华为nova 7 5G,,[],"['gameplay', 'operation', 'visual_music']",吃了我好几个G流量，最后告诉我进不去，我推荐个鸡,,,
223324,物华弥新,39665886,2024-02-29 00:57:59,5,453341684,青涩的柠檬茶,Android 设备,7560.0,"['gameplay', 'operation', 'visual_music']",[],感觉还行，但自动作战AI应该再优化一下，隐藏挑战显示不明显,,,
223324,物华弥新,39665864,2024-02-29 00:54:19,4,614303893,Ask,Vivo IQOO Z7,,[],[],游戏bug太多了，现在还没有体验游戏内容,,,
223324,物华弥新,39664045,2024-02-28 15:49:14,1,57614084,mok277,Redmi K60,,[],"['gameplay', 'operation', 'visual_music']",下载了不让玩，浪费时间。被刷的团团转。,5.0,,
223324,物华弥新,39665817,2024-02-29 00:43:26,1,16323051,哈维哈皮,Redmi K50,,[],"['operation', 'visual_music', 'gameplay']","质量一般的b站烂游。
首先就是人物立绘，好的还行，烂的是真烂。主打一个敷衍。建模更垃圾，垃圾。
中心是战旗那一套，不过，明显看得出开发想做得有深度一些，但是，奈何能力是一坨，每个技能设计都是那么的毫无特色，技能多有毛用，还一半是重复的，可以说全是数值，没有一毛钱设计。
哎，咋说呢，之前看着以为战旗能做点新意出来，再不济跟少前2比比吧，啊呸。
",,1.0,
223324,物华弥新,39665802,2024-02-29 00:39:45,2,6380350,该歇了,Android 设备,1320.0,[],['operation'],"你有测试资格≠你有注册资格。
不等式秒了😆",,6.0,
223324,物华弥新,39665794,2024-02-29 00:38:12,1,67563491,大菠萝🍍,华为P40 Pro,,[],[],显示我获得测试资格了，下载好更新完毕，注册账号，带着喜悦登录游戏，结果告诉我，注册已满，下次再见。简直了，获得资格却玩不了，你们这个涉嫌欺诈了都。,,2.0,
223324,物华弥新,39665792,2024-02-29 00:37:51,1,541632,Universe,Android 设备,,[],[],大头人毁了游戏,,,
223324,物华弥新,39665736,2024-02-29 00:26:49,3,8540265,凌空,红米 K30 5G,,[],[],"美术还是可以的 玩法战棋不是很喜欢玩，尽管有自动ai，但好像不太聪明的样子
还有整个页面布置以及内容，让我联想到隔壁的舟
剧情因为是删档测试，所以我就没注意看，能跳过就跳过，所以不好评价
暂时想到这些",,,
223324,物华弥新,39665734,2024-02-29 00:26:39,5,65354154,爱吃萝卜青菜,Redmi K60,31620.0,"['visual_music', 'gameplay', 'operation']",[],除了肝点，除了抽卡老歪爆率不高都可以😂😂,,2.0,
223324,物华弥新,39665723,2024-02-29 00:23:39,1,7283082,大天,华为 Nova 5 Pro,,[],[],没资格，差评了,,,
223324,物华弥新,39665715,2024-02-29 00:21:16,5,24008082,心落林,Vivo IQOO Neo8 Pro,8340.0,[],[],知道我等了多久吗😭,,,
223324,物华弥新,39665706,2024-02-29 00:19:51,1,10208168,你眼里的海,小米Xiaomi 14,,[],"['gameplay', 'operation', 'visual_music']",开服就耍猴 先是测试资格问题含糊不清 搞一出抢注  抢到了 开始服务器爆炸 好不容易服务器好点了  新手引导卡抽卡 一个致命性bug一天都修复不好 你不会修 我教你 你直接加个新手引导跳过 测试完了再慢慢调,,2.0,
223324,物华弥新,39665660,2024-02-29 00:04:17,5,109197277,夜凯,Redmi K50,,['visual_music'],"['gameplay', 'operation']",除了美术，一无是处,,1.0,
223324,物华弥新,39665647,2024-02-29 00:01:00,1,2691687,阿拉阿拉,Realme真我GT Neo闪速版,,[],[],"玩过✘
被骗下载过✔
我怎么知道好不好玩啊？双端全下了 资格全没了 账号全预约了 抽奖全沉了",,2.0,
223324,物华弥新,39665628,2024-02-28 23:55:02,5,7496886,気霊,Vivo IQOO 11,,"['visual_music', 'gameplay', 'operation']",[],我觉得还可以啊，挺好玩的，我电子养胃，但这个游戏我非常上头!甚至也心甘情愿的氪了(即使我100抽就两个红。)但不妨碍战旗的趣味性，难度的跨越也还好，基本上忙忙碌碌拉完战力刚好能打过下个阶段，加油吧，目前体验还是很好的٩(•̤̀ᵕ•̤́๑)ᵒᵏᵎᵎᵎᵎ,,1.0,
223324,物华弥新,39663058,2024-02-28 14:14:18,5,25938915,修孩,小米13,,[],[],"前情提要:我打五星只是为了支持，我体验过的缺点优点都会说，客官请耐心
正文:
首先，练度防云，虽然也才没玩多久，因为被卡了几个小时(当然，这里就是第一个毛病，批评)
氪度:128+30+30+30(微氪建议氪成这样就够了，刚好最高反基金，反三张月卡)
首先先表明，评价有主观因素，因为我很喜欢，我只是给各位一个参考，所以大家有不同意见可以发表，不要骂人，谢谢大家
氪金和资源方面，完全可以对比明日方舟，因为他是5块钱一颗石头(通用货币，可以转换为抽卡资源，类比合成玉)，然后主线完美通关会给一颗石头，每一关还有另外的挑战，大部分是练度高了再来打，有小半抽，60玉(这么说好理解，实际抽卡货币是灰色正方体，具体叫啥忘了)，抽卡是150一抽。皮肤，有新小人，新特性的皮肤卖160券(一个石头10券，也就是16个石头)，可以白嫖，都可以白嫖！月卡一个月给3300玉，也就是20几抽，已经超过市面很多月卡了，还有每天一个体力汽水，但是有个缺点，待会下面一起说。剧情因为是测试服我没看，但是看测评说是大改了然后中规中矩，画面很美没得说，音乐我觉得一般吧，不是很戳我，配音有方言很不错，没有专武，武器都是刷的，不同套装只是主要加攻击还是加生命加速度的区别，当然，有随机词条(仁者见仁智者见智)，还可以家园自己造武器，养成其实不复杂，就是体力要求得多。哦哦哦抽卡概率，🌿，居然忘说了，百分之2.5，二游里面算高了，50抽之后每抽加百分之5概率，不是第二次必出upssr，但是180送一只，可以看成保底，实际体验下来出红率很高，歪嘛，我不怎么歪，看人吧，我基本第二个会出，还有一个东西！就算你一开始点的时候是金色，不要放弃！因为里面出金后(sr)，可能会变成红色！(ssr)，我遇到过三次，有次还是双红，真的，还挺舒服的。然后命座嘛，三命被动进化，提升肯定有，但是离不离谱我不知道，可以看攻略，我只是个轻度玩家。骚凹瑞。福利方面，我不知道，我没氪之前玩得不难受，所以我才选择氪了支持，福利计算可以看看攻略，我体感是体验不坐牢，因为红卡强，出了就能用，金卡也有强的，蓝卡不知道了，目前没看到人推荐，希望官方每种稀有度都有强的，机制有趣的。哦对，出蓝色，金色，红色角色会给相应颜色的票，可以在商店换抽，蓝票，黄票，红票加积分(目前不知道怎么得)四个商店一个月可以换30几抽。日活50玉，周活300，所以一周4.3抽，跟市面大部分差不多，甚至还高一点。
缺点:首先，配音没完全，不管是主线还是器灵，当然后续肯定会完善，我很喜欢一个说话叽里呱啦的玛雅文物(是玛雅吧？头上有羽毛的一个蓝色品质的)，但是现在配音没了，可能过不了省？我还记得以前器灵的语音有方言啊，在抽卡抽到了之后的结算画面里，现在是没了吗？然后就是月卡，我希望改改，月卡立即给的是300玉，也就是两抽，而不是等价的石头！！！！官方，给我改！我还指望着这个来源买点皮肤，这点不地道，非常不地道！！！！！！！！！！！！！！！！！！(感叹号强调，官方务必重视！)然后就是一开始感觉界面很繁杂，不过习惯了知道什么东西了还好，但是一开始确实不好懂。左上角的活动图标你做大点会怎样呢？字都看不清，还有就是教程那个对话框弹出来跟便秘一样，隔一会弹一个隔一会再弹，神里神经的，体验很不好，还有就是按键交互反馈感觉一般。这次三测没有悔棋功能，然后战斗跟一般的战旗不一样，有点回合制的感觉，你打敌人，就算你在敌人的攻击范围他也不会反击，当然，敌人打你也一样，可能这样会简单一点，但也少了很多趣味。然后就是，体力真的给太少啦！你随便刷刷就没了，可能你定位副游？但是战旗游戏你家ai又蠢得离谱，没错，再动男孩只会原地蹲下起立，大招给奶妈盾说的就是你！气鼠。这游戏时间也不能咋少吧，大部分不是练度碾压还得手动，公测多给体力，栓q了策划！还有就是毕竟五年前的游戏，放那个时候可能薄纱？不确定，但是现在这个小人的精细程度跟特效肯定是差点意思(不过皮肤很好看呜呜呜)，希望有钱了慢慢改进吧，卖给了阿b，手游坟场大家懂得都懂，我其实也担心，但是也等了五年，虽然今天炸服了，不过个人能接受，因为我很喜欢他。我只能祝他未来可期。
暂时想到这么多，后面不知道会不会改，希望给各位一点参考，有缘咱们公测见，各位玩得愉快。",4.0,5.0,
223324,物华弥新,39665561,2024-02-28 23:33:21,3,33514183,深夜不睡,Android 设备,6960.0,[],"['gameplay', 'operation', 'visual_music']","不值得玩
卖点是文物拟人化，但实际文化因素不多也不深刻，没啥内涵，止步皮套水平。
玩法就是个人战棋（？），数值抽卡战棋，玩法这方面没创新，非常的俗套。
氪金内容基本抄了舟的那一套，但是感觉是下位版本，完全提不起劲

",,1.0,1.0
223324,物华弥新,39665547,2024-02-28 23:28:54,4,21341867,暗影突击鹅,Honor X40i,,[],[],一辈子被卡在教学关，沉默,,1.0,
223324,物华弥新,39665543,2024-02-28 23:27:02,1,19229238,小羊唱诗班,vivo Y3,3300.0,['visual_music'],['operation'],前天下完预下载特意定了闹钟准备抢，昨天10点40多开始在主页面一直等，11点踩点进结果试了几次都显示网络不稳定，甚至切后台重进也是，想着可能官方会维修，就准备等会儿看，结果15分钟后再登就显示资格已满,,2.0,1.0
223324,物华弥新,39665510,2024-02-28 23:16:13,2,332948690,秋道也,iQOO Neo5 SE,,['visual_music'],"['gameplay', 'operation']",除了美术，都是依托答辩,,,1.0
223324,物华弥新,39665487,2024-02-28 23:07:34,3,846694,NIso Ataria,Vivo IQOO Z8,,['visual_music'],"['gameplay', 'operation']","游戏模式有种4年前的美。
这个游戏唯一值得夸赞的就只有文物IP了。
要体力有文物IP
要战斗体验有文物IP
要故事有文物IP。

💃🏻立绘建模：什么？你说立绘很精美？
连画师名字都不敢放出来，一些立绘还是一股ai味，衣服褶皱甚至都不自然。
我期待的是角色的设定能够与文物时代有关联，但是很明显有些个角色就是画个角色，然后往上面嗯堆文物要素罢了。
我怀疑制作组2年前就解散了，只画了一些核心人物，剩下的是ai火起来后用ai绘画补上去的。
你要是拿ai敷衍我，我凭什么要给你氪金？

",,1.0,
223324,物华弥新,39665445,2024-02-28 22:40:15,1,36356883,染墨相思,Android 设备,,[],"['operation', 'visual_music', 'gameplay']",资格少还让那么多人下，要好意思让我评价，不想给差评也要给了,,,
223324,物华弥新,39665429,2024-02-28 22:27:54,3,1421417,卡门,Redmi K40 游戏增强版,300.0,[],[],印象中是很多年前就预约关注了，每次看预约列表都会忍不住多看两眼，喜欢哑舍所以很喜欢这个题材，抢到预约资格也很开心，高兴的和朋友分享我关注了好久的游戏终于内测了，还抢到了资格。。。下班回家兴奋的下载，漫长的更新，期待的登陆。。。之后就是一脸懵逼的没有名额，很失望，这份期待落空真的难以评价，预留三星，希望公测时不要让我失望,,1.0,
223324,物华弥新,39665397,2024-02-28 22:05:26,4,2660830,Anirnal,Vivo IQOO 10 Pro,,"['gameplay', 'operation', 'visual_music']",[],除去服务器问题和抢号的事以外没太大问题的，画面精良立绘很ok，就是大招动画感觉还得再改改，养成资源有点缺,,,
223324,物华弥新,39665292,2024-02-28 20:18:16,1,10961199,0,Android 设备,9600.0,['visual_music'],"['operation', 'gameplay']","游戏通关条件很难吃满非常恶心，丝毫不考虑别人抽卡。第一个UP千万别抽非常拉基，伤害低能量没有技能还不让放。另一个号抽第二个UP还歪了非常恶心人
游戏福利很烂出金还行

那1-8还是1-9要三个回合打完的真是做得像构思，两边怪分开每次要看怪走完位才开始为什么不直接拉近点呢，有什么意义纯浪费时间，还不能自动战斗玩得我心痒痒咬牙切齿的",,1.0,
223324,物华弥新,39665240,2024-02-28 19:56:52,5,21261059,手机用户21261059,Redmi K50,,"['visual_music', 'gameplay', 'operation']",[],"虽然有网络不稳定，从11点一直点到11点05才进去，进去之后也频繁网络不稳定
但总体体验感觉还可以，ui设计和bgm很有特色，古色古香
立绘 台词 以及实际文物故事也结合的很好
战斗时技能动画稍微有些粗糙
部分界面提示不太明显，比如关卡隐藏挑战，还有活动页面的红点提示
赠送的蝠桃瓶换装感觉设计的不是很好，换装之后差点没看出来这是蝠桃瓶
不过总体还是不错的",,,
223324,物华弥新,39665224,2024-02-28 19:49:51,3,549201324,djfjene,Huawei P50 Pro,1200.0,['visual_music'],"['gameplay', 'operation']",既然是测试服那就直接聊聊个人觉得有待改进的地方。首先就是资源副本不能一键扫荡，我不理解一定要我看一遍过程有什么意义，如果我花费大量精力去抽当期UP之后又要我看那无聊动画打资源，那我觉得挺浪费时间的。其次，你这T型画帛这个召唤出来的是什么鬼？金乌还有玄龟就是这么个东西吗？我第一眼看那个玄龟我甚至以为它是个什么怪物，金乌跟乌鸦有什么区别？我理解你游是想尽量复刻文物中原本的形象，但是我请你们也稍微有点审美档次行不行，稍微美化一下都做不到吗？还有这个UP强度，T型画帛定位是远程输出，但她的召唤物要快速摸到人她本体位置又不能靠后，要不然就是前排残血了召唤物才刚过去，所以结果就是我得把他一个远程输出的角色跟近战角色贴的很近，既然所有角色都要挤在一起那如何体现她远程输出的定位？另外她这个数值，同样的三十级两级科技，那几个橙卡哪一个伤害不比这个废红卡伤害高？副本推荐三十级，我三十级满遍队过的了哪个副本？定位肉盾的怪物点两下我角色就没了，定位战士的怪物两个角色加两个召唤物打了六回合才打死，这是要我高等级来过低级副本？那我这个晋升周期不就得拉长？费了半天功夫拉满结果限定UP就这强度，你游这个角色强度真的有认真平衡过吗？,,,
223324,物华弥新,39665176,2024-02-28 19:20:55,5,109911818,桥下渔,Android 设备,,['visual_music'],[],画风音乐都超对我胃口，红卡角色的大招特效有点小失望，我以为会更华丽一点。战棋玩法不太感兴趣吧，好在有自动但是这人机是真蠢啊……喜欢黑发红眼的我真的迷t姐，但是出了双红都没有她，´_>`枯了，当看到180抽才必得的时候，更枯了。从现在的情况来看，只能先祝你活下去。,,,
223324,物华弥新,39665173,2024-02-28 19:18:58,5,28807886,容令,Android 设备,,"['gameplay', 'operation', 'visual_music']",[],"ui花里胡哨有些炫目，看着乱糟糟的
抽卡是没有大保底只能井的（还挺毒，六张卡歪了四次，希望能提高up概率或者削减井数）
养成唉，在卡等级突破的基础上糅合了崩铁的形迹系统，非常吃资源
武器唉，另一种形式的圣遗物罢了，炽不好整还得刷词条，估计大部分用耀顶着
其他的都还好感觉，引导做的挺好，也有一定的游戏性，首通之后，后续可以挂机，初始挂机倍率最高六倍，后边等级高了会开七倍和八倍
福利啊也还可以，目前看到的抽卡资源获取不算多，平民还得规划好井了再下池子",,,
223324,物华弥新,39665120,2024-02-28 18:58:02,4,438890963,我真好看,Android 设备,,['visual_music'],"['gameplay', 'operation']","怎么说呢，我很喜欢画风，话说测试为什么有写普通卡没有语音，我还挺喜欢其中几个的，结果没语音还挺失望的。
然后我觉得那个东方的立绘和声音有点不搭，我感觉他看着像是声音比较懒但是清脆的，但是不知道是不是我的问题我觉得配音有点憨厚了。
还有就是战斗，我其实有点搞不太懂，然后感觉好慢啊，如果能有更快的倍速就好了，然后大招也一天只出一次就行，重复真的很耗时间，如果能做到一键扫荡就更好了，当然感觉估计有什么技术问题，还是调快倍速吧，真没那么多时间。
还有上线其实也不知道干啥，前期没想着攒那个彩色东西换礼包，后面都霍霍完了才发现商场有礼包更划算，气死我了，如果新手引导能提醒我一下就好了。
可玩性方面我觉得挺难评的，剧情还行（我很少看剧情，看了前面一些，那个餐具扮成的鬼还挺可爱的，话说那个餐具的脸我总感觉没有q版角色萌）
我其实希望能多出一些那种互动类型的，和他们多交流，我感觉现在和文物的互动感不强，一整个战力培养，那些语音啊背景啊基本不会点开，我也不知道怎么解决这个，但是我想有一个媒介让我能够多互动（啊啊啊好难表达）
活动也希望能做些有意思的模式进来，肉鸽也可以，但是不要学隔壁某9那样做，我已经吐槽了八百遍了，太麻烦太费时了，玩家更想要的是爽，而不是动脑子去搭配这搭配那的，然后花一堆时间得一点点奖励。（不以偏概全，反正我想要的是爽）
还有抽卡问题，希望多点福利，感觉这一个月白嫖党能得到的太少了，我看到有帖子计算攒一个月下来就二十多抽，活动也不长，那玩家拿什么去抽，白嫖玩家也是主要群体之一，贡献的热度等力量也是很重要的啊，那实在每个月不加福利的话活动总得多送点吧，起码让人能确保下一个活动抽到一个嘛，毕竟总有非酋可能六七十抽出，那这得攒两月还可能歪，活动池都不知道更迭几个了，这不让人心寒吗？然后来个保底机制吧，一般人也抽不到一百八十抽，来个小保底大保底不好吗，给人点希望呗，非酋真的很多，万一我就是呢，多以我起码要为自己的利益说这一点。
其它倒是也没有了，某些角色的大招动画能重做还是重做吧，也看到有吐槽说有的动画很敷衍。
画风我是真的喜欢，希望公测时能够看到更优良的游戏。
（以上纯属个人看法，不强求任何人认同，你喜欢ok，我不太满意也ok，都是臭玩游戏的，别管天管地的）",,,
223324,物华弥新,39665072,2024-02-28 18:39:08,2,25808194,居士,Redmi K40 游戏增强版,,[],"['gameplay', 'operation', 'visual_music']",😅笑死掉，你能看看你写了什么吗，所，我的测试资格在哪里,1.0,2.0,
223324,物华弥新,39665066,2024-02-28 18:37:40,4,16176501,喻沉渊,Huawei Mate 60 Pro,,['visual_music'],['gameplay'],"体验下来的结果：很挑玩家。
先上结论：如果不是重度国风发烧友，或者对文物类文化游戏有着极强好感度的，可能入坑之后会因对不上脑电波而极速退坑。
缺点：非常古早的游戏，局内战斗的小人很丑，大招特效部分角色亟待优化，资源关的自动战斗ai已经能看出愚蠢之处，UI初看较乱，精研后的养成较复杂，部分角色（或者说大部分角色）命座提升过大（直接给技能做改变）。
优点：美术和音乐非常好，UI深度使用后发现逻辑还是清晰的，有多倍战斗，剧情文案不错且表现力较好，有自动ai辅助通关，对文物背景做了非常详细且完整的档案表述，整体上来看是合格的文化类二游。
抽卡180发大保底，目前付费测个人体验概率还行，不存在硬吃大保底的情况，而且有舟游同款的金转彩（抽卡最高级角色由sr转ssr），非常考验心脏强度。
但说了这么多，我只能说非常遗憾，个人玩游戏时会同时注意“包装”（即美术音乐等）和“内核”（即游戏性）两方面，这款游戏对我来说，局内战斗表现远不如1999给我的“小而美”的体验，属于是古早粗糙的类型，因此不在我的游玩清单内，个人评分其实只能给到三星。但由于是非常合格的文化类二游，我决定给到四星，我评价游戏时一般不会让太多个人观点掩盖游戏的本身定位质量。因此还是推荐大家公测去玩的。
还有两点需要补充：付费测就炸服，你开服也百分百必炸服，想好公关手段了吗？到时候可是一星刷满。另外，b站运营，做好长线运营的打算了吗？",,1.0,
223324,物华弥新,39665043,2024-02-28 18:29:33,3,47826778,狮乐知,Redmi K50,,"['operation', 'visual_music']",['gameplay'],"画风很戳我，非常好看。(*๓´╰╯`๓)♡
养成非常肝突破等级上限刷个材料要我大半管体力根本不够用。开局就给了两管体力药一个60一个100也没有常见的一日三餐回体力(ﾉ｀⊿´)ﾉ好在没有丧心病狂的取消升级回体力
抽卡爆率听说挺良心，但我是个非酋不多评价(ㄒoㄒ) 
关卡通过挺简单正常拉等级自动基本能过，但是满星条件太逆天了各种各样，有保护让人血压飙升的人质，有要求特定回合杀特点怪，有不吃特点怪技能，另外自动真的有够蠢老是让人待在原地不放技能等等问题
后勤能放的人好少，装备虽然可以制作但是升级居然有词条又要看运气T﹏T
剧情马马虎虎吧一般般
可以说全是纸片人支撑着我玩下去了",,1.0,
223324,物华弥新,39664988,2024-02-28 18:15:10,4,3275039,Samuel  Destiny,红米 K20 Pro 尊享版,16920.0,[],[],"第一天结束，感觉还行
优点
1，这画质看着舒服，无论是战斗还是其他地方，画面一般，但是看着舒服
2，我真的很讨厌Q版人物，因为不好看，但是这个虽然是Q版，能看得下去，只是能看得下去（好吧这不算优点，划掉）
3抽卡爆率还可以，按这个爆率来玩，180也可以接受，如果正式服要改的话，180就算是缺点了
4怪物强度适中，没有那种很离谱的怪，希望后期可以出，但是不是现在
5游戏立意很好，媚而不俗，但是有些技能的没有根据文物的本身特点来，根游戏立意有些冲突了，感觉有些粗制滥造，希望改变
6既有自动，又有扫荡虽然有上限，但是很好
缺点
1剧情对话，和其他地方会弹出对话框，但是两次对话框出现的间隔有点大，很难受
2人物仓库，筛选的时候没有具体筛选条件，比如不能直接筛选治疗角色，希望加入
3日常资源副本，职业的资源副本，图标太小，不好点
△△△4战斗方面有点别扭，希望点击技能之后直接选择敌方角色，就可以走到敌方身边释放，而不是非要先要自己走过去才能释放技能
5体力少，很少，多送点，人物需要六个，而且还需要试错，所以要多给体力，或者减少养成成本
6技能描述不准，例如弓箭的平A说是三格距离，结果是算上自己的格子才是三格，事实上距离只有两格，希望是去掉自身那个格子是三格
7开服送的两大抽，因为卡顿，导致少了一大抽，到现在没有补偿，很烦
8养成成本很大，需要的东西很多
以上，暂时就这些",1.0,10.0,
223324,物华弥新,39664986,2024-02-28 18:14:39,1,493514611,陌北魘,Vivo V2148A,,['visual_music'],"['operation', 'gameplay']",这游戏，好看，但不好玩，你那误触啊，就那1-12，我误触好几次，这游戏谁爱玩谁玩吧,,1.0,
223324,物华弥新,39664949,2024-02-28 18:05:12,3,69301035,aphasia,小米Redmi K40,3000.0,[],[],"哎，期待这么久上来还是几年前这种换汤不换药的游戏设计，其实这也没啥，有点让人受不了的是我开小窗看其他页面，它会暂停游戏，剧情播放和战斗都会被暂停😅
而且目前有个bug是看完剧情进战斗那个加载页面，如果当时我正好在小窗点什么，它就会一直卡在84%",,2.0,
223324,物华弥新,39664928,2024-02-28 18:01:19,3,8013489,异界型吃货,Web 官网,,['visual_music'],[],"3星给单纯给美术
传两张截图防云
粥当初开服各种资源卡玩家脖子也是被诟病了挺久的，这游戏只能说吃的更离谱了。不仅每个人物有个类似技能树一样的东西开被动和升技能，而且还有提升白值属性，命座也比隔壁的蚊子腿提升的要多，隔壁那个潜能除了部分干员基本是个可有可无的东西，这边的3命全是技能强化，有和没有3命区别可不小。
正常编队一共8人，这就8人份的资源量打底了，从关卡也看得出是鼓励多练不同角色的，这样一来吃的资源就更多了，更别说还加了个装备部分，光随机词条几个字我觉得大部分人都明白这是个什么概念，而且法系这边还是输出和奶共用一种武器，这个词条池污染更严重了。
而且这边是回合制游戏，那就不能像隔壁塔防靠着高输出在敌人摸到你之前打死从而抛弃防御和回复，该吃的伤害你只能吃下，某几关的完美条件是要求角色血量在50%以上，而且还得是全员在50%以上，只能靠着之后把角色属性练上来了回去做，本质还是靠着数值，跟玩家的策略关系不大。毕竟数值堆够以后一人一刀一个敌人比什么策略都好使。
回合制部分加了个速度系统，只能说这个部分如果后续不开放除了天赋点以外更多的提升速度的办法的话，就是个单纯的负面系统，现在就有一个高速的狗子小怪了，在你伤害不能一刀秒了他之前他一只能咬你两口，配合某几个完美要求50%以上血量的关只能说是体验极佳。
还把看录像这种糟粕给学来了，还是说你这手游也要像端游一样有在线时长的指标？
只能说希望制作组能看清楚现在的大环境，粥那套能火有一半是靠着刚好赶上版号寒冬。现在不是不玩你家的游戏就没有新游戏的时候了，玩家不需要捻着鼻子玩，所以现在还死学粥那套只会把大部分玩家给劝退了。
而且先不讨论游戏素质，单是现在测试开服这波操作，我就挺担心这游戏以后的未来，还是b站运营，希望能这游戏能活的久一点吧",,,
223324,物华弥新,39664050,2024-02-28 15:49:46,3,5895087,SK筱狼,小米Redmi K40,,['operation'],"['visual_music', 'gameplay']","太长不看版：
1.三年啊三年，端上来的还是这么一坨半成品。
2.手机里有一款国风军武类型（指能在卡池里抽坦克）的游戏。见下图
3.借用这游戏卡池的名字来评价，那就是太流碧了，太金彩了。
我的建议是大家别等了，这次测试能搞成这个样子，大概率是因为他们自己公司都打算放弃这个项目了，项目组都快解散了，但意外地拿到了版号，所以就寻思先丢出来测试看看成绩，成绩好就继续骗投资接着做。
根据目前的风评等要素看，数据应该不会好，投资估计也要不到，最后要么是原样一坨端上来公测，要么是像时序残响一样中道崩殂退款，如果中道崩殂还算好的，至少付费测拿到的钱还能回得来。
鉴定为：能活到公测就行。
————
1.画面：真的乱，我很久没看到这么乱的UI了，简直是重返未来1999国风超级加强版promaxplus，我也不知道为什么，这游戏就这么喜欢国风包装，包装包装包装，都包装过头了好不好？为了包装舍弃可视性就是纯牢弹行为，这UI看的我真的眼晕。
角色立绘画风算是行业内中等水平吧，而且画风参差不齐，但这点没什么可黑的，毕竟小作坊，肯定找了一堆外包画师。设计方面就有的是可吐槽的地方了。
首先，我觉得你不用太太太太太太太想去展现这个文物的特征，因为我觉得玩这个游戏的人99%都不知道原型文物长什么样，你与其去为了重现文物特征拿出来一个不讨喜的立绘，不如减少文物特征在画面中的占比，先想办法用第一印象征服玩家。
二次元、手游、国风、文物……哈哈哈，你觉得这四个市场的用户重叠度很高吗？你现阶段要明确的是，从这四个领域里面的哪个领域的玩家身上捞油水，我觉得但凡是个脑子正常的人，应该都不会觉得“文物”领域的人会是付费大头。
所以你就老老实实按照二游做法不好吗？先给二游玩家喂饱了，再去让他们慢慢了解文物，而不是先把一大坨屎扔人家脸上，然后让人家从里面掏金子。
我承认，我是个颜控，你这个角色长得不好看，你背景设定考据乱七八糟的写出花来，我照样不会看一眼。你这个角色长得好看，哪怕随便拿AI跑个人设台词我都会搁主页面舔屏。
所以，你别给我卡池里塞坦克行吗？
看得出来，物华弥新想用比较“新颖”的超浓国风色彩美术来吸引人，也很想给大家介绍文物。
但问题是，你这是游戏，我也是冲着玩游戏来的，你能不能别教育我啊？
还有一个得说的，虽然目前这游戏对外宣称是一般向，但我莫名闻到一股女性向的味道，希望是我的错觉。
2.音乐：没开声音，不做评价。
3.玩法：就是经典的SRPG，没有一丁点称得上独特的内容，就这水平，就别想着跟紫龙抢市场了。
没往后玩，因为这一大坨美术看得我眼睛难受，玩一会儿就顶不住了，所以也没去算数值做的好不好，反正不管数值做的好不好，这一大坨美术不改的话公测我是肯定不会充钱的，哪怕你做个强爆炸的卡池我也不会氪金抽。
哦对了，这游戏养成部分，抽卡定价之类的，还有货币，似乎都是对标的舟，所以同样是有同卡突破的。红卡概率2.5%，其中1.25%是当期UP。这个出卡率也不算低吧。小保底（70抽必出红）共通，大保底（天井，180抽可以领取一只当期新卡）不共通，也就是说池子进度是不继承的，并且没有像O神那样的这次没出UP，下次一定出UP的机制。抽卡价格如果买礼包的话大概10块钱一抽，真不便宜。
看了下卡池，红卡光是常驻的就16只……金卡22只，蓝卡16只。这个稀有度分配感觉挺怪的，而且红卡里明显有个别的像是金卡临时拔上来的，要机制没机制，要数值没数值的玩意。
4.文案：你什么时候给那些角色名字加上拼音，什么时候我再看剧情。全是生僻字，很多角色名字我都叫不上来，看来是我不配。
道具包装我就不说了，感觉已经比之前好一些了，我记得之前道具命名是更加晦涩难懂的东西。
5.场外：惯例，聊聊场外要素吧。这个游戏的官方账号在23年2月开始就抱持着一个比较低的动态发布频率，一个月四五条的样子，而且几乎也没有游戏本身相关的东西，比如角色介绍，背景介绍之类的，由此可见应该是存货已经发差不多了，他们连拉高玩家期待值都懒得拉了，说明项目本身大概率就是一个要被砍但还没被砍的状态。期间似乎参加了漫展活动，感觉是在给自己长点履历，方便拉投资，到时候可以吹逼说在什么什么展子上出展，给投资人看。
我上次玩是21年12月，那么这2年多里这游戏有什么提升吗？个人认为没啥提升，顺便一提，这UI已经是升级过的了，以前的UI比现在还乱。而且都到现在了，2年多了，很多功能还没做完，这个效率……项目组里可能也就只剩下一些最低限度维持进度的人了。种种层面都能看出来，这个项目是真的要完蛋，无论什么时候被砍都不奇怪。
以这个完成度来开付费测试，看得出来是他们想放手一搏。而这放手一搏之后，大概率就是因为数据不好，项目彻底腰斩，现在就看这次测试成绩了，虽然希望渺茫，但还是有可能顺利活到公测的。",,,5.0
223324,物华弥新,39664851,2024-02-28 17:46:15,4,105582514,叶声,小米Xiaomi 14,,"['gameplay', 'visual_music']",[],"早上抢注的时候炸服这个确实有点小恼火，还有玩着重连也有点多，这些问题确实该整整你们那个土豆服务器了，除了这个也还有些瑕疵比如剧情开关自动和倍速播放比较模糊不清，剧情中间灰色旁白太暗了快跟背景融为一体看起来很累，剧情配音有几段丢失没有播放，新人活动那些图标跟背景不太能分开找的比较累眼睛这些问题，趁着还没正式上线赶紧改改，抽卡还没体验，立绘和配音个人认为很顶，立绘之绝美皮肤没有原版立绘好看，Q版小人们可爱得我撅过去，配音只说制盐砖我是真的我超爱，我素川人，制盐砖的川话标准得我真的超爱一张嘴就知道是咱老乡，铜盘们的小孩音也很自然没有不合适的尴尬感特别可爱。
玩法不是很懂具体是什么分类，但挺轻松的感觉，上手不复杂。
整个游戏的美术力是拉满了的，配音也很厉害，就是服务器着实不怎么样卡卡的，暂时就这些感受看后续体验。

💃🏻立绘建模：
很美，我垂直心动",,,
223324,物华弥新,39664731,2024-02-28 17:22:05,1,66633145,李嘉图,Nubia NX712J,,['visual_music'],"['gameplay', 'operation']",💩一样的游戏体验，玩起来难受的一批,,2.0,
223324,物华弥新,39664657,2024-02-28 17:11:38,4,323782330,无.,Redmi K60 Pro,,[],[],还行，个人挺喜欢的，就是你游一个up池可以连歪四次是否有点极端了，🌚🌚。不过出的货概率还是挺高的，并且抽中一只就可以停手了，这点还是可以的，还有目前抽卡资源无固定来源，体力太少，养成资源消耗挺高，目前角色之间的配合太少，但你武器不用抽可还行，但怎么也有个随机词条的机制啊，现在看到随机词条就怕，不过你游武器副词条没有随机升这点还是可以接受的。,,,
223324,物华弥新,39664526,2024-02-28 16:51:44,2,83877283,苏芒,iQOO Neo 5 活力版,8400.0,[],[],大保底要吃井，而且不继承，也不知道是不是真限定，石块提升大，没扫荡，福利感觉不如最近的几个战棋，公测还这样，游戏也可以去b游坟场当古董了,,2.0,
223324,物华弥新,39664574,2024-02-28 16:58:02,2,569825240,阿斋,Android 设备,,[],[],"抽到了内测资格，对这个游戏也有很高的期待，现在看来完全是期待有多高失望就有多大
​1.服务器不行，就连限量测试的服务器都要炸，你作为游戏厂商，应该早先就预估到这种情况的发生，后续的处理也不及时，公关团队和没有一样，高傲傲慢的态度惹得群情激愤，对你游的第一印象就不好
​2.游戏UI设计实在是太掉链子了，一进去花里胡哨，什么都找不到，不知道的还以为我在玩那种“是男人都在玩的传奇”看板只能居于很小的一块，当然可能有的二游也这样，我个人不喜欢
​3.玩法很普通的自走棋，有的人喜欢这种玩法，我不是特别青睐这种模式 ，但是其他方面做得好我也能将就玩下去（问题是目前来看你除了画风没一个地方让人满意😇）
4.新手引导太过简单，一些主页面的功能完全没有介绍到，你是要玩家自己理解参悟吗，别太高傲
5.人物live2d敷衍，可能是我好的吃多了，你这皮肤动态我真吃不下去，你的价格是普通二游的价格，live2d上远远不如其他二游，站着就把饭吃了😇
6.立绘和BGM都很优秀，但是也只有这方面优秀，以你新颖的题材本来能在众多二游杀出重围，但是​其他方面做的实在是不行，况且画风和音乐在线的二游不少，我为什么要委屈自己玩你这个除了画风和音乐基本上没有可圈可点之处的游戏
7.没有扫荡我的一生之敌😇
我只是一个玩游戏的普通玩家，如果有哪点观点与您不一致，那一定是您对",4.0,1.0,
223324,物华弥新,39664553,2024-02-28 16:55:36,1,29471821,－唉O哟－,Android 设备,,['visual_music'],"['gameplay', 'operation']",得抢注干嘛提醒我有测试资格，白更新那么久，第二天准点也没抢到，骗下载量？,2.0,2.0,
223324,物华弥新,39658972,2024-02-28 07:08:48,3,12288648,虞弦,RealmeGT Neo5,5220.0,['visual_music'],['gameplay'],"下午有资格玩了，玩了几个小时就有点无聊了，战棋玩法倒是没啥，但是这剧情跟文物也没什么必然联系，你说是个普通的锅盆碗盏拟人化也没差，剧情估计到现在也改不了什么了，搁几年前可能还行，现在真是各种不看好了
而且ui真的看的脑瓜疼，现在的美术设计就不能整个简洁大方的ui嘛，跟贴小广告似的大大小小五颜六色堆一块
—————————————————————————
第一次见先让下游戏再说抢资格的，你是啥国际服大游戏嘛，工作日11点才几分钟时间能有几个活人抢啊就没资格了，是我不配玩了，再见",5.0,8.0,
223324,物华弥新,39664462,2024-02-28 16:42:01,4,569971823,wxx,HONOR 90 GT,,"['gameplay', 'operation', 'visual_music']",[],"剧情方面有待提高，玩法方面可以增加挑战难度。

养成内容建议减少一些，不然实在太肝了，建议把武器的养成系统去了。
抽卡180抽3张sss，其中一张一定是up池，总体来说中规中矩。在二游里面算是中等水准。没有武器池好评，别学米哈游那套，只会害死你的。（就跟隔壁的重返****一样，本来预约好了，它上个武器池和空降池，老子直接不玩，哪怕风评好转我也不玩，狗改不了吃屎的）
福利要再增加一些，就目前的开服活动来说，还是不够的。
休闲模式可以增加围棋吗，感觉围棋跟古物很搭呢。
音乐记得持续更新和增加，不然听久了会疲劳的。
配音不错，方言可以再多增加些，比如潮汕话，雷州化这些。
战斗画面要有插画呀，就跟机器人大战一样，看不到高达战斗的画面根本就是吸引不到人去玩。
战棋类游戏多参考紫龙的天地劫和梦幻模拟战，目前战棋类游戏紫龙制作的最为成熟。
最后希望早日正式上线，总体来说，
音乐和题材都很好
剧情还需打磨，养成玩法要做减法，多增加些小游戏，还有战棋类游戏必不可少的挑战模式（挑战模式是考验玩家对游戏的理解，不是逼氪，不是考练度）



",,1.0,
223324,物华弥新,39664448,2024-02-28 16:40:10,1,7291903,山鬼不识字,OnePlus 10T,,[],"['gameplay', 'operation', 'visual_music']",《您已抢到测试资格》，屁颠屁颠下了4个多g然后告诉我说注册资格已上限,,,
223324,物华弥新,39664428,2024-02-28 16:36:41,5,32216871,奶汤蒲菜.,华为BRA-AL00,,"['gameplay', 'operation', 'visual_music']",[],"虽然玩法普通 但是画风真的超级对我胃口
角色也好好看 就是感觉互动性很少  希望进一步优化一下 总之 我是觉得不错的真的好好看呜呜呜呜呜😍😍😍",,,
223324,物华弥新,39664427,2024-02-28 16:36:40,4,451376065,曦尘,Vivo IQOO Neo8,,"['operation', 'visual_music', 'gameplay']",[],"今天玩了也有一会了说说看吧
玩法：目前来看我个人是比较喜欢战棋类玩法的之前玩火焰纹章感觉这种玩法还是很好玩的所以我个人认为玩法还是很有趣的。
剧情：测试时间短所以没有看剧情不做评价
难度：感觉不好，前期的关卡容易，但是到第二章开始难度开始加大，难度断层太大，并且卡器者等级严重。
养成：不必多说二游该有的都有，参考明日方舟
画风：比较精致好看
最后还是说一下，建议简化UI看着真的繁琐，战斗的细节还要优化，关卡难度还要重新优化。
PS：测试期间的爆率好高啊",,,
223324,物华弥新,39658437,2024-02-28 06:11:49,3,25204291,╰★Kingヴじ☆炎,小米Redmi K40,,['visual_music'],"['gameplay', 'operation']","建议∶游戏主屏幕时，开小窗抖音会打断游戏，希望修改，角色成女能不能多点，基本都是少女体型还有男的，少点布料
美术风格不错，战斗玩法老套，抽卡概率中规中矩（还是看命）角色就不能肉肉吗，全是基本都是布料😭网路问题严重",,5.0,3.0
223324,物华弥新,28724797,2021-12-31 05:18:54,5,21899175,锦依御绫衾,Redmi Note 12 Turbo,,"['gameplay', 'operation', 'visual_music']",[],"扫一眼评分真是气笑了，首先叠个甲啊，一下内容只是个人碎碎念，不是说教不是道德绑架仅代表自己不代表他人或任何群体非人身攻击种族歧视，你骂我就是你对。（骂了就骂了，我受着，记得别自顾自破防删评）
说真的，来古确实没市面上某些游戏好玩，毕竟画风又杂（虽然但是啊，文物这个东西本来就没有统一的画风吧，时代不同国家不同文化不同，天天拿风格不一说事的有没有想过这是文物“拟人”），游戏玩法小众（一局战棋打一年），又不卖肉（说多漏点的真是服了，本来文物题材过审就不容易了，还多露点。这边建议你纹个身去考公），还被b收了（坟场坑位加一，牛马蛇神速速招徕），还是二游（游戏链底端生物，我不好说），而且还没扫荡（虽然三倍速多倍率勉勉强强可以吧，但我还是想要扫荡）。
综上来说，我的评价为能玩，但不建议玩。
但是！
那些说游戏玩不了就打一星的只能评价为若知！
下个游戏，公告是不看的（今天11点6w抢注）；打个游戏，攻略是不查的（纯蓝卡战神队都能推主线，抽卡主打就是一个xp）；评分，是只有一星的；打开主页，是清一色差评的。
我的建议是，没空玩游戏就好好上班学习睡觉，没人求你玩也没人逼你玩。注意身体少传播负面情绪，你好我也好，苦大仇深大一星给谁看👀，又没人给你发钱（不对，或许有？）
……
第一印象的页面布局确实很像yj的舟游（这是事实，没黑），但是！玩法不同！画风不同！配乐不同！配音全中文！（还是根据国籍区分的来着？）世界观和剧情也是超赞的！百分之一千的期待！希望上线后可以长久的运营下去啊，加油！",2.0,2.0,2.0
223324,物华弥新,39664319,2024-02-28 16:20:02,3,4718812,布泪,小米Xiaomi 12 Pro,8220.0,[],[],"两个多小时，不能算乱評了吧
💃🏻立绘建模：
很奇怪，看上去，第一眼挺好看的，但仔细看就给人一种怪怪的感觉，说不出来，喜欢不上来。
剧情：
很一般，并不能把古物生动的穿插出去，至少我体验到的剧情，很生硬。
然后，很肝，没有明确的定位，不是大型游戏，又不休闲…",,,
223324,物华弥新,39656950,2024-02-28 04:05:26,2,70002801,浔丶ling,Vivo V1936A,5280.0,"['gameplay', 'visual_music']",['operation'],"笑点解析——游戏时长35分钟
测试资格和注册资格分开算的
看来我找手游玩的原则得改一下，沾猪鹅b的网游都不能碰
虽然是月底了，而且刚开学，流量不值钱，但半星是给被浪费的流量的，另外一半是给之前的希望的

——————
重新试了一下，游戏货币(目前)和舟源石一样，一关一颗，可以氪金或买皮肤，角色重复抽取也一样只有一部分数值提升，现在是有石头自选角色的抽卡……
美术：风格挺统一的，没有问题，只是我个人不是特别喜欢这种元素堆砌的感觉
2.玩法……第一次接触，感觉不错
3.配音：说实话，挺好，唯一的缺点是每一段话前面留了好几秒，非常难受
4.物价：感觉是舟和米那种偏贵的18r一抽，需要注意的是保底似乎也是舟和蔚蓝那种指定抽数的保底，要180抽1只，50开始递增，能连续歪(刚抽池子双黄歪了)歪的概率是50%(出红2.5%的话up红1.25%)

游戏的寿命感觉属于不作死，有人买单能玩好一段时间的，但考虑到阿b……保守估计应该能活1.5到3年
(本来想三星观望的，又想到这是阿b的游戏了，而且还吃了我两边流量，还是改两星吧)",,27.0,1.0
223324,物华弥新,39664212,2024-02-28 16:06:40,4,5131285,殉教羽,Huawei Mate 60 Pro,8580.0,"['gameplay', 'operation', 'visual_music']",[],"内测给点包容度，美术表现方面完成度高的像公测产品。也可能是我预期不太高，所以格外惊喜吧。
玩下来的问题，关卡难度有点高了，主线有些关卡的满星需要结算时角色血量不少于一半，我们auto人什么时候才能站起来！
立绘感觉女角色比男角色精致些。
配乐好听的！暂时就这点了。",,,
223324,物华弥新,39664150,2024-02-28 15:59:17,4,55897466,虚꧁▇5̶2̶0̶1̶3̶1̶,Vivo X80,,[],[],还不错，不过真的建议把自动战斗的时候开小窗暂停给改了,1.0,1.0,
223324,物华弥新,39663987,2024-02-28 15:43:01,1,816501,等待桑orz,Android 设备,,[],['gameplay'],玩法无聊，难度又高，养成肝的一批。主线剧情相当一般，角色立绘也是参差不齐，有些付费皮肤还没原皮好看呢，怎么好意思拿出来卖钱的。只有音乐质量还算不错，等什么时候出OST或许可以整一个听。,,2.0,
223324,物华弥新,39663770,2024-02-28 15:22:10,3,15552459,H 、Y,三星Galaxy S23,,"['gameplay', 'visual_music']",['operation'],"画风，立绘没得说。就是有点费脑子，而且资源给的太少了。
",,,
223324,物华弥新,39663730,2024-02-28 15:19:01,4,83332896,放开💩让我吃,Android 设备,,"['gameplay', 'operation', 'visual_music']",[],"测试第一天：
可玩性：还可以 目前第一天还没玩特别明白 战斗风格就是下棋 特别需要提的是虽然目前的战斗已经很节约时间了 但是如果能扫荡就更好了！！！目前刚开始还没开拓到其他的玩法 
画面音乐：美工不错 很有自己的风格 
运营服务：问题解决很及时 
我不是剧情党 一般不怎么看剧情 冲着美工入的坑  希望之后出的角色池 要么强度高 要么美工很好很有吸引力 目前这两个确实让人提不起太大的兴趣抽卡  
总的来说 值得作为副游玩😇",,1.0,
223324,物华弥新,39663679,2024-02-28 15:14:20,5,427115270,星辰行者&宇梦溪,红米 K40 Pro,,[],[],根本进不去，谢谢，不予评价。,,,
223324,物华弥新,39663599,2024-02-28 15:05:47,1,582271011,l l,Android 设备,,[],"['gameplay', 'operation', 'visual_music']",不管如何前一天我下载来注册了然后开服上线给哦好吓一跳11点开12点上就没有资格了那我下载了什么注册了什么笑了这种东西公测也不会有什么而且某家带我是玩过bug满天飞也就到此为止了被带也就是终点了,,2.0,2.0
223324,物华弥新,39663549,2024-02-28 15:01:10,3,113862030,诸葛羽,Vivo V2203A,,['visual_music'],"['gameplay', 'operation']","画风还是好看的，大背景也挺有创意文物拟人，但是感觉玩法不舒适
",,1.0,
223324,物华弥新,39663547,2024-02-28 15:01:06,2,557761243,kk,Android 设备,,[],"['operation', 'visual_music', 'gameplay']",玩了一下，剧情无聊，玩法一般，甚至主界面只给放张立绘，连个live2d和动态都没有，如果公测还这样的话那江湖路远，再见,2.0,2.0,
223324,物华弥新,39663511,2024-02-28 14:56:58,4,70387090,没问你电饭煲,Android 设备,12540.0,"['visual_music', 'gameplay', 'operation']",[],"一开始玩真的有惊艳到，美术和UI都很漂亮，BGM不太耐听不过还可以，音效很好，但是战斗关卡设计有点欠缺，难度我个人感觉断层有点明显，（？）前几关还挺轻松的后面就很吃力，这才刚是第一章诶。
剧情中规中矩，没有太出色的地方也没有啥大毛病，文案精美有余但自然不足，人物角色塑造稍显平板，不过整体还可以！
希望正式公测能够更好！",,,
223324,物华弥新,39663451,2024-02-28 14:51:08,3,47887342,八百目沙華,vivo S7,,[],[],难评，等了好久，11点卡点进，一直显示网络异常，后面说资格发完了，真的难评，结果2点半又搞一次，笑死，删都删了，浪费我7个G流量，但好歹有过期待，就给个三星吧🙁,,,
223324,物华弥新,39663447,2024-02-28 14:50:25,1,42473234,叱咤月海鱼鱼喵,Vivo V2072A,1260.0,[],[],没玩游戏，此评分是对开服强注的，测试能逼跑一群玩家，让玩家降低好感，在我玩的游戏里面也算是头一个了，就不能给有资格的玩家开下载吗，昨天，开开心心的下好，以为不限资格了，准备今天玩，结果要测试资格，浪费时间，你不能提前标好吗，下午又开一波，大部分玩家都对你们印象分为低了吧，除了没卸的，。。。。,,11.0,
223324,物华弥新,39655598,2024-02-28 03:02:32,3,12871123,叽,Redmi K60,5700.0,[],[],"进不去说我网络不稳定。。。。感觉你游是个爱甩锅的公司🙄
进去了但是第二个剧情视频后面就卡住了只能退游戏😑
战棋类真的有点墨迹，最大的缺点就是小窗挂机自动暂停😑",1.0,23.0,
223324,物华弥新,39663393,2024-02-28 14:45:18,4,568026193,棐,华为BTK-W00,,"['gameplay', 'operation', 'visual_music']",[],"不是专业测评的，按喜好来谈谈自己感受
立绘：大部分比较戳我，即使不是自己喜欢的类型也做的足够精致，但有些建模动作有些奇奇怪怪不知道是不是我没get到的原因
剧情：开头的时候我有点混乱，没太理清，整体体验下来还可以，每个角色都很有个性，人设也不错，就是我玩游戏喜欢当番来看，而这个游戏语音一旦点快了就被点没了，不能自动播放剧情，剧情记录里也没有播放语音的选项，也许是因为查看剧情记录时当前语音仍能播放的原因吧
战斗：应该是自走棋模式的，我玩过的游戏类型不多，不太确定，还算比较简单，能AI过去的我直接偷懒了，有时候追求完美通关的时候会自己操作，打通后可以委托给AI，还有buff加成，角色哪张好用我还不太懂，我主要养高致知和高稀有度的角色，个人偏好构术和远击类职业，第一次抽卡不知道是不是固定出天蓝瓶（奶卡），有这张卡目前续航能力还不错
不知道是我的问题还是怎么回事，感觉前期资源不是很多，不要太分散养卡了，尽量抽重复的卡叠致知来养。根据我朋友的话来说，和舟很像，但不是塔防模式。
总之还可以，等公测继续玩。",,2.0,
223324,物华弥新,39663250,2024-02-28 14:30:18,4,51637600,大狸子,Android 设备,18840.0,['gameplay'],[],"🎮可玩性：
目前推到2-8，明天再通关，立绘我无所谓，总体偏硬核，有当年方舟三测那味，几个玩着难受的点，隐藏成就非常恶心，再重复打一遍毫无游戏体验，回合数任务直接把打年糕思路限制死，删掉会更好，还有战斗特殊地块不明显（比如雷池、地面上高台路线）空降敌人没有提示。最难受的是养成系统非常复杂，一个角色进阶就四五次，武器有品质还要升级进阶升星，建议像方舟一样只有升级进阶和技能升级，武器偏特化打对策",,1.0,
223324,物华弥新,39656805,2024-02-28 03:55:02,4,367152698,CENSORED,Android 设备,,"['visual_music', 'gameplay']",['operation'],"抢注成功了(非开服前有资格的玩家)，但是因为进入关卡卡住退了再进去就一直在页面加载了。然后官方这波貌似背刺了不少开服前抢资格的玩家。。。😒怎么说呢，你游本来就这么久才拿到版号还是b运开服还整这一出，抓紧出公告致歉啥的挽救一下吧，关注了这么久还是对你游有点期待的。
晚上了，目前优化终于是好了，没有发现明显的卡顿，玩了一会体验确实还行(全靠友商衬托)但是这波测试限号操作有骗下载量之嫌，所以扣一星。",,,
223324,物华弥新,39663175,2024-02-28 14:23:29,5,48450014,荒废集,iPhone 13,,[],[],画风满分，游戏性满分,,,
223324,物华弥新,39663156,2024-02-28 14:21:40,5,519913562,清,Vivo IQOO Pad,,[],[],世界最好玩的游戏 没有之一 零氪50抽 ,,1.0,
223324,物华弥新,39663107,2024-02-28 14:17:18,1,5532372,曦和夜玄,Android 设备,,[],['operation'],昨天一看开放下载测试就下了，今天下班打开一看玩不了，就不能找一个合理的时间来提前获取测试资格吗？比如周末或者平时的晚上，先获取到资格，今天再来下游戏进服务器。非得在这种工作日的11点来抢，是不是觉得大伙都不用上班，还是说上班族时间少，所以不配参与测试是吧？,,4.0,
223324,物华弥新,39663104,2024-02-28 14:17:06,5,580886562,鸮隼,小米 Redmi 10X,,"['gameplay', 'visual_music']",[],我一开始就是专门冲着美术去的，但是我还是很想说不管是剧情里还是其他什么地方可不可以换一个字体，毕竟是和古代挂钩的或许可以把字搞的有点特色,,,
223324,物华弥新,39662928,2024-02-28 14:02:24,3,575142718,众拜,荣耀 Play3,,"['gameplay', 'visual_music']",['operation'],重做必须重做，什么垃圾游戏呀，建模太丑，福利太少，,,,
223324,物华弥新,39662884,2024-02-28 13:59:10,3,415571,千魂,华为 nova 6 5G,,"['gameplay', 'visual_music']",[],"美术风格和国风音乐加大分，角色立绘可爱和游戏ui配合的也还可以。
说说缺点：养成材料有点复杂，角色界面看没什么，一点开考核一堆的养成摆在面前，材料要的多体力得分配好。战斗方面有自动可以当个副游挂机，通关后没有扫荡而是看录像拿多倍奖励这样的功能，我个人不是特别喜欢
还想说整几个月卡和成长计划的，顿时打消念头，玩个几天看看后续表现",,,
223324,物华弥新,39662894,2024-02-28 13:59:30,3,398196129,吭哧吭哧,Redmi  K70 Pro,,"['gameplay', 'operation', 'visual_music']",[],画风什么的都还行，但是就是一点稳定性还是差了点，如果说画风给五星的话，那么其他的都是2到4星，有一点很舒服就是这里有隐藏挑战，但是如果不注意没有完成，第二次打的话是不耗体力的。,,,
223324,物华弥新,39662888,2024-02-28 13:59:23,3,119746626,User119746626,Android 设备,17940.0,[],['operation'],"怎么说呢。。。。。。设定还是不错的，画面和音乐中规中矩偶有亮点，其他方面就瑜不掩瑕了。
剧情和世界观普普通通，常见的现代社会＋异常灾难的设定，但在演出上常常有缺帧、潦草感，转场时尤为明显。人物立绘不够有特点，粗暴点说就是可爱的不够可爱涩的不够涩帅的不够帅，没有让人一见钟情的鲜明立绘。
玩法是战棋类，个人感觉手感差天地劫一些，地图偏小而且难度要高得多，加上颇为考验人的隐藏条件，我在第一章末尾感觉想要完美通关就必须去各种材料本提升练度，有点累，建议降低下难度。
运营就有点灾难级了，被人狂喷的测试资格问题不谈，单就游戏内，抽卡资源获取和抽卡体验都算不上大气，重复获取角色的提升强度在我看来介于方舟和原神之间，总体体验不是很好。
",,,
223324,物华弥新,39662722,2024-02-28 13:44:21,3,353059122,啊噜噜噜,小米Mi 10T Pro,,[],[],玩了四五个小时卸了，别的都还好，人物很好看，剧情也还可以，卡池掉率也挺好，我两个限定池也就抽了六十抽差不多？一红六金还是七金，就是太肝了，有很多材料都要肝还肝不上去，就算打通关有了委托还是需要时间过战斗画面，不知道这个意义在哪里，然后因为我不常玩这类游戏所以我不知道这些关卡难度是不是正常的，第一章的大boos我打了十几二十分钟，打的我心力憔悴，这是我卸载主要原因，我菜可能是一个原因，但是这个强度真的是认真的吗？我全员三十级装备也都上了，角色强度也都算中上吧，再往上升的材料要到后面的章节才解锁，我本来以为就算有点小难应该也挺好过得吧，反正我玩别的游戏的时候是这样的，但是打的我很焦躁，不是因为过不了，我知道我过得去，但是很耗时，并且是枯燥且反复单一的，我玩游戏是为了放松心情的，但是这个游戏玩的心很累，希望你们能改进吧,3.0,,
223324,物华弥新,39662715,2024-02-28 13:43:57,3,26945317,呜啦啦,小米13 Pro,4920.0,[],[],又是一款没有米的命，得了米的病的游戏，战棋游戏就别抽尸块了好吗😅，你看看你的定价😅,1.0,2.0,
223324,物华弥新,39662624,2024-02-28 13:35:31,4,460956148,。。,Android 设备,,"['operation', 'visual_music']",['gameplay'],"可能是我的问题吧，太难通关了ಥ_ಥ
画风挺好的，声音线与画风也挺搭配的
就是玩起来有点费时间啊
",,,
223324,物华弥新,39662517,2024-02-28 13:25:58,2,3908608,re,华为荣耀20S,,[],[],怎么说呢，不是讨厌小男孩，是你游的小男孩穿这衣服？,1.0,1.0,1.0
223324,物华弥新,39662444,2024-02-28 13:19:42,4,37277471,✿,Vivo IQOO Neo9 Pro,,[],[],"抽卡，抽卡还行吧，60抽3红，其中一个是金变红的，还有点小惊喜。问题是。。。。三个红全部歪，我很不理解，希望可以上调up角色概率。公测有这概率，大概率还会玩。

升星，这点感觉挺离谱的，6星蓝色比我一星红色数据都高一大截，升星加的太多了。感觉这游戏前期应该升蓝色，大后期有资源升金和红。这就很离谱。角色升星可以用材料代替，但我到现在都没找到升星材料哪里搞，估计很难获得。希望有稳定的获取渠道。
角色养成，看了一下，需要养的东西挺多的，首先升等级，然后升星，然后装备，好感度，还有每个角色都有的考核系统，类似于升技能，肝材料升技能。挺耗时间。希望出个重置系统，哪怕只重置技能材料也行。比如每月可以重置三次，下月刷新，这样游戏体验会飙升。
扫荡，现在的扫荡还能接受，比如你扫荡3次，他会自动战斗一次，然后给你三次的材料。扫荡10次，也是自动战斗一次，给10次的材料，还行。有点耗时间，但不多。能优化更好，不优化，我也能接受。
题材我很喜欢，我就是冲题材玩的，毕竟现在游戏这么多，玩哪个，其实都是差不多的。玩法，养成，没什么太大区别。都是前期耗时间肝，后期扫荡躺平。谁福利好，谁就能吸引人。
每关关卡首通会给一个宝石（名字挺怪，为方便理解，简称宝石）。宝石是氪金道具，推荐换皮肤，16一个皮肤。这点很棒，如果以后限时活动，每关首通都有，呢就太棒了！
还有这个语音，这个真的是，服了。主线都有语音，挺不错的。但点屏幕点的快了，语音就暂停了，直接中断，这就导致，虽然有语音，但5句能听到一句就不错了，希望改一下，改成字幕出一半才能点下一句，或者有个语音重播。
游戏关注很久了，制作组也很努力。所以一星给题材，一星给我的抽卡体验，一星希望制作组再接再厉，还有一星给我逝去的青春。",,,
223324,物华弥新,39656143,2024-02-28 03:23:02,2,4051170,Huexy,小米Xiaomi 14,5460.0,[],[],"网络不稳定，请稍后重试
新手引导中无法返回🙃
B站二游坟场名不虚传😅",1.0,3.0,
223324,物华弥新,39662435,2024-02-28 13:18:29,3,329563385,指惗,Android 设备,,['visual_music'],"['gameplay', 'operation']",又是一款运营给美工和创意磕头的游戏，早上六点悄咪咪地上架一则说明，说已经联系调整修复了，结果游戏测试时间快到了tap也没有任何明显标识显示，纯纯的误导玩家，游戏方以为谁都有空每分每秒盯着公告是吗？进去直接网络不稳定卡死......只能说，这游戏还没gg真是个奇迹......p,,2.0,
223324,物华弥新,39655740,2024-02-28 03:06:13,3,416353455,hfxtl,Android 设备,,[],[],也是玩了五个小时左右，设定比较吸引我，美术和音乐中规中矩，年兽那个活动的bgm我觉得很吵，up池没有保底，无限歪，刚歪了两个，不想玩辣,,3.0,
223324,物华弥新,39662334,2024-02-28 13:07:29,2,125450319,User125450319,Android 设备,9600.0,['visual_music'],"['gameplay', 'operation']",资源给的很少，池子歪到没边而且没有保底，战斗稀烂，特别容易误触，还有那个ui，生怕我看清是吧，评价是史，唯一有点意思的就是看文物介绍😅,1.0,3.0,
223324,物华弥新,39662269,2024-02-28 13:01:21,3,4922705,￥财神。爱财,OnePlus 10T,,[],[],对我个人来说平平无奇吧，说画风吧，画的又不上不下的，说玩法吧就是战旗，没有喜欢的角色，也不晓得官方对男角色的态度（就是那种既要男角色流水也要踩男角色几脚，然后把锅抛给女性玩家和同性玩家）,,1.0,
223324,物华弥新,39662232,2024-02-28 12:58:19,2,17531703,距离,Android 设备,4920.0,[],[],"后悔下载，战旗类型的游戏玩不了一点，亏我期待了那么久
养成很麻烦，价格氪金方式类似舟，池子保底不继承不互通
体力罐是限时的，不知道从谁开始的坏风气
玩不下去了，算了",,1.0,
223324,物华弥新,39662215,2024-02-28 12:56:24,4,22264333,超级摸鱼大王,Android 设备,,[],[],"已获取测试资格≠已获取测试资格
主要还是等更新完4g包体再告诉你无法登录。
忍一时越想越气，退一步乳腺增生。
不吐不快
可长点心吧
",,3.0,
223324,物华弥新,39656723,2024-02-28 03:50:55,1,34407806,两个月。,OPPO Find X6 Pro,,[],[],"以为下载了更新了登陆了就能进去了。抱歉是我唐突了。因为期待落空而给了低分。非常抱歉。

没资格了就别让下载了，搁这冲销量呢？",,9.0,
223324,物华弥新,39662167,2024-02-28 12:51:27,1,31545988,苏聆风,Huawei Mate 60 Pro,,[],"['gameplay', 'operation', 'visual_music']","所以有资格≠可以玩是吗？我11点40发现进不去就删了，然后回tap一看有资格，又安回来还是玩不了？你这获得资格也不能玩是啥意思？
又整个追加名额，你搁这骗下载量呢？",1.0,4.0,
223324,物华弥新,39662145,2024-02-28 12:49:36,1,50314747,海羽,Redmi Note 12 Turbo,,[],[],"期待了很多年的游戏，但目前心情很复杂
昨天晚上下载的，帐号说已经登录，兴高采烈寻思已经拿到测试名额，结果今天上线一看，注册账户已到上限。多少有点失落，但也还好。
卸载了之后，突然又说补发了测试资格，又兴高采烈的去下载，上线一看，注册账户又到上限了。
既然人数上限已经到了，就把你的下载通道关了，你在这冲销量呢",,15.0,
223324,物华弥新,39662071,2024-02-28 12:41:49,3,474499323,six,Honor 70,8280.0,['visual_music'],[],第一次玩战旗类游戏，挺有意思的，（虽然十一点炸服了）美工很好，游戏界面ui很好看，但是新人入职里面的ui感觉糊在一起了，和背景有点融合在一起，每次找任务界面都要找一下。剧情一般，不是很出彩，但是也没什么雷的，就很普通的水平，可以跳过。然后养成和别家的不太一样（我玩到的游戏里），后面好长的一串，有点把我吓到了，好像有武器还是什么可以提高属性的，还没体验到。福利还好，不是特别抠（有可能我玩的游戏都比较抠？），反正我觉得还行，不知道开服会怎样。抽卡出角色不同级别的不仔细看看不出什么区别，每个新获得角色出场动画都一样，没什么收集角色的成就感，然后就是抽卡喽，180保底，但是21抽出up。好像大家都差不多（挠头），这个不做评价,,,
223324,物华弥新,39662051,2024-02-28 12:40:04,5,32797265,X,Honor 90 Pro,2640.0,"['gameplay', 'visual_music']",['operation'],认真的讲，比较符合我的心理预期，美术画面音乐剧情都很不错，战斗玩法目前还在摸索之中，我这个号抽卡爆率还是可以的，可惜是删档测试，到时候希望我新号也能欧一下。好好打磨一下，期待正式上线。,,,
223324,物华弥新,39661992,2024-02-28 12:34:21,2,37344886,阿雪,小米Xiaomi 12 Pro Dimensity,,['visual_music'],"['gameplay', 'operation']",这游戏问题一大堆，今早十一点开服，结果就一直卡着或者一直网络连接不上，刚开始是六万个名额，那么之前那些抽到测试资格的人岂不是成了小丑？后面进了游戏之后，提前抽了卡，结果呢？新手教程让我抽卡的时候因为提前抽了卡，所以直接给我卡住了，到了现在还没有解决好这个问题，还有就是本来是送二十抽，结果我就抽了一发十连卡了一下就没了。,,,
223324,物华弥新,39661969,2024-02-28 12:32:29,5,35931218,猫喵?,Redmi Note 10 Pro,,[],[],"好看，好玩，策略性也够，就是玩起来有点累得歇一歇，剧情跳过了没看，看了一眼皮肤还是挺便宜的，漂亮极了，感觉可以端上来了。
运营这十连发的我是一点气都没有，祝你们早日上线早日大卖吧！",,,
223324,物华弥新,39661929,2024-02-28 12:28:52,4,517984877,劣,Android 设备,1980.0,['visual_music'],[],感觉还不错，就是战旗类比较小众，如果改成饼干人那种模式估计会大火。,,,
223324,物华弥新,39661898,2024-02-28 12:25:49,1,450261665,注销,Android 设备,,['visual_music'],"['gameplay', 'operation']",没有玩下去的欲望，一手好牌打的稀烂，可惜美工了,,,
223324,物华弥新,39661835,2024-02-28 12:19:21,2,25488129,13212321,Android 设备,,[],[],为什么拿了资格，下载完了又说没资格呢？,,,
223324,物华弥新,39661796,2024-02-28 12:16:03,2,2164680,一个刺儿,小米Xiaomi 12S,,[],"['gameplay', 'operation', 'visual_music']",骗我下载，结果抢注，这不是浪费我时间，浪费我感情吗，还提醒我下载，就这运营，我都不会玩了,,,
223324,物华弥新,39661749,2024-02-28 12:10:03,3,83313272,雨,红米K70E,,[],[],先给个三星，因为我进不去，注册上限了什么鬼(~￣△￣)~,,,
223324,物华弥新,39661519,2024-02-28 11:47:23,3,21884007,戏言,Redmi Note 10 Pro,9600.0,['visual_music'],[],"大家如果是来玩战旗可以退出去了，没有反击，行动得按顺序，养成困难（这个我都算了）但是那种不能按自己想法行动的感觉真的是难绷的一批，玩起来巨难受，大招动画是纸片小人（立绘好看，但是小人毫无美感）。

剧情没看，从来不看这东西😊
立绘和音乐都挺不错的但是玩法真的是玩不了一点，官方要么做成全回合制，要么做成完全的战旗，把这两个东西一半一半完全是不伦不类，玩着难受😓😓",,3.0,
223324,物华弥新,39661440,2024-02-28 11:41:09,5,16013923,UNcleNine,Android 设备,,"['visual_music', 'gameplay', 'operation']",[],"玩下来感觉挺有意思，尤其是题材，战斗也还行，不过战棋类型战斗受众面不是很广。但有自动比较不错。
抽卡可能是我太欧了？一共抽了50发，出货6个。。。所以我就没有发言权了。
刚开服的各种服务器问题其实是我最不关心的，反正肯定会解决，而且有补偿。玩哪个游戏我都盼着多出几次服务器事故，只要能白嫖。。😂",2.0,,
223324,物华弥新,39661418,2024-02-28 11:39:50,1,378463358,🍼__钱先森,华为Mate40 RS保时捷版,,"['gameplay', 'visual_music']",['operation'],可算了吧，昨天废了老久下载更新，登录了说今天11点，结果炸服了，然后再上就变成了注册已满，那下载个P,,1.0,
223324,物华弥新,39661347,2024-02-28 11:32:37,3,4076464,Okami,Android 设备,,[],['operation'],运营快出来道歉啊，你想玩家等了好几年的游戏测试阶段就暴毙吗？,,,
223324,物华弥新,39661334,2024-02-28 11:30:53,3,106191817,断桥残雪,Android 设备,,"['gameplay', 'operation', 'visual_music']",[],剧情配音有bug，连续点击，虽然对话还在，但是配音就没了。,,2.0,
223324,物华弥新,39661122,2024-02-28 11:03:59,3,288008,狸,Vivo IQOO 12,,[],[],"ui设计虽然还行，但交互有一种塑料廉价感
综合画风虽然有特色，但立绘质量参差不齐
战棋玩法虽然有深度，但没看出对比市面上其他战棋游戏的优势和竞争力
游戏题材虽然有意思，但综合质量不如三四年前的二游",,,
223324,物华弥新,39661107,2024-02-28 11:01:29,2,5755303,棠梨煎雪,小米13,120.0,[],"['gameplay', 'operation', 'visual_music']",立绘参差不齐的有点过分了，有的我真的想说把文物画成这个b样子自己好意思吗？,,,
223324,物华弥新,39661095,2024-02-28 11:00:36,4,517826823,浔桉,Android 设备,,['visual_music'],[],玩了以后说说我的看法吧，最开始吸引我的是介绍的立绘和游戏内容，这个根据传统文化。还有古物制作出来的内容确实是非常好很吸引人，立绘美工也很完美，但是玩到战斗吧，虽然说是有加速，可以自动战斗但还是感觉节奏比较慢，手打有点复杂笨拙的感觉，抽卡这方面先不说爆率就是有点容易歪，整个游戏的画风还是很不错的看着很舒适，剧情方面就是如果认真看的话还是很难沉浸代入在里面，有些话有点出戏的感觉。对于一些不爱看剧情的玩家来说，有跳过剧情这个选项也是十分友好。配音方面特别好，制盐砖的四川话当时我就觉得很不错，总的来说还是希望优化一下剧情和战斗方面，这个游戏还是很不错的，期望拉满。,,1.0,
223324,物华弥新,39661077,2024-02-28 10:58:31,2,411120234,卡门,Vivo V2136A,20580.0,['visual_music'],"['operation', 'gameplay']",体验了一下，感觉一般，对我的吸引力不是很大，玩法就不说了毕竟就那个样子，你游的肝度让我有点害怕，就单养成，还有装备我也不知道你们能不能接受，我是特别反感的，而且b站手游坟场的说法也让我有些动摇,,,
223324,物华弥新,39656815,2024-02-28 03:55:40,4,471294357,鲁泫墨湫,Huawei P50 Pro,9060.0,['visual_music'],"['gameplay', 'operation']","我换了个账号终于是突破100％的束缚了，现在恢复理智，就来说一下游戏吧。
这款游戏你可以当它是国风版的明日方舟，但玩法没有方舟那么策略，剧情没有方舟那般深刻，活动上也没有方舟那样有一种未来美，但好在你游人长得甜美。画面可以说是国风与现代风的结合，典雅中又有着潮流，ui设计也是没得说，精致流畅，但颜色有点鲜艳晃眼。而在肝度氪度上，抽卡比方舟要便宜，皮肤比方舟要贵，但在肝度上感觉还可以，材料收集耗时不多，即便扫荡×9也只是打一次，很省事。",3.0,4.0,
223324,物华弥新,39660826,2024-02-28 10:30:41,4,323664956,皙,Redmi K60,8760.0,"['operation', 'visual_music', 'gameplay']",[],"又抢注又炸服活该被骂，但是希望评价不要为了黑而黑，甚至看到有人为了黑说一个月只能攒十抽的，是真的逆天，接下来是我个人第一天的评价，大家可以当乐子看看
🌃画面音乐：🌟🌟🌟🌟🌟
画风我个人相当喜欢，这很国风！全角色动态立绘。目前个人玩无主界页交互无动作，但是有交互语音。
音乐方面个人觉得满分!这很国风！有全主线配音但仅限中配
Ui界面我特别喜欢!！！并且很多小表情包也特别可爱!！！
（结尾放几张蝠桃瓶剧情可爱图!）））
🗨️剧情丰富度：🌟🌟🌟🌟
剧情目前只打了一点点，还可以，不算无聊，只不过开头看到那个盐砖真的难绷，因为那个时候还没有看到世界背景设定，一下子太突兀给我笑傻了，总之我个人目前觉得剧情挺有意思的，会比较开心
🎛️数值合理性：🌟🌟
这个类命座系统你是真敢做啊，提升有点大，而你的各方面系统跟方舟极为相似，战旗对数值的把控也是很难的，希望你自己也能好好考虑
🎮可玩性：🌟🌟🌟
战斗方面是带了速度要素的战旗，目前觉得比较简单，可能是因为还没打到后面，引导做的其实有点一般，并且战斗总是有点卡手，总是还没行动就不小心跳过了。。。建议优化一下
遇到新怪物是没有类似于方舟弹出的介绍语的，导致不知道怪物特性，完全不知道那个怪物是干嘛的，但是游戏目前整体个人觉得偏简单，所以说没什么大问题
💰肝氪度：🌟🌟🌟
打关可以获得氪金资源，和方舟一样，一关一个石头，氪金资源可以换皮肤也可以抽卡，目前看的皮肤都是16个石头一个皮肤。
三个石头可以换一抽，但是抽卡资源也和方舟一样可以另外获取，所以说不建议拿石头换，攒石头换皮肤是唯一优选
2.5的出货率，50抽后上升概率70抽之内必出但概率歪，180可井，我自己玩的时候觉得出货率还行，但是类命座系统的提升值搞得不是很爽
每月不包活动稳定（貌似）能嫖26抽（单月卡收益每月满登陆能获取22抽和30罐体力）
个人不推荐直充，因为6块钱才一个石头，要充值的话购买月卡或礼包才比较划算（氪佬随意）
🔖运营服务：🌟🌟🌟
在Tap的运营好像不是很懂，导致抢注都没标注， B站那边是正常标注的，结果你甚至炸服，真的闹乌龙，下午又开了几万个名额，态度倒是还行，但是也只是还行，这评分肯定是一下子回不来的了，慢慢做吧，游戏整体质量其实还可以的",2.0,49.0,4.0
223324,物华弥新,39660533,2024-02-28 09:57:22,2,467199206,拔刀难留落樱,Android 设备,16620.0,['visual_music'],"['operation', 'gameplay']","很好，目前最大的问题是尸块。而且要多抽到三块来拼尸体（指三命才是完全体）
目前体感来说，物华弥新除了较为独特的画风和文物拟人这两个卖点外，其他的平平无奇，甚至是有些偏差。首先，月获取抽卡资源较少，而保底抽数又太高（有50%是up，但是可能连歪）。其次，武器升级是圣遗物模式（这样更形象），有随机词条。这模式我就不用多说什么了，都懂有多重量级。然后，该游戏作为战旗，有较为固定的速度，即战斗中有固定的出手顺序。但问题是目前速度是否可调尚且未知，起码打到1-13了还没用发现能调。最后，本游戏关卡难度偏高（尤其是要一次性完美通关），且材料主要来自于类似于委托的货币，货币换取的渠道，对于需要拉练度的玩家来说较为卡练度（而且有很多东西要推主线解锁，比如说角色等级上限）。这只是三测，要是能改进一下说不定能走更远，但如果就这么端上来公测，大概率要么褒姒要么苟活。",1.0,7.0,1.0
223324,物华弥新,39660913,2024-02-28 10:42:06,3,348483641,江东阳光男孩,Android 设备,,[],[],"一句话，别步swy的后尘

说实话，不知道为啥，现在的游戏都是恨不得立项就开始宣发，口号喊的震天响，本来时间长了就把玩家的新鲜感消磨没了，结果出来就是见光死。也没说这游戏不行，但是做了这么久，结果做出来的东西都一般。玩法一般，角色一般，剧情一般，甚至养成难度都一般。明明是文物主题，但甚至有些地方还不如几年前的食物语惊艳…再加上以后要出的游戏个个都是重量级（绝，鸣，p5x，望月等等），再加上我本来也有要玩的游戏，真的很难给这个各项一般的游戏腾出时间。（ps：这游戏今天测试抢资格竟然又炸服了，上一个一模一样剧情的是无期迷途，这游戏应该也和无期一样走的是小众精品路线，就是不知道有没有无期迷途的命了）
总之这游戏真的就像曾经的白月光一样，但凡出现的时间合适一点，我也不至于放弃。只能说祝好",,2.0,
223324,物华弥新,39660892,2024-02-28 10:39:48,4,52934107,超级无敌小仙女,小米Xiaomi 14,,"['gameplay', 'operation', 'visual_music']",[],具体都是很可以的，但感觉关卡难度有点高，打满星有点困难,,,
223324,物华弥新,39656752,2024-02-28 03:52:39,3,96821048,云陌,Vivo V2068A,,['visual_music'],['operation'],"tap显示已已抢到测试资格，结果看官方公告，这个资格没用，还要开测时抢注。
然后到点开测了，一直显示网络连接不好，明明玩其他游戏都很顺畅的。点了好一会才挤进去，进去之后仍然时不时显示网络连接不好，看着看着剧情突然黑屏，只好退出重进。
玩法很普通，回合制。画风我很喜欢，界面UI中规中矩。其他还没游玩，想等网络连接处理好了再玩，不然很影响体验。

玩过啦，初体验下来，剧情普普通通，还可以。养成有等级，技能等级，武器之类的，个人感觉要花点时间，不过刷材料有自动，加分。或许是之前期待太高，玩久了感觉有些枯燥，不过以后有活动了，关卡难了应该就好多了。其次是配音，我用的中配，日配还没听，有的时候声音和形象有种不符的割裂感。最后是皮肤，皮肤不要氪金真是太好了，美术大大们好会画，我好喜欢。
加油！希望你游不断精进，越来越好
（PS.我两个池子都抽了，而且都出了，虽然歪了一个，但抽数很少，这是正常的吗，老非酋了，还没这么欧过，开服也请保持这个爆率。）",,7.0,1.0
223324,物华弥新,39660881,2024-02-28 10:37:53,2,5822588,虫草君,小米 12,,[],[],什么鬼，我已经有测试资格了，为什么不能注册？！,,,
223324,物华弥新,39656235,2024-02-28 03:26:01,4,84583093,游戏小虫,HONOR Magic6 Pro,,[],"['gameplay', 'operation', 'visual_music']","后面官方补发资格，

💃🏻立绘建模：
立绘还算不错，背景故事还算不错",,,
223324,物华弥新,39660797,2024-02-28 10:27:13,3,73922368,歡煬,Android 设备,,['visual_music'],"['gameplay', 'operation']","资源产率很尴尬，进度有些卡了，体力给的不怎么够，目前只拉了六个30。
主线推得很难受，其实初见完全可以像托管那样，自己打太费时间了，毕竟玩法太普通了，你这个强行拉时长太容易降低用户留存率了
抽卡搞得很难受，有一种重玩明日方舟的感觉，好像现在抽卡手游都是差不多的价，说实话不怎么值
很多操作搞得人一头雾水，战斗体验比较差，主要是触屏移动和技能误触多，更离谱的是开第二批资格的时候网络不好，打完的关卡直接卡失败了，我低血压都给治好了。
还有就是今天开服的时候炸了就很幽默，服务器不行就偷跑一下呗，人家mhy老操作了，它体量不比你大？没这个本事就别逞能。补偿也很幽默，补发资格还关闭预下载，幽默游戏
比较喜欢的是游戏文本居然能照顾到繁体中文，好多游戏取名字都特别违和（不知道为什么统计不了时长了）
如果是20年那么你游大卖，但以前是以前，现在是现在，你游debuff都满了，存活率估计不高",,1.0,
223324,物华弥新,39660822,2024-02-28 10:30:28,4,470802559,EXsaber,Android 设备,,"['gameplay', 'operation', 'visual_music']",[],"还行。
战斗，养成等系统都有自己一定的创新，官方对问题的处理挺快，处理结果也还算满意吧。
目前唯一感觉不爽的地方就是抽卡，希望爆率能再高点，抽卡资源给的倒是挺大方不知道公测时怎么样。
也还有别的一些细节，比如悔棋赶快做出来吧，没有这个有时候打关是真难受。",,2.0,1.0
223324,物华弥新,39660759,2024-02-28 10:22:58,3,2483273,纪念碑·谷,华为HONOR 20,,['visual_music'],"['gameplay', 'operation']","剧情，也就是那样吧，什么拟兽，拟食物，拟飞机，拟马，拟歌曲，拟船…现在是拟古董…见得多了，印象也就平平淡淡了罒ω罒
还有每15s一个网络连接不稳定提示，表示根本没法玩儿…",,,1.0
223324,物华弥新,39660695,2024-02-28 10:16:46,3,458974933,אַבסעסט,一加手机PHP110,,[],[],先给一板表示观望，谁懂上午十一点没抢到，昨晚临晨三点注册的，28日下午三点二十左右上线抢注没成功😅，所以我现在留着游戏干啥，taptap表我已获取资格，但是服务器就是不对我开门😂,,,
223324,物华弥新,39649704,2024-02-27 10:27:24,1,403622541,霍霍子,OPPO PEMM20,960.0,[],[],我还是喜欢你没版号的样子😊,,3.0,
223324,物华弥新,39660611,2024-02-28 10:06:36,4,44725080,默默的咸鱼,小米Xiaomi 12S,,"['gameplay', 'visual_music']",[],"优点:美术很不错，配音也不错，剧情是属于那种轻松向的。
缺点:游戏初始版面是不是太花了？模拟器适配有待提高。包括各种小细节，说那个人物弹出来的对话居然是一个长条黑框，这也太离谱了。
游戏的菜单界面，就是要好好整改一下，要突出主要的东西，然后就是背景什么的，和谐一点，现在就是每一个都很好看，但是放在一起就比较乱。",,,1.0
223324,物华弥新,39660584,2024-02-28 10:03:16,4,338390687,泠念,Android 设备,,[],[],①打开游戏时词牌工作室音效不能静音，而且非常大声！②在游戏内将声音调为零后主线的过场动画却有声音，而且非常大声！红发怪突脸！③剧情中部分人物的动态立绘锯齿非常严重④我要把人物突破十五级，但是刷突破材料的关卡要三十级，根本不能达成扫荡条件,1.0,,1.0
223324,物华弥新,39657139,2024-02-28 04:18:48,4,12420698,羽翼下の樱空,Redmi K60,780.0,[],[],还可以,,1.0,
223324,物华弥新,39660478,2024-02-28 09:50:26,3,46012075,无念秋子,Android 设备,,"['operation', 'visual_music']",['gameplay'],"没玩过这么无聊的战斗机制 不知道该怎么玩
战斗有很多摸不懂头脑的地方
你游蟠桃瓶送的皮肤是真丑
剧情没看 有的时候有语音，有的时候没语音，让人不舒服
除了那个皮肤以外，其他美工都挺好的
建议把活动界面做的大一点，我老是找不到 对我这种眼瞎人士真的很不友好


",,,
223324,物华弥新,39660412,2024-02-28 09:43:03,4,391946730,氧化还次元,Android 设备,,"['visual_music', 'gameplay']",[],"首先美术立绘非常强大，个人认为放在现在的二游里是相当能打的程度，不再多夸了
ui也是非常不错的，很有特色，至少我看着挺舒服，有的人可能觉得眼花，总体也是瑕不掩瑜
剧情我只看了一点，个人感觉起码有个合格的水准，前期挺欢乐的，主要的人物都有一些塑造，蝠桃瓶可爱
玩法的话我反正是比较喜欢战棋类，比传统的回合制之类的上手难度稍高一些，但真的没有高多少，打之前仔细看看角色的技能，多实践一下应该还是不难上手，至于好不好玩感觉得看个人的胃口，如果不反感战棋的话应该不至于玩不下去（至于数值只能祈祷策划后期不要翻车）
整个游戏中国特色还是很显著的，在简单的古风之外能感觉得到一些文化底蕴和现代元素，结合的还算不错，对国风感兴趣的话值得体验
虽然有上述一众优点，但是服务器问题和bug实在是有一点多。我上午11点抢测试资格的时候就一直提示网络问题进不了游戏。终于进去之后也是一动一卡。下午想再次登录的时候还一直卡在百分百的读条界面卡了大概两个小时一直到三点多才成功登录。在游玩过程中新手教程也还是有一定的问题，例如我在打1-2的时候把原本1-1送的那个男角色换成了自己抽的新角色（上午因为太卡我中间退出了新手教程）就直接造成了关卡卡死，动不了了，后来才意识到可能是因为1-2还属于新手关规定了特定的通关角色，如果是这样的话建议可以在进入关卡前加一个角色锁定。
虽然说一开始问题很多吧，但是官方应该也有在修复，至少我在剩下的半个下午的游戏时间中游戏体验很好很流畅。目前也还没有发现其他的bug。毕竟现在还是三测，希望官方趁这个机会好好优化一下游戏，不要浪费了这么好的美工和创意。我从很久以前就开始关注这个游戏，你可千万不要暴死啊！",,5.0,
223324,物华弥新,39660391,2024-02-28 09:40:31,2,63039283,哈哈，你想砍我吗？老铁,Android 设备,,['visual_music'],"['operation', 'gameplay']","因为是测试的关系，所以不是这么好，也是很正常的事所以仅代表个人发言
先说优点，整体风格和UI，包括一些转场第一次看的时候真的很惊艳（'△)！插图，的出场时机，这是我喜欢的点，和觉得不错的，
然后是不算缺点只是个人不喜欢的，我是一个蛮在意剧情的人内容暂且不谈但是他的播放方式真的太容易打断了说两三句话就开始打是在一个蛮高潮的部分的而且为什么回顾不能播放语音？剧情内容额，一开始蛮莫名其妙的很多游戏都喜欢这么做难免会有点缺乏新鲜感不过做好了出效果，做不好就是一群不知道该干什么，说什么的人（」"")游戏玩法
枯燥乏味无聊没有意思非常中规中矩嗯，很普通普通也不出错，但是做这个类型的游戏，不可能只靠普通来吸引玩家可玩性也不高唉
建模立绘
一言难尽其实还蛮震惊的＜之前知道但没有参加过测试，以为是一测）水平也是这样的即视感，和不同角色的立绘画风差距有点大，嗯，角色等级不一样，精细程度不一样，可以理解，但是怎么像跨了八个世界，完全没有细化啊喂
配音
大部分算是能贴方言算是优点很有生活感

这还是抛开了测试名额啊bug啊，取消资格啊，等等，这些事的其实我看剧情的时候真的被暖到是真的会希望他们能好起来但也清楚要是能好早就好了至少不会像现在这样出一堆事情拉一坨大的给喜欢这个游戏的人，整个游戏印象最深刻的也是那个猫猫很可爱剩下的我这两个多小时，到底在干什么？啊，我在玩游戏吗？我怎么不知道？的感觉哎呀虽然说这个结果预料到了也不意外够了什么时候能玩得上，对得起玩家的游戏呢？
",,1.0,
223324,物华弥新,39656488,2024-02-28 03:37:54,3,320564115,山河皆可抛,Xiaomi Redmi K60E,,[],"['operation', 'visual_music', 'gameplay']","下载不限量，测试限量😁😁😇😇😇
能玩了，但是太容易歪了，立绘还是相当好，就是玩法确实太千篇一律了",,5.0,
223324,物华弥新,39660339,2024-02-28 09:34:27,5,18878615,墨·月璃,Android 设备,,"['gameplay', 'operation', 'visual_music']",[],"抢到内测资格了，给个5星好评然后总结下个人对这款游戏的大体感受。 
先说优点： 1.题材很好，作为一款以文物保护为题材的手游具有特殊意义。是优势，但同样也容易出问题，希望能认真做好这个题材。
 2.美术风格以及UI设计十分具有特色，个人相对来说还算比较喜欢，只是角色立绘大多都显得太幼萝了，我也不知道这是不是你们自己就打算出这种效果，但就我个人而言，一个两个还好，一半以上的角色立绘都特别幼的观感十分不好，如果只是因为文物题材不想媚宅索性全部做成幼萝那我觉得也大可不必，不媚宅也有不媚宅的画法，大多数是幼萝与大多数16＋在我看来这两者没什么区别，你既然选择把文物拟人化那就不要怕这些。主要我是真的不怎么喜欢这种幼态审美。还有q版建模的问题这里暂且不提放在下面的有缺点里再说。
 3.音乐氛围真的非常不错，轻缓而又放松，听起来让人心情非常好，这也是为什么我给高分的原因，这点加大分！ 
4.剧情的演出效果以及角色配音还是比较不错的，能够看出诚意，也辛苦各位Cv了，继续加油！ 
5.经典的战棋玩法，原本只看画风立绘我以为会是卡牌或是塔防类，没想到居然是战棋类，玩法上不说多么优秀吧，但也不算差，中规中矩，以后多出些有意思的活动关卡或者做些创新就好，相信你们。 
6.一款手游能否留住人最主要的部分就是福利，这方面你们确实很有诚意，不知道是不是因为这是删档测试，如果公测能保持住这份诚意或者说公测初期再稍微提高些福利那么肯定不会缺少玩家，总之加油吧。
 缺点： 1.首先先说个小问题，甚至可能不算是你们的问题，那就是在第一章节摸猫猫的时候弧线不够显眼，视觉中心的蓝圈以及手指点动标识而不是滑动标识会让人误以为这是提示去点击，我就是没注意结果在这里点了半天没有反应，随手划了划才发现这居然是滑动，瞬间感觉自己像个傻呗。这种小细节问题你们看着来吧。 
2.继续说立绘以及Q版建模，首先你们的画风我是喜欢的，但是立绘真的不要整成一群幼萝，你哪怕是正常的少年少女呢，现在看着一群比我还老不知道几辈的古董文物跟从幼儿园出来的一样真的难以接受。 然后Q版小人的建模其实我是不排斥的，只要足够精细就好，因为相比更加难做的3d建模这种q版小人确实是个比较好的选择，只是我觉得你们的精细程度还可以提高一下。 
3.角色技能特效以及动画效果，这方面真的有点不足了，不清楚是不是经费不足，美术，UI，音乐大好的情况下这一股子廉价气味儿的特效都成你游最大缺陷了，趁着现在还是内测，能优化赶快优化吧。 
4.战斗场景，目前我还没有看到比较有特色或者说有亮点的战斗场景，可能也是因为主线我没有推完所以还没看到，不过就我目前看到的战斗场景只能说是中庸，与第3条的不足加起来就显得战斗场面更难堪了，以后慢慢改进吧。 
5.战斗细节问题，战斗时候的步骤有些繁琐，其实可以简化一些不必要的过程。比如说现在是移动之后到达攻击距离之内才可以发动攻击，如果不在攻击距离之内点击敌方会直接显示敌方信息并将你先前移动的那一步重置，这就使得在不清楚攻击距离的情况下会增加点击的步骤，其实完全没必要回退玩家进行的步骤，攻击距离不足无法发动攻击那就不给予反应就可以了，这样玩家自己就会主动调整位置，没必要重置玩家位置。 另外，还有个更为关键的缺点，在显示敌方攻击距离的情况下，我方的行动距离以及攻击距离与敌方攻击距离重合时难以看清，根本无法清晰判断位置，建议增加高亮显示。 
6.上面写了这么多也不清楚你们到底会不会看，但我还是写了，不过这第6条就要等到后续才能知晓了，那就是官方到底在不在乎玩家，听不听取玩家的意见，如果优点缺点写了这么多你们连第1条都没看那自然也看不到这缺点里的第6条。总之我还是对你们抱有期待的，希望你们不要让我寒心，加油吧，祝未来似锦，公测大卖。

",1.0,5.0,1.0
223324,物华弥新,39660282,2024-02-28 09:28:32,3,384165032,我只是路过,OPPO A72,4740.0,"['visual_music', 'gameplay']",['operation'],也就80抽,,,
223324,物华弥新,39655973,2024-02-28 03:17:28,4,329772689,柠檬茶,Android 设备,,[],[],"巨卡，好不容易卡进去了，一直在卡，玩个游戏都不流畅😂
玩了一小时，还可以，器物养眼",,,
223324,物华弥新,39655961,2024-02-28 03:16:56,3,52549567,左鸽,Honor Magic5,,[],[],"2.28  11：00
虽然我进去了
但是一直网络不稳定也是真的难绷，先观望。

2.28   17：14
开局：我应该算比较欧，前20抽出了两个红角色，但是完全没什么体验感，感觉不到强度在哪。
游戏性：传统战旗，但有一种少前一的美（
体验：UI混乱，一些没有意义的教程，培养就是正常数值游戏的培养只是换了个名字，不知道是画质还是什么原因玩的看起来很累
综上：三星吧
能玩，那种闲的没事做有大把时间的人可以玩，对我这种上班上的小脑萎缩只想着10分钟搞定每日以及傻瓜式开荒的人而言，不是我的菜",,1.0,
223324,物华弥新,39660168,2024-02-28 09:18:10,5,5620351,flyawayawayaway,魅族20,2340.0,"['operation', 'visual_music']",['gameplay'],"画面那一定是 2024 年的游戏还有的质量，ui 设计，美术都很棒，只是小人有点拉立绘的后腿。
游戏性，回合制上并没有创新，平 A 攒技能放技能不同人物不同特性，比较无聊，但也可以说在这上面有较大提升。
如果公测做得好玩的话，还是蛮不错的。
抽卡拿前辈来看更像方舟的抽卡方式，但还可以设计更加有深意的抽卡动画，目前感觉不够爽，就这样，五星鼓励。",,3.0,
223324,物华弥新,39657881,2024-02-28 05:17:53,4,38724862,泡泡桔,Xiaomi Redmi Note 11 Pro,4680.0,['visual_music'],['operation'],"
官方多放出一些名额才登上去的喜欢世界观和画面啊，战斗什么的看不懂，等你们评价吧，再观望观望。要是抽卡也能抽到喜欢的就好了……

昨天下载完4g多，也登录了，tap也弹消息说有测试资格，没想到最后还得按点抢注啊",5.0,1.0,
223324,物华弥新,39655997,2024-02-28 03:18:05,4,21477467,随心留下的遗憾,Android 设备,,['visual_music'],[],体验的差不多了，游戏玩法已经有人说了，画风，美术风格同样有人说了，游戏的类型是战棋回合制，玩过战棋类的可以很快上手，游戏是第九类艺术，正因为它具有独特的艺术表现形式和创作过程。再游戏里面游戏不仅包含了文学、绘画、音乐、电影等艺术形式的元素，同样还有每个国家传统文化的缩影，所以我的建议是以宣传中国传统文化以及具有中国文化代表的历史文物为主，外国的可以砍了，同时如果可以跟国家文物机构有合作就更好了，如果可以见此加强中国的文化输出更好，我相信B战有这个能力，同时如果以此为载体能让外国人更了解中国历史文化，不被某个小偷国偷，那样更好。当然评论还有可能会改变。同样目前暂时四星吧。,,,
223324,物华弥新,39660101,2024-02-28 09:11:39,3,592395788,TTT,Android 设备,,[],[],"服务器不行就和隔壁的元气骑士前专老提示网络不好啥的。
完了就是养成那么复杂干什么一个角色要点37次还是和等级挂钩，好一点的是有扫荡。其次你还要有装备
玩法还可以有上手难度
还有就是小屏你和谁学的我用微信聊天的时候你画面不动的，过剧情用小屏你画面就不动",,,
223324,物华弥新,39660047,2024-02-28 09:05:15,2,44222573,缄默,Vivo V1922A,,[],[],"别的不说这一手卡资格然后关下载渠道，大伙都删了之后又放资格真的给哥们看乐了。再看到大伙说的一堆问题，还好没去坐牢（乐
什么时候改改公关运营再改分吧",,,
223324,物华弥新,39660025,2024-02-28 09:02:22,3,6559439,星,IQOO Neo6,120.0,[],[],"其实吧，不太喜欢这血条的样式，其他的不好说什么，还有就是我个人喜欢重策略的游戏，这游戏可能不太适合我。
ps：第一节打完后，游戏直接重启，这可能是一个Bug哟。反正看见重启我就卸载了😂
(直接跳过剧情的)",,,
223324,物华弥新,39660002,2024-02-28 09:00:05,1,8175049,植南,华为P30 Pro,,[],[],下载了两遍了，一直在下载，连句我没有资格都不说，一看公告是我没有资格，可是taptap还告诉我已获取测试资格🤡,,,
223324,物华弥新,39657019,2024-02-28 04:09:21,3,27526456,闻人叙白, iQOO Neo7 SE,,[],['operation'],各位，现在应该还有一些名额，我在16：55登上去了,4.0,11.0,
223324,物华弥新,39656827,2024-02-28 03:56:16,5,36910124,蓝色的火焰kilai,小米 12,,"['gameplay', 'operation', 'visual_music']",[],他给的实在太多了😂我的我的,,,
223324,物华弥新,39659928,2024-02-28 08:51:30,3,42305228,爱伽拉,Vivo IQOO Neo8,18540.0,['visual_music'],"['gameplay', 'operation']","一星给文物科普信息，一星给我爱的角色（虽然还没抽到💔），一星给美术。
其他全是一坨，我不予评价，可能玩法受众不是我。
10.30我就开始蹲，开始炸服我可以理解。
但后续下午两点又网络不稳定我真的心态会爆炸（补偿给多点可以吗孩子快保底了）
😤我实名制吐槽战斗手感，这到底是我自己的手太粗了按不到敌人，还是特色？
每次我方角色围住敌人，我要么就是点到敌人详细页面，就是取消战斗（气到发疯

",,,
223324,物华弥新,39659913,2024-02-28 08:49:56,4,26500395,七界,Vivo iQOO,120.0,[],[],"ui讲真，真的真的真的杂，就是本身人物立绘就已经很好看了,但是ui也花，导致容易看久了会不舒服，，，混一起了，希望可以改改区分一下吧",,,
223324,物华弥新,39659818,2024-02-28 08:41:26,4,125890793,英语不及格不改名,Android 设备,,"['visual_music', 'gameplay', 'operation']",[],"💃🏻立绘建模：
与别家有很大区别。挺有新意",,,
223324,物华弥新,39659786,2024-02-28 08:39:21,3,357686837,鹤,Redmi Note 12 Turbo,7920.0,"['visual_music', 'gameplay', 'operation']",[],"还行，美术很喜欢，就是有点花了
玩法很普通，就战旗玩法
公测再玩",,,
223324,物华弥新,39659773,2024-02-28 08:37:22,1,59034689,好哥们面包狗,小米Mi 10S,,[],['operation'],答辩运营，你要是有底气就卡死测试人数。没抢到名额，卸载之后搞一手增加测试名额，纯恶心人😅,,1.0,
223324,物华弥新,39659759,2024-02-28 08:36:17,1,391116627,阿季爱玩游戏,华为畅享10 Plus,,[],[],"我不可能，等那么久😅
你要不快点
要不就是我骂你
",1.0,,1.0
223324,物华弥新,39659712,2024-02-28 08:31:47,5,386650117,姮娥,Android 设备,,"['gameplay', 'operation', 'visual_music']",[],"跟某游戏比已经是良心很多了，初期公测这水准已经很不错了，可做养生游戏
剧情虽不太行，但也没有强制观看特好评，可选择跳过
抽卡方面觉得没有什么小保底挺不错的
游戏对氪的要求不高，对白嫖党较友好
国风立绘建模可圈可点，望可开发其他娱乐模式，带领国风游戏发展未来可期",,,
223324,物华弥新,39659654,2024-02-28 08:24:59,2,6148951,不愉快です！,Android 设备,,[],[],"2024年尝试的第一款新游戏，评价为难绷。
🔖运营服务：
限号测试还是搞崩了服务器，11点进去以后一直提示网络问题，一直有网络问题。过教学关，结算的时候卡了判定为过关失败，再进去直接黑屏。抽新手池，抽了一个十连后新手池消失了，但我的十连券被吞了两张。
🌃画面音乐：
很难想象这是2024年的手游立绘，千奇百怪没有统一画风。角色也显得很敷衍，从文物本体上取一块图案下来随机印到一个路人脸纸片人身上，这就是文物的人类外形了，感觉不如干脆把文物本体塞到卡池里让我抽。
UI设计无敌杂乱，看得很难受。
音乐个人觉得非常吵，静音了，感觉是努力把一些民乐音色往里塞但是塞得不是很和谐。
💰肝氪度：
2.5%红卡出率，其中50%up率，然而没有米氏卡池那种小保底歪了下一次必不歪的大保底制度，只能吃井。感觉有点恐怖。
💬剧情：
开局就是一股中学生优秀作文味道的独白，自顾自上价值讲什么人类什么文明的，吓得我没细看直接跳过了。我开局就莫名失忆，然后我打了第一章的十几关，跳着看剧情，发现没有一个npc问过我的名字，没有弹出过一个填id的地方，主界面角落里我的头像id都是空白。我不知道我是谁，npc似乎知道我是谁，但是他们不说，他们在我面前自我介绍完毕，然后我们就组队拯救城市去了？真没见过这样的，真是完全不给玩家一点代入的机会。隔壁一瘸一拐都知道一上来就让玩家填瘸指的性别名字呢。",,2.0,
223324,物华弥新,39656513,2024-02-28 03:39:02,4,36301172,海棠,Android 设备,1800.0,"['visual_music', 'gameplay', 'operation']",[]," Ok啊，兄弟们，回来改评论了。因为当时进不去嘛，然后就和客服反馈了一下，不知道是我反馈的原因还是其他原因，没过多久就发了一篇最新公告，临时增加5万个名额。然后进去了。玩了一下。我目前章节达到了1-9。这游戏的玩法方面。和那个铃芽之剑（如果我记得没错的话，是叫这个名字）是一样的。是需要动点脑子。我为了那个完美，我补关就补了四五次😂我上次补关还是在明日方舟

💰肝氪度：
肝度的话，目前没有发现什么太需要肝的东西。可能是因为我剧情推进不足，还有一些需要肝的东西我没达到所以没发现。
氪金程度的话，看自己喜好吧。这游戏福利还算不错。送的抽奖券挺多的。爆率的话也还行。没有仔细去看，反正我每发10连必有一个金色的。不知道这是不是保底机制

💃🏻立绘建模：
美术立绘那是没话说。真好看呀，我去。又多了个新老婆😆",,2.0,
223324,物华弥新,39659677,2024-02-28 08:27:58,5,4482317,凉,小米Mi 10,,[],[],活动池一发十连出俩红，这俩角色很厉害吗，没玩过,,4.0,1.0
223324,物华弥新,39659671,2024-02-28 08:27:00,5,2604534,秋檀姬,华为 nova 6 5G,,"['gameplay', 'visual_music']",[],"💃🏻立绘建模：
这个真的太戳我的，而且我一开始还没发现最后的实物介绍也是画的，太棒了！

💬叙事：
我对于这个故事设定挺喜欢，而且就是主角真的不要再拯救世界了，不说拯救世界不好，但是从你开头就可以猜到结尾，会无聊好吗。

💰肝氪度：
目前还没有觉得肝，但是氪金点应该是月卡，计划，抽卡，皮肤这4个点，测试服抽卡还可以，送的比较多，但是对于正式服的赠送资源估计还应该提升一下。计划是128，会比较高，可以和其他游戏一样搞2个档比较好。

🔖运营服务：
这个看有人说早上崩了什么的，我没有关注，但是我下午3点半突然想起来这个游戏就去玩了，还进入了，怎么说，我没经历过那个事件，不好评价。但是这证明了，你的服务器确实不行啊。

✍🏻建议：
部分台词需要再斟酌一下，像鎏金那里，就一下代入骑士救公主的戏码了(骑士明明是指骑兵吧，一定要玩名字梗吗)，有点尴尬。还有五柱器，就wifi梗是大家说的。但是一点也不想这个文物本人玩啊！不过另外一句探索宇宙信号还挺有趣，就是那种反正你再解释别人也不听就摆了的感觉。
服务器，很重要，还有，态度要好反应要快。",,,
223324,物华弥新,39659643,2024-02-28 08:24:13,2,49227581,sun,Vivo NEX S,,['visual_music'],"['gameplay', 'operation']",很多年前被画风立绘吸引的，今天这服务器就不说了，玩多了游戏也习惯了，主要是玩法有问题(存疑)，要么就是角色设计有问题，我只能说不如隔壁天地劫一根,,,
223324,物华弥新,39655593,2024-02-28 03:02:26,4,66465539,断月真君,Android 设备,8280.0,"['gameplay', 'visual_music']",['operation'],"✍🏻建议：
委托那种三倍自动战斗什么时候能改成自动扫荡 。还有就有每回在自动战斗的时候分屏刷视频就会自动暂停应该不知道什么问题最最最令人无语的是服务员刚进去的时候一玩就网络不佳
🌃画面音乐：
音乐除了这个活动音乐有点点吵都还好画质不错的就是制盐石大招的时候那一个盐字有点出戏",,,
223324,物华弥新,39659563,2024-02-28 08:14:51,2,3780698,滥心、,Vivo IQOO 11S,,['visual_music'],[],为什么啊，我就完了几分钟，遇到俩bug。。。第一次是新手引导，我看到能量条满了就想看看大招，结果卡住了。第二次进去老老实实打完了，卡在图2这个界面，为什么啊。。。,,1.0,
223324,物华弥新,39659551,2024-02-28 08:13:22,4,40106143,顾染屿,iQOO Neo 5,1920.0,['visual_music'],"['gameplay', 'operation']",本身当初就是看到宣传图入坑的，这次测试发现ui、立绘和画风真的不错，战斗能自动，所以不算很难，养成也是要打资源本和狗粮本啥的，福利目前比较少，白嫖了50抽，只有一个红瑟瑟发抖，配音方面我咋感觉差距不大呢？几个少女音感觉都差不多，不是很有特色，所以总体来说是我不会花钱的游戏,,,
223324,物华弥新,39659468,2024-02-28 08:03:12,3,36429925,远道,Android 设备,,"['visual_music', 'gameplay', 'operation']",[],"先评3星吧，游戏和评分一样很有潜力的。
这种游戏有些人玩养成，有些人玩战略，怎么都会有人玩的。
玩法和怪都没有亮点的。
感觉很缺乏战略的，偏向于收集和养成，赢败取决于你的器者的话我觉得这就偏了。
怪也没有什么亮点，包括一些技能也是稀里糊涂的。
抽奖是否有暗调？反正我前二十抽出了3红，后面20抽就没出过了。
用文物动漫化做角色确实很新颖的。
网也是很容易掉线。
剧情也还行。
希望继续进步吧(*^ω^*)

",1.0,,1.0
223324,物华弥新,39659456,2024-02-28 08:01:43,1,485905259,柒,Realme GT5 Pro,,[],"['visual_music', 'gameplay', 'operation']",十点多就注册了，然后你整个这个，恶心谁呢,,1.0,
223324,物华弥新,39651732,2024-02-27 14:08:54,2,8116788,龙门近卫局-陈,华为 Mate40 Pro,3300.0,[],"['gameplay', 'operation', 'visual_music']","啊，怎么现在还能领，这下百分百可以玩上了，给个好评先＾3＾
明天体验一下，玩了再来改评分
□
□
二编：
你知道我想说什么＾3＾
笑点解析：游戏时长52分钟
□
□
三编：
下午的资格拿到了，玩了会感觉这游戏还真就值这个评分。。不改了，笑死
保底一星，还有一星给我等的这快三年。到底做了个什么东西，你们自己心里有数吗",17.0,19.0,1.0
223324,物华弥新,39658992,2024-02-28 07:10:49,4,49400142,缘渊鸢,Android 设备,,[],['operation'],"ok进去了，还比较欧，给你多一星，后面玩了再来批评你

拍张照片证明我抢到资格了，玩了一会退了，然后就进不去了，什么时候修好这个bug再给你改三星，其他等我再玩玩吐槽
另外，我的耐心是有限的，今天晚上八点前修不好，你这一星就焊死吧😊",,,
223324,物华弥新,39659345,2024-02-28 07:48:30,3,3883385,念霜如荧,小米Xiaomi 14,,[],[],"优点：画风好，音乐好，UI好看，战棋体验合格，剧情有配音，cv是真不错
缺点：福利少，180大保底没原命得原病，过关拿满奖励需要一堆附加条件，养成没新意
总结：美术方面应该是高的那一档了（感觉），除了美术其他只能算平庸，抽卡也难出，奖励也少",,,
223324,物华弥新,39659284,2024-02-28 07:41:26,2,563932151,木易娓婳,Vivo IQOO Neo7竞速版,,[],"['gameplay', 'operation', 'visual_music']",一单下去才40多抽，撤了，进去都是满满的氪J选项,,,
223324,物华弥新,39659239,2024-02-28 07:36:29,3,7300264,清舟.,Android 设备,,['visual_music'],"['gameplay', 'operation']",毋庸置疑美术和配音牛的，养成难度太大了，推主线推不了一点，没有扫荡，第一次玩战棋游戏只能在旁边干瞪眼，受众不是我，溜了溜了,,1.0,
223324,物华弥新,39659235,2024-02-28 07:36:09,1,585251463,老霸,一加 Ace 2 pro,,[],"['gameplay', 'operation', 'visual_music']",上来就充了200多，就是这幅惨样，真就保底呗,,,
223324,物华弥新,39659224,2024-02-28 07:34:54,1,329697688,用决斗带来笑容,OPPO PFGM00,,[],"['gameplay', 'operation', 'visual_music']",💩，真别玩这游戏，做个战棋能做成这吊样子，真失败，快把游戏关了吧，也别公测了,,3.0,1.0
223324,物华弥新,39659221,2024-02-28 07:34:44,2,331646815,路漫漫其修远兮丶,Vivo IQOO 11,,"['gameplay', 'visual_music']",[],钩狮，昨天晚上下载好了进去都更新包都下完了。12点吃完饭想玩玩儿说满了。真服了。满了就别让下载不就行了。合着我第二天还得蹲点玩枪资格玩儿你游是吧,,,2.0
223324,物华弥新,39659184,2024-02-28 07:31:01,4,19908981,秋水,Vivo X100,4440.0,"['gameplay', 'operation', 'visual_music']",[],"美术：喜欢Q版画风，立绘画的也不错
玩法：我本人是不喜欢玩战棋的，不过这个游戏玩法很简单，很轻松，不费脑
抽卡：70抽出红，180可井当期UP，2.5%出红率不算低，但是180井感觉有点高了
网络：不太行，开服炸服，希望继续优化，公测时候不要来这一出",,,
223324,物华弥新,39659182,2024-02-28 07:30:39,1,21432791,书生,Huawei P50E,,[],[],三个g还我行不行？,,1.0,
223324,物华弥新,39655732,2024-02-28 03:06:04,3,7647528,上官青,Realme 10s,,['gameplay'],"['operation', 'visual_music']","玩了一段时间，来改一下评价吧
先骂后夸。
服务器是真的烂，运营也是真的离谱。
玩法比较耗时间，但是感觉上还行，有的大招动画略微有点慢。
资源感觉有点少……而且引导很奇怪，1-12关推荐等级19，但是没有引导叫你怎么收集用来突破角色等级上限的材料，我打完才发现我在拿着15级角色硬刚……
ui也挺奇怪，在自己队伍里的角色哪怕只是等级差一级满级都要冒红点提醒，但是在队伍外的角色就连抽到重复的可以突破致知等级都没有提醒。
游戏界面也有点乱，有一种什么都加个新名词的既视感，多少有点花里胡哨了。
有的角色设计感觉跟古物本身挺割裂的，不是我说，你一个跟国家宝藏联名的二游搞得像推销自家oc产品真的好吗……
特指妇好鸮尊，以防有人没听说过妇好，先科普一下:
妇好，商王武丁的皇后，中国历史上第一位有据可查的女性军事统帅，同时是一位杰出的政治家，经常受命主持祭天，祭祖，祭神等祭典，死后庙号“辛”，主要使用的武器是大铜钺，重8.5公斤，形象类似商代的女战神。
个人觉得作为纪录她生平的铜尊（而且外观是作为战神形象的鸮），做成个幼女形象多少有点不妥……妇好确实是英年早逝，但是人家享年30，你游整个看着没什么力量感的幼女形象……难评
个人观感而言，器者弄的莫名其妙充满现代感真的很奇怪（）
骂完嘞，开始夸。
抽卡目前来说个人感觉出货率还行，八次十连有六次能出红，可能测试服调了爆率，如果正式服保持同样爆率感觉还是可以玩一下的。
美术风格不错的，好看。如果之后能出点击效果是水墨晕开的特效就好了。
虽然引导奇奇怪怪的，但是突破材料都有比较详细的获取提示，好评一下。
官方有改进，至少听劝，可以的。
福利比起隔壁铃x之剑好很多，要是开服还能继续保持就好了。
配音我没有开，不予置评。
希望之后能多一点跟古物相关的剧情。
————
服务器稳定了，好玩可以玩，改一下
——————
炸服捏，10:57抢到现在一直在网络不稳定，宁什么时候服务器好了我什么时候改评分嗷😅
进去了还是一步一炸，6",1.0,5.0,
223324,物华弥新,39659091,2024-02-28 07:21:10,2,15326285,板蓝根,Huawei MatePad 11,,[],[],能不能好了啊，bug修不好了吗，，游戏都进不去,,,
223324,物华弥新,39659060,2024-02-28 07:18:15,1,410315401,喵呜嗚嗷呜,Vivo V2220A,11820.0,['visual_music'],"['gameplay', 'operation']",画风很好看，音乐不错，别的一言难尽,,,
223324,物华弥新,39659046,2024-02-28 07:15:51,3,29056058,我悟了,OPPO PGCM10,,[],[],"三星打给美术，游戏画风确实是我比较喜欢的，但是能不能改一改T形帛画后面那几条龙啊，放主页当看板密恐看得身上直起鸡皮疙瘩😅。
我这个人一般不看剧情，所以剧情方面就不评价了。
还有就是，改一改你游那个破烂服务器啊，测试资格靠抢也就算了，你想抢你还进不去？进去了开玩还卡的跟勾史一样……你游这样公测岂不是更勾史？
玩法一般，很平常的战旗类游戏，可以说比较无聊的。
总结，冲着美术去还行，但是冲着玩法去你就会感觉十分无聊。
",,1.0,
223324,物华弥新,39655719,2024-02-28 03:05:44,2,538618334,suga,三星Galaxy S22,1320.0,[],[],"啥情况啊一直这样。。。
——二编
好了，我进来了。。。真够了
进了游戏也是一直网络连接不好。。你这什么东西啊。。
首先就是美术方面，除了花哨，我觉得无可挑剔了
战斗方面，很平常，战棋(参考方舟)
剧情，很通俗，就是出现了什么什么异常什么什么的
两个字——无聊
整体都很无聊，没这么无语过",3.0,18.0,1.0
223324,物华弥新,39658966,2024-02-28 07:08:26,1,9916129,东方曜不曜,Android 设备,,['visual_music'],"['gameplay', 'operation']",很好的游戏，没资格和有资格一样👍🏻,,4.0,
223324,物华弥新,39658921,2024-02-28 07:02:30,2,45764085,萎靡男孩,Realme GT5,,[],"['gameplay', 'operation', 'visual_music']",真是无语，上午还能进去，后面就一直卡100%，官方也不说话。,,,
223324,物华弥新,39658895,2024-02-28 07:00:17,1,125879490,是枝裕和,Huawei Mate 60 Pro,1620.0,[],"['gameplay', 'operation', 'visual_music']","不是，大哥！紧急维护指的就是从11点维护到下午三点，只增加了5w测试名额，然后没了？卡死了知道吗？
我12点多就卡在这个界面了，百分百进不去，已经三点了，将近三个小时还是卡在这，我是真的服气，你游得亏是立项早，早年测试过一次，有一定量的粉丝基础，但凡换一个新游，已经可以宣告停服了。",,2.0,
223324,物华弥新,39657058,2024-02-28 04:11:26,2,8214891,默念,Redmi K60,960.0,[],"['gameplay', 'operation', 'visual_music']","骗我流量是什么意思？你隔着这么多年连个测试宣传都整不明白？笑点解析：游戏时长16分钟。你猜我16分钟在那干什么啊网络不稳定？！
————
2月28日2:57
2点半多放点名额进去了，这个界面的按键也太边缘了吧！底部的按键在最底下，要不留点页边距呢？",,12.0,
223324,物华弥新,39658611,2024-02-28 06:32:51,1,433823023,User433823023,小米Xiaomi 14,,['visual_music'],"['gameplay', 'operation']","不是，一测二测没赶上，三测运营整这么大一坨，笑死谁要。
说两点半再放五万个号结果呢，卡着点进来根本抢不上😁
🔖运营服务：一坨屎
2024.2.28下午14.37
不知道为什么又进去了，局内兑换最好把任务名称放在头像的上边或下边，放在右侧看着很怪啊，而且ui很难点
",,2.0,
223324,物华弥新,39658272,2024-02-28 05:54:33,2,449553613,八云家的猫,Redmi Note 11T Pro,1800.0,[],"['gameplay', 'operation', 'visual_music']","😅开服挤了几分钟没进去，能进就说资格满了，逗大伙玩呢？
越想越觉得离谱，祝福你到时候正式公测和哔哩哔哩代理的游戏一样生意兴隆哈😁
——————————
构式游戏，打完1-2弹出网络不佳的弹框之后，一直重复让我打1-2，打了七八次还让我打😅",,7.0,
223324,物华弥新,39658859,2024-02-28 06:56:55,2,9001231,Sampson,小米Xiaomi 12 Pro,,['visual_music'],"['gameplay', 'operation']",毫无态度可言😓,,,
223324,物华弥新,39658848,2024-02-28 06:55:27,4,599291313,淋淋簌簌,OPPO Reno10 5G,,"['gameplay', 'operation', 'visual_music']",[],玩上了！美工好的是真没话说，里面的QQ人也挺可爱的，玩法的话自我感觉良好，毕竟我是第一次玩战棋类游戏，配音剧情什么的也都不错，唯一的麻烦就是当角色对话的时候再点一下对话就没有配音了，让我感觉挺难受的，过剧情的也没有选择能自动过的按键，如果后面优化的话可以加上这个会更好点。角色卡池的爆率也挺高的，可能也有个人运气掺杂，总体来说还是不错的,,1.0,
223324,物华弥新,39658823,2024-02-28 06:53:08,1,27464,Lyl,小米Xiaomi 14 Pro,,[],[],有男不玩，多找点xxn玩吧,2.0,1.0,4.0
223324,物华弥新,39658817,2024-02-28 06:52:34,2,402949853,狼蛛狼蛛！,Android 设备,,[],[],服务器问题，太烂了，而且界面过花。服务器都没修好还开资格，你几个服务器啊这么装？,,,
223324,物华弥新,39658780,2024-02-28 06:49:53,2,428982511,User428982511,Android 设备,,[],[],网络异常，稍后重试,,,
223324,物华弥新,39656466,2024-02-28 03:36:28,2,107450387,比巴卜卜,Android 设备,,[],"['operation', 'visual_music', 'gameplay']","平时根本没那么多时间看公告啊，还各个平台推送消息，到头来还是测不了。等了你两年了感觉和被刷了没什么区别。。。
我才看到战斗界面是大头娃娃，你怎么想的。。真的很难看。我宁愿是建模不好看的成人体型。这下画面我也不推荐了。。",,4.0,
223324,物华弥新,39658769,2024-02-28 06:48:54,3,48837475,南柯,Huawei Mate 50,600.0,[],[],"一直在不稳定，物华你能不能修修你那服务器，冈易的土豆服务器都没你这个卡
画风是真的很不错，Q版小人也很萌
剧情一般，但是文物会说方言好评
各个文物的职业介绍根本没有，一开始根本不知道那些图标对应着什么
物价有点高，游戏内货币和RMB是5：1，你最好改一下
抽卡界面有点平淡，但是还行，我能接受
希望公测会好一点，最好赶紧换个服务器",,,
223324,物华弥新,28808204,2022-01-05 18:37:49,1,1926541,雨阳,小米Mi 10 Pro,33720.0,[],[],"好好笑，开放更多资格但是不开放下载链接，更别提我继承资格的被关闭下载渠道挡在外面了
—以下二测—
活动剧情前面没怎么看但最后那一段还挺震撼我，多+1星吧
-
音乐美工都很牛逼
配音属实惊艳到我（玛雅罐子，虽然听不懂），剧情前面看起来不错，后面挂录屏就没仔细看。
-
养成还算简单（一开始没整明白考核是突破用的），但是这个养成不匹配关卡难度曲线，也就是角色还没养起来关卡的难度先提升了一大截。我5号一下午都在刷突破和升级，才勉强刷完主线。
或者也可以理解为养成成本高，体力有限资源获取偏低。就是说一但养错角色（例如抽个红卡发现养起来还没金卡顺手）很难短时间养出第二个。现在是内测，每天送几百体力尚且不能一下子拉起来一个60，更别提体力更紧张的公测了。两个解决办法，要么像明日方舟那样，只要是个角色都能用，甚至能用到大后期；要么可以角色重置，返还全部升级和突破材料。
-
职业区分不明显，又是奶妈平a带伤害就和法师归一类的职业划分。
那个正在up的红奶我没太看懂角色定位，平a输出没有多高，小技能还是自奶，这种技能组在战旗游戏里有存在的必要吗？
盾的存在感也很弱，教程里说盾能挡伤害，我换了个红卡盾它就不会挡了，
而且，最重要的一点，大部分红卡实际使用体验可以说不如金卡，很离谱兄弟，红卡的技能有一个算一个都令我迷茫，这是人能想出来的技能组？",1.0,2.0,
223324,物华弥新,39656564,2024-02-28 03:41:46,1,26110262,谢长流,Android 设备,,[],[],"原来不是下了就能玩啊 那你早说啊 还显示说抢到测试资格了 原来是抢到下载资格了并不是试玩资格吗。。唉


现在好几分钟了一直这样 你有病吧 你们真的是很小的小作坊搞出来的吗 我也是不懂了。还是现在还没开班？
",,10.0,
223324,物华弥新,39658715,2024-02-28 06:43:59,3,539782142,问就是不知道,红米 K70,,['visual_music'],"['gameplay', 'operation']","???什么玩意说我没网?我WiFi， 流量都试了就是登不进去，有毛病吧?
我还试了试登原神和崩铁，都挺正常的，怎么到你这就是我网不好?",1.0,2.0,
223324,物华弥新,39658690,2024-02-28 06:40:43,2,73172778,Infinite Lucky,华为ADA-AL00U,,['visual_music'],"['gameplay', 'operation']",开服三小时bug还没修好,,1.0,
223324,物华弥新,39658635,2024-02-28 06:35:21,1,1162385,日向空斗,Motorola Egde S,,['visual_music'],"['gameplay', 'operation']",冲着先下载后抢注的测试方式，就只能给一分好评了😁,,1.0,
223324,物华弥新,39658592,2024-02-28 06:30:35,1,17710264,浮生孰来,华为JAD-AL80,,[],"['operation', 'visual_music', 'gameplay']","游戏今天自动十点下载好了，因为昨天下午说我获得资格了。
结果进去更新半天，十一点多说网络异常，再点击就成游戏注册上限了。
这种情况怎么办？肯定官方会扩容，我等了一个多小时没回话，十二点半卸载游戏睡觉去了。
结果二点醒来，官方一点半说二点半会扩容。但名额还是要靠抢。
你说这赖我了？",,1.0,
223324,物华弥新,39658600,2024-02-28 06:31:24,2,25240430,Ledix Aaron,Vivo IQOO 10,3840.0,['visual_music'],"['gameplay', 'operation']","从卡进去到现在完了差不多两个小时了，简单说一下感觉。
玩法：★★★
美术：★★★★★
剧情：★★★
之所以这三块感觉还不错，总评却只给两星，是因为真的没什么新意。
我的上一款战旗应该还是梦间集，如果那个“地狱xxxx”不算的话。玩战旗不多，但这个游戏手感的感觉非常差。
角色分类类似明日方舟，从图标到角色面板都很像，这么像的上一个还是那个……今年一月刚开的鹅厂那个游戏，忘了叫什么了。
玩法就是在明日方舟的角色分类上，以速度条（参考阴阳师和崩铁）为顺序，角色依次移动并进行攻击。移动距离受到场地限制极大，攻击范围在战斗中没有明显标注，攻击所能造成的伤害没有预示，偶尔有一种盲打的感觉。
我以前玩梦间集没那么累啊……大概最近又变傻了吧。
剧情第一章是很经典的产生了天灾，玩家作为工作人员帮忙消灭灾难这样子。经典过头了到后面就直接跳过了，剧情也和明日方舟一样，跳过会给你开个概况，概得非常简单，瞄一眼就看完了。
配音倒是有，但一点屏幕就没了，对于我这样喜欢先把对话看完再等配音说完的玩家极度不友好，以至于我都没怎么听配音，这也是后面跳过剧情的最大原因，，，听不到配音，这剧情又不是好的不行，我干嘛非看剧情不可。
剧情的自动播放和倍速放在一起，真是让我好找。但自动播放之后，对话之间的间隔略长，想当成广播剧听都难受，这是选择跳过的第三个原因。
美术倒是挺好的，器者们都很漂亮，喜欢编钟姐姐w。器者身上的花纹看着很有那些韵味，不过偶尔也会觉得…其实不一定非要服装上的花纹吧？身上的彩纹偶尔更能代表身份？不过我没有看过实物，实在很难对比相像程度，所以这方面就不评价了。
最后比较满意的一点是在资料界面标了古物的介绍、展览地点和分类这些的，对于帮助了解古物来说很重要。
不过说到这个，其实我真的很想问啊，二次元手游不一定非要搞一个王道剧情吧？？虽然那样看的人多，但你都搞古物文创的设定了，能不能在剧情里就去让一部分人对古物有所了解呢？排除掉剧情里刻板的介绍环节，有没有什么办法让古物的历史生动地穿插进去呢？
总之说不失望是不可能的。我对这个题材很感兴趣的来着，结果就是个套了历史文物壳子的普通二游，浑身难受啊真是……",3.0,3.0,1.0
223324,物华弥新,39658571,2024-02-28 06:28:15,1,480783799,与君同赴神明,一加手机Ace 3,,[],[],真的不想让人玩可以不给测试资格的。我头一次见下载游戏资格和进游戏的资格分开的。头一次见。只想说还没开服ch你就整个大的我只想说游戏好不了。见识到了给你希望又糊弄你。,,4.0,
223324,物华弥新,39658534,2024-02-28 06:23:38,1,370341386,古木,小米13,,[],['operation'],注册资格和测试资格是分开的，还天天发消息骚扰说获得资格烦死了,,3.0,
223324,物华弥新,39658524,2024-02-28 06:22:45,2,2771941,九栀,红米 K40 Pro,9720.0,[],[],"抛开服务器问题和内测名额问题不谈
光看游戏也是很难评价，接触战旗类游戏比较少，感觉上手需要一点难度
养卡系统特别复杂，根本不知道选择什么加成，各个角色的战斗类别不是很清楚（输出还是辅助奶妈这种，类别很多，没找到详细解释的地方）
对话比较慢没办法快速跳过，重新打关卡补隐藏挑战居然还要再跳过一遍剧情，这点真的很不合理
感觉q版小人很可爱，但是玩法有点辜负了期待🙏🏻",,5.0,
223324,物华弥新,39658512,2024-02-28 06:20:48,2,14331116,白雪踏西行,小米Xiaomi 12S Ultra,,[],[],有资格还得抢着进去，那你早说不就完了，骗我下完流量，跟我说不能进去,,,
223324,物华弥新,39658504,2024-02-28 06:20:20,1,2865244,☕️,Android 设备,2520.0,[],[],卡在新手教学，这个教学我已经过了四次了，每次都卡在这，无语,,1.0,
223324,物华弥新,39658485,2024-02-28 06:17:45,2,16201947,事了拂衣去,华为P40 Pro,,[],['operation'],"什么玩意？成功下载客户端还不算有测试资格？还得算注册账号，晚点进去连资格都没有还上限？这不是骗流量吗？
",,2.0,
223324,物华弥新,39658463,2024-02-28 06:15:07,4,501771229,Re,Redmi Note 12 Turbo,11580.0,"['gameplay', 'operation', 'visual_music']",[],"关卡难度很大，特别是boss战，，，，
打不了一点（仅个人感觉）
立绘和剧情都挺不错，，，
然后是测试服开服就炸，挺那个的",,1.0,
223324,物华弥新,39658455,2024-02-28 06:13:42,1,13862688,猫了个咪丶,Android 设备,,[],"['gameplay', 'operation', 'visual_music']",让测试，下载了几个G，又进不去，坑爹啊你们,,3.0,
223324,物华弥新,39655681,2024-02-28 03:04:49,2,99020096,兰陵笑风生,Android 设备,,[],[],"网络不稳定，请稍后重试
二编：11：06进去了
三编：难玩",,14.0,2.0
223324,物华弥新,39658428,2024-02-28 06:10:51,5,2999452,刹那芳华,Android 设备,,"['gameplay', 'visual_music']",['operation'],运营反应不够快，开服抢注炸了（虽然我抢到了），卡100进度修的太慢了，建议补偿发到公测，游戏本身我还是觉得ok的，tap那些人说的资格问题，自己没看公告罢了，无理取闹而已。  后续补偿再蹲下，内测补偿有啥意思，看看公测追加不,,,2.0
223324,物华弥新,39658427,2024-02-28 06:10:41,1,116990178,二维,Huawei P60 Pro,,[],[],tap告诉有资格，下载了，进去后告诉我没资格了，乐😁😅😅,,2.0,
223324,物华弥新,39658423,2024-02-28 06:10:14,1,436772954,茉夏,Vivo IQOO Neo7竞速版,,[],[],？不是，你什么意思啊，说我获得资格，进游戏又说注册到上限了？你没事儿吧？开不起测试就别开啊，我去年就关注这个游戏，你们这么整，真的寒心😓,,,1.0
223324,物华弥新,39658416,2024-02-28 06:09:55,5,577097424,呆鹅,iPhone XS Max,,[],[],不懂吐槽没有资格的人在想什么，官方都发了抢注和抽奖还在说自己有资格了进不去,,,
223324,物华弥新,39658402,2024-02-28 06:08:12,1,359085499,潯,Android 设备,,[],"['operation', 'visual_music', 'gameplay']",不给资格，垃圾游戏,,1.0,
223324,物华弥新,39658395,2024-02-28 06:07:47,1,63128067,璐月猫,华为 Mate 30 Pro 5G,,[],"['gameplay', 'operation', 'visual_music']","笑嘻辽，准时进去说服务器不好进不去，过一会重启说名额满辽。
这么棒的游戏，以后肯定大火吧😍😍😍",,2.0,
223324,物华弥新,39652828,2024-02-27 16:05:32,2,418528069,龘鏚,Vivo IQOO Neo9,,[],"['visual_music', 'gameplay', 'operation']",破抽卡概率，你一个战旗游戏抽卡概率那么歪,,8.0,2.0
223324,物华弥新,39658379,2024-02-28 06:05:49,1,72979145,星辰哦啦啦,Hi nova 9 SE,,[],"['gameplay', 'operation', 'visual_music']","不是，昨天我花那么多流量提前预下载你还提示我拿到测试资格了，今天进去直接显示注册已满？？？
不是，这和骗人有什么两样？我还是第一次碰到这样的游戏厂商，你测试资格都不肯给😅😅😅
你不糊谁糊",1.0,1.0,
223324,物华弥新,39658358,2024-02-28 06:03:02,1,47578187,望星星,小米Mi 11 Lite 5G,120.0,[],[],中午那次没抢到，删了，你现在又告诉我要追加资格😅😅😅,,6.0,
223324,物华弥新,39658331,2024-02-28 05:59:44,2,33621523,嘛都玩嘛都手生,Redmi K50 Ultra,840.0,[],"['gameplay', 'operation', 'visual_music']",直接好家伙，说有资格才下的游戏，下完进游戏说注册满了也是没谁了,,1.0,
223324,物华弥新,39658319,2024-02-28 05:57:55,2,68930900,琳糖,Honor 90 Pro,360.0,[],[],骗我下载两次，你好狠的心😭😭,,2.0,
223324,物华弥新,39658311,2024-02-28 05:57:41,1,50830161,法式焗蜗牛,Redmi  K70 Pro,,[],"['operation', 'visual_music', 'gameplay']",我的测试资格呢？下载那么久，还用流量下的，就这种运营能力还做什么游戏？可想而知以后会怎么样,,4.0,
223324,物华弥新,39658305,2024-02-28 05:57:10,1,10113647,明日后,一加 Ace 2 pro,,[],"['gameplay', 'operation', 'visual_music']",真是破，浪费流量,,,
223324,物华弥新,39658302,2024-02-28 05:57:02,1,9658437,手机用户9658437,华为 Mate 30 5G,,[],"['gameplay', 'operation', 'visual_music']",这运营也是醉了，呵呵。白下，卸载88,,2.0,
223324,物华弥新,39658297,2024-02-28 05:56:48,1,364414104,风易寒,Redmi K50 Ultra,3720.0,[],"['gameplay', 'operation', 'visual_music']",腊鸡游戏，福利贼少物价贼高，网络贼腊鸡，开服补偿简直比铁公鸡还铁，,,,
223324,物华弥新,39658288,2024-02-28 05:56:09,3,83545195,鉴之,华为nova 7 5G,,['visual_music'],"['gameplay', 'operation']","太歪了太歪了太歪了！！！能不能改改你这破概率？还有服务器的问题，我不多说了。
画风好，立绘好，但是可以再修一下，有些立绘部分有点跟不上时代了。。再就是玩法我不是很推荐。但是为了美术风格来的，我忍了……",,1.0,
223324,物华弥新,39655662,2024-02-28 03:04:23,4,42520555,星祈,小米13,,"['gameplay', 'operation', 'visual_music']",[],"体验了两小时，美术感觉挺好的，战棋也可以自动回复抽卡体验还行，暂且给到4分吧，继续观望。
战棋啊，那没事了，溜了溜了，不是受众😅
新游必炸是吧，不懂提前点时间开吗，非挤到11点",,15.0,1.0
223324,物华弥新,39658281,2024-02-28 05:55:03,1,70966362,鹿怀星,Android 设备,,[],"['gameplay', 'operation', 'visual_music']",恶心死了，祝你们以后所有的游戏都不能公测都死了算了,,4.0,
223324,物华弥新,39658279,2024-02-28 05:55:01,2,41595163,王蛋蛋吖,Android 设备,,[],"['gameplay', 'operation', 'visual_music']","到底有什么毛病？提示得到测试名额
下游戏 更新半小时，然后告诉我名额满了？
早不能说？
你游不死谁死",,6.0,
223324,物华弥新,39658277,2024-02-28 05:54:50,5,56109833,零零宁,一加手机12,,[],[],黑了+网络不稳定…这是要劝退我呀,,,
223324,物华弥新,39658251,2024-02-28 05:52:14,1,45335171,许你清风凉夏,Lenovo Legion Y700,,[],"['visual_music', 'gameplay', 'operation']",下载的时候给我说抢到资格了结果下完了没资格，骗下载是吧,1.0,2.0,
223324,物华弥新,39658239,2024-02-28 05:50:59,1,15253633,手机用户15253633,Android 设备,,[],[],😅忙到现在准备上，结果说测试资格满了，那我算什么？冲下载量的是吧😅,,3.0,
223324,物华弥新,39658238,2024-02-28 05:50:53,5,425411831,元宵踏星光,Android 设备,,"['gameplay', 'operation', 'visual_music']",[],画面精美，目前来说我感觉很好,,,
223324,物华弥新,39658228,2024-02-28 05:50:15,1,455949051,故居,OPPO PFGM00,,[],[],怎么说呢？我11点我准时进去了，可能服务器的原因吧，我当时进的时候，他说我网络有问题，连试了好几次，都是网络有问题，我切流量和切网都一样，我就想着等一会儿再进去，没想到测试资格没了，没玩到，挺可惜的😓,,,
223324,物华弥新,39658225,2024-02-28 05:50:05,1,41668074,李唐,Android 设备,,[],['operation'],您好，头回见测试预下载显示已获得测试资格还要抢注的，告辞,,1.0,
223324,物华弥新,39657270,2024-02-28 04:28:48,2,592151,我想要一枚小太阳,华为P50 Pro,,[],[],"游戏不是做慈善，你的钱也不是大风刮来。
升星（命座）机制不是不行，国内碧蓝航线有金布里彩布里、阴阳师有黑白蛋，日本世界弹射物语，韩国坎公骑冠剑都有井且升星升命道具都很好获得。上述游戏前两款成了现象级，后两款在玩家的口碑都非常好。
即虽然有升星升命，但基本属于白送，有本体就够了。
这游戏不行，什么，有通行证？是的，每抽出一红给1个道具，23个道具换1个红通行证，4个红通行证升一次命。哦对了，一个月只能换4个红通行证，也就是一个月通过集市兑换只能升一次命，这前提还是你一个月能抽出132个红。忘了出红概率了，懒得看了，按5%，2600抽就够～10连活动价算80？260*80取个整2万吧。
哦，两万的道具保底升一命。当然了，180抽就能出up，全保底1080抽也就6命了，1080也就区区108*80八千来块。
这么想，两三次保底满命，额外送一次红一命～
再再当然了，不满命又不是进不了游戏过不了关。
对了，为什么设置四个红通升一命，显然他要在一些奖励或者礼包中多塞点，1张1命那太良心，所以4张1命吧，24张满命吧。会多给吗？我觉得不必然，设计23红才能兑换1张的道具，除非真的玩家不买账，要不从初衷讲就是给土豪设计的。
我个人不接受这种模式，仅分享给同样不能接受的朋友。愿意接受你就玩，没必要跑我这儿刷存在感。
说句题外话，游戏公司习惯了暴利，习惯了几十几百达不溜的奖金。全行业如果不是被免费抽奖游戏带成这个熊样，从业者薪酬期望降一降，有那么高成本？需要搞那么多氪金点？想想幻萌我留下了眼泪，去年双倍重置全拉满了，今年重置继续拉满。我就是抽战舰那破大胃王箱子，让幻萌多活会，也比送这些天天只想着坑钱不想着玩家的厂子强。",2.0,12.0,
223324,物华弥新,39658209,2024-02-28 05:48:35,2,322882,姬翔,Vivo IQOO 12,,[],"['gameplay', 'operation', 'visual_music']",进不去你让我搁这下了3个多G干毛，浪费流量吗,,1.0,
223324,物华弥新,39658191,2024-02-28 05:46:23,3,74688527,符噩噩噩,IQOO Neo6,,"['visual_music', 'gameplay']",['operation'],"2.28 进游戏卡卡卡卡卡，抽卡卡卡卡卡卡到抽卡动画都可以卡没……
后面玩了会重进还卡百分百……你……
游戏体验ui和立绘四星这样子。
运营还有服务器一星……
能不能搞好点……。
公测还这样的话直接扑街了……
",,,
223324,物华弥新,39658181,2024-02-28 05:45:26,1,59193991,何故往昔,Android 设备,,[],[],不理解，tap显示获取了测试资格，今天进去登录只能通过手机或b站登录，登录就显示名额达上限，逗我好玩的吗😅😅😅，一星拿好，浪费我几个g的流量。,,1.0,
223324,物华弥新,39658167,2024-02-28 05:43:36,2,322568383,灬殇,Vivo X90,,[],"['gameplay', 'operation', 'visual_music']",游戏好不好不知道，但运营一塌糊涂,,1.0,
223324,物华弥新,39658142,2024-02-28 05:41:33,1,18060985,碎月之海,Vivo IQOO Neo7竞速版,,[],[],我笑了，不知道是不是tap的错，我进来第一眼就是看见的你已获得测试资格，然后进去再告诉我抢注，那我测试的什么😅，我下载速度不用你来测好吧😅,,6.0,
223324,物华弥新,39658139,2024-02-28 05:41:20,1,101321801,乖宝宝不熬夜,小米13 Pro,840.0,[],"['gameplay', 'operation', 'visual_music']","下载了了，而且是数据流量下的，但是没玩上，所以一星，为什么会有这种事情发生，就不能确定了能玩再下载完整资源吗？
",,3.0,
223324,物华弥新,39658136,2024-02-28 05:40:59,1,593608793,阿白,Android 设备,,[],[],"11点准时进去抢资格，提示网络不好不让我进，换了流量还是进不去，于是我明白是他的问题，点了修复客户端，修复就是重新下载那3个g，等下载完黄花菜都凉了😅
昨天下载3个g的时候是满怀期待的，今天下载完3个g发现资格没了，卸载是不带犹豫的
垃圾游戏。",,1.0,
223324,物华弥新,39658133,2024-02-28 05:40:54,1,21385743,火锅麻辣烫_,Redmi K60 Pro,,[],[],游戏性不做评价。但是为什么我抢了测试资格，昨天也都下载好资源授权好了账号，结果却告诉我今天注册名额满了进不去?你的注册名额和测试名额不一样多那你发那么多测试名额的意义何在呢？本来很期待这个游戏的结果那么一搞弄得我很小丑,,1.0,
223324,物华弥新,39658127,2024-02-28 05:40:04,1,426835918,User426835918,小米Xiaomi 14,,[],[],我测试≠我注册😅,,1.0,
223324,物华弥新,39658125,2024-02-28 05:39:49,1,25311626,南莲,Vivo V2073A,,[],"['gameplay', 'operation', 'visual_music']",好好好这样玩是吧,,2.0,
223324,物华弥新,39658120,2024-02-28 05:39:16,1,17626276,风橘,Android 设备,,[],[],为什么不整问卷抽资格。。对你的服务器很有信心吗😅,,3.0,
223324,物华弥新,39658113,2024-02-28 05:38:44,1,28851356,@Darling,Vivo IQOO Neo8,240.0,[],[],笑点解析:测试资格≠注册资格,,8.0,
223324,物华弥新,39658102,2024-02-28 05:37:22,1,398412395,黎,Android 设备,,[],"['gameplay', 'operation', 'visual_music']",从十二点卡到现在，好不容易抢到了还是不能玩，真够恶心人的,,,
223324,物华弥新,39658079,2024-02-28 05:34:42,1,67327355,伊利,OPPO K3,,[],[]," 你是不是觉得你挺幽默的啊？抢到资格有多高兴下载完进不去就有多无语。体验了一把砸锅卖铁硬挖出6个g空间下你游的感觉，能清空数据的app都清了，删了一千多张照片，上来之后你给我搞这一出。真恶心，你游真恶心。
19年就开始预约了，前两次测试都没抢到只能陪跑，这一次以为终于能参与其中了，说真的，你要么就最开始别发那么多资格。你真的很会打破玩家满心欢喜的期待。非常生气。
非常生气。
非常生气。",2.0,7.0,
223324,物华弥新,39658070,2024-02-28 05:34:09,3,18619010,啊嘞,Android 设备,,['visual_music'],[],本来就是冲这小哥下的，抽到了玩了一会，开始卡的要死，后面好一点了，怎么说呢，音乐还不错，小人也蛮可爱的，但是这个战斗玩的太无聊了，打的我快睡着了，那个自动战斗也无语的一批，能打的它也不打就瞎打，新手任务第一天的打完了就不想玩了😂,,,
223324,物华弥新,39658068,2024-02-28 05:34:08,2,395722384,紫荆,Vivo V1936AL,2460.0,[],"['visual_music', 'gameplay', 'operation']",前后花了10g流量玩了个新手教程😂,,3.0,
223324,物华弥新,39658035,2024-02-28 05:31:21,3,70081022,请,Vivo IQOO Neo8,,[],[],"语音和文字有点对不上，语音有的时候慢了，有的时候突然没了。
",,,
223324,物华弥新,39658024,2024-02-28 05:30:20,2,23544691,筱南,华为 Nova 5 Pro,,['visual_music'],"['gameplay', 'operation']","立绘美术给一星
音乐题材给一星
其他给不了了，玩法战旗。本身玩法比较小众，倍速还只有二倍速，枯燥，玩不下去。",,4.0,
223324,物华弥新,39658012,2024-02-28 05:29:33,3,58751446,清水夫子,OPPO PGGM10,1980.0,"['gameplay', 'visual_music']",['operation'],游戏测试有BUG，在新手引导抽卡前可以抽卡，如果在这之前把抽卡资源用完，新手引导抽卡是会卡在兑换抽卡资源界面，快修复下，我现在就卡在这块，由于新手引导是强势的我就一直卡在那,2.0,3.0,
223324,物华弥新,39658009,2024-02-28 05:29:09,1,17784279,完美世界pl,Android 设备,,[],[],名额问题,,1.0,
223324,物华弥新,39657999,2024-02-28 05:28:09,2,1403853,流月虾久久,Redmi K60,,[],[],"玩了俩小时卸了
两星给题材和美术
其它就是一坨
氪金贵到我难以置信得反复确认，15块一抽180抽保底，限时礼包也要十来块一抽，我只能说祝你成功吧我就先卸载了
男女角色比例差不多1：3吧，大概这个世界上就是不能出现比例平衡的二游
要么全员美少女要么男女比例1：1不好吗，在一堆美少女/美少年里加入少量异性真的很碍眼
马王堆汉墓出土女角色很合理，越王勾践和吴王夫差的剑到底有什么理由。。。
还有一些七七八八不是很影响我玩但存在的问题
比如剧情很跳跃，基本连不上
很多卡还没有配音
新手引导基本只有战斗系统的引导，其它功能的引导约等于没有，必须要点进对应功能才有引导出现",,5.0,1.0
223324,物华弥新,39657988,2024-02-28 05:27:25,1,102117656,北大六院精神科华主任,Android 设备,,[],"['gameplay', 'operation', 'visual_music']",笑死，昨天预下载加上今天更新总共5个多G流量，等解压等半天，然后告诉我名额满了？这不是在搞笑吗？昨天还发信息说是拿到个测试资格，拿了个什么？要是搞这种抢注，没必要让我下载下来，直接不让下载不就好了，真是少有的奇葩操作。,,8.0,
223324,物华弥新,39657977,2024-02-28 05:26:57,3,426661658,瑾汐,Android 设备,,[],['operation'],"首先我十一点准时进游戏，就炸服卡了半天，好不容易进去又是不停地卡然后黑屏，剧情毫无看点，配音也一般，立绘看似精美仔细一看问题不少 
新手池抽到的五星角色叫什么编钟的，放大看立绘尤其是脚，没绷住，基本每个立绘都有问题，有点敷衍了",,,
223324,物华弥新,39657973,2024-02-28 05:26:13,1,416843711,茉漱,Android 设备,,[],"['operation', 'visual_music', 'gameplay']",6，下载资格和注册资格分开的还是第一次见。做不好运营可以不做,,7.0,
223324,物华弥新,39657968,2024-02-28 05:25:52,1,365530153,ww,Android 设备,,[],[],什金，开放下载。我还以为还有，预约点了，骗进去下载跟我说没资格?我脑子有泡，你也有啊,,,
223324,物华弥新,39657967,2024-02-28 05:25:49,2,122683,木青,索尼Xperia 1 II,,[],['operation'],依托答辩的运营，直接发激活码都比你现在这样强点，用不明白tap的功能建议不要用，反正也是整烂活。,,3.0,
223324,物华弥新,39657961,2024-02-28 05:25:13,1,509092,番茄,OPPO Find X6 Pro,180.0,[],['operation'],耍猴测试,,1.0,
223324,物华弥新,39657957,2024-02-28 05:24:58,1,17705778,曼珠沙华·彼岸,小米MIX 4,240.0,[],"['gameplay', 'operation', 'visual_music']",整点进入，一直转圈显示网络问题，转一会能进了，显示没资格，什么玩意😐,,2.0,
223324,物华弥新,39657942,2024-02-28 05:23:41,1,40276550,Prpnoia,Redmi  K70 Pro,,[],[],😅测试这么玩是吧，游戏都下好了。,,1.0,
223324,物华弥新,39657939,2024-02-28 05:23:08,1,4946199,缘来。,Redmi Note 11T Pro,,[],"['gameplay', 'operation', 'visual_music']",太对了，蹲点进，网络波动，寻思忙完再进，哈？名额没了，再看tap，原来昨天拿的是假的，乐😋,,3.0,
223324,物华弥新,39657936,2024-02-28 05:22:53,3,32934338,入間美兔🤗,华为 荣耀X10,7380.0,[],['gameplay'],感觉就那样吧，可以全自动，和一般的回合游戏都差不多。,,1.0,
223324,物华弥新,39657929,2024-02-28 05:22:34,2,56637019,近卫昴,Android 设备,,[],"['gameplay', 'operation', 'visual_music']",发站内信告诉取得测试资格，下载5个G安装包，今天登录告诉到上限了，你搞抢注的话你提前发毛线取得测试资格的站内信，骗流量玩？5个G流量就当喂狗了。,,1.0,
223324,物华弥新,39657926,2024-02-28 05:22:16,4,32703439,佛罗伦萨词话,Honor Magic5,1440.0,"['visual_music', 'gameplay', 'operation']",[],服务器烂点，ui好看，剧情不在乎，玩法中规中矩，可以一玩,,,
223324,物华弥新,39657922,2024-02-28 05:21:51,1,427217140,废宅孤生,Vivo V1938CT,,[],"['gameplay', 'operation', 'visual_music']",没得说，骗流量,,,
223324,物华弥新,39657921,2024-02-28 05:21:44,1,318856039,Año de Asia,Xiaomi Redmi K60 Ultra,,[],[],"开不起服就别开,说有测试资格又要抢,什么意思啊？",,,
223324,物华弥新,39657918,2024-02-28 05:21:30,1,3540896,真有爱,红米K20 Pro,,[],['operation'],就冲贵游白嫖玩家下载流量，再告知没测试资格，这一星给定了😂,,2.0,
223324,物华弥新,39657914,2024-02-28 05:20:52,2,72477177,Kylin,Android 设备,,[],['operation'],好好好，6的，一直进不去，能进去了告诉你没资格了😅😅😅大家喷完记得去正式服喷,,3.0,
223324,物华弥新,39655614,2024-02-28 03:03:16,1,103924111,北纬37°晴,小米13,,[],['operation'],第一个就歪,1.0,1.0,
223324,物华弥新,39657885,2024-02-28 05:18:02,1,123511,略略略,小米13,,[],"['gameplay', 'operation', 'visual_music']",虽然提前看到了公告，还是报了些希望。卡着点进去的，一直反复显示网络不佳，然后就没名额了。还要通过下载客户端后抢注资格的第一次见，太恶心了。一星拿好，再也不见。,,,
223324,物华弥新,39657875,2024-02-28 05:17:16,2,14865275,云深不见鹿,小米Xiaomi 14,2400.0,[],"['visual_music', 'gameplay', 'operation']",写的有资格，下半天下完了没资格，漂亮，这游戏真好，不让玩咱就不玩呗，人也看不上咱,,3.0,
223324,物华弥新,39656355,2024-02-28 03:31:29,4,368698510,故阜,Realme X7 5G,1440.0,['visual_music'],"['gameplay', 'operation']","💃🏻立绘建模：立绘很好看，放一些图，小人可以优化一下
玩法：一般，建议要多看看操作，不然后面不知道怎么玩，别问我为什么知道
爆率：不知道是不是都一样，我这边是爆率很高，如图
先观望一下
",,4.0,
223324,物华弥新,39657861,2024-02-28 05:15:51,1,10112903,螺旋爆炸,IQOO Neo6,,[],[],取得资格，下载后进去满了没资格搁这骗流量呢，电信移动联通得给你磕一个,,8.0,
223324,物华弥新,39657858,2024-02-28 05:15:33,2,29322011,伤风的鼻涕,Vivo IQOO 10 Pro,,[],['operation'],下载好了，11点进不去，能进了注册上限，好好好！,,7.0,
223324,物华弥新,39657845,2024-02-28 05:14:41,1,446226465,老绅士,小米Redmi K40,,[],"['gameplay', 'operation', 'visual_music']",逆天游戏，资格是拿到的，下完了跟我说名额满了，,,,
223324,物华弥新,39657842,2024-02-28 05:14:33,1,98867511,假如,小米13,,[],[],一大坨,,3.0,
223324,物华弥新,39657839,2024-02-28 05:14:24,3,56268422,猪头,OPPO PHM110,2640.0,[],"['gameplay', 'operation', 'visual_music']",一般般的玩法，有些人脸都崩了，画面效果也挺一般的，和想象中的完全不一样，有点小失望，特效太烂了，红色品质的甚至比黄色品质的大招特效还要垃圾,,,
223324,物华弥新,39657829,2024-02-28 05:13:12,2,47111540,风,Vivo IQOO Z7x (m),,"['gameplay', 'visual_music']",['operation'],骗流量，骗下载量。其余的不说了，烦,,3.0,
223324,物华弥新,39657827,2024-02-28 05:12:58,2,55806137,仙布着急,Redmi Note 12 Turbo,,[],"['gameplay', 'operation', 'visual_music']",啥意思，骗下载不让进，昨天晚上下载说给资格，taptap第一个差评,,4.0,
223324,物华弥新,39657787,2024-02-28 05:10:04,1,710597,siren,华为P30 Pro,,[],['operation'],大家伙在这喷完，可以搜一下去正式服喷啊，这边只是测试服，搜的话可以搜出来官服还是8.3评分呢😄,,9.0,
223324,物华弥新,39657822,2024-02-28 05:12:43,1,56884432,KIRO,Honor 80 GT,,[],[],不是…有病啊，什么叫“以获得测试资格”，全部下载更新了告诉你满人了，还下次再会，神金。,,1.0,
223324,物华弥新,39657820,2024-02-28 05:12:38,1,361023942,Nayuta,Huawei Nova 11,,[],['operation'],你无敌了 抢到资格≠有名额🤣,2.0,7.0,
223324,物华弥新,39657452,2024-02-28 04:43:27,3,103276021,呐呐呐,Android 设备,,[],[],"制盐砖跟制盐画像砖能一样吗就简写啊啊啊啊啊啊啊
💃🏻立绘建模：看似精致，细看好多人体结构不协调，一边胳膊长一边胳膊短，脸也歪
回合战时点击总是没反应，新人任务也比较多还完成难度比较大，感觉有点费时间

",,1.0,
223324,物华弥新,39657777,2024-02-28 05:09:19,1,576240265,该用户已注销,Android 设备,,['visual_music'],"['gameplay', 'operation']",拿到测试资格了，退了之后就进不去了，你做了几年做的是坨屎吗？程序员吃干饭的？几万人的服务器居然能卡到崩溃，界面就一直显示百分百，但就是进不去,,1.0,
223324,物华弥新,39657779,2024-02-28 05:09:26,1,31547069,安亚尔,Android 设备,,[],[],骗下载量，下载完，更新完，浪费了将近4个G的流量，然后告诉我注册名额到上限了，既然注册名额有限，为什么还让这么多人领到测试资格呢？很久没碰到，差点忘了还有素质这么差的游戏,,1.0,
223324,物华弥新,39657772,2024-02-28 05:08:37,1,614129210,Vic,一加手机 7 Pro,,[],"['operation', 'visual_music', 'gameplay']",这年头还有骗下载一说？tap领到资格下载完进去提示测试满了，我领到的啥资格？下载测试客户端资格是么？牛逼,,1.0,
223324,物华弥新,39657755,2024-02-28 05:07:05,1,604667684,lilili,Honor Magic5,,[],[],参与测试就直接下载，进去后也没见抢服提示。现在都满了，还可以下是干嘛,,,
223324,物华弥新,39657742,2024-02-28 05:05:51,1,410466742,逃离21世纪,Android 设备,,[],"['gameplay', 'operation', 'visual_music']",骗下载量,,4.0,
223324,物华弥新,39657735,2024-02-28 05:05:22,1,385961201,没人要,Android 设备,,[],[],测试名额满了就不要骗下载,,1.0,
223324,物华弥新,39657297,2024-02-28 04:31:15,1,97880418,俞安,Vivo V2156A,,"['visual_music', 'gameplay']",['operation'],"服了，这都三测马上快要开服了，你游还整这种烂活，你们这三年都干啥吃了？
第一次见你们这种卡的要死还吞奖励的服务器，还在测试中不是理由
你游现在不管是画面还是玩法，已经没有当初的竞争力了，结果技术力也拉胯，要是开服还是这种态度，你游等着凉吧
",,9.0,
223324,物华弥新,39657687,2024-02-28 05:01:45,1,325324321,∠( ᐛ 」∠)＿,Vivo X21A,,[],"['gameplay', 'operation', 'visual_music']",《已获取测试资格》《注册名额上限》还期待下次再见，我去你的吧😅,,8.0,
223324,物华弥新,39657473,2024-02-28 04:45:10,2,13455076,梦魇,Redmi K50 Ultra,,[],['operation'],"好玩儿，爱玩儿，喜欢玩儿，你游真好玩
好家伙，不给资格还开放什么下载渠道？流量不要钱吗？我们时间很充裕吗？为了让玩家下载游戏给评差分，那你游可真剑
确实是破局测试，自己破自己的局￼，浪费的时间和流量，就当给你游戏送终陪葬了，一路走好
可能你游上线我还会玩儿，但是评论我不会改，确实恶心到了",,7.0,
223324,物华弥新,39657671,2024-02-28 05:00:31,2,51707097,杨,Redmi Note 12 Turbo,,['visual_music'],"['gameplay', 'operation']",开服一直进不去，70抽一个红，50%可能会歪。。。。丢进去八九十抽没有用,,,
223324,物华弥新,39657667,2024-02-28 05:00:16,1,27083338,手机用户27083338,Android 设备,240.0,[],[],骗下载,,4.0,
223324,物华弥新,39657661,2024-02-28 05:00:02,3,488212193,为世上的一切善良与美好而战,Vivo V2166BA,1140.0,[],[],"我只是有话想说而已。
我想请问以后你能先放测试资格，然后只给拥有测试资格的人下载；行吗？
你这样真的有点打扰大家积极性了，换句话说你这不是找骂吗？
玩家们期望值本来就高，你这真是骗流量（甚至还有点想骗热度的成分在里面）",,3.0,
223324,物华弥新,39657653,2024-02-28 04:59:11,1,17059751,〆、世俗゛沾染的那般无奈,Vivo IQOO Neo6 SE,,[],"['gameplay', 'operation', 'visual_music']",玩了一个多小时了，实在没有一点兴趣可以玩下去，没有丝毫打击感，也没有丝毫策略的感觉，比不过梦幻天地劫，差太多了，建模一个都不吸引我,,,
223324,物华弥新,39657627,2024-02-28 04:57:12,1,109215624,点水,OPPO PGW110,,[],"['gameplay', 'operation', 'visual_music']",下好了，告诉我没资格，恶心,,,
223324,物华弥新,39657620,2024-02-28 04:56:53,1,23504073,千秋,Android 设备,,['visual_music'],['operation'],Der哦骗下载是吧,,,
223324,物华弥新,39657605,2024-02-28 04:55:43,1,414535208,52799,一加手机Ace竞速版,,[],[],你这个资格测试是不是有问题？到底是什么发放的,,1.0,
223324,物华弥新,39657597,2024-02-28 04:55:07,1,387760486,勇士,小米Xiaomi 12 Pro,,[],[],骗下载，差评,,,
223324,物华弥新,39657590,2024-02-28 04:54:40,2,453812243,双芥,Android 设备,960.0,[],"['gameplay', 'operation', 'visual_music']",大骗子😭给了资格，下好了，点进去没🉐玩😡浪费时间和感情,,,
223324,物华弥新,39657583,2024-02-28 04:54:20,1,36137997,不要牵线木偶,Vivo IQOO Neo8,,[],"['gameplay', 'operation', 'visual_music']","资格是要抢注的
服务器是没修好的
进去是卡100%进度条不动的
抽卡是学习隔壁那一套的
……",,1.0,
223324,物华弥新,39657579,2024-02-28 04:53:56,1,41347634,⑨（喜欢奏）想当Neet姬,Android 设备,,[],"['gameplay', 'operation', 'visual_music']",第一次见抢到资格跟我说下载满了,,,
223324,物华弥新,39657553,2024-02-28 04:51:35,2,98856833,无情的大海,Redmi K50,,['visual_music'],"['gameplay', 'operation']",差评，玩法枯燥，服务器辣鸡，快撤,,,
223324,物华弥新,39657552,2024-02-28 04:51:29,1,409043614,天才小画家,Android 设备,,[],[],别骗下载了，不想玩tap就别整行吗😁,,,
223324,物华弥新,39657545,2024-02-28 04:51:00,1,7421309,祭酒,Redmi Note 12 Turbo,,[],['operation'],垃圾，骗下载 不会运营可以不运营,,,
223324,物华弥新,39657536,2024-02-28 04:50:07,1,44231337,做不到,Android 设备,,[],"['gameplay', 'operation', 'visual_music']",骗下载，烧完流量被喂了依托答辩，秒删了，祝你幸福,,,
223324,物华弥新,39657533,2024-02-28 04:49:59,1,20118587,Ckte,Android 设备,,[],[],钓鱼是吧,,,
223324,物华弥新,39657530,2024-02-28 04:49:48,1,99979700,挖坑必填,小米13,420.0,[],"['gameplay', 'operation', 'visual_music']",昨天准时抢的资格，甚至还巴巴地提前预下载了，然后今天你跟我说注册达到上限😅别太离谱，人家测试有发资格的，有抢注的，第一次碰见你游这种发资格还要抢注的，要抢注你还发个鬼的资格，我的评价是，爬😊,6.0,3.0,
223324,物华弥新,39657528,2024-02-28 04:49:45,1,48055581,CianMoon月映,Vivo S15e,,[],[],"抢到了下载资格≠抢到了注册资格
不等式秒了",,4.0,
223324,物华弥新,39657522,2024-02-28 04:49:07,1,36269935,เคยมีวันมะรื,Redmi K50 Ultra,,[],['operation'],吞资格😓,,,
223324,物华弥新,39657513,2024-02-28 04:48:27,4,507184680,肖十五,Android 设备,,['visual_music'],[],"
写给官方看的，玩了一个小时，写完吃饭再继续
1剧情（我看到的）：蝠桃瓶说怕出门那段有些云里雾里
怪物？吃糕点想赔钱那段语气不自然，出戏
摸猫的提示箭头不明显
君幸食狸猫纹漆食盘登场那段衔接不够连贯自然
总之细节有瑕疵，但总体没大问题
2玩法：器者列表看详情，一个器者只有一句话打招呼，可以多录几句，防听腻（剧情都能全程配音这个应该不怕）
角色技能偏可爱风？贴合历史的话可以搞沉稳一些，做出一种“从容”的感觉--好像比较难。现在感觉有些简陋，官方加油
来个生僻字合集怎么样，做成收集展示不错，词义解释什么的感觉不错子
一直说网络问题，我用的流量，不知道不是我的问题
音乐的话，融了传统乐器很好，以后也这样就好
立绘和壁纸公司商量下打两个广告，效果应该不错
吃完饭再继续


",3.0,3.0,
223324,物华弥新,39657503,2024-02-28 04:47:39,1,365099812,春时,Huawei P60 Pro,,[],"['visual_music', 'gameplay', 'operation']",太坑人了，拿到了资格，也下载好了，结果进去说已经上限了，所以taptap里的是下载资格是吧,,,
223324,物华弥新,39657488,2024-02-28 04:46:23,1,3687284,轱辘,Honor Magic5 Pro 5G,,[],[],"差评啊，浪费我流量，资格和注册上限是被你玩明白了，有这点小心思多提升点游戏质量。
八成又是个换皮页游没有核心竞争力只能靠这种小心思咯，废物。",,,
223324,物华弥新,39657487,2024-02-28 04:46:14,1,27315003,Zeo,Android 设备,,[],[],确实是在骗下载，没有测试资格了还在发公告让人下载。,,,
223324,物华弥新,39657477,2024-02-28 04:45:29,1,23655867,莱托🍬,Android 设备,,[],['operation'],玩过这么多游戏没见过贵游这样玩文字游戏的，反正就甩锅给显示错误呗，继续加油哈💩游戏,,,
223324,物华弥新,39657475,2024-02-28 04:45:25,1,448113846,小手冰凉,Huawei Mate 60 Pro,,[],"['gameplay', 'operation', 'visual_music']",给完测试资格半天下载完游戏显示注册人员已满最后收到一个公告说抢注，秒，实在是秒,,,
223324,物华弥新,39657472,2024-02-28 04:45:09,3,24717255,咸鱼瑛,华为 Mate 30 5G,,[],[],"不是你这，我抢到了资格也进不去呀
前面刚刚准备进1-2，结果卡了，退了游戏之后再点进去就再也进不去了",,1.0,
223324,物华弥新,39657471,2024-02-28 04:45:07,1,107598338,7哥i,华为 nova 7,,[],"['gameplay', 'operation', 'visual_music']",刚下的懂得都懂这些评分很高了,,,
223324,物华弥新,39657467,2024-02-28 04:44:52,1,41053181,௸别过ೄ೨✿,Android 设备,,[],"['visual_music', 'gameplay', 'operation']",诈骗，浪费我感情，下载不让玩😠,,,
223324,物华弥新,39657460,2024-02-28 04:44:10,4,35332352,景止,Black Shark 5,,[],[],额...一直卡在这里进不去了耶，抽卡还好，感觉挺欧的,,,
223324,物华弥新,39657406,2024-02-28 04:39:44,1,483653815,鼠鼠教主,Android 设备,,[],"['gameplay', 'operation', 'visual_music']",注册资格已达上限？？？那我领的测试资格是什么？耍我呢？😅😅😅下载了四个多g告诉我进不去，恶心游戏公测也不会玩了,,,
223324,物华弥新,39657443,2024-02-28 04:42:40,1,6451403,mon,华为 MatePad Pro,,[],[],贱不贱呐？显示已有资格结果进不去，浪费时间下载,,,
223324,物华弥新,39657436,2024-02-28 04:42:10,5,476149589,世内高人,Vivo V2220A,1620.0,[],[],很烦，名额上限，不过我还是很期待，但是我还是很烦😐,,,
223324,物华弥新,39657435,2024-02-28 04:42:09,1,121328220,一一暴力崽,Vivo IQOO 11,,[],"['gameplay', 'operation', 'visual_music']",11点准时一直数据问题，等中午进去刘资格满了，差评,,,
223324,物华弥新,39657428,2024-02-28 04:41:48,1,428308292,苦痛奇迹,华为Nova 4,,[],[],骗下载的玩意儿,,,
223324,物华弥新,39657422,2024-02-28 04:41:21,1,100978266,小雷子,iQOO 9,,[],"['gameplay', 'operation', 'visual_music']","骗下载流量  鉴定完毕
",,1.0,
223324,物华弥新,39657418,2024-02-28 04:40:57,1,420632646,咸鱼Sama,Redmi Note 12 Turbo,,[],"['gameplay', 'operation', 'visual_music']",你小子骗我下载量是吧？我昨天注册的，你跟我说没有注册名额了🙎🙎,,,
223324,物华弥新,39657414,2024-02-28 04:40:39,1,11272349,枝,Android 设备,,[],[],浪费我几年的期待。,,,
223324,物华弥新,39657408,2024-02-28 04:39:52,1,127167066,花落一肩香粉颈,Android 设备,,['visual_music'],"['gameplay', 'operation']",这是测试 然后你猜他给了多少资源 20抽哦 好多哦 这还是算了预约奖励的情况 70小保底180大保底 开服双限定池 测试服务器就爆炸还是限量测试 这都能爆炸 正式开服得烂成啥样我不敢想 不愧是屑站运营 隔壁骨王冲10w打不过活动本 来古表演拿到测试资格但是进不去游戏 服务器半步一卡 剧情都卡 这不是爆死 这是不用开服了 看了别的评价某些高贵的战棋玩家又开始犯病了 你游应该不需要玩家吧 高贵的尸块机制 百分比增加数值 尸块抽满和没抽满是俩玩意 这是战棋？战棋不是要脑子吗 这下好了你充钱就不需要脑子大力飞砖了 我很难评 祝你成功吧,,3.0,1.0
223324,物华弥新,39657397,2024-02-28 04:38:52,1,19492418,奈非天,Redmi Note 12 Turbo,,[],[],卡点进，炸服，不给资格，牛😅,,,
223324,物华弥新,39657396,2024-02-28 04:38:50,1,11253253,律,华为 Mate40,,[],"['gameplay', 'operation', 'visual_music']",之前还叫来古弥新测试玩过，这么久了，也就UI调整，整体依旧烂,,,
223324,物华弥新,39657394,2024-02-28 04:38:36,1,6039763,Mr.W,Android 设备,,[],['operation'],没玩到，所以是不负责任的评分，但我就要评一颗！11点，卡，卡，卡！能进了！耶！名额满了？！🙃,,5.0,1.0
223324,物华弥新,39657390,2024-02-28 04:38:20,2,34484783,木鱼仙人,Blackshark SHARK KSR-A0,780.0,[],[],你游怎么搞不怕爆死吗？！开服就炸，我想人多炸服能理解，等一下再说，结果你告诉我人数已达上限，那你发给我测试资格干嘛？！纯粹来恶心我的是吧？！,,1.0,
223324,物华弥新,39657378,2024-02-28 04:37:44,1,30298561,一个胡萝卜精,华为荣耀20Pro,,[],['operation'],测试资格≠注册资格，白瞎我浪费时间下游戏😓,,,
223324,物华弥新,39657367,2024-02-28 04:37:07,1,505101058,絮竹,Android 设备,,[],[],垃圾浪费我流量,,,
223324,物华弥新,39657365,2024-02-28 04:36:55,1,409554159,骨素,OPPO PFGM00,,[],[],供。还我网费。,,,
223324,物华弥新,39657356,2024-02-28 04:36:16,1,26024671,累觉不爱,Vivo IQOO Neo9 Pro,,[],['operation'],taptap测试资格搞笑的？,,,
223324,物华弥新,39657332,2024-02-28 04:34:21,3,111569981,User111569981,Android 设备,,[],[],"游戏道具，资源图标给人一种微信小游戏的感觉，尤其是商店里面的礼包图样上几个大字非常难绷。
崩服没什么好说的。
战斗画面也挺难绷的，不求做到天地劫那种效果，但是就上去kuku两刀也太难绷了，而且血条和能量条也给我一种很微信小游戏的感觉，和进入战斗时那个开场动画效果很割裂。
战棋可玩性还是有的。
感觉就是半成品，完全没有想玩的欲望，等正式服再说吧😃",,,
223324,物华弥新,39657326,2024-02-28 04:33:52,4,3731926,白桃酒,华为 nova 7,,['visual_music'],[],美术风格是很好的，立绘qq人都很优秀，玩法就是战棋，公测之后会根据最后实际情况再来改,,,
223324,物华弥新,39657325,2024-02-28 04:33:40,1,2996301,綾繆,Vivo IQOO Neo8,,[],[],个人觉得界面ui太过于华丽了，给我一种很乱的感觉，不喜欢,,1.0,
223324,物华弥新,39657319,2024-02-28 04:33:15,1,61067566,繁华落尽落花繁,荣耀 50 SE,,[],[],我见过最骚的操作，还得是你游，11点开服，11点钟进不去。好，我想着你是测试人多，服务器遭不住，可能会崩掉。我想我退出去，等一会儿再来。这本身也没什么，我一进去就猜怎么着？到上限了，不是你限额了，你为什么要把发资格？我下载你又不让我进去，头一次见一个游戏测试，又得抢下载资格，还得抢注册资格的，然后服务器崩了，真牛啊,3.0,11.0,
223324,物华弥新,39657318,2024-02-28 04:33:13,1,326365010,曾仗剑梦想走天涯,华为P40 Pro,,[],"['gameplay', 'operation', 'visual_music']",别玩，真的垃圾，运营垃圾，坑人，坑流量，坑钱！！！,,,
223324,物华弥新,39657316,2024-02-28 04:33:03,3,26512049,三月初三,iQOO Neo 5 活力版,,['visual_music'],"['gameplay', 'operation']",一直提示我网卡，为了下这个游戏把白荆卸了结果发现感觉差不多这个战旗玩法是又繁琐又无聊😅冲着画风好看去的结果一测试发现没一个戳我的立绘，，，真是,,,
223324,物华弥新,39657315,2024-02-28 04:32:57,1,702863,焰藏星野,Android 设备,,[],"['gameplay', 'operation', 'visual_music']",真的恶心死人了，搞不明白给了测试资格。系统通知五六次，然后游戏内还要重新抢资格？你是不是以为你的游戏很火啊？公测肯定不会碰了，恶心人。,,1.0,
223324,物华弥新,39657287,2024-02-28 04:30:40,4,609591230,卡芙卡的狗,华为畅享8 Plus,480.0,['visual_music'],[],基础教学总卡顿，只能重进,,,1.0
223324,物华弥新,39657309,2024-02-28 04:32:07,5,5721967,金波,一加手机Ace竞速版,,[],[],"目前来看，游戏有创新，但是完全不够

1.角色名字的问题。游戏主打的是国风，从服饰和名字能看出来，但是官方不觉得名字很违和吗？比如蝠桃瓶，你直接叫蝠桃就行了，关于她的名字来历和历史故事，都放到她背景介绍和好感度里面解锁就行。其他类似角色都是这个问题，名字太长或者古怪，各种违和，好好请个历史博士，给角色起个好听的名字。 

2.尸块体系。我以为游戏角色会是抽到直接毕业，果然，我还是高估了游戏从业者的良心。再退一步，我以为会是天地劫之类的跑片体系，结果不是，是原神的命座尸体体系，要整整6命啊！靠。。国内很多玩家连跑片都不想跑，你还指望他去搞尸块。而且现在玩家也开始觉醒了（也可能是被游戏坑多了），大部分理智玩家不会拿648去抽个电子蛐蛐。

3.抽卡。原神那一套没什么好说的，我不喜欢，但是策划你开心就好

4.资源获取。暂时不谈，内测而已

总结：策划好好做做调研吧，目前国内二游饱和，你这游戏玩法小众，特色不够，没有玩出差异化，游戏能活但很难活得好。

",,2.0,1.0
223324,物华弥新,39657298,2024-02-28 04:31:17,1,45808637,不对,Honor 80,360.0,[],"['gameplay', 'operation', 'visual_music']",笑死我了，有测试资格还要抢注册，要昨天就下载好了，今天说注册满了，白下载三个g，你不会以为最想玩的那批人以后还会下载第二遍吧，我都不知道今天有多少人上当，有的游戏还没出生就死了。,,,
223324,物华弥新,39657292,2024-02-28 04:30:52,2,394655001,.,HUAWEI Nova 9,,['visual_music'],"['gameplay', 'operation']",画面还行，策划跟xx一样，ai系统也拉胯，挑战奖励难拿😂,,,
223324,物华弥新,39657282,2024-02-28 04:30:14,1,8158873,萝莉乱我道心,Vivo IQOO Neo9 Pro,,"['gameplay', 'operation']",['visual_music'],"游戏是战棋玩法，不过要比普通的战旗，我觉得还要简单不少。
美术呢，也挺有风格的。
但是成也美术败也美术。
这个游戏的玩法，我觉得可以，你把它当成一个休闲游戏来玩，一点问题没有。
但是这个游戏的UI界面那可以说是主次不分，就像玩恐怖游戏，画面很黑暗，你想看却看不清东西，就会导致你头晕。
我预言一下，肯定有人玩这个游戏玩的头晕，因为找不到想要找的按钮！！
主界面的新人入职一点进去，我懵了，这是什么东西？
这个UI我简直是无语，太无语了。不知道你们在做什么东西，可能他们内部真的不玩吧😋",,2.0,
223324,物华弥新,39655634,2024-02-28 03:03:44,3,413174003,TꪖꪀᧁCꫝꫀꪀᧁ,Redmi Note 10 Pro,900.0,[],[],"第1次.网络不稳定。。。。。。。。。
第2次.进去了，等我试试毒
第3次.永远过不去的1-2
第4次，玩起来很怪，闭着眼睛还能接受，等公测优化吧。不然就避了。",,3.0,
223324,物华弥新,39657269,2024-02-28 04:28:47,1,21096658,虾米丶,Android 设备,,[],"['gameplay', 'operation', 'visual_music']",无法言喻的美妙游戏,,,
223324,物华弥新,39657254,2024-02-28 04:27:58,3,367132335,L,Honor X50 ,1440.0,['visual_music'],"['gameplay', 'operation']","11点蹲点挤进去了，但是网络一直说卡，游戏战斗胜利了也说我输了还要再打一遍，稳定性太差了。
战斗问题，战斗要先走再点攻击技能，一次战斗耗费几分钟太慢了。
画风很不错，爆率也很高（不知道是不是因为测试服调高爆率了）
",,1.0,
223324,物华弥新,39657251,2024-02-28 04:27:26,1,37067194,花千穗,Huawei P60 Pro,600.0,[],"['gameplay', 'operation', 'visual_music']",第一次听说要抢下载资格的，昨天就下好了。今天登录说注册满了。我真的是无语=_=。看流露的视频又是大头娃娃。那就再见吧。本来对这种古风游戏挺感兴趣的😅,,2.0,
223324,物华弥新,39657249,2024-02-28 04:27:21,2,5764328,瑟兰,HONOR Magic6,,['visual_music'],"['gameplay', 'operation']",我就看看你什么时候给补偿，我再改评,,,
223324,物华弥新,39657236,2024-02-28 04:26:13,3,31025779,大白,一加 Ace 2 pro,,[],[],我请问充值充不了是什么情况,,,
223324,物华弥新,39657232,2024-02-28 04:25:41,1,23065188,纳喜,华为 Mate 30,,[],"['gameplay', 'operation', 'visual_music']",骗下载,,,
223324,物华弥新,39657230,2024-02-28 04:25:32,1,66618095,一梦,Vivo IQOO Neo8,,[],"['gameplay', 'operation', 'visual_music']",有资格，无名额，你们是会玩,,,
223324,物华弥新,39657224,2024-02-28 04:25:00,1,108284500,焱垚鑫森淼,小米Xiaomi 12S Pro,1260.0,[],"['operation', 'visual_music', 'gameplay']",抽中了资格但却发现需要抢先注册。十分钟。资格就已经没了。,,,
223324,物华弥新,39657216,2024-02-28 04:24:45,1,605384215,嘟嘟,OnePlus Ace 2,,[],"['gameplay', 'operation', 'visual_music']","不是发消息跟我说有测试资格吗？
怎么还需要抢注？
骗下载很好玩是吗？😅",,,
223324,物华弥新,39657215,2024-02-28 04:24:43,1,121913547,shmily,Vivo V2061A,660.0,[],[],给了资格有不让玩？骗下载量的么！,,,
223324,物华弥新,39657213,2024-02-28 04:24:36,1,554260678,雾,小米Xiaomi 14 Pro,,[],[],骗下载量，测试资格被你游吃了？,,,
223324,物华弥新,39657209,2024-02-28 04:24:29,1,346416400,周瑜少智,OnePlus Ace 2,,[],"['gameplay', 'operation', 'visual_music']",测试服说发了资格，下载后无法注册，下载数的骗局,,,
223324,物华弥新,39657205,2024-02-28 04:24:13,1,59046637,有鹤衔花,Android 设备,,[],[],我下了四个g就为了看你们这句话的？没那么大的能力发那么多测试资格给人预下载干嘛？纯有病,,9.0,
223324,物华弥新,39657203,2024-02-28 04:23:37,1,17723998,无奈,Realme GT5,,[],"['visual_music', 'gameplay', 'operation']",好久没打差评了，昨晚逛论坛发现给了自己一个资格，心中一喜，倒头就睡，起床告诉我游戏资格不是注册资格？谁都闲的必须蹲在这里守着玩你家高贵的游戏是吧。😅,,,
223324,物华弥新,39656229,2024-02-28 03:25:54,1,7278764,帕秋莉go,联想Legion Tab,,[],[],请问为什么我获取了资格然后还是告诉我上限了。还有官方请水军挺快的,,1.0,
223324,物华弥新,39657199,2024-02-28 04:23:28,1,16132974,如沐辰风,红魔9S Pro+,120.0,[],[],骗你有资格下载好游戏告诉你要抢注册，你怎么不明码标价多少钱一个注册好角色的三无号呢？,,,
223324,物华弥新,39657198,2024-02-28 04:23:19,1,26287030,淵魚丶,Android 设备,,[],"['gameplay', 'operation', 'visual_music']",不懂这个资格,,,
223324,物华弥新,39657197,2024-02-28 04:23:12,1,5025666,余温浅浅,小米Xiaomi 14 Pro,600.0,[],"['gameplay', 'operation', 'visual_music']",都2024年还不知道宣发的钱要用在运营上,,,
223324,物华弥新,39657194,2024-02-28 04:22:40,1,15473811,优雅の妹kong,红米 K40S,,[],"['operation', 'visual_music', 'gameplay']",我28号11点准时进游戏提示我网络不稳定，过了2分钟还是不行，半小时后还是不行，结果12点再试提示注册达到上限，那我下载过来为了什么？为了浪费3g流量？至于公告说的补偿，我都没进去肯定是没有了，游戏还没开始体验就贼差。,,,
223324,物华弥新,39657187,2024-02-28 04:22:09,2,23149065,该用户已注销,小米13,,[],"['gameplay', 'operation', 'visual_music']","你们服务器不行就不要发这么多测试资格行不行，更新几个G消遣大爷呢？？？进去告诉我资格已满进不去了？？？
你这样运营我反正不敢玩，再见。",,1.0,
223324,物华弥新,39656666,2024-02-28 03:47:17,3,565059741,想吃瑞士卷,Vivo S16,3000.0,[],[],"21发补偿咯，熟悉的配方，暴款是不可能了，玩法画风内核及格线以上吧，古早的引导以及必出sr，想起了一款叫""武娘""的游戏😂😂😂，唐完了，哥",,,
223324,物华弥新,39657183,2024-02-28 04:21:42,2,19467943,黑外套,Redmi K50,3420.0,[],[],"好好好好好好好，我还以为我有测试资格呢！白了这么多g，也没人告诉我还要开服抢一道啊，那你告诉我获得测试资格干嘛？不仅浪费时间还被戏弄了，真服了😑😑
下了一个小时，好好好。",,8.0,
223324,物华弥新,39657180,2024-02-28 04:21:36,1,370784186,猫南北,Vivo IQOO Z8,,[],"['gameplay', 'operation', 'visual_music']",抢资格，预下载，等开服，先炸服，网错误，没抢到，是小丑🤡,,,
223324,物华弥新,39657175,2024-02-28 04:21:12,1,437487878,源哥,Nubia NX709J,,[],"['gameplay', 'operation', 'visual_music']","呵呵，测试资格！！！呸！！
",,,
223324,物华弥新,39657173,2024-02-28 04:21:05,2,524954671,风,Redmi K50 Ultra,1080.0,[],"['gameplay', 'operation', 'visual_music']",这边显示有资格，结果下载完进不去，这可真有你们的😅😅,,,
223324,物华弥新,39657160,2024-02-28 04:19:59,1,18422887,无法察觉的感情,一加手机11 5G中国版,2940.0,[],[],没抢到资格的人，你们应该感到幸运，因为你们可以不用看又臭又无聊的主线和唐氏2d小人对对碰，相信我，不如去玩来自星尘,2.0,3.0,
223324,物华弥新,39657154,2024-02-28 04:19:50,1,327942864,徐徐涂之,华为 荣耀X10,,[],[],乐乐乐乐乐，搁这骗下载量呢😂,,,
223324,物华弥新,39655825,2024-02-28 03:11:02,3,333774964,害,小米13,,[],[],"11：10 怎么还在测试服务器就绷不住了
11：18 搞不懂你们这抢注测试是什么操作，闻所未闻。脚本一开你测试了个寂寞，一会问卷都没人填。
12：17 退出重登又进不去了，进度条卡在100%。刚看评分还是7.1这会儿又变成8.多了，有这闲钱能不能换个好点的服务器。",,2.0,
223324,物华弥新,39657152,2024-02-28 04:19:36,1,8051598,是阿淞惹,Vivo V2046A,,[],[],你有病吧让下载了给我资格了进去下了半天然后告诉不让玩说没资格？,,,
223324,物华弥新,39657148,2024-02-28 04:19:23,1,46061052,东南西北的北,Android 设备,,[],"['gameplay', 'operation', 'visual_music']","可以下载≠可以玩
不等式秒了是吧😅",,3.0,
223324,物华弥新,39657140,2024-02-28 04:18:53,1,565229842,？,华为Mate 20 Pro,,[],"['visual_music', 'gameplay', 'operation']",我服了，之前新手教学卡住了没有出现，就先把奖励领了抽卡，现在那个流程抽卡的我没票子，就一直卡在那，显示150兑换,,2.0,
223324,物华弥新,39657133,2024-02-28 04:18:28,1,3453232,星叁夕,Android 设备,,[],[],薛定谔的资格,,1.0,
223324,物华弥新,39657132,2024-02-28 04:18:22,1,369454413,不可越,Oppo Find X5 Pro,1200.0,[],"['visual_music', 'gameplay', 'operation']",谢谢你告诉我有测试资格，我昨天浪费网去下载更新，今天给我个大惊喜满了😄😄😄😄😄😄😄😄😄😄😄😄😄😄😄😄😄😄😄😄😄😄😄,,2.0,
223324,物华弥新,39657124,2024-02-28 04:17:39,2,467595895,薇尔莉特·依芙加登,魅族20,,[],"['gameplay', 'operation', 'visual_music']",文字游戏，只能差评，骗下载量呢？战旗大头娃娃真觉得自己高大上了？,,,
223324,物华弥新,39657122,2024-02-28 04:17:29,2,16566532,林心动了吗,小米Xiaomi 14 Pro,,[],"['operation', 'visual_music', 'gameplay']",天才运营下载了不能玩，两星大力支持一下怕你们没有良心给个两星给你们补补就内测都这样了开服不敢想,,1.0,
223324,物华弥新,39657110,2024-02-28 04:16:38,2,27971765,第九果冻,Vivo X Fold2,2400.0,[],[],刚开始一个字卡 一步一卡 现在两个字卡死 卡进度百分百进不去还玩什么,,1.0,
223324,物华弥新,39657109,2024-02-28 04:16:31,2,7987660,刘老师说,Android 设备,,[],"['operation', 'visual_music', 'gameplay']",测试是你的谎言😅,,3.0,
223324,物华弥新,39657107,2024-02-28 04:16:17,2,122508113,夜逢君,Android 设备,,[],['gameplay'],垃圾，先是炸服，进去以后老提示网络不好，卡的要死，还黑屏了，重进之后还得重新走一遍引导剧情，玩法无聊，拜拜了您嘞,,,
223324,物华弥新,39657088,2024-02-28 04:14:31,1,14633083,艺闲,Vivo IQOO Neo8,,[],[],感谢给了我一个安装资格，我也给你一星鼓励一下,,5.0,
223324,物华弥新,39657080,2024-02-28 04:13:37,1,3079538,雪影残霜,Nubia NX721J,,"['gameplay', 'operation', 'visual_music']",[],把人当傻子玩，就给个安装资格呗！进游戏告诉你名额已满。😤垃圾玩意好不了！,,,
223324,物华弥新,39657071,2024-02-28 04:12:47,1,51234833,手机用户51234833,小米Xiaomi 14,,[],"['visual_music', 'gameplay', 'operation']",昨天显示获得测试资格今天又玩不到是最骚的,,3.0,
223324,物华弥新,39657069,2024-02-28 04:12:33,1,6979080,追忆@流年,Redmi K50,,[],"['gameplay', 'operation', 'visual_music']",下载不等于有资格，骗人的,,2.0,
223324,物华弥新,39657067,2024-02-28 04:12:22,2,420679787,"清池""""",Redmi K60,2400.0,[],[],不知道为什么现在的游戏都喜欢在测试的时候自爆,,2.0,
223324,物华弥新,39657061,2024-02-28 04:11:54,4,449129836,鸥以,OPPO Reno4中国版,,[],[],"玩上了！就是卡卡的
个人有点难受的一点是，点击对话语音就停了，想点击让字幕一次跳全就听不到语音了，导致过剧情的时候听到的语音断断续续的。
虽然可以开自动但是忍不住会先点字幕，点击字幕后自动又停下了

希望运营不要有什么问题，测试就炸服确实",,1.0,
223324,物华弥新,39657055,2024-02-28 04:11:16,1,394243228,Anonymous•@,Xiaomi Redmi K60 Ultra,,[],[],"“恭喜您获得资格”
……登录
“测试已满，有缘再见”😋😋😋😋",,8.0,
223324,物华弥新,39657051,2024-02-28 04:11:07,1,1398650,阿诗羽,Android 设备,,[],"['operation', 'visual_music', 'gameplay']",💩，限量测试开局就炸服😡白白浪费了我的流量下载，结果还没拿到测试，该死😡,,4.0,
223324,物华弥新,39657048,2024-02-28 04:10:57,3,43551652,叶亦,Android 设备,,"['gameplay', 'visual_music']",['operation'],"哥们，我卡死了，你有什么看法吗。
从一开始点进去就正在连接卡，重进抽卡后进新手教程，卡在抽卡这个页面动都动不了，你快给我解决一下啊啊啊啊",,,
223324,物华弥新,39657047,2024-02-28 04:10:50,1,120661176,河鱼,Redmi K50 电竞版,,[],[],"安装资格≠测试资格
论证完毕",,10.0,
223324,物华弥新,39657041,2024-02-28 04:10:42,1,101385051,树皮皮蛋,Android 设备,,[],"['operation', 'visual_music', 'gameplay']",下了半天不让进,,5.0,
223324,物华弥新,39657030,2024-02-28 04:10:03,1,489991945,散华礼弥,Xiaomi Redmi K60 Ultra,,[],"['gameplay', 'operation', 'visual_music']",什么玩意？下完了告诉玩不了？,,,
223324,物华弥新,39657029,2024-02-28 04:09:59,1,66801719,手机用户66801719,红米 K70,,[],"['gameplay', 'operation', 'visual_music']",纯纯骗流量的，下载了之后说人满了，太6了。,,,
223324,物华弥新,39657028,2024-02-28 04:09:53,2,58232069,木目,Android 设备,,[],[],立绘建模给个分，刚进去那个剧情不能加速，后面都没看直接跳过了，然后那卡池我从招募进去好像都没看见新人招募啊，，，只有那两个限时的，然后就是一个红都没出，就是说你这个测试福利也太少了吧，就删档测试还这么扣的吗，测试怎么不得送个五六十抽吗，扣扣搜搜二三是抽扔限时池子里什么也没有，，还有剧情对话点两下显示全部对话之后，语音就没了，然后想从对话记录里回听一下也没法听，差不多好好学习隔壁白荆吧，这些方面还是可以借鉴的是吧，就体验了这么点，卡的真是玩不下去了，就是真快成点一下卡一下了，跳过都得黑屏，还有就是放这个测试资格这个问题不想说什么。。。,,1.0,
223324,物华弥新,39657012,2024-02-28 04:08:54,2,29797626,bing,Android 设备,,[],"['visual_music', 'gameplay', 'operation']",过气内赚外。运营还不行。开服这一波有少前的趋势。2星观望。2024了老套路赚不到钱了。好自为之。,,1.0,1.0
223324,物华弥新,39657009,2024-02-28 04:08:47,1,4395225,梧桐树下,Android 设备,,[],[],浪费我时间，昨天我不是抢到测试资格了吗？如抢,,2.0,
223324,物华弥新,39656995,2024-02-28 04:08:09,5,100500068,十三,一加手机9RT 5G,1500.0,[],"['gameplay', 'operation', 'visual_music']",这游戏除了测试资格，和开始有点卡外，局内故事背景，音效，画面太好太好了,,1.0,
223324,物华弥新,39656975,2024-02-28 04:07:30,1,3366708,文说,Android 设备,,[],"['visual_music', 'gameplay', 'operation']",下载了又不给注册。,,,
223324,物华弥新,39656974,2024-02-28 04:07:30,1,2646908,这是一个昵称,Android 设备,,[],[],还我流量费行不行，3个多g的数据非要下完了才提示没资格？,,2.0,
223324,物华弥新,39656967,2024-02-28 04:06:47,1,15777027,↙,Android 设备,,[],"['visual_music', 'gameplay', 'operation']",能下不等于能玩,,,
223324,物华弥新,39656965,2024-02-28 04:06:41,1,3432149,愿望铭,Huawei Mate 50,,[],"['operation', 'visual_music', 'gameplay']",好吧 TapTap显示我有资格 进去给我卡住了 这么玩是吧,,,
223324,物华弥新,39656963,2024-02-28 04:06:20,1,419690116,对酒当歌99,OPPO Reno10 5G,,['visual_music'],"['operation', 'gameplay']",骗下载量 双重资格闹麻了 告辞,,,
223324,物华弥新,39656944,2024-02-28 04:04:49,1,124400432,心安,Vivo IQOO 10,,[],"['gameplay', 'operation', 'visual_music']",单走一个6   骗下载,,,
223324,物华弥新,39656938,2024-02-28 04:04:11,1,529871,火山煮饺子,一加手机9 Pro 5G,,"['gameplay', 'visual_music']",['operation'],第一次见到下载资格跟注册资格分开来的游戏，算我长见识了，我是🤡,,7.0,
223324,物华弥新,39656937,2024-02-28 04:04:08,1,541910731,年肆肆,一加手机PHP110,,[],['operation'],？？？我花几个G流量下载更新，结果你告诉我满了？？？那我获得的测试资格是个啥？？？,,,
223324,物华弥新,39656924,2024-02-28 04:02:47,1,614328815,哦,Android 设备,,[],"['gameplay', 'operation']",都获取到资格了还要抢内测资格，真该私啊。滚,,,
223324,物华弥新,39656923,2024-02-28 04:02:40,1,432921403,洛洛洛,OPPO Reno10 5G,1260.0,[],"['visual_music', 'gameplay', 'operation']",老哥你游这么骗下载是吧好好好，等了这么久用流量下载告诉我注册满了玩不了，祝好似🙏,,,
223324,物华弥新,39656921,2024-02-28 04:02:12,3,39176335,黑豕,OPPO PGAM10,,"['gameplay', 'visual_music']",['operation'],"这个游戏一开始吸引我是好几年前了，在站刷到视频就觉着这个画风这个立意——我去，振兴中华！实际上也确实，文物拟人在那一阵很盛行，延伸出来博物馆文创啊之类的，变相的也算是传播了一下传统文化。游戏内配音纯中文，还夹杂有方言，遇到比较本地方言感觉亲切，听到川普又很新奇，这一点真的非常加分。

以上，是优点
接下来是扣星的原因

①首先，玩法上属于比较经典的战棋，并且没有额外比较出奇的设定。建议是可以加些额外属性之类的丰富一下玩法设定
可以像p5t那样打造出来独属于自己的那种设定(p5t人格面具还有击倒一类的，在战棋基础上加些特有的风格啊战斗技巧啊这种感觉会更有研究的动力，毕竟游戏重点是玩不是看角色的脸)

②其次，是优化问题。我不确定是我的网络问题还是这游戏本身优化实在太拉跨还是二者兼有，但我以这个网络和设备畅玩其他游戏，我就认定有优化问题的一部分。需要先网络失误五次是进入游戏的前提条件，三分钟内起码有两分半在加载中是打开关卡的必要保障，“链接出错”遮挡字幕是浏览剧情的坚实基础。这个网络卡顿已经严重影响到我的游戏体验。
我知道测试不代表最终，所以希望本游戏可以加强优化，目前来讲我认为这是一款很值得关注和期待的游戏，只是他在经过几次测试后的上升空间仍有许多",2.0,25.0,
223324,物华弥新,39656918,2024-02-28 04:02:04,1,3572933,ˊ卡戎﹏丶,小米Xiaomi 14,,[],"['gameplay', 'operation', 'visual_music']",获得资格，注册满了，五分钟就没了。我怎么办。,,2.0,
223324,物华弥新,39656915,2024-02-28 04:01:46,1,438469602,小麦麦,华为 Mate 30 5G,,[],"['visual_music', 'gameplay', 'operation']",测试资格你搞毛，态度不行。垃圾游戏,,1.0,
223324,物华弥新,39656914,2024-02-28 04:01:39,2,4543285,浮舟,Vivo S18,,[],"['visual_music', 'gameplay', 'operation']","我拿到资格才下载的，今天进游戏你说测试人数注册以满，那你还给我资格干嘛，浪费我时间
",,4.0,
223324,物华弥新,39656912,2024-02-28 04:01:31,1,55882768,g.o.a.t,小米Xiaomi 14,,[],[],有了测试资格不等于你能测试，一星秒了,,8.0,
223324,物华弥新,39656910,2024-02-28 04:01:21,1,28326104,N1nA,HONOR ANB-AN00,660.0,[],[],唉，我挺无语的反正，第一次被一个游戏测试搞烦了，进么进不去，好吧，那我等一会，回来你和我说资格上限了？玩呢？怎么，我要从十一点一直看着手机，猛点是吧？,,2.0,
223324,物华弥新,39656905,2024-02-28 04:01:02,1,471274314,oi,Honor 80 Pro,,[],[],**玩意儿，我下好了之后更新完资源啥的，然后通宵一整晚没睡，就等着11点进，到点儿了，我就立马点进去了，用的流量，结果他给我说网络错误，然后去检查资源，**的又给我说有3个G的东西要下，下完了，他**的给我说注册人数满了，**的我祝他这破**游戏三天之内停服，公司三天之内倒闭😡😡😡😡😡😡,1.0,1.0,
223324,物华弥新,39656904,2024-02-28 04:00:57,5,19332513,璇子,Vivo IQOO Neo6 SE,,[],[],上课没抢到资格……什么时候公测什么时候公测什么时候公测什么时候公测什么时候公测什么时候公测什么时候公测什么时候公测😭😭😭,,1.0,1.0
223324,物华弥新,39656900,2024-02-28 04:00:41,2,12868721,Ti,Huawei Mate 60 Rs,,[],"['operation', 'visual_music', 'gameplay']",进不去测试个啥，测试下载量？,,,
223324,物华弥新,39656896,2024-02-28 04:00:35,1,16256143,寂静之声,小米Xiaomi 12X,,[],[],好活儿当赏,,1.0,
223324,物华弥新,39656742,2024-02-28 03:52:01,1,489909627,小咩,小米Redmi K40,,[],[],你骗下载呢😂无敌了 公告发了，但是知道自己抢没抢到测试名额还要下载3个g的安装包，OK现在你也还是能下载，人下载进去了在告诉抢不到，真是打的好算盘😉多想想自己的原因吧，别以为发个公告就可怜兮兮逍遥自在了,1.0,1.0,
223324,物华弥新,39656841,2024-02-28 03:57:15,2,11445903,血色涟漪,Vivo IQOO Neo9,480.0,[],['gameplay'],游戏时长八分钟，呵呵,,1.0,
223324,物华弥新,39656873,2024-02-28 03:59:30,1,117496570,沈禅于,华为P30 Pro,,[],[],失望开局，看后续有没升⭐可能,,1.0,
223324,物华弥新,39656870,2024-02-28 03:59:06,1,82501157,啼汪汪汪叫,Android 设备,,[],"['gameplay', 'operation', 'visual_music']",不推荐，换皮无聊的游戏,,1.0,
223324,物华弥新,39656860,2024-02-28 03:58:40,1,32322054,。。。,Honor Magic4 Pro,,[],[],150一抽，日常不给石头，周常给50。？？？？？？,,,
223324,物华弥新,39656853,2024-02-28 03:58:33,2,5861917,User5861917,小米Xiaomi Pad 5 Pro,,[],['operation'],小丑内测，注册抢测试资格但内测炸服，不过题材可以，观望公测吧,,1.0,
223324,物华弥新,39656848,2024-02-28 03:58:10,1,2052721,阿布,Realme GT Neo5 SE,,[],"['gameplay', 'operation', 'visual_music']",最讨厌这些测试和预约了，提前两三年就弄个预约吊人胃口，测试预下载几个g，开放了再下载几个g，下载完了说注册上限了，隔着耍猴呢,,4.0,
223324,物华弥新,39656831,2024-02-28 03:56:23,1,16017942,风橡,小米13,,[],"['gameplay', 'operation', 'visual_music']",这测试名额一个小时就没了,,,
223324,物华弥新,39656828,2024-02-28 03:56:16,2,46025575,瓶子蜂蜜,Huawei Mate 60 Pro,,[],"['gameplay', 'operation', 'visual_music']",下了不能注册，真有你的，有本事就不让我下，耍人玩？,,,
223324,物华弥新,39656825,2024-02-28 03:56:13,1,34568247,天使的心跳,华为 荣耀30 Pro 5G,,[],[],双重测试资格的你是头一个,,1.0,
223324,物华弥新,39656821,2024-02-28 03:55:55,1,127049495,汪大人喜欢猫,Android 设备,,[],"['gameplay', 'operation', 'visual_music']",有测试资格不等于可以测试是叭,,5.0,
223324,物华弥新,39656811,2024-02-28 03:55:21,1,83651938,影的月猫,Android 设备,,[],"['visual_music', 'gameplay', 'operation']",我只能说，开局就开始骗下载量，抢到测试资格≠能注册玩游戏，进去还贼卡，已经不需要你的质量有多好了，好感败光了，真亏你还能在b站宣传😅😅😅,,,
223324,物华弥新,39656806,2024-02-28 03:55:08,1,194018,T丶R,OnePlus Ace 2,,[],"['gameplay', 'operation', 'visual_music']",搞笑。网络一直卡？然后突然搞一句注册上限了。你逗我吗？玩测试也不把网络搞好。也11点开始我11点04进就开始卡了？,,3.0,
223324,物华弥新,39656803,2024-02-28 03:55:00,1,71240565,夏天,Vivo V1938CT,,[],"['gameplay', 'operation', 'visual_music']",浪费时间，不会整就别整，下载的时候资格已获取，进去了告诉我没资格，真是蝎子粑粑独一份,,3.0,
223324,物华弥新,39656801,2024-02-28 03:54:55,1,431018842,CSTG,Redmi K50 Ultra,,['visual_music'],"['gameplay', 'operation']",好玩的一批，好玩到不让玩,,4.0,
223324,物华弥新,39656800,2024-02-28 03:54:54,3,405307768,土豆🐾,小米Redmi K40,,[],[],名额太少了，抢到机会不到半小时就没有名额进去了,,,
223324,物华弥新,39656789,2024-02-28 03:54:29,2,323595774,玹清,小米Xiaomi 12 Pro,,"['visual_music', 'gameplay']",['operation'],"立绘比较杂乱，没有突出点
画面一般，美术风格不突出，根本看不出来是ssr的风格，很一般",,,
223324,物华弥新,39656785,2024-02-28 03:54:25,1,369228367,伏黑惠我老婆,小米13,,[],[],蛮好的，嘻嘻，进不去,,1.0,
223324,物华弥新,39655730,2024-02-28 03:06:02,1,31434143,绅士狼,iQOO Neo 5,1500.0,[],"['gameplay', 'operation', 'visual_music']","6，测试都进不去吗
——————
算了，不纠结了，卸载了，叔叔又一游戏爆死预定哈哈哈哈",,5.0,
223324,物华弥新,39656782,2024-02-28 03:54:16,1,11891545,Professor,Android 设备,,[],[],省流：骗下载,,8.0,
223324,物华弥新,39656775,2024-02-28 03:53:39,3,16004654,桀越,OnePlus Ace 2,,[],[],"TAP资格这个事就不说了，没抢到
看论坛，你限制人数了，服务器还是什么不行
亏我昨天想着，游戏要出了，金瓯永固杯的手办可能要涨，买了一个，看来想多了",,,
223324,物华弥新,39656773,2024-02-28 03:53:34,1,74594484,Use企鹅厄齐尔,Android 设备,,[],"['gameplay', 'operation', 'visual_music']",有资格只代表你可以下载，不代表你能玩？现在不等式都这样玩了？很有意思是吧？早点关服吧,,5.0,
223324,物华弥新,39656772,2024-02-28 03:53:32,4,41752769,错过便是遗憾,Vivo IQOO Neo6 SE,120.0,['visual_music'],[],我是想玩的，美术没的说，题材野对我胃口，但是，新手池吃了哇十抽直接没了让我怎么玩呀？,,,
223324,物华弥新,39656770,2024-02-28 03:53:29,1,33749926,寰海清,iQOO Neo 5,,[],[],神经，下载完还要抢资格是吧?,,2.0,
223324,物华弥新,39656767,2024-02-28 03:53:24,1,19936333,白夜,Honor 90 Pro,420.0,[],[],有资格不让进，10.50我就一直在抢了点了一直网络错误，好不容易没有了告诉我注册人满了，请问那些人怎么注册的，你游真好,,,
223324,物华弥新,39656755,2024-02-28 03:52:53,2,44351684,Teddy,华为 Mate 30 5G,120.0,[],[],怎么我拿到资格还进不去😅,,,
223324,物华弥新,39656612,2024-02-28 03:45:02,2,546744025,星空物语,HONOR LGE-AN20,660.0,[],[],"玩都玩不了，你测试什么呢？
本来人还挺期待的结果你搞个这，不是网络错误就是注册已满。
玩什么玩",,1.0,
223324,物华弥新,39656325,2024-02-28 03:29:56,3,111648433,无月逍夜,Redmi K60,,[],[],"全杀完了给我个失败是吧😅
还有，新手池写四十连就只能抽一发十连是吧😅",2.0,,
223324,物华弥新,39656746,2024-02-28 03:52:15,1,1429015,听风挽旧人,一加手机12,,[],"['visual_music', 'gameplay', 'operation']",哈哈哈哈哈哈哈哈，笑死，你赔我流量,,,
223324,物华弥新,39656743,2024-02-28 03:52:09,1,353954,我不缺丐,Android 设备,,[],[],"典，纯纯骗下载量，谁会闲着没事干盯你那公告啊。难评
这把是玩不上了，如果公测好玩再来改评价（）",,1.0,
223324,物华弥新,39656739,2024-02-28 03:51:49,2,4132920,边城,小米 12,,['visual_music'],['operation'],被骗了，浪费流量下了，进不去，还要注册资格,,,
223324,物华弥新,39655678,2024-02-28 03:04:47,3,447392747,轻逸,一加 Ace 2 pro,,[],"['gameplay', 'operation']",音乐美术还好其余石,,1.0,
223324,物华弥新,39656732,2024-02-28 03:51:21,1,126307570,应珸,华为 荣耀X10,,[],"['visual_music', 'gameplay', 'operation']","11点准时进去你告诉我网络不好，行，想着有资格我就等会再来，结果你告诉我没了，需要抢注才行？需要抢注你就不要发消息说已获得资格行吗？
还有，没人天天盯着你那破论坛，taptap操作不好你就不要上taptap，还“昨天发给公告了，已经获得测试资格的消息是bug。”😅
浪费我的时间，浪费我的流量，浪费我的感情：负分，给我滚。",1.0,31.0,
223324,物华弥新,39656731,2024-02-28 03:51:17,1,70723444,旧言虐心ღ Person,小米Mi 11 Pro,,[],"['operation', 'visual_music', 'gameplay']",真的幽默，说给了测试资格，隔天又要自己去抢，合着这资格就看看呗,,1.0,
223324,物华弥新,39656717,2024-02-28 03:50:17,1,105585059,江南时雨,Vivo IQOO Neo8 Pro,,[],"['gameplay', 'operation', 'visual_music']","生怕自己评分太高，想低调一点是吧
“已获得测试资格的玩家可以联系客服下载”
下载完放内存里空占着也要给你喂下载量是吧",,1.0,
223324,物华弥新,39656712,2024-02-28 03:50:03,2,124907695,觊觎,Android 设备,,[],[],一点一卡资源都可以卡没啊,,1.0,
223324,物华弥新,39656704,2024-02-28 03:49:36,1,21524091,无双辰,OPPO Reno 5,,[],"['gameplay', 'operation', 'visual_music']","你已获得测试资格
流量下载
网络波动
注册名额已满
神经",,10.0,
223324,物华弥新,39656702,2024-02-28 03:49:22,2,6358365,无眠的夜,iQOO Neo 5,,[],[],你把你那服务器整整吧，一直网络不好玩着玩着就黑屏,,4.0,
223324,物华弥新,39656701,2024-02-28 03:49:19,2,3885157,XD,华为 Mate40 Pro,,[],[],服务器好烂。。,,3.0,
223324,物华弥新,39656693,2024-02-28 03:48:53,1,20846146,15abcd,华为 nova 6 5G,,[],[],测试网好好的，显示网不行过了一会然后直接说注册人数超了，垃圾东西,,,
223324,物华弥新,39656694,2024-02-28 03:48:53,2,3926964,锦华,Android 设备,120.0,[],[],很好，下了还要抢码,,3.0,
223324,物华弥新,39656692,2024-02-28 03:48:48,1,20915381,芜湖,Vivo iQOO,,[],"['gameplay', 'operation', 'visual_music']",6，获得测试资格可以下载游戏，注册已满下次再见😁，骗下载量这个样子骗啊，好好好，上了个大臂当,1.0,4.0,
223324,物华弥新,39656682,2024-02-28 03:48:15,1,68026730,朝暮,Honor 90,,[],[],呃……十点五十多就开始蹲点等了，十一点根本进去不，一直点也进不去，昨天进去后下了3G多好像，然后进不去我就重启，然后又下了2G多，结果还是进不去，后面直接没了……你要是不想搞就别这样，我为了下快点用的全是流量……你这样很难评……既然如此，你开心就好……反正这个游戏不可能再下了白瞎了我的流量……,1.0,8.0,
223324,物华弥新,39656679,2024-02-28 03:48:10,1,4353192,余愿未晓✘,Vivo V2072A,,[],['operation'],真是酣畅淋漓的崩服啊，11点进的现在五十分钟还没到注册名字...,,1.0,
223324,物华弥新,39656676,2024-02-28 03:47:56,1,549138289,尘歌-,Realme GT5 Pro,,[],[],发资格骗下载量，下了没资格不能玩。等真玩上了再改星。,,,
223324,物华弥新,39656670,2024-02-28 03:47:28,3,407856557,小羊不想睡,红米 Note 10 5G,420.0,[],[],老登，你居心何在,,,
223324,物华弥新,39656669,2024-02-28 03:47:26,1,4154837,K,Android 设备,,[],[],啊？昨天抢到了资格以为就搞定了，今天忙完了回家下了游戏准备进，说名额满了哈哈哈哈，本来很期待的游戏，可真有你的。,,1.0,
223324,物华弥新,39656667,2024-02-28 03:47:22,1,6592788,杀戮,小米Mi 10S,,[],"['operation', 'visual_music', 'gameplay']",11点准时炸服，11：02注册人数已满,,2.0,
223324,物华弥新,39656653,2024-02-28 03:46:38,1,112555104,狸狸原上草,Vivo IQOO 11,,[],"['gameplay', 'operation', 'visual_music']",贵游是会玩的，说实话玩了那么久第一次见这么操作的游戏，需要玩家下载三个g的数据包后，才有资格抢那点测试资格，官方说是弄错了，但是我一翻别人评价，好家伙，上一次测试也是这么搞😓😅,3.0,8.0,
223324,物华弥新,39656650,2024-02-28 03:46:29,1,68646670,手机用户68646670,Vivo X90 Pro+,,[],"['gameplay', 'operation', 'visual_music']",搁着刷流量？,,,
223324,物华弥新,39656643,2024-02-28 03:46:07,1,2557236,流白,小米Xiaomi 12S Pro,,[],[],炸完服就注册不了了,,,
223324,物华弥新,39656640,2024-02-28 03:46:01,1,343342744,思念,一加 Ace 2 pro,,[],"['gameplay', 'operation', 'visual_music']",我不相信刚测试就直接注册满了，外面还在宣传测试，点进去就说注册满了，我不相信没有什么暗箱操作,,2.0,
223324,物华弥新,39655584,2024-02-28 03:01:50,1,446177738,弦得凰,iQOO 9,1980.0,[],[],有实力好吧，我这个场景重开了差不多三次了，还能卡角色连动都动不了强的一批，你游无敌了,2.0,16.0,1.0
223324,物华弥新,39656630,2024-02-28 03:45:44,1,447721397,小荀,Redmi K50,,[],"['gameplay', 'operation', 'visual_music']",骗我流量是吗？不能玩你让下载个毛线,,,
223324,物华弥新,39656629,2024-02-28 03:45:42,2,17754881,海问香667,Redmi K50 Ultra,,[],[],看后续补偿吧，下了两次总资源，进去就是一直卡，要不是我看见下载速度二十多mb我都怀疑我往网不好了，新手引导都能崩，抽卡都抽不了我也是无语,,,
223324,物华弥新,39656620,2024-02-28 03:45:19,2,2805478,CarpeDiem,小米13 Pro,,[],"['gameplay', 'operation', 'visual_music']","taptap参与测试获得资格下载游戏≠可以注册账号游玩
幽默的",1.0,4.0,
223324,物华弥新,39656613,2024-02-28 03:45:05,1,18589324,游戏人间君莫问,红米 K40 Pro,,[],"['gameplay', 'operation', 'visual_music']",好好好，这么玩是吧,1.0,3.0,
223324,物华弥新,39656602,2024-02-28 03:44:40,1,325021891,User325021891,Android 设备,,[],['operation'],已经获得测试资格了，但是进游戏又说没有资格。。。逗我玩呢？？想一出是一出，费这劲来让我白下一趟，你们是咋寻思的呢？,,1.0,
223324,物华弥新,39656596,2024-02-28 03:44:13,1,537168487,此念丷,Android 设备,,[],"['operation', 'visual_music', 'gameplay']",骗下载是真ex,,,
223324,物华弥新,39655726,2024-02-28 03:05:59,4,4603167,无妖不妖,Android 设备,,['visual_music'],"['gameplay', 'operation']","还以为我晚一分钟没抢上呢😅
二遍玩上了，前面剧情和美术啥的还挺不错，方言和人物都挺有个性，就是服务器还不太行，剧情过一半黑屏了，重开又要重新打，开服再这样的话估计会耍下去很多玩家，还有剧情对话，希望改进对话时一下点了一下之后没有语音这点，我点那一下是为了让文字先全出来，点完语音戛然而止，太不适应了。",2.0,1.0,
223324,物华弥新,39656589,2024-02-28 03:43:47,1,50441379,阿尔德文丶,Blackshark SHARK PRS-A0,,[],['operation'],开服网络不稳定，再过一阵上线就无资格了，纯纯骗流量是吧，与其让没有资格的人都下载，上线抢注，不如直接确定好谁有资格再开放下载,1.0,1.0,
223324,物华弥新,39656586,2024-02-28 03:43:32,1,25337547,Assassin,小米Mi 11 Ultra,360.0,[],[],"有测试资格≠能玩游戏
不等式真好用",,2.0,
223324,物华弥新,39656585,2024-02-28 03:43:27,2,4883207,维他柠檬茶,Redmi K50 Ultra,,[],"['gameplay', 'operation', 'visual_music']",新一代的诈骗游戏，润了,,1.0,
223324,物华弥新,39656519,2024-02-28 03:39:22,2,360130191,古心[(･∀･)],Vivo IQOO 11S,,[],"['gameplay', 'operation', 'visual_music']",记得之前有次测试也是这样，限量测试，没资格也能下载，这是发生的第二次，还有脸说taptap的问题,,1.0,
223324,物华弥新,39656568,2024-02-28 03:42:21,2,71976761,BLACKRHYC,华为Mate40 RS保时捷版,300.0,[],"['gameplay', 'operation', 'visual_music']",乐，测试服预下载，还炸服，卡一会没了6w名额能有几个人抢注呢？懂得都懂,,,
223324,物华弥新,39656563,2024-02-28 03:41:43,1,5216973,ことり大好き❤,Android 设备,,[],"['gameplay', 'operation', 'visual_music']",11点炸服，修好了显示人满了，祝你好似,,4.0,
223324,物华弥新,39656124,2024-02-28 03:22:22,4,18419962,海泽王,小米Xiaomi 12X,,[],[],"玩着还行，但够卡的，一转一转的
改。。
25抽出了一个红，是这么说是吧？虽然歪了。
但是游戏还是卡",,2.0,1.0
223324,物华弥新,39656556,2024-02-28 03:41:29,2,503039385,出门左转不送谢谢,华为 Mate40,,[],[],说获得测试资格，早早更新完等开服，结果炸服，后面进去说注册满了，搞笑，把玩家当猴呢🙉🙉🙉,,2.0,
223324,物华弥新,39656550,2024-02-28 03:41:12,1,5951602,时崎灬狂三丶,Redmi K60,,[],"['visual_music', 'gameplay', 'operation']",满了你还测个毛线,,,
223324,物华弥新,39656551,2024-02-28 03:41:12,1,48695367,昭昭,小米Xiaomi 14 Pro,,[],[],"下载好之后11点不让我登陆说网络错误，我重启好几遍，重试好几遍，过了半小时我再来就说注册名额满了😂😅还没上线就让人体验感这么差😅😅
",,2.0,
223324,物华弥新,39656549,2024-02-28 03:41:02,2,54866203,喵喵喵,Android 设备,,['visual_music'],"['gameplay', 'operation']",玩了一会，简单说一下感受吧，你既然选择了古物这个题材，那么多多少少都是买一些情怀，我也是奔着这个玩的，但是进去后很失望，浪费了这个题材，首先是玩法，很普通，虽然一开始对玩法也没有期待，重要的是剧情，就从我玩的这一会来看，剧情拖沓，没有新意，作为二游，你的建模没有很精致，剧情又很普通，又不打算做一个新玩法，那么注定长久不了，真的是浪费了一个很好的题材,,2.0,
223324,物华弥新,39656547,2024-02-28 03:40:50,4,49836739,南腔北调🌸,小米Xiaomi 14,,[],[],角色立绘很美，UI很好看，音乐很好听，但是你真的卡啊😂点两下一个重连谁受得了😂,,2.0,
223324,物华弥新,39656539,2024-02-28 03:40:21,1,319615406,User319615406,Vivo X90 Pro+,,[],[],下载完，注册满了，乐死我了,,,
223324,物华弥新,39656081,2024-02-28 03:20:38,2,63617052,川原澄映,Honor 80 Pro,,[],[],"战斗胜利之后出现战斗失败界面？而且基本上操作一步就加载一次，服务器和bug没修好就别开测试
不是，哥们，我十连双红蛋你给我吞了一个？？？抽出来两个红你给我少了一个？？？",1.0,3.0,
223324,物华弥新,39656535,2024-02-28 03:40:13,2,2979781,Nakano_,小米Xiaomi 14,,[],"['operation', 'visual_music', 'gameplay']",不知道，因为卡点也进不去😆第一次玩到有资格但是玩不了的游戏，乐坏了,,3.0,
223324,物华弥新,39656525,2024-02-28 03:39:32,1,356064469,茶梓,Huawei Mate 40E,,[],['operation'],遛玩家很好玩是吧😅,,,
223324,物华弥新,39656524,2024-02-28 03:39:32,2,31083148,深秋弦外听雨眠,Android 设备,180.0,[],[],进去就是网络不稳定，点个修复3个G，再回头一看上限了,,3.0,
223324,物华弥新,39656523,2024-02-28 03:39:31,1,367020852,User367020852,Android 设备,,[],"['gameplay', 'operation', 'visual_music']",没什么好说的这是我第一次给差评，有资格了都不让玩，那就不玩了,,3.0,
223324,物华弥新,39656518,2024-02-28 03:39:16,1,26317422,陈铂澄,魅族20,540.0,[],"['visual_music', 'gameplay', 'operation']","一个测试资格你不能明明白白的说说明白吗？
竟玩套路！
🙅🙅",,4.0,
223324,物华弥新,39656515,2024-02-28 03:39:05,2,51234038,你少看点二次元,Android 设备,,[],"['gameplay', 'operation', 'visual_music']",🤢真恶心，服务器不行就别搞游戏内抢注册，tap是没这个功能吗？？？？,,2.0,
223324,物华弥新,39656514,2024-02-28 03:39:03,2,40880438,随性之,Android 设备,,[],"['gameplay', 'operation', 'visual_music']",测不起别测,,1.0,
223324,物华弥新,39656511,2024-02-28 03:38:58,2,5212083,朕千秋万代,HONOR 100 Pro,,[],['operation'],获取资格但是达到注册上限😅,,,
223324,物华弥新,39656481,2024-02-28 03:37:40,1,2617423,批小将，守护最好的批哩批哩,Redmi K50 Ultra,,[],"['gameplay', 'operation', 'visual_music']","我不多说
炸了就炸了，来句这话，不好意思不玩了",,3.0,
223324,物华弥新,39656508,2024-02-28 03:38:45,1,1773321,超能NONO,Android 设备,,[],[],有资格人满了😂,,1.0,
223324,物华弥新,39656507,2024-02-28 03:38:42,1,58763102,秋秋,小米13,,[],"['gameplay', 'operation', 'visual_music']",挺牛的，在这里抢了测试资格（如果我没有记错的话，昨天下载前点了一下然后显示测试资格什么的），结果一点进去还要抢注？大哥你在搞什么飞机？😅,,3.0,
223324,物华弥新,39656198,2024-02-28 03:24:46,1,426574040,王谪,OPPO PCRT01,,[],[],测试就炸服，超不容易，等到时间了，抢个资格都抢不到，结果又说什么测试资格达上限了，玩人呢这是，本来还挺期待这个游戏的，现在如果官方不进行一个满意的答复的话，这游戏肯定走不长远,,8.0,
223324,物华弥新,39656505,2024-02-28 03:38:36,1,365227024,言訸柒,vivo X60 Pro＋,1620.0,[],[],拥有测试资格，但注册已满（这可太好玩了）,,4.0,
223324,物华弥新,39656500,2024-02-28 03:38:20,1,28493521,拾荒人09,Vivo X100,,[],['operation'],整不好就别整,,1.0,
223324,物华弥新,39656498,2024-02-28 03:38:18,1,5827271,凡,Android 设备,,[],[],这么喜欢耍人玩？再也不见，浪费时间。,,4.0,
223324,物华弥新,39656493,2024-02-28 03:38:05,2,4528947,Rain,OPPO PEYM00,,[],[],不是，给我发了测试资格，这才开服22分钟，进去就说注册满了不让玩了？什么意思啊你这，你要是这样搞当初还发啥测试资格啊？给这整饱和式注册呢是？不想让玩就直说，下了半天进去卡的不行然后还玩不了不是纯纯恶心人吗，整限号也不早说，就等着所有玩家去下载给你涨热度呢是吧？恶心人真是,3.0,7.0,
223324,物华弥新,39656490,2024-02-28 03:38:03,1,43337194,杰罗姆用力点😋,Android 设备,,[],[],😅下了说限额，测试浪费时间下载玩不了，开服不会玩了,,2.0,
223324,物华弥新,39656482,2024-02-28 03:37:40,1,52550246,乔乔,红米 K70,,[],"['gameplay', 'operation', 'visual_music']",玩我呢,,1.0,
223324,物华弥新,39656478,2024-02-28 03:37:35,2,326454429,爻,OnePlus Ace 2,,[],[],昨天显示抢到测试资格，下好游戏后告诉我注册资格已满😅玩儿呢,,,
223324,物华弥新,39656472,2024-02-28 03:37:07,4,427590512,冷雨千寻,Honor 60 SE,,[],[],刚进去，卡在第二关黑屏了😂😂😂,,,
223324,物华弥新,39656470,2024-02-28 03:37:04,4,18580270,Nyarlathotep,小米Xiaomi 14 Pro,,[],[],刚玩，先少一颗星，这服务器和EA有的一拼,,,1.0
223324,物华弥新,39656467,2024-02-28 03:36:33,3,25820423,shuo444,Blackshark SHARK KSR-A0,,[],[],正在重新链接通讯……,,,
223324,物华弥新,39656463,2024-02-28 03:36:20,1,486314586,U Turn,LG G7 ThinQ,,[],[],"笑死玩我是吧
",,3.0,
223324,物华弥新,39656455,2024-02-28 03:36:11,1,432496373,随后小心翼翼,HONOR VER-AN10,900.0,[],"['gameplay', 'operation', 'visual_music']","游戏画面不行 混子体验差
不氪金根本玩不了 就是冲着你的钱来的",,3.0,
223324,物华弥新,39656448,2024-02-28 03:35:56,1,59598017,邪气懊闷痛,Huawei Mate 60 Pro,600.0,[],"['gameplay', 'operation', 'visual_music']","TAP通知我拿到测试资格可以下载。
进去之后B站告诉我，抱歉，您还没有参与游戏测试的资格。
合着TAP给我的是一个下载资格？优秀！会玩",,8.0,
223324,物华弥新,39656414,2024-02-28 03:34:13,2,4281783,oopusi,Android 设备,,"['gameplay', 'visual_music']",['operation'],哇咔咔我们来古真的太红啦！！在参与过前两测直接获得资格，每日答题抽奖除我外全世界都抽到资格的情况下，我们来古六万抢注资格只是稍微小卡了一下就瞬间没啦！感觉公测流水肯定能爆杀鸣潮啦！期待捏😍,,19.0,1.0
223324,物华弥新,39656444,2024-02-28 03:35:46,3,51449438,维斯卡,Android 设备,,[],[],为什么战旗游戏角色行动要按顺序来😥😥😥,,,
223324,物华弥新,39656429,2024-02-28 03:34:36,1,4482388,不能说的秘密。,Moto Edge X30,,[],['operation'],卖假票？下载要资格，进游戏还要再抢资格？别想黑红了，直接黑死得了。[表情_开心],,11.0,
223324,物华弥新,39656422,2024-02-28 03:34:22,1,126075932,？？,iQOO Neo 5,,[],[],你获得了资格，注册名额满了，你游是会做游戏的,1.0,13.0,
223324,物华弥新,39656421,2024-02-28 03:34:21,1,33398638,邪冥,Android 设备,,[],['operation'],伤心，期待这么久，你跟我玩这一出,,4.0,
223324,物华弥新,39656420,2024-02-28 03:34:20,3,39110798,蜀中靓仔❀,华为HONOR 20,,[],['operation'],给测试资格=给下载资格？？？,,,
223324,物华弥新,39656419,2024-02-28 03:34:19,1,408085329,夕楠沫玖,Vivo V2172A,420.0,[],[],这就没资格了？,,3.0,
223324,物华弥新,39656412,2024-02-28 03:34:10,1,580972598,꧁旧日时光꧂,华为 Nova 8,,[],"['gameplay', 'operation', 'visual_music']",抢注给什么资格？这不是浪费时间恶心人吗,,,
223324,物华弥新,39656407,2024-02-28 03:33:57,1,67432827,丶墨痕未染,华为 Mate40,,[],"['gameplay', 'operation', 'visual_music']",浪费我时间，浪费我流量,,4.0,
223324,物华弥新,39656408,2024-02-28 03:34:02,1,60932636,位卑未敢忘忧国,Redmi Note 12 Turbo,,[],[],浪费时间，不让测试，下载个毛线,,,
223324,物华弥新,39656406,2024-02-28 03:33:52,1,465255348,梦醒,Redmi Note 11T Pro,,[],"['gameplay', 'operation', 'visual_music']","网卡了一下，你就告诉我人数到上限了，给了测试资格原来是下载的资格啊，白下了，浪费我流量。
",,5.0,
223324,物华弥新,39656231,2024-02-28 03:25:56,1,20533083,笙歌散尽人未还,Redmi K60 Pro,,[],[],"“网络不稳定”
“网络不稳定”
“网络不稳定”
“网络不稳定”
……
“基金会提醒：注册名额已达上限”
好好好，这么晚是吧",,27.0,
223324,物华弥新,39656404,2024-02-28 03:33:45,1,32784699,慚嗤,红米 K30 5G,180.0,[],['operation'],开服抢注全程网络错误然后就显示没资格了,,3.0,
223324,物华弥新,39656403,2024-02-28 03:33:37,1,4584545,popoi,Android 设备,2640.0,[],"['gameplay', 'operation', 'visual_music']",服了，哪有这样的抢注测试资格，骗人下载🙄,,4.0,
223324,物华弥新,39656401,2024-02-28 03:33:27,5,595575266,jjsn,华为 荣耀30 Pro 5G,,[],[],领了资格为什么登录不了啊,,,
223324,物华弥新,39656395,2024-02-28 03:33:15,1,584751100,大魔王,Xiaomi Redmi K60 Ultra,,[],[],有资格下载，网络波动，然后没资格注测，可以很可以,,,
223324,物华弥新,39656396,2024-02-28 03:33:15,1,558735253,传说中的包子,Vivo X Fold2,,[],"['gameplay', 'operation', 'visual_music']",昨天弄了半天准备好了，结果跟我说没名额？ 那还开放下载的？,,,
223324,物华弥新,39656385,2024-02-28 03:32:44,1,8335442,迟迟努力变强,Android 设备,,[],"['visual_music', 'gameplay', 'operation']",你这抢到的是啥资格啊，抢注的话你早说啊，昨天大家都在问你们倒是提前说啊，就知道搞这些幺蛾子,,3.0,
223324,物华弥新,39656390,2024-02-28 03:32:52,1,4126869,13,华为Honor Magic 2,,[],"['gameplay', 'operation', 'visual_music']",神金操作，你发资格这么发的？合着我在tap上获取的是下载资格呗，只让我下载不让我玩。,,9.0,
223324,物华弥新,39656388,2024-02-28 03:32:47,1,546039474,测试用例1.1,Nubia Red Magic 8 Pro,,[],['operation'],再见了您嘞，我去开火车了,,,
223324,物华弥新,39656389,2024-02-28 03:32:47,1,537014212,藕,一加手机8,,[],"['operation', 'visual_music', 'gameplay']",恶心谁呢？参与测试还要注册角色才能玩？这样割韭菜是吧，骗流量？,,,
223324,物华弥新,39656387,2024-02-28 03:32:45,1,40115211,青沫,OnePlus Ace 2,,[],[],你就不要让我下😓，浪费我时间,,,
223324,物华弥新,39656386,2024-02-28 03:32:44,1,13643727,螢塚,Nubia Red Magic 8 Pro,,[],['operation'],😅“恭喜你获得测试资格”,,2.0,
223324,物华弥新,39656384,2024-02-28 03:32:42,1,19277147,小xxxx,OnePlus 10T,,[],[],直接没资格了😅😅,,1.0,
223324,物华弥新,39656383,2024-02-28 03:32:35,1,3424166,桃花染皇姬,小米Xiaomi 14 Pro,,[],"['gameplay', 'operation', 'visual_music']",给了测试资格不让进，逆天还属你游，真的太厉害了,,1.0,
223324,物华弥新,39656381,2024-02-28 03:32:34,2,6338941,最怕空气突然安静,Android 设备,,[],[],你们外服开的二测我都玩过 这里半小时就不让进 笑嘻了,,,
223324,物华弥新,39656379,2024-02-28 03:32:32,2,439073822,奶粉,红米 K40 Pro,,[],[],太卡了！修复一下吧！,,,
223324,物华弥新,39656367,2024-02-28 03:32:02,1,423997190,樱花不及霞美,Android 设备,,[],[],b站资格进去卡出来说满了进不去了，tap资格发了跟我说不算,,,
223324,物华弥新,39656363,2024-02-28 03:31:45,2,20475487,Jorden,OPPO Find X6 Pro,,[],[],白下了，浪费感情，一直网络不稳定然后满了，没搞到返利公测也不会氪了。,,1.0,
223324,物华弥新,39656361,2024-02-28 03:31:44,1,3317425,北山百徽,Black Shark 5 Pro,,[],"['gameplay', 'operation', 'visual_music']",文字游戏，浪费时间，手游坟场，纯属一坨。,,1.0,
223324,物华弥新,39656357,2024-02-28 03:31:31,2,10302781,菲特酱,Android 设备,,[],"['gameplay', 'operation', 'visual_music']",我进不去还重新下载了一下还是进不去最后没资格了。。挺离谱的,,5.0,
223324,物华弥新,39656348,2024-02-28 03:31:00,1,454047176,一个普通的用户,Android 设备,,[],['operation'],"虽然我有资格，但是不让注册，太幽默了。
你这测试资格的意义是什么？还下次再见？再也不见！",,,
223324,物华弥新,39656346,2024-02-28 03:30:56,1,102311763,长毛沾屎，戳谁谁死,iQOO Neo5 SE,1140.0,[],[],😅他提醒我抢到资格了，结果现在我上线它显示注册已满？我请问呢？,,,
223324,物华弥新,39656345,2024-02-28 03:30:55,5,24122465,芭乐咖,Android 设备,,[],[],10点领取并下载好所有资源。登录游戏，提示11点才能测。11点半登录游戏，提示注册人数已满。我谢谢官方。,,,1.0
223324,物华弥新,39656344,2024-02-28 03:30:53,1,543339295,不眠,Android 设备,,[],"['gameplay', 'operation', 'visual_music']",祝你褒姒，耍玩家很好玩吗？😅,,,
223324,物华弥新,39656333,2024-02-28 03:30:09,1,580677197,小雨,Vivo Y53t,,[],"['gameplay', 'operation', 'visual_music']",给了测试资格不让进？这就是对待玩家的态度？😡😡😡,,,
223324,物华弥新,39655960,2024-02-28 03:16:54,1,2855449,Alorry,Oppo K9s,2640.0,[],[],"你是不是油饼？
笑死了多大体量的游戏啊怎么还有水军洗？什么叫TAP的问题怪游戏，明显是它运营自己选错了测试选项吧，倒打一把平台很有粉圈那味儿哦😉
测试方式显示错误就发个公告啊？不会直接平台群发私信吗？获得测试资格能群发公告就不能群发？合着每个人都要成天盯着你们那论坛才行是吧？",5.0,25.0,
223324,物华弥新,39656329,2024-02-28 03:29:59,2,5015080,舰灬z十六,Realme真我GT Neo,,[],"['gameplay', 'operation', 'visual_music']",显示注册成功实际没有资格注册，开服卡顿卡到满人，浪费4g左右流量，祝似,,,
223324,物华弥新,39656326,2024-02-28 03:29:57,1,72369731,白开水真美味,Vivo IQOO Neo9,,[],[],服啦，昨天下那么长时间白下了。,1.0,,
223324,物华弥新,39656324,2024-02-28 03:29:54,1,395621030,LAZINESS,Vivo V2203A,,[],['operation'],真逆天，给了资格还得再抢，抢你老穆，浪费我时间下载,,4.0,
223324,物华弥新,39656321,2024-02-28 03:29:45,1,52994159,福杨,Vivo IQOO Neo8 Pro,300.0,[],"['gameplay', 'operation', 'visual_music']",什么服务器？,1.0,1.0,
223324,物华弥新,39656320,2024-02-28 03:29:45,2,97431595,饭姓二啵,华为 Mate 30 5G,360.0,[],[],骗我说有资格，然后进去这德行，骗玩家流量和下载量是吧，昨晚下载量到tap榜前5了，仔细一看，2021的游戏，啧啧,,3.0,
223324,物华弥新,39656319,2024-02-28 03:29:44,2,8169373,咪西嘻嘻嘻,华为P40,,[],"['gameplay', 'operation', 'visual_music']",能做就做，不能做赶紧寄，你不做有的是游戏厂商做，给那么多资格下载，结果你还得抢注资格，这也就算了，蹲点说网络不稳定，能进去了说没资格了，结束了，闹着玩儿呢，进去玩的玩家也说网络卡，做的不行，这还只是测试，你还想公测嘛？趁早结束得了,,5.0,
223324,物华弥新,39656318,2024-02-28 03:29:38,1,28574480,你蹲草里干啥,华为 MatePad Pro,,[],"['visual_music', 'gameplay', 'operation']",逆天策划，骗我流量，骗下载量。,,3.0,
223324,物华弥新,39656317,2024-02-28 03:29:37,1,13611517,寂寞如烟^O^, iQOO Neo7 SE,,[],[],绝对顶级 早就下好了11点准时来显示网络不稳定 然后一会再来就满了不让玩了 你的服务器问题让我背锅？谁惯的你啊,,1.0,
223324,物华弥新,39656315,2024-02-28 03:29:35,1,409362435,咕噜咕噜,Android 设备,,[],"['gameplay', 'operation', 'visual_music']",抢到了又进不去。真的是烦死了。正抢号的时候卡，是吧？,,1.0,
223324,物华弥新,39656313,2024-02-28 03:29:29,1,8507087,早上QAQ,Android 设备,,[],"['visual_music', 'gameplay', 'operation']",神经，没资格发什么消息说有资格，都能发消息了出bug了你不会再发一条，神金,,3.0,
223324,物华弥新,39656303,2024-02-28 03:29:06,2,7718195,保持安静,Huawei Mate 60 Pro,,[],['operation'],真会来事。,,1.0,
223324,物华弥新,39656306,2024-02-28 03:29:16,2,72507389,糯米,iQOO Neo 5,,"['gameplay', 'visual_music']",['operation'],卡成狗了，一直网络波动！！！！,,1.0,
223324,物华弥新,39656225,2024-02-28 03:25:51,1,18901755,纪涟,华为Nova 4e,,[],"['gameplay', 'operation', 'visual_music']","冲着我网络不稳定+资格已满下次再见的遭遇，1星不谢，你这三测搞抢注+抽奖获得资格的操作真恶心，干脆就别开放测试，直接一二测用户特供呗😅
再骂一句你个大头小人何德何能，就凭你拿文物当噱头所以清高是吗？",,1.0,
223324,物华弥新,39656305,2024-02-28 03:29:11,1,104340477,手机用户104340477,红米 K70,,[],['operation'],"一直在跳网络不佳，流量和WiFi都不行
",,1.0,
223324,物华弥新,39656302,2024-02-28 03:29:02,2,104288320,若水,华为 MatePad 11,1200.0,[],"['gameplay', 'operation', 'visual_music']",垃圾东西，把人骗进来下载然后直接炸了，炸完之后直接名额满了，真有你的,,,
223324,物华弥新,39656297,2024-02-28 03:28:51,1,426071431,卞,红米 Note 11 Pro,,[],"['visual_music', 'gameplay', 'operation']",勾石别上线了吧，昨天显示抢到资格了，从11点开始点，一直显示网络不稳定，结果没了，你是会测试的,,2.0,
223324,物华弥新,39656294,2024-02-28 03:28:43,1,2855660,永夜,一加8T 5G,240.0,[],"['gameplay', 'operation', 'visual_music']",好一个注册名额有限，浪费流量,,,
223324,物华弥新,39656293,2024-02-28 03:28:39,1,554041660,蒙德第一深情,PTAC MIZ-BD00,,[],"['gameplay', 'operation']","建议直接别测了，网络满格的你说网络差😂
一星只给立绘
",,2.0,
223324,物华弥新,39656289,2024-02-28 03:28:30,2,24160710,不过如此,OnePlus Ace 2,360.0,[],[],测试都能炸服，我的评价是：史！,,1.0,
223324,物华弥新,39656286,2024-02-28 03:28:26,1,107077,洛漓,Huawei P60,420.0,[],['operation'],门票卖多了导致挤爆炸服的见多了，但是卖假门票的还真第一次见。,,2.0,
223324,物华弥新,39656285,2024-02-28 03:28:22,2,403203767,黎茗,华为BTK-W00,,[],[],什么鬼啊，好不容易登上了新手引导都还没过完就黑屏卡死了,,,
223324,物华弥新,39656282,2024-02-28 03:28:17,1,62223527,公主穹,Android 设备,,[],"['operation', 'visual_music', 'gameplay']","真逆天，下了2小时没资格了，辣鸡游戏
",,,
223324,物华弥新,39656281,2024-02-28 03:28:13,1,52042094,Mirai,华为 Mate 30,,[],"['gameplay', 'operation', 'visual_music']","资格呢
",,2.0,
223324,物华弥新,39656277,2024-02-28 03:27:56,1,352198779,柒,Android 设备,,[],['operation'],到底谁教你这么给资格的😅,,,
223324,物华弥新,39656274,2024-02-28 03:27:31,1,8585741,岑寂花影独阑珊丶,Android 设备,,[],"['gameplay', 'operation', 'visual_music']","taptap上写着，已获得限量测试资格，
进入游戏，下了半天资源，显示资格已满
在现实生活里，这种行为涉不涉嫌欺诈？
我只想说你必褒姒，2024年年度抽象终测非你莫属
纯纯的垃圾",,4.0,
223324,物华弥新,39656271,2024-02-28 03:27:22,2,497908013,^,Android 设备,,[],[],不知道说什么好，11点开启，我11点就已经在了，一直说我网络不行，你知道我11点半再进去，又说名额满了😅,,,
223324,物华弥新,39656269,2024-02-28 03:27:21,1,20082540,玄漓,小米MIX 4,,[],"['gameplay', 'operation', 'visual_music']","菜就多练，菜就多练，玩不起别玩！
以前是以前，现在是现在！！！！！",,3.0,
223324,物华弥新,39656091,2024-02-28 03:21:00,3,385099908,姒鸠,Vivo V2163A,,[],[],逆天网络边卡边注册抢了个名字又进不去了😓顺带一提有没有注册完再登陆卡这的,1.0,1.0,
223324,物华弥新,39656266,2024-02-28 03:27:11,1,10429489,再睡一夏,Honor 70,,[],[],tap的资格假的就算了，你好歹下载前说明下吧,,,
223324,物华弥新,39656262,2024-02-28 03:26:57,1,2244606,律,Redmi K60,,[],"['operation', 'visual_music', 'gameplay']",只能说祝你游褒姒，开抢注就开抢注，非得先给大伙来一手获得测试资格，真当大伙很闲，天天能看你公告啊？全部下完好几个g的流量，虽说月底也不是你这样折腾兄弟啊？,,7.0,
223324,物华弥新,39656261,2024-02-28 03:26:56,1,5754765,醉梦尘逸,Vivo IQOO 12,,[],"['operation', 'visual_music', 'gameplay']",获取测试资格无法进入,,1.0,1.0
223324,物华弥新,39655962,2024-02-28 03:16:56,2,49585153,空心大老爷,Vivo V2172A,660.0,[],"['gameplay', 'operation', 'visual_music']",昨天数据都下好，然后今天开局测试就网络卡，然后不卡了就说满人了，也是真牛逼，纯纯骗流量😓😓😓😓😓😓😓😓,,5.0,
223324,物华弥新,39656256,2024-02-28 03:26:47,2,360304231,天堂制造,iQOO Neo 5,1500.0,[],[],呵呵，合着昨天抢的不是资格，是安装包啊，而且炸服了哦，真棒捏😂,,2.0,
223324,物华弥新,39656255,2024-02-28 03:26:45,1,2262778,吉光.片羽,小米Mi 10 Lite Zoom,,[],[],神金，下了半天点了半天告诉我注册满了😅,,,
223324,物华弥新,39656253,2024-02-28 03:26:41,2,3194516,西罗而夹雪,红米 Note 11,,[],[],Tap上显示获得资格我还以为真的获得测试资格，准时点进去下载更新结果告诉我注册到达上限，我真的伤心了,,4.0,
223324,物华弥新,39656248,2024-02-28 03:26:25,1,44810458,菜S吹爆柒七,OPPO Reno10 5G,,[],"['gameplay', 'operation', 'visual_music']",我昨天下3个g合着是感动自己了吗？测试名额还得另外再抢？祝好似,,3.0,
223324,物华弥新,39656244,2024-02-28 03:26:20,2,1344829,？？？,HUAWEI Nova 9,,[],[],tap显示获取资格，进游戏又说没有名额😅逆天,,1.0,
223324,物华弥新,39656242,2024-02-28 03:26:18,2,588311880,Kylious,Oppo A58,360.0,[],[],我服了，先是开服炸服，现在进去了还动不动连接中，好不稳定,,,
223324,物华弥新,39656237,2024-02-28 03:26:05,1,7846144,呵呵哒,一加手机9RT 5G,780.0,[],[],开服炸服进不去，过一会再来显示名额已满，ex人真有一套，现在tap上还显示抢测试名额😁,,2.0,
223324,物华弥新,39656224,2024-02-28 03:25:49,2,9905191,Anniebelle碳,Vivo X80 Pro,780.0,[],[],我本将心向明月，奈何明月照沟渠😥,,,
223324,物华弥新,39656222,2024-02-28 03:25:43,1,59574240,狗子最可爱了,华为荣耀9X,,['visual_music'],"['gameplay', 'operation']",评价是难怪没有抢到板号，真是活该。你限号是限的只有50个人吗？（诚恳）疯狂卡，卡着卡着就没有了，我是不是还要到电信塔底下给你直接原地通电？,,,
223324,物华弥新,39656219,2024-02-28 03:25:37,1,568576576,jdh,Huawei Nova 11,,[],[],给了资格下载不给注册，纯刷下载数据的小把戏，润了,,,
223324,物华弥新,39656214,2024-02-28 03:25:24,2,491906201,桑林,荣耀畅玩 20,,[],[],卸了，我下了两个小时你给我搞注册名额满了？,,,
223324,物华弥新,39656207,2024-02-28 03:25:05,2,16660216,逸梦,OPPO Reno10 Pro+ 5G,,[],[],我的评价是，给资格了又说注册满了？史！,,2.0,
223324,物华弥新,39656206,2024-02-28 03:24:59,3,360149879,凉城,Honor 70,,[],[],"告诉我抢到资格，然后然后让我手机安装几个G的安装包最后告诉我资格已满下次相聚？？？🙄🙄🙄🙄这波操作真的没法评价
",,,
223324,物华弥新,26828413,2021-09-10 04:38:22,1,10099507,图图秃秃,小米13 Pro,,[],[],"限号测试不限下载就只配一星

乐色游戏给爷整乐了，告诉我获得测试资格提前下好了然后说名额满了？一看历史评论骚操作不是第一回，爷不玩了钱拿去氪崩铁鸣潮再见👋🏻",,5.0,1.0
223324,物华弥新,39656196,2024-02-28 03:24:41,3,47035976,不朽黑,Nubia NX702J,,[],[],没进去，不做评价，下载资源下半天了，好了就上限了，评分框框掉,,1.0,
223324,物华弥新,39656189,2024-02-28 03:24:32,2,13132681,ヾ折 喵,Xiaomi Redmi K60 Ultra,,[],"['visual_music', 'gameplay', 'operation']",分数给逆天官方,,,
223324,物华弥新,39656188,2024-02-28 03:24:26,1,31196726,欧神,Honor 80,,[],"['visual_music', 'gameplay', 'operation']",进去就没资格了。搞了个笑。下载那么老半天。浪费流量。我马上点了卸载。永远不见。,,1.0,
223324,物华弥新,39656187,2024-02-28 03:24:26,2,529401580,绿阳,联想Legion Tab,,[],[],哇哦，这游戏真是太火爆了，连个测试资格都没有,,1.0,
223324,物华弥新,39656182,2024-02-28 03:24:10,1,47402193,欢心,小米Mi 11 Pro,,[],[],有测试资格不给玩是吧  浪费你爹的时间,,,
223324,物华弥新,39656181,2024-02-28 03:24:08,1,52800683,没有,Redmi K50 Ultra,,[],[],"昨晚就下好了，今天卡着点进，结果连不上，再试试就满了？
什么鬼玩意",,,
223324,物华弥新,39656178,2024-02-28 03:24:07,1,35743487,兴趣使然的超人,小米Xiaomi 14,120.0,[],['operation'],昨天看到预下载乐呵呵下一个，6w的名额怎么样也有希望抢一个吧，你要是服务器不卡说我没抢到我还能接受，结果一直卡到名额没了，你耍猴是吧😅,,2.0,
223324,物华弥新,39656179,2024-02-28 03:24:07,1,588875944,苏七神,Honor 80 GT,,[],"['gameplay', 'operation', 'visual_music']","垃圾，3个G的更新，更新前你不说注册数量已满，更新过后你就说已满，不就是在骗下载量和骗钱么。
浪费我流量钱。",,1.0,
223324,物华弥新,39656177,2024-02-28 03:24:04,1,581871741,干饭人,Vivo Y78m,2280.0,[],[],"
进不去呀，名额都满了",,,
223324,物华弥新,39656174,2024-02-28 03:23:58,2,30242261,Abyss,小米Xiaomi 14,,['visual_music'],[],除了画风，其他屎一坨 不理解为什么用现在的技术去设计20年前的游戏？,,1.0,
223324,物华弥新,39656170,2024-02-28 03:23:55,1,125211897,暖,Redmi K60 Pro,,[],[],挺乐的tap有资格游戏里面注册金额已上限😷，官方要是真没活儿咬个打火机吧,,9.0,1.0
223324,物华弥新,39656169,2024-02-28 03:23:54,2,3128719,澐枍0,Android 设备,,[],['operation'],只想说，你有大病就直说，恶心人的运营，lj玩意😅，4.9分以上时一星不计入评分，被恶心到的麻烦打二星啊,2.0,1.0,
223324,物华弥新,39656167,2024-02-28 03:23:48,3,68301410,无名之人,小米Redmi K40,840.0,[],[],嗯？这是什么情况？,1.0,,
223324,物华弥新,39656162,2024-02-28 03:23:43,1,457880009,讴歌,Redmi K50,,[],[],抢注是吧，11点15进，网络不稳定，再进，名额已满，tap又显示已获取资格，我能说啥好呢😅,,3.0,
223324,物华弥新,39656163,2024-02-28 03:23:43,2,53068963,科比.布莱恩特,OnePlus Ace 2,,[],"['gameplay', 'operation', 'visual_music']",测试服抢号注册然后炸服，过一会再去看直接人数上限了，顺便一提这游戏是b站运营，大伙看看吧,,,
223324,物华弥新,39656155,2024-02-28 03:23:26,1,556302553,钮祜禄香蕉,小米Xiaomi 13 Ultra,840.0,[],[],诈骗游戏,,,
223324,物华弥新,39656152,2024-02-28 03:23:23,1,692282,不打猎的酋长,Redmi K50,,[],"['gameplay', 'operation', 'visual_music']","昨天预下载的，tap显示有测试资格了，但是与公告说法不一致
我寻思运营可能🧠会出问题，他就算这么显示第二天还是要抢
然而今天早上蹲点11点一直点不进去，我试了三四分钟，然后有事要忙没空一直搞这个。过了一会儿来看倒是不显示网络不稳定了，直接说测试资格已满
我是真的服气，没那能力就别开抢号测试，这种情况非常消磨热情，不愧是b站运营，真rz",,30.0,
223324,物华弥新,39656146,2024-02-28 03:23:10,5,2455757,休闲玩家,RealmeGT Neo5,,[],[],其他不说什么 ，没有日配就值得五星了,,,1.0
223324,物华弥新,39656138,2024-02-28 03:22:58,3,425198187,星瞳,Android 设备,,[],[],有资格，进不去→_→,,,
223324,物华弥新,39656139,2024-02-28 03:22:58,5,339800981,沐poor,Android 设备,,[],[],"我不好说啊因为我抢到了😉
公告写明了是抢注，tap这个单纯是没写清楚，昨天是没有抢资格的
",,,
223324,物华弥新,39656135,2024-02-28 03:22:49,1,22459801,爱吃谷的豆包,OPPO A5,,[],"['gameplay', 'operation', 'visual_music']",玩呢 测试资格是玩人呐 一直网络不好在点就没了 搞笑呢贵公司😅,,8.0,
223324,物华弥新,39649875,2024-02-27 10:46:21,1,10269248,羊,Vivo X90s,660.0,['visual_music'],"['gameplay', 'operation']",🕺💃真是屑，下了几个g东西你还告诉我资格要再抢，谢谢，第一次见测试预下载,11.0,6.0,5.0
223324,物华弥新,39656132,2024-02-28 03:22:38,2,328780858,月色慕云霏,红米 K40S,,['visual_music'],"['gameplay', 'operation']","1.开服炸服，就不能稍微用心点吗。
2.没有测试资格的为什么还会有短信提醒预下载，骗流量很好玩是吧？",,,
223324,物华弥新,39655721,2024-02-28 03:05:46,2,38035641,二十七杯酒。,OPPO Reno 4 SE,360.0,[],[],"测试炸服，资格回收，控评锁分
预约测试的玩家必然是最关注也最忠实的一线玩家
换来的就是这样的态度
这就是来古project",,29.0,
223324,物华弥新,39656122,2024-02-28 03:22:20,1,591432188,ygav0242,Honor 30 Pro+ 5G,,[],[],我下这么久，你说注册满了？？？,,1.0,
223324,物华弥新,39656121,2024-02-28 03:22:15,3,30609105,Unkrovo,IQOO Neo6,,[],[],"网络不稳定
注册已达上限
你可以下载但是你不可以玩😌
还我流量
（没玩过先3星）",,1.0,
223324,物华弥新,39656120,2024-02-28 03:22:14,1,45735897,waitetna,Honor 70,,[],['operation'],你服务器不好，一直进不去，我刷了一会告诉我抢完了？在这骗流量呢？,,2.0,
223324,物华弥新,39656075,2024-02-28 03:20:26,1,7918719,莱菲赛特,Vivo X90 Pro+,,[],[],"合着taptap获得测试资格后还得要继续抢资格是吧
什么新时代诈骗，搁这刷下载量呢",6.0,3.0,
223324,物华弥新,39656110,2024-02-28 03:21:51,3,6085531,幸运E的乐乐,Android 设备,,[],[],一到建立人物就黑屏，厂家你们有什么头绪吗,1.0,1.0,
223324,物华弥新,39656106,2024-02-28 03:21:41,2,4095740,GirandolA,Android 设备,,[],"['gameplay', 'operation', 'visual_music']",taptap的测试资格是假的，就是个下载资格，6w的压力测试都测不了的话，我建议你们还是赶快把游戏卖了比较好,,3.0,
223324,物华弥新,39656104,2024-02-28 03:21:35,3,5815135,鹿十三,Honor 90 Pro,,[],[],虽然上来了，但是一步一卡｢(ﾟﾍﾟ),,,
223324,物华弥新,39656101,2024-02-28 03:21:27,1,361306104,揪一口星星给你,Vivo IQOO 11S,,[],"['gameplay', 'operation', 'visual_music']",一星拿好，准时进崩了然后就上限了是吧，流量时间不值钱是吧，等了这么久耍猴好玩吗？,,,
223324,物华弥新,39656100,2024-02-28 03:21:26,2,375958066,泉漾湖光,Vivo IQOO Neo8,,[],"['operation', 'visual_music', 'gameplay']",垃圾游戏，准时抢进不去，拖半天说没资格了，欺骗玩家,,1.0,
223324,物华弥新,39656098,2024-02-28 03:21:16,1,18954868,莫莫,三星Galaxy S21+ 5G,,[],[],下载半个多小时，开测10分钟链接不上网络，好不容易链接上了，人也满了。6，赔我流量,,3.0,
223324,物华弥新,39656093,2024-02-28 03:21:07,1,397320509,流星追忆,Android 设备,,[],[],真是坑啊,,,
223324,物华弥新,39656089,2024-02-28 03:20:57,1,51255758,二十七,华为 Mate 30 5G,,[],"['visual_music', 'gameplay', 'operation']",滚，测试服还玩阴兵炸服😅,,1.0,
223324,物华弥新,39656087,2024-02-28 03:20:52,1,17981348,夕阳武士,Android 设备,,[],"['gameplay', 'operation', 'visual_music']",还没出的时候广告打的到处都是，提前下好安装包，到了测试的时候又进不去，花几个g流量修复完再进提示人数满了，行吧,,2.0,
223324,物华弥新,39656076,2024-02-28 03:20:27,2,45751564,予你,Vivo IQOO Neo9 Pro,180.0,[],[],经典的迷惑操作给自己找罪受，从b站发行到获取测试不等于能玩。,,5.0,
223324,物华弥新,39656077,2024-02-28 03:20:27,5,6741746,兜ミ兜转转回不到起点,Redmi Note 12 Turbo,,"['gameplay', 'operation', 'visual_music']",[],游戏是个好游戏，加油吧,,,2.0
223324,物华弥新,39656074,2024-02-28 03:20:26,1,13924185,👾,一加 Ace 2 pro,,[],[],你是不是东西，饥饿营销？论坛十个有八个没抢到，放不出游戏资格就别放开下载,,4.0,
223324,物华弥新,39656070,2024-02-28 03:20:16,1,4706479,看天，看地，看飞机,Redmi Note 12 Turbo,,[],[],其他不知道，但是测试开服这波操作给我看傻了，卡点进入显示网络不稳定，过了10分钟才好，结果又告诉我资格已满😅,,1.0,
223324,物华弥新,39656068,2024-02-28 03:20:09,2,445677314,琼脂菌茗,Vivo IQOO Neo9 Pro,,"['visual_music', 'gameplay']",['operation'],"开测网络不稳定，是网络问题吗？不是，是运营没做好。服务器都炸了。所以为什么不搞限流？那怕抽测也行啊！玩一下卡一下，很影响游玩观感和新鲜热度的😓

💃🏻立绘建模：
😄",,3.0,
223324,物华弥新,39656063,2024-02-28 03:19:56,2,576163802,哦排骨,Android 设备,660.0,[],"['visual_music', 'gameplay', 'operation']",炸服了害我抢不到😅😅😅,,,
223324,物华弥新,39656061,2024-02-28 03:19:54,1,52871032,玉笑天涯,小米13,,[],[],你要不就限量下载，下了之后抢注怪我网络不行，我的错，锅你背,,,
223324,物华弥新,39656059,2024-02-28 03:19:52,1,18729712,长留,三星Galaxy Z Flip5,,[],[],我真的服，一直网络不稳定，稳定了就通知人满，瞬间不想玩儿了。,,2.0,
223324,物华弥新,39656057,2024-02-28 03:19:51,2,84468663,扰千绪,Android 设备,,[],[],😅😅名额满了,,3.0,
223324,物华弥新,39656053,2024-02-28 03:19:46,2,9427512,陌生人A,OPPO Ace2,,[],"['gameplay', 'operation', 'visual_music']",纯恶心人，通知获得资格。然后因为官方炸服，网络不稳，一直进不去，最后显示注册资格满了，真的牛逼。,,,
223324,物华弥新,39656050,2024-02-28 03:19:37,1,29458212,哥只是个传说,Android 设备,,[],"['visual_music', 'gameplay', 'operation']","把人当🐵耍！
先是服务器炸了，再进显示名额满了。
亏我一直守着进。
",,5.0,
223324,物华弥新,39656049,2024-02-28 03:19:36,2,16133262,手机用户16133262,Android 设备,,[],"['gameplay', 'operation', 'visual_music']",拿了测试下了游戏 进不去告诉我人满了 这年头游戏这么多了 不缺这一个 走好不送,,2.0,
223324,物华弥新,39656041,2024-02-28 03:19:27,1,59165682,温青,华为P40 Pro,600.0,[],[],"内测炸服，一直网络不稳定，开了又说人满了。你要是没那个本事就别开服了，一个测试服都能恶心人。
我还以为是我手机有问题，点了修复，结果要重下3g多，你是真的牛。",,2.0,
223324,物华弥新,39656038,2024-02-28 03:19:21,3,5061470,踏冥,Vivo IQOO Neo8,,[],[],网络问题有点难搞啊,,,
223324,物华弥新,39655609,2024-02-28 03:03:11,1,65317103,手机用户65317103,Android 设备,,[],['operation'],玩不起别玩，见不见呐，下载不要时间不要流量？,3.0,8.0,
223324,物华弥新,39655869,2024-02-28 03:13:25,3,125845809,空白格,小米Xiaomi 14 Pro,,[],"['gameplay', 'operation']","啊，昨天下载了，告诉我要今天11点抢测试资格，提前两分钟上线告诉我要更新！！！？
OK，更完了测试资格也完了😅
不知道就打个三星吧，不然不让评",,1.0,
223324,物华弥新,39656031,2024-02-28 03:19:06,1,7413977,酒馆旧事,Android 设备,,[],[],我也真的服了……,,,
223324,物华弥新,39656028,2024-02-28 03:19:05,1,72151894,凌、,Vivo IQOO Neo3,,[],[],好好好，好不容易抢进去了，黑屏好久了,,1.0,
223324,物华弥新,39656027,2024-02-28 03:19:03,1,594813120,车干,OPPO A1 5G,,[],[],……限号试玩就不要不限量下载啊喂😅深井啊下游戏的时候期待这么久😓,,1.0,
223324,物华弥新,39656013,2024-02-28 03:18:40,1,558358087,苏洛璃Soil,Redmi K60,,[],[],史，先是说我没测试资格，后来我一直点登陆总算进去了，玩了半分钟都不到，又说我网络问题强制踢下线，唐完了😅,,5.0,
223324,物华弥新,39656008,2024-02-28 03:18:31,1,25620732,QwQ ____,一加 Ace 2 pro,480.0,[],[],名额满了，你让我测试个什么啊,,,
223324,物华弥新,39656007,2024-02-28 03:18:31,1,26461687,万事如意,Honor 30S,,[],[],提前一天预下载，结果第二天限额进入，这不是骗下载量的吗，既然容不下那么多人玩就不要浪费大家时间让所有人都可以提前下载了，眼巴巴等着开服了结果你说不能玩，跑路游戏,,5.0,
223324,物华弥新,39656004,2024-02-28 03:18:18,1,5882369,听说你想养猫,Android 设备,,[],['operation'],要么开服前抢激活码要么限量下载，就没见过又要抢下载又要抢注得资格的。就你家高贵,,3.0,
223324,物华弥新,39656003,2024-02-28 03:18:18,1,11483063,武安君,OPPO PFFM10,,[],[],已获得资格，进去显示注册已满。,,,
223324,物华弥新,39655999,2024-02-28 03:18:07,2,1414346,红衣归故里丶,Android 设备,,[],[],这是什么小天才设计的测试，下载几个g资源，还要等着11点上线抢，进去后就一直显示网络异常连接失败，重复试了几次直接说测试资格抢完了，就这种让人高血压的操作，直接让人不想玩了，告辞,,7.0,
223324,物华弥新,39655998,2024-02-28 03:18:06,1,420820900,荼靡花开,OPPO PEPM00,,[],[],开服炸网络10分钟进不去，然后说注册满了?可惜本来看是战旗打算体验一波，我本将心照明月，不料明月照沟渠。,,2.0,
223324,物华弥新,39655994,2024-02-28 03:18:04,4,38495162,汐日冬阳🌌,Android 设备,,['visual_music'],['operation'],我不好说，因为我挤进去了😋,,,
223324,物华弥新,39655993,2024-02-28 03:18:00,1,326525184,User326525184,一加手机12,,[],"['gameplay', 'operation', 'visual_music']",太恶心了，蹲到十一点，服务器炸了，点击修复，要重新下载下好后，资格没了，玩个屁，垃圾游戏，趁早跑路吧，开不起游戏就别开，把我气毁了，浪费时间，浪费流量😡😡😡😡别测试了，直接注销吧,,1.0,
223324,物华弥新,39655992,2024-02-28 03:18:00,1,35208406,手机用户35208406,iQOO Neo 5,,[],"['gameplay', 'operation', 'visual_music']",提示了已获得测试资格，下了游戏又不让进，耍猴很有意思？,,,
223324,物华弥新,39655990,2024-02-28 03:17:57,1,536620831,喵菓斯,Redmi Note 10 Pro,,[],[],什么服务器，骗流量吧,,,
223324,物华弥新,39655987,2024-02-28 03:17:50,1,23667616,囗囗,Android 设备,,[],[],要么就别给内测资格，领取之后下载更新开服登录网络连接异常，持续登录两分钟后提示注册已满，还得删，纯属浪费别人时间,,,
223324,物华弥新,39655984,2024-02-28 03:17:47,1,106500173,眼里有清风,Vivo IQOO Neo7竞速版,,[],['operation'],难绷，开服就炸服，然后就满资格,,2.0,
223324,物华弥新,39655981,2024-02-28 03:17:42,2,8716030,月桂寒香梦,小米Mi 11,840.0,[],['operation'],服了，下载了没资格，预下载纯骗4G多流量，祝你游爆火😇,,1.0,
223324,物华弥新,39655978,2024-02-28 03:17:33,1,518577289,挽桜乄,华为 nova 7,,['visual_music'],"['operation', 'gameplay']",限号测试就早说啊，下载好了后等开放才知道限号，这不就是为了骗下载流量的？你要抢激活账户为什么不一开始在下载的时候抢？非要这么搞玩家心态？,3.0,1.0,
223324,物华弥新,39655977,2024-02-28 03:17:32,2,2163574,影丶,Redmi  K70 Pro,,[],[],"阿b你到底行不行啊，三国测试服充了三百我卸载了，公测返利我也不要了，现在连测试服都不然进了，唉
果然看到阿b就该避雷啊……",,2.0,
223324,物华弥新,39655976,2024-02-28 03:17:31,2,109472062,Cell王手,Redmi Note 11T Pro,,[],"['operation', 'visual_music', 'gameplay']",玩不了一点，是我十多兆的网速不配了😅,,,
223324,物华弥新,39655970,2024-02-28 03:17:22,1,20750557,BunnyGame,Android 设备,,[],[],非常好的游戏 使我评价六星溢出来一星,,3.0,
223324,物华弥新,39655965,2024-02-28 03:17:08,1,24878851,李子。,努比亚 红魔5G,,[],"['gameplay', 'operation', 'visual_music']",上来就炸，等了10分钟注册满了，你们恶心谁呢？缺你这个游戏玩？,1.0,2.0,
223324,物华弥新,39655858,2024-02-28 03:12:51,2,349352430,梦想养只猪,Vivo IQOO Neo7竞速版,540.0,[],[],"还没打新手关，给我黑屏了
更改，重新进入依旧黑屏",,4.0,
223324,物华弥新,39655956,2024-02-28 03:16:41,1,4316152,该用户已注销,Android 设备,,[],"['gameplay', 'operation', 'visual_music']",测试抢到了，游戏也下载了，上线之间网络不能连接，然后就告诉你，亲＾3＾注册满了不能玩哦～你好会哦～有被恶心到哦🙄,,,
223324,物华弥新,39655955,2024-02-28 03:16:37,1,57388061,无弋,Redmi K50,,[],[],通知获取到资格了又不让玩。。,,2.0,
223324,物华弥新,39655954,2024-02-28 03:16:36,1,465180282,厄了就吃外迈,Vivo IQOO Z8,,[],[],我十一点准时进游戏，结果一直网络不稳定，你游就这样测试啊，真让人叹为观止捏,,2.0,
223324,物华弥新,39655947,2024-02-28 03:16:22,1,536608,舟寒,Android 设备,,[],"['gameplay', 'operation', 'visual_music']",6，有测试资格下载半天进去说满了,,2.0,
223324,物华弥新,39655945,2024-02-28 03:16:16,1,472093,七谷,小米13,,[],[],"网络一直不稳定   然后就注册上限  真好玩
",,2.0,
223324,物华弥新,39655944,2024-02-28 03:16:15,3,49667960,十四,红米 K40S,180.0,[],[],玩一下网慢一下,1.0,3.0,
223324,物华弥新,39655943,2024-02-28 03:16:14,1,604239532,余香丨Rose,Android 设备,,[],"['gameplay', 'operation', 'visual_music']",骗下载，你个垃圾。,,,
223324,物华弥新,39655941,2024-02-28 03:16:10,1,624332939,宵宫的笑容最可爱,Huawei Mate 50,,[],[],昨天下载半天，告诉我有测试资格，点进去人满了，真的难蚌,,,
223324,物华弥新,39655938,2024-02-28 03:16:04,1,34344549,枫羽寒,荣耀 V30,2760.0,[],"['gameplay', 'operation', 'visual_music']",不管，反正我急了，先给1星再说,,3.0,
223324,物华弥新,39655937,2024-02-28 03:15:58,2,4514090,不打扰是我最后的温柔,红米K20 Pro,,[],['operation'],下完包更新半天，11点进去网络不稳定，等10分钟一看到注册上限，你既然有上线为什么不放资格再下载，逗我们玩吗，玩不了还有下载三四个G？,,5.0,
223324,物华弥新,39655936,2024-02-28 03:15:57,1,72863200,C_conrad,Honor 90 Pro,,[],"['gameplay', 'operation', 'visual_music']",获得资格缺进不去，真棒，说注册上线，b站游戏果然坟场,,7.0,
223324,物华弥新,39655934,2024-02-28 03:15:50,1,369892404,祁一初荷,Android 设备,,[],['operation'],11点准时进入，然后一直网络错误😅😅，过了一会进去提示名额就满了，这辣鸡服务器,2.0,1.0,
223324,物华弥新,39655932,2024-02-28 03:15:47,1,4045193,解忧仙,Android 设备,,[],[],网络不稳定然后就满了 拜拜了您,,1.0,
223324,物华弥新,39655931,2024-02-28 03:15:45,1,518114793,User518114793, iQOO 11 Pro,,['visual_music'],"['gameplay', 'operation']","💃🏻立绘建模：
立绘很漂亮，但是建模又是大头儿子

🎮可玩性：
我的建议是不推荐，好无聊的玩法，回合制还加上走棋，玩的很累老铁，整点有新意的战斗玩法吧",2.0,1.0,
223324,物华弥新,39655926,2024-02-28 03:15:41,1,325472538,抱着tap,小米MIX 4,,[],"['visual_music', 'gameplay', 'operation']",11点开，一直显示网络不稳，再往后就显示名额已满，好好好，你爱让谁玩谁玩吧，我以后都不玩了,,4.0,
223324,物华弥新,39655925,2024-02-28 03:15:37,1,70873792,光辉,Android 设备,,[],[],兄弟，我昨天晚上特地定了俩闹钟，一个十点的一个十点五十五的，我就是为了来抢资格，结果10点59炸服了，我手贱点了修复，十分钟还没下载完，一看评论都说测试名额没了，服务器真的土豆啊。。也真的搞人心态,,2.0,
223324,物华弥新,39655922,2024-02-28 03:15:36,5,545652712,F,Android 设备,,[],[],这算进去了吗,,,
223324,物华弥新,39655921,2024-02-28 03:15:32,1,8343413,呵呵哒,OPPO PGU110,,[],[],很好很火爆，这就注册达到上限了~,,2.0,
223324,物华弥新,39655919,2024-02-28 03:15:28,1,327547978,花花,Android 设备,,[],[],服务器稀烂。3000多兆的游戏资源，下载速度给我卡到平均一两兆，光是下载就花了小半个小时。二是，我不知道测试资格要抢注的，我昨天开始刚下载的时候，taptap就弹出提示说我拿到测试资格了，原来要进游戏才算的，那你早说我也就不浪费这半个小时下载了😅,,2.0,
223324,物华弥新,39655916,2024-02-28 03:15:11,1,35781193,岑夫子,OPPO PEPM00,360.0,[],[],很喜欢你游一句话：你已获得内测资格,,4.0,
223324,物华弥新,39655914,2024-02-28 03:15:07,1,798353,彼岸花开,Vivo IQOO Neo8 Pro,,[],[],答辩，tap获取资格，进去说满注册了，辣鸡,,,
223324,物华弥新,39655912,2024-02-28 03:15:05,1,44666900,Thorki,Android 设备,,[],[],你耍我玩？显示我有资格，下载完告诉我抢注？大中午的起来登进去又告诉我测试资格满了 你可真有意思,,2.0,
223324,物华弥新,39655907,2024-02-28 03:14:48,1,8624323,丧气玩家,Vivo IQOO 10,,[],[],没有名额了为啥不提前说捏，进去下载半天才讲没名额了,,2.0,
223324,物华弥新,39655905,2024-02-28 03:14:39,1,40804963,豆白,红米 K40S,,[],[],好一个名额已满，浪费流量的玩意,,2.0,
223324,物华弥新,39655904,2024-02-28 03:14:32,1,64496205,手机用户64496205,Vivo T2,,[],[],你们到底有没有测试，11点开服连续进3次游戏跳过3段视频就黑屏卡死，我11点12分来这里写差评，12分钟全拿来看黑屏了是吧，什么品质啊直接劝退，开服前能不能好好测测，这么低级的问题都犯,2.0,,
223324,物华弥新,39655901,2024-02-28 03:14:18,2,589363798,嘿嘿,Android 设备,,[],[],"网络不稳定
名额已满，有缘再见",,3.0,
223324,物华弥新,39655898,2024-02-28 03:14:17,5,2090073,倾杉-路过倾杉,红米 K70,,[],[],你这冷门游戏居然有6w人玩？,,,
223324,物华弥新,39655897,2024-02-28 03:14:16,1,19932329,七杀,Honor Magic5,,[],[],真是服了你家这破游戏，十一点蹲点人太多你炸服进不去，过几分钟回来告诉我满了😅谢谢你劝退我,,2.0,
223324,物华弥新,39655894,2024-02-28 03:14:15,1,497422,蔚蓝,Android 设备,,[],"['gameplay', 'operation', 'visual_music']",太过分了啊，好久没被骗过流量了，怎么又遇到了，心塞，提示网络不稳定，然后名额就没了😭,1.0,,
223324,物华弥新,39655895,2024-02-28 03:14:15,2,352887560,瑞雪年,Android 设备,,[],[],抢到资格但是玩不了是吧……,,,
223324,物华弥新,39655893,2024-02-28 03:14:14,1,35256596,手机用户35256596,荣耀 X30,,[],"['gameplay', 'operation', 'visual_music']",好好好，网络不卡，名额就满了是吧？,,1.0,
223324,物华弥新,39655890,2024-02-28 03:14:03,1,24111191,(▼皿▼#),Vivo X80,,[],"['gameplay', 'operation', 'visual_music']",直接不让玩得了，卡我十分钟告诉我注册上限了😅,,1.0,
223324,物华弥新,39655889,2024-02-28 03:14:01,1,25132234,User25132234,华为 Mate40 Pro,,[],"['visual_music', 'gameplay', 'operation']",开服就炸了，进也进不去，好不容易进去了就黑屏，就网络连接异常。不咋地,,,
223324,物华弥新,39655872,2024-02-28 03:13:29,1,69567767,源,小米Mi 10,,[],"['visual_music', 'gameplay', 'operation']",我昨天用流量下载完，你现在跟我说注册满了，你不能提前抢资格再给下载链接吗，再见,,,
223324,物华弥新,39655867,2024-02-28 03:13:20,2,8977936,黃,Nubia Red Magic 8 Pro,,[],['operation'],tap告诉我已获得测试资格 导致我自信满满没有第一时间上线 然后刚才上线告诉我注册已满 好好好 这么玩是吧,,3.0,
223324,物华弥新,39655582,2024-02-28 03:01:35,1,363522179,橙子🍊,Honor 80 GT,,[],"['gameplay', 'operation', 'visual_music']","11点开服，11点就进不去了？！？！？！？
测试都进不去？别说以后上线了，无语，进不去然后11点11分上去就显示这个？？？？？？？？？
啥意思，给我的资格啥意思？",,2.0,
223324,物华弥新,39655856,2024-02-28 03:12:40,1,19727215,Eric.,小米13,,[],"['gameplay', 'operation', 'visual_music']",是我漏了什么公告吗？开服就炸，等进去了跟我说没名额了，6！,1.0,2.0,
223324,物华弥新,39655859,2024-02-28 03:12:58,3,10980839,双子,三星Galaxy S23 Ultra,,[],[],啊？人满啦？,,,
223324,物华弥新,39655857,2024-02-28 03:12:49,2,365418247,你蝶塔塔洛,Redmi Note 12 Turbo,,[],[],十一点准时蹲，为了抢注我都没睡觉，结果先是炸服，再是重进，然后不到十分钟直接名额没了，心态崩了，真无语,,,
223324,物华弥新,39655854,2024-02-28 03:12:34,5,592370807,小章,Redmi Note 12 Turbo,,[],[],五星观测👀,,,
223324,物华弥新,39655853,2024-02-28 03:12:33,3,6090679,任云亦云,Huawei Nova 9 Pro,,[],[],卡死了，再进去，显示注册上限，6,,2.0,
223324,物华弥新,39655852,2024-02-28 03:12:31,1,126565712,宇间拾梦,小米Redmi K40,,[],"['gameplay', 'operation', 'visual_music']",下载半天告诉我网络问题不让进，现在好了，告诉我达到数量不让我玩了😅,,4.0,
223324,物华弥新,39655847,2024-02-28 03:12:19,1,546898373,老苗,Android 设备,,[],[],到11点就登，提示网络忙，等会儿就说满了,,1.0,
223324,物华弥新,39655846,2024-02-28 03:12:17,1,30782108,幸子小姐拜托了.,WIKO GAR-AN60,660.0,[],"['visual_music', 'gameplay', 'operation']",不多说，昨晚开始参与测试，到今天显示名额上限一直网络错误,,,
223324,物华弥新,39655843,2024-02-28 03:12:09,1,573914831,今夜我遇见了世上的一切,Android 设备,,[],[],浪费流量,,2.0,
223324,物华弥新,39655842,2024-02-28 03:12:07,1,7169495,酒骁,Nubia Red Magic 8 Pro,,[],"['gameplay', 'operation', 'visual_music']",需要我捐你们一个服务器吗 还是怎么说😋,,1.0,
223324,物华弥新,39655838,2024-02-28 03:11:53,1,14018321,袖手旁观,Huawei MatePad Pro 10.8,120.0,[],['operation'],你游测试服耍猴是真行,,2.0,
223324,物华弥新,39655837,2024-02-28 03:11:48,1,887259,User887259,三星Galaxy S23 Ultra,,[],"['visual_music', 'gameplay', 'operation']",新手任务做一半拉黑屏    💩,,,
223324,物华弥新,39655835,2024-02-28 03:11:46,2,122930577,墨清弦,Android 设备,,[],"['gameplay', 'operation', 'visual_music']",一款叫通讯错误的4个g运营商合作骗流量游戏,,,
223324,物华弥新,39655823,2024-02-28 03:10:54,5,43647506,雪霁梅香独赏,iQOO Neo 5,300.0,"['visual_music', 'gameplay', 'operation']",[],美爆了,,,
223324,物华弥新,39655665,2024-02-28 03:04:29,2,418331665,可莉女儿的贴贴,红米 K40 Pro,540.0,[],[],"什么鬼？进不去，连接建立不上？，在闹笑话
九分进来了倒是，可还是不行，流量和wife都不行",,1.0,
223324,物华弥新,39655809,2024-02-28 03:10:13,2,556723723,流程卡上,Android 设备,,['visual_music'],['gameplay'],开始就一直进不去 典型炸服 持续六七分钟  后来进去了过剧情时候也炸 服务器不太行啊 可能你们没想到这么多人？好好改进一下吧,,,
223324,物华弥新,39655741,2024-02-28 03:06:16,2,326187923,夏忆,OnePlus 10T,1380.0,[],[],"服务器一坨😇😇😇
网络不稳定，请稍候再试呢，亲😋😋😋😋😋😋😋😋",,9.0,
223324,物华弥新,39655591,2024-02-28 03:02:14,1,17075835,噩梦终焉,Vivo IQOO 11S,,[],[],又给踢出来了,,9.0,
223324,物华弥新,39655802,2024-02-28 03:09:41,2,5748570,陈望,Vivo IQOO Neo8,660.0,[],[],卡死了,,3.0,
223324,物华弥新,39655801,2024-02-28 03:09:38,1,65393540,冬夜里,Redmi Note 12 Turbo,,[],[],什么垃圾服务器，过个剧情能给我重连4次。,,,
223324,物华弥新,39655788,2024-02-28 03:08:49,2,529385922,补体,Vivo V2133A,,[],[],………炸服了！你们怎么回事！,1.0,,
223324,物华弥新,39655784,2024-02-28 03:08:26,2,102771646,手机用户102771646,Android 设备,,[],[],一进游戏动不动就网络不稳定😅😅,,,
223324,物华弥新,39655770,2024-02-28 03:07:29,2,102291643,油猫饼,Honor 70,,[],[],终于进了。。。。,,,
223324,物华弥新,39655768,2024-02-28 03:07:22,5,99992714,至若春和景明,OPPO Reno7中国版,,[],[],为什么进不去呜呜呜呜,,,
223324,物华弥新,39655760,2024-02-28 03:07:08,2,7456457,悠亞不要停💦,Android 设备,,[],"['gameplay', 'operation', 'visual_music']",测试服都能炸服，那只能祝你早日褒姒吧😅,,,
223324,物华弥新,39655758,2024-02-28 03:06:58,5,388133315,烤鸭我啊,Honor 90 Pro,,[],[],兄弟…兄弟……6分钟了还进不去……,,,
223324,物华弥新,39655621,2024-02-28 03:03:30,5,406265054,23333,Redmi Note 10 Pro,,"['gameplay', 'operation', 'visual_music']",[],"网络不稳定，不是测试服也炸服啊？
我进去了",1.0,1.0,
223324,物华弥新,39655744,2024-02-28 03:06:23,5,453819300,该用户已注销,红米 K70,,[],[],进去咯哈哈,,,
223324,物华弥新,39655738,2024-02-28 03:06:13,4,71571784,许先生,Realme GT5 240W,,[],[],"6666又一个炸服诈骗？

",,1.0,
223324,物华弥新,39655728,2024-02-28 03:06:01,1,37154715,白嫩嫩的大叔,Vivo IQOO Neo6 SE,,[],[],抢注还炸服，真的6,,1.0,
223324,物华弥新,39655724,2024-02-28 03:05:52,4,52598141,吃鱼,OPPO R15x,1620.0,[],[],点了半天终于进去了。先帮你们探探头,1.0,,
223324,物华弥新,39655723,2024-02-28 03:05:47,1,25459266,白曦龙吟,Huawei P60 Pro,,"['gameplay', 'visual_music']",['operation'],鼠鼠你家里是没服务器吗整这么一出，测试服就开始搞是吧😅😅😅😅😅,,4.0,
223324,物华弥新,39655722,2024-02-28 03:05:47,4,4453823,完颜羽桐,Vivo IQOO 11,,[],[],炸服了？乐,,2.0,
223324,物华弥新,39655717,2024-02-28 03:05:39,1,563994,chenzhismart,Vivo IQOO 11,,[],"['gameplay', 'operation', 'visual_music']",不想给就别放资格出来恶心人，我还差玩你的游戏,,,
223324,物华弥新,39655713,2024-02-28 03:05:37,1,427051816,shhs,Android 设备,,[],"['gameplay', 'operation', 'visual_music']",shi，测这么多次了，这次都出问题,,,
223324,物华弥新,39655710,2024-02-28 03:05:35,1,403435527,你好这里是,Redmi K60,,[],"['visual_music', 'gameplay', 'operation']",进不去的,,3.0,
223324,物华弥新,39655707,2024-02-28 03:05:31,5,508913067,荼靡,Realme GT Explorer Master Edition,,"['visual_music', 'gameplay', 'operation']",[],我的问题吗？过一遍又卡回来了？,,2.0,
223324,物华弥新,39655706,2024-02-28 03:05:30,1,35515080,稻米拾只猫,红米 K70,,[],"['gameplay', 'operation', 'visual_music']",进不去，不想开可以不开，别在这浪费别人时间,,2.0,
223324,物华弥新,39655703,2024-02-28 03:05:27,3,51480862,:..::..:,Redmi K60,,[],[],玩都玩不了,,,
223324,物华弥新,39655697,2024-02-28 03:05:12,1,500867493,骑电动车的驴,Android 设备,,[],"['gameplay', 'operation', 'visual_music']","几年了，技术被吃了嘛，
还整这出，真让人失望。",,,
223324,物华弥新,39655693,2024-02-28 03:05:07,2,26319474,冰雪炼狱,Redmi K50 Ultra,,[],[],直接开炸，你都说注册了才有资格，你还不维护下服务器？,,1.0,
223324,物华弥新,39655685,2024-02-28 03:04:55,1,49890976,拒绝者,华为STG-AL00,360.0,[],[],进不去是什么鬼？,,2.0,
223324,物华弥新,39655683,2024-02-28 03:04:51,1,24853356,追憶➹后青春期的诗,OPPO Find X3中国版,,[],['operation'],进不去,,2.0,
223324,物华弥新,39655682,2024-02-28 03:04:50,3,362223179,夜莺,小米13,,[],[],根本进不去啊.....,,2.0,
223324,物华弥新,39655671,2024-02-28 03:04:35,1,547033067,程门立雪,Honor 80,,[],[],进不去,,,
223324,物华弥新,39655668,2024-02-28 03:04:33,2,14018401,知世✘,Vivo IQOO 10 Pro,,[],[],你自己看看，你进的去吗,,9.0,
223324,物华弥新,39655669,2024-02-28 03:04:33,2,19415629,轻舟故我,Huawei Mate 60 Pro,,[],[],"我佛啦，阿b真有你的，进不去我玩空气是吧
",,1.0,
223324,物华弥新,39655666,2024-02-28 03:04:30,4,566987968,Khnoum,一加手机PHP110,,[],[],能进了,,,
223324,物华弥新,39655661,2024-02-28 03:04:22,2,100826410,朱雀,小米Redmi K40,,[],[],6，网络不稳定,,4.0,
223324,物华弥新,39655660,2024-02-28 03:04:21,1,6356019,.,三星Galaxy S23 Ultra,,[],['operation'],非常好服务器 使我网络起飞,,4.0,
223324,物华弥新,39655659,2024-02-28 03:04:20,1,5513376,寒菱,小米Xiaomi 13 Ultra,960.0,[],"['gameplay', 'operation', 'visual_music']",很少见过搞个内测测试服都能开服炸的游戏，就这态度公测会搞出什么幺蛾子真不敢想。,,5.0,
223324,物华弥新,39655657,2024-02-28 03:04:18,1,14008308,卡其脱离太,Blackshark SHARK KSR-A0,660.0,[],[],卡点都进不去,,,
223324,物华弥新,39655653,2024-02-28 03:04:14,3,557903241,宁,Huawei Mate 50,900.0,[],[],原来都进不去我就放心了,,6.0,
223324,物华弥新,39655649,2024-02-28 03:04:06,1,506384129,长萌不卖萌, iQOO Neo7 SE,,[],[],内测也炸？,,3.0,
223324,物华弥新,39655647,2024-02-28 03:04:05,4,30182227,芝麻m,iQOO Neo 5 活力版,,[],[],炸了不奇怪,,2.0,
223324,物华弥新,39655638,2024-02-28 03:03:53,2,26774991,哭丶,小米Xiaomi 14,,[],[],"“正在建立通讯链接”
“网络不稳定，请稍后再试”",,10.0,
223324,物华弥新,39655635,2024-02-28 03:03:45,1,349253827,啾啾,Vivo V2123A,,[],[],我也是说我网络不稳定，笑死,,1.0,
223324,物华弥新,39655629,2024-02-28 03:03:37,2,365895381,月光伊卡,Realme真我GT Neo闪速版,1500.0,[],[],进去也玩不了，测试都炸，公测我是真不敢想,,4.0,
223324,物华弥新,39655627,2024-02-28 03:03:34,2,500987954,择染灬,OPPO PGBM10,,[],[],呃，死活进不去,,,
223324,物华弥新,39655624,2024-02-28 03:03:32,2,18811288,Lancer,联想Legion Tab,,[],[],预判时间进的，进不去,,1.0,
223324,物华弥新,39655625,2024-02-28 03:03:32,2,32763570,青隐,Vivo IQOO Neo8,,[],[],老登，进不去，快修😅,,2.0,
223324,物华弥新,39655620,2024-02-28 03:03:24,1,364110182,小燕子,红米K70E,,[],[],真该死啊,,4.0,
223324,物华弥新,39655619,2024-02-28 03:03:22,1,336884677,紫屿熙,Android 设备,,[],[],内存服务器都进不去厉害的，太厉害了b站代理,,3.0,
223324,物华弥新,39655617,2024-02-28 03:03:19,1,83302666,萌新,Redmi Note 12 Turbo,,[],[],开冲吧,,1.0,
223324,物华弥新,39655616,2024-02-28 03:03:18,3,26046893,。,小米13,,[],"['gameplay', 'operation', 'visual_music']",网络问题还是怎么回事,,2.0,
223324,物华弥新,39655615,2024-02-28 03:03:17,5,58098448,娴淑淑,Vivo IQOO Neo9,,[],[],进不去,,1.0,
223324,物华弥新,39655613,2024-02-28 03:03:15,1,555977210,第七滴雨,红米 Note 11,,[],"['gameplay', 'operation', 'visual_music']",11点测试，点进去就提示网络不稳定进不了游戏，直接1分卸载，给你们这些破游戏惯的,,1.0,
223324,物华弥新,39655601,2024-02-28 03:02:48,1,270135,黎明,小米Redmi K40,,[],"['operation', 'visual_music', 'gameplay']",玩我呢？网络不稳定是什么鬼？,,7.0,
223324,物华弥新,39655585,2024-02-28 03:01:51,2,5360473,流年喑哑,Realme X50 Pro,,['visual_music'],"['gameplay', 'operation']",网络不稳定，请稍后,4.0,25.0,
223324,物华弥新,39655526,2024-02-28 02:55:44,2,21737870,先生所言极是,RealmeGT Neo5,120.0,[],"['operation', 'visual_music', 'gameplay']",骗下载量是吧,,7.0,
223324,物华弥新,39655281,2024-02-28 02:26:48,3,7444233,唐七狼,Vivo V2046A,,[],[],不是，这版号都有了，估计公测也快了，为什么在测试期间整这么一出啊？别人好歹上线圈完钱再跑路，你们这是奔着上线前赶客来的么？,4.0,5.0,
223324,物华弥新,39655043,2024-02-28 02:04:50,4,24151650,Te∂,Android 设备,,[],[],"喜欢美术，战棋玩法有点考验我，先体验一下试试吧
4星观望分",,,
223324,物华弥新,39652922,2024-02-27 16:20:25,1,370257187,御坂妹妹,Android 设备,,[],"['gameplay', 'operation', 'visual_music']",牛逼👉😅第一次看见有游戏厂商搞这恶心人的活,,,
223324,物华弥新,39652917,2024-02-27 16:18:53,1,358415189,九坤越动,荣耀 50,,[],[],刚下完，骗下载,1.0,,
223324,物华弥新,39652836,2024-02-27 16:06:33,2,10276046,傲慢与偏见,华为GLK-AL00,,[],[],点击参与测试获得的资格不作数，下载完后进游戏还要下载4个g，还要抢注角色，手快有手慢无，嗯你游无了，再见👋👋👋,,23.0,1.0
223324,物华弥新,39652492,2024-02-27 15:25:26,2,25925790,该用户已注销,RealmeGT Neo5 240W,,[],"['gameplay', 'operation', 'visual_music']",骗下载,,10.0,1.0
223324,物华弥新,39652110,2024-02-27 14:48:40,2,19346912,|ω・）kkk,Oppo A96,,[],['operation'],好无语，下完还要抢注，游戏里也没有信息说要抢注，还是退出看开服时间才看到的。感觉在被当猴耍。,,15.0,1.0
223324,物华弥新,39651955,2024-02-27 14:34:19,5,352637854,少女夜夜,Android 设备,,[],[],不是很懂，b站下载的tap的也是b站？？,1.0,,
223324,物华弥新,39651876,2024-02-27 14:24:32,2,325504226,烂游鉴定员,Android 设备,,[],"['gameplay', 'operation', 'visual_music']","阿b的新游？
危😅",,,
223324,物华弥新,39651857,2024-02-27 14:22:02,1,581131387,李芐曦,Redmi Note 11T Pro,,[],[],"我还以为下载明天开服就能玩了，结果竟然是限量的，那我还下载干嘛？你达到数量你就直接把下载给关了不就好了吗？我苦苦的下完了，结果你说我没有测试资格，你逗我玩儿呢😅😅😅
",,21.0,2.0
223324,物华弥新,39651836,2024-02-27 14:20:01,1,38773560,。白粥。,Xiaomi Redmi K60 Ultra,,[],"['gameplay', 'operation', 'visual_music']",限号还开放预下载？喜欢玩饥饿营销,1.0,5.0,1.0
223324,物华弥新,26828549,2021-09-10 04:45:18,5,25519555,去码头整点薯条,Vivo IQOO Neo8,,[],[],"可能都是下了玩不上所以给的低分，不过抽的人测试怎么能上榜单的……
看了看主播玩，界面啥的都挺好的，立绘也挺好看，整体给人的感觉和中国那些文物还有风格配上了，就是玩不上有点残念，希望努力努力能让我们早点玩上
24.2.27
可算放出来了",,7.0,2.0
223324,物华弥新,39649989,2024-02-27 10:58:51,4,475748486,摸鱼真菌,Android 设备,,['visual_music'],"['gameplay', 'operation']","长话短说，只针对提前了解的人来思考要不要入游。
【1.美工】有目共睹，细致，QQ人也可爱。
【2.玩法】挺扎实。？有点失望，不知道为什么有些笨拙（没见过，太死板）缺点有点多，望改善，不过可玩性不是特别高，但是看样子可以当日常小游戏来玩也未尝不可捏。？
【3.肝度】中等。看好看姐姐慢慢玩就好。
【4.剧情】好，有创意，不过有点要细品，但是真的值得看。。。
其实你们在意的就这些。。。不过剧情该品，后面的剧情也重要，待解析。。。",13.0,14.0,6.0
223324,物华弥新,39649868,2024-02-27 10:45:21,5,67294341,Kagerou,华为P40,112020.0,[],[],嗯，一测二测和繁中一二测都参与了，打个好评先,,1.0,
223324,物华弥新,39649633,2024-02-27 10:19:31,5,606723773,ding～dong～,红米K70E,,[],[],领取成功就明天可以参与测试了吗 还是需要抢注？,2.0,2.0,
223324,物华弥新,39649594,2024-02-27 10:15:09,1,13410529,过酒尘,Xiaomi Redmi K60 Ultra,,[],[],时间轴和微信不是说测试开始了吗？怎么登录不了？游戏没做好就上线？,6.0,,3.0
223324,物华弥新,33711979,2022-10-11 14:20:14,5,28935704,🥩,Vivo V2048A,,[],[],好想玩啊，这个游戏真的很棒耶✌️,,2.0,
223324,物华弥新,31469631,2022-06-07 13:56:00,5,349535673,双色感,Realme真我V11s 5G,,[],[],"【因一测二测都没有于是怒气冲冲跑过来】
虽然没有拿到内测资格，但看了下别的UP的视频，于是想到，也许可以加个PVP玩法？【小心翼翼】
顺带，画风很好看，大招也很有趣，音乐，界面，爆率在我心中分数很高【啊，可恶，没有公测有内测资格也好啊，但我两手空空（败……败了）】
然后是人物【幽幽】。有的人物有些问题，比如腿中间的缝是不可能太大的，腿是长在人身上而不是裙子上……【怨】
大招动画可以再修一修，还有细节，比如普通公鸡的特效？
我看很多人都想要自动战斗，但自动战斗？个人感觉失去了趣味性，这不就成挂机游戏了吗？那……那玩的……【猫猫迷惑】到底是什么游戏？？
还有w，是那个那个，希望关卡打过以后可以速通，实在不行道具卡也可以U，【啊我在说什么东西……】
好想要内测资格……或者你先公测也好啊……啊呸跑题了！【气鼓鼓】我也想要内测资格啊！！不然！别逼我跪下求你！【猫猫暴风雨哭泣，我能有多坚强？不堪一击好不好】
【上面所言只是个人观点（敲黑板）不喜勿喷】再次顺带，运营着一款不存在的日历一定很幸苦吧？对吗，官宝？【微笑，然后破防】",,3.0,2.0
223324,物华弥新,30955641,2022-05-10 00:55:26,4,393040,雨山,Redmi K30 Ultra,,[],[],Ui的可交互，不可交互部分区分度低，整体界面很平，看起来是一坨，可以参考别的游戏对ui颜色，按钮一些立体效果进行修改。战斗界面小人没有站在格子中央，有点怪。3d场景渲染差点意思，角色立绘小人质量较好。游戏美术仍需打磨。玩法待续,,,
223324,物华弥新,30663699,2022-04-25 13:46:01,4,25484895,汝去秋来,华为Nova 4,,[],[],这游戏啥时候公测啊？没动静了捏,,,
223324,物华弥新,29825128,2022-03-10 05:34:38,4,433843357,玲,Android 设备,,[],[],这bgm不错，就是什么时候出啊,,,
223324,物华弥新,28726311,2021-12-31 07:34:00,4,18559974,海上明月共潮生,小米Redmi K40,,[],[],"今对我还天重装了taptap，才发现之前的评价没写完半路咕了，过来补一下。
花朝节活动给我的整体感官还是挺好的，除了那个可爱花束（对我还是对外国古董耿耿于怀）。此外，我看到可爱花束之后去查了相关的资料，啥也没查着。恕我孤陋寡闻，就算结合了图鉴，我还是想象不出这是个啥玩意儿。私心里还是希望能换掉，虽然过场图已经出来了，立绘也还挺好看的。
活动本身没啥大问题，但是考虑到难度，希望你们要么晚点上，要么把难度降一降，其他的没了。
着重表扬活动地图是四季绘卷逐渐上色那个巧思，给策划和美术递花花🌸🌸🌸
然后说一下这次测试给我的总体感觉：美术很棒，游戏性挺高，体力系统太伤，性能太差，武器系统我不想给他眼神
因为我本身就是战旗类游戏的受众，总的来说，下次的付费测试和公测，我还是愿意付费的（甚至有很强的付费意愿），但是目前的情况，我可能会鸽得很快。
第一是角色培养成本过高，其中武器系统和体力系统首当其冲。尤其体力的严重不足，很大程度上影响了我不愿意刷武器关卡，造成恶性循环。
第二是没有扫荡+性能太差。之前我也说过，手机发热卡顿非常严重，上了模拟器也遭不住。没有扫荡意味着我要一直挂着它，那这就不是在吃性能，这是在损坏性能。我手机的CPU和电池肯定遭不住，我的电脑能遭住我也不能让他这么蹧。
第三是我没时间和游戏这么耗。社畜要上班的，忙起来活动期间都只能晚上登录一下没空写长评的。
希望这个补充的长评没有来得太晚吧，请我的漂亮老婆们加油留住我
————————
两次测试都抽到资格了，这次改动真的很多，顺便记一下我这次测试的所有吐槽和赞美
这次更新了好多立绘和过场，立绘好棒，过场图也好棒，本视觉动物得到了巨大的满足
发热好快……冬季限定暖手宝认证+1
好可爱！莲塘乳鸭图怎么可以这么可爱呜呜呜
奶奶！奶奶我来了！奶奶您好强……奶奶牛逼
过场图加载……好慢……
为啥这么多花朝节的过场文字，不会是要在明年花朝节前后上线吧？查了下日历大概三月中？是不是太赶了？
AI，聪明，但是不是特别聪明。
但是不蠢！我很满意
增加了很多新的玩法模块，好评！
第一章的Boss战挺有趣的，请下面几章再接再厉
越王勾践剑换立绘了！比一测立绘好看太——多了！！（虽然主要是因为嫌弃一测立绘丑）等等，越王勾践剑怎么变女的了？原来一测就是女的……之前的立绘到底是有多丑啊……
重新看了一测立绘，真的很丑……幸好换了
打到第二章保护越王勾践剑了，那货，好蠢……我天蓝瓶等级太低没带，他就死活往鸭鸭治疗范围外面跑，我真实感受到了，啥叫奶妈追着输出奶，但是输出就要浪（然后果然死了），是故意的吧！
打过去了，事实证明，奶他是没有用的，找个轻锐过去吸引火力+输出就好了，不要相信越王勾践剑的磨皮输出
打过去之后，不知道为啥重置了我的关卡，然后难度突然上升，统一阵容卡关了好久，放弃鸭鸭换了个轻锐才打过去……
玩到武器的部分了，为什么要给已经需要随机刷的武器刷随机点，哪个睿智策划想出来的？
问卷里说有花朝节活动，我找了半天愣是没找着
目前进度2-7，3次体力买完了，就不该为了稀有度额外养那个大金链子，以及，养成材料，前期就要5个，结果一个关卡一次只掉一个？为了刷个被动打了我100+体力，就离谱，我又不是只有一个角色要养
顺便，二测好穷啊，养不起了养不起了
————————
第二天的体力都用完了，来写第二天的评价
虽说第二章打通了，但有几关卡关挺严重的，还要反复刷升级道具（我今天一大半的时间花在素材副本上了），优化一下好不？还有战斗中，如果一击必定击杀，能不能加个受击的特效让我知道一下，平a打完了还剩个血线，真的很头秃好吗
主线关卡，任务完成进度，加个显示哪关完成了哪关没完成的UI好可以不？我第二章有几关是先通关了的，后面还得从头一个个找
代理啊，为什么有的代理，他不如自动战斗？不是说代理会把属性拉上去一点吗？为啥加了属性会不如正常进入关卡的自动战斗啊
主界面的副本UI和关卡选择界面委托UI，我总是会点偏，尤其是委托UI（之前记串了）我总是会点错，直接进入手打战斗，但是大多时候我是要连续刷副本道具的。所以每次点错之后，我只能漫——长——的加载，然后再从关卡退出，又是漫——长——的加载……起码把加载优化了行不？还有关卡内的动画啊，咱能出个3倍速4倍速不？我手打都嫌慢啊……
卡顿还是很严重，我是拿模拟器打的，还是卡
刚刚翻背包角色，发现青卡有个玛雅陶盆，我特地看了下藏品位置，在洛杉矶博物馆。请问，这个藏品，和我国文物有什么关系吗？游戏分类上写着国风，宣传全是我国国宝拟人，R卡里混进去一个国外藏品？？？搁这给我埋雷呢？？？有本事你把国风tag去了，把宣传的角色塞一堆外国国宝进去，你敢吗？欺负R卡没人用呗？差评，扣1星
突然想起，忘了夸品茗系统了，这个系统真的是深得朕心，唯一的缺点是，在对话中的时候，不显示器者的名字，以至于我想找小抄都难，希望还是能优化一下。
对了，我今天的模拟器，闪退了……虽然我今天挂了几个小时吧……但是之前其他游戏让我挂模拟器更长时间的也不是没有，我第一次见模拟器闪退诶……虽说之前有公告说性能挺差的（要是不大我也不至于挂模拟器），但我着实没有想到能这么夸张……
第二天结束，顺便继续辱骂武器随机加点系统，昨天是看到问卷去看了一眼。今天仔细看了一眼才发现，武器5个属性你随机3个？我可以辱骂策划吗？这种强操作和策略的游戏，你给我玩刷点？？很没有逼数啊小老弟
————————
Day3 忘了更新了，总得来说，基本就是刷了一天的成长道具
游戏内时间是用十二时辰制的，挺用心的，虽然我看不懂，但好评
关卡内的探索系统，补充了很多游戏内的世界观，也科普了蛮多文物知识，好评。唯一的不足是希望能增加一下月饼的获取量，或者调整一下随机的概率，图鉴成就爱好者快哭了
第三章部分关卡难度设计不正常，我看着推荐等级过去的，后来很艰难的过了，我以为是我战力不够（毕竟我是真的很讨厌那个武器系统），继续升级之后，通过后面的关卡如砍瓜切菜，回头去打那关还是和艰难。
希望你们能优化一下怪物的ai，我一排器者站一起，所有怪就盯着血最少的那个砍， 而我还要拿无损通关的成就，这河里吗？
继续辱骂武器系统，今天的每日任务里有个武器升星的任务，我去看了下，武器升星的逻辑是这样的：
首先，你需要拿到黄票或者红票，等至少3个小时让他们变成武器，然后把武器拆解，变成很少的很不值钱的中间道具，然后再去商店花费大量中间道具换进阶道具，最后再用大量进阶道具升星……至2星，后面还要继续升
谁做的武器系统？浑身上下我竟找不出一点能夸的地方
然后就是体力系统的问题，购买一次体力也就80点，打一次蓝色的职业道具关需要20体力。重点是，一次才掉3个，而一次升级都需要5个，也就是说，升级一个属性玩家必须打两次，合40体力。而这还不算金币和经验道具的获取。一个编队有6个角色，加上编队替换，至少有8个角色需要随队伍养成，这个体力消耗，着实是有些过高了。
给个建议，高级职业道具关卡概率掉低级道具，太伤了
——————
day4，趁花朝节还没上，赶紧来记一下（怕又忘了），优化一下每日任务奖励领取逻辑，现在。我都一键领取了，为啥还要领三四次，最典型就是进行x场战斗那个任务。
花朝节活动在打了，目前感觉还不错
增加手打关卡时，开局怪物位置展示（尤其是大地图）
花朝节活动商店道具批量购买",2.0,45.0,4.0
223324,物华弥新,29039355,2022-01-18 19:08:52,4,5615526,鲤鲤喵,Android 设备,13320.0,[],[],音乐，美术，配音都很满意，剧情一般，战旗玩法有点复杂费脑，还有点肝，自动ai脑子不好使，刷材料关卡不做成扫荡你在想啥呢？都啥时候了还让人挂机等着刷材料。。。总体来讲是我今年最期待的游戏了！画风真的很喜欢，人物角色可太满意了！！,,,
223324,物华弥新,26887733,2021-09-12 16:29:57,4,7817224,Smiley,Android 设备,81780.0,[],[],"☆入局测试打卡
很荣幸抽中了资格，快乐的体验了一段时间
不过因为这次时间不是很充裕，匆忙地体验了一部分，只谈谈记得的一些问题吧
跟上一次测试相比，加入了自动战斗的方式，很大程度上减轻了肝度；美中不足的是，自动需要挂在游戏上，不是快速战斗
大招动画改了，没那么出戏了，但还是q版；新增了很多角色，好像部分一测的立绘也做了些修改，美工始终在线
卡池出率很迷，需要再改改。一开始的常驻up池，四五个全歪没见过up；后面活动up池，六个红卡一个没歪但我就没见过限定金，同样是限定，金比红可难出多了
武器依旧很坑，不会有人喜欢随机词条吧？
☆开局测试打卡
立绘很不错，q版很可爱，剧情中规中矩，战斗和养成有待优化，武器天坑
战斗方面：因为没开放自动，战斗非常肝，以后肯定会改就不提了；大招是的动画是q版，有些微妙，且关闭动画的选项不明显，要在设置里找；因为关卡是通用的几张地图，职业特点基本没有体现；界面很小，没有缩放，经常误触，比如待机操作和选取攻击对象。
人物养成：人物等级要刷本，技能等级要刷本，提升数值要刷本，总之就是要刷本；六个重复人物是完全体，第三阶是大招ex，其他都是加数值，好在有通用素材可以使用，如果有限定池的话不用强制抽满。
武器系统：天坑！！！不仅有稀有度区别，还有随机词条系统，好不容易刷到好的初始词条，强化继续歪。",,2.0,
223324,物华弥新,28916415,2022-01-13 06:48:40,5,30156785,寂川,华为P50 Pro,,[],[],什么时候开服呀，四月前有希望吗？,,,
223324,物华弥新,28844005,2022-01-08 08:45:46,3,30205657,小兔墩,小米Mi 11,,[],[],"不知道为啥 是b站测试资格taptap不会显示游戏时间吗
但是俺确确实实玩了七天了!
下面说一下俺的评价
来古弥新二测七日游结束!
怎么说呢 游戏本身的画风 还有人物设定都非常喜欢 可以说是看到立绘嗷嗷叫的程度
但是目前游戏太不太能吸引我玩，我更愿意去看每个角色立绘，可玩性较低。因此简单说一下玩过来的一些意见感受。
新手教程里导引让点技能，但是只能点技能，不能看介绍，感觉可以优化一下。
游戏角色晋升也挺容易，但是好感度也加属性我觉得不太合适，感觉好感度可以与角色新皮相关联，晋升与强度相关联。
战斗方面
感觉部分器者大招还可以再优化一下，例如制盐砖的大招一块石头砸下来感觉有点突兀。
有的器者一点选她的攻击范围 就看不见离她很远的怪 战斗时不太便。
游戏剧情上真的有点失望
非常典型的有个反派要毁灭世界，器者和收藏家因此抗争，而且剧情到第三章了 不断渲染平静海水下的波涛汹涌，没有什么特别大的推进，有点为了打架而设置剧情的感觉。
原本看剧情pv以为会有很大阴谋，一种情况是心怀不轨的人们发现了器者的特殊能力，去偷文物来夺取器者的能力。或者是讲述一些文物曾经被其他国家夺去又回归祖国的故事。
还有一种和朋友讨论，游戏设定的灾难已经发生，我们不断召集器者，夺回被反派占领的地盘，感觉这几个选项，都比莫名其妙诞生的反派并且进展到第三章都没有什么波澜的故事要有趣一些。
科普方面很多都在外传 区域派遣以及角色传记里，感觉更多背景可以融合在主线剧情里，比如越王勾践剑的回忆杀，可以适时回忆一下与器物本身有关的征战故事。而不是完全回忆器物在熔炉里被不断冶炼的、打磨。完全靠一张嘴说我有这些品性。可以通过史实或者剧情侧面反应越王勾践剑的锋锐与百折不挠的气质。
最后，希望能看见更好的来古，公测有机会玩的话也希望这些美丽器者还来我家!",,2.0,
223324,物华弥新,26829054,2021-09-10 05:09:04,5,142154,九酿顿蛋,小米Mi 10S,32400.0,[],[],"二测结束啦我又来了
有一说一，二测给我的感觉制作组确实对于一测不足的部分有了很大的改动，先说说优点
1.大招动画扬长避短，相较于一测不能跳过且贴脸的大招动画，二测版本更加优秀，至少不会出现一测那种贴脸糊
2.剧情也比一测改进了，我指的是增加了自动，倍速，隐藏对话这些功能
3.抽卡动画我可太喜欢了
4.UI的质感做的非常棒，而且我很喜欢按键音效
5.器者的配音，制作组用心了，制盐砖的四川话，玛雅陶碗的西班牙语，看得出制作组有去认真考据
然后是二测的一些问题
1.希望引导关卡也可以二倍速
2.卡池的重复率太高了，而且很容易歪(人口普查，除了up我都能抽出来)
3.致知系统！！这个要重点说因为实在太麻烦了。我不想练的角色也会标红点让我提升致知，本来这没什么，但是你游一开始资源太少了，提升一次就是一万。
我有几种提议:一种是提升致知减少资源消耗，或者干脆不需要冬古币。第二种就是非编队器者不显示红标
4.资源缺啊，可能因为内测原因，官方送的十连太多了，导致想养的器者太多了，资源跟不上。红器者太多以后也导致，有些稀有度低的器者根本不会去养，本想为爱买单，但是因为没有资源就养不了
5.有个问题，分屏的时候点了其他软件，你游就会暂停。如果暂时切出去，回去的时候bgm会消失
6.有些器者的立绘感觉可以再打磨一下？就是感觉水平参差不齐，有些人体有点问题
————————————————————————
一测的评价
因为对这个游戏很期待所以会严格一点
1.卡池需要标明池内角色和概率（参考各类抽卡手游的卡池详情）
2.角色立绘已经很出色了，但是小人的建模有一点点拉胯，有两个问题一个是部分角色的眼睛眼神可以优化一下，不然看上去就很呆没有神；第二个是大招动画，肉眼可见的糊（可能因为放大的缘故），蟠桃瓶糊的很明显，这个应该可以考虑优化一下
大招添加可跳过键，这个可以参考一下其他游戏
3.剧情的有些cg跳太快啦！那个蟠桃瓶出柜图！我来不及截屏！！！！它就自己跳没了！果然是不想让我看吗！！！
4.战棋类游戏有一个问题就是到后期较难的关卡一关需要很长时间，过于硬核的话会劝退一部分对这种玩法不感兴趣的玩家，制作组想要留住人的话就需要在关卡设计上下点功夫，也建议给强度党玩法党玩爽的机会。
5.求求一定要实装扫荡或者自动，这个手操刷副本真的太肝啦！这个很重要！刷素材明显感觉力不从心。
6.还有一个问题，在副本界面更改编队以后，如果点击确认（√）的话，会回到主界面，不知道是bug还是什么
器者资料那里让我眼前一亮，看得出来制作组下了功夫，对每个文物都做了功课，提个小小的建议：资料那里的文物原图希望可以点开看大图，器者立绘也可以单图查看，这样截屏更方便。
我很期待这款游戏的完成度越来越高",,57.0,6.0
223324,物华弥新,28840843,2022-01-08 05:30:32,4,19864383,绫夏伊渡,华为 Nova 5i Pro,,[],[],"二测结束啦！没想到居然抽到了测试，奈何入坑游戏太多了，体验的还不够全，下面是亿点点想法吧

首先，美术、世界观的设定不错，主线剧情推进太快，看得云里雾里的，把故事讲好拒绝谜语人，还有可以增加“我”和其他器者的互动，蝠桃瓶确实好看，可是能不能给其他器者多点发挥空间？想和男器者贴贴

配音的话，基本都很贴脸。硬要说的话，大概洛神赋图让我感觉到了反差，看立绘还以为是温婉仙女，没想到开口竟然有种内心戏巨多的沙雕憨憨的感觉。然后海外文物的配音也是选的外语配音，这里点名玛雅陶碗、可爱花束，制作组有心了。

其次是养成玩法，这是我第一次尝试玩战棋策略类游戏吧，个人感觉还可以。要叠卡升星、刷材料解锁等级上限、升技能被动，体力给的确实少，打一次本就要10体力起步（上限是100起）基本上刷几局就没有了，金币后期非常紧缺，叠卡要花，升装备等级也要花，希望能增加各类资源的投放吧

然后是器者稀有度的问题，讲真只要是涉及历史文化类的游戏，那肯定是得吵起来的，希望制作组能谨慎衡量，做好符合史实的设定吧。还有男女器者的性别平衡问题，根据二测的情况，男器者的比例确实低了

至于战斗界面，我倒是不敏感，q版小人战斗其实也挺可爱有趣的。玩过阴阳师忘川的3d建模回合制、玩过幻书的3d建模走位策略、玩过黑潮之上的卡牌回合制、玩过花亦山的头像互怼，也玩过诸多女性向游戏，只要战斗画面做到精美，能挂自动就没有太大问题


最后写给官方的亿点二测的反馈吧：
1.增加日常任务获得的灰珀
2.增加体力投放，如：每日时段领取体力、好友互送体力、增加体力购买次数等
3.开放每日签到，累计签到成就
4.角色衣装解锁条件下调，且衣装解锁按键在满足条件时标记红点
5.优化自动委托角色施放技能逻辑，优化自动委托的分屏
6.活动入口不清晰，建议增加红点标记
7.各类玩法可以整合归类，如模拟场、区域派遣可以单独放置主界面
8.优化每日任务的“一键收取”
9.器者征集中的器者支持一键收取
10.抽卡动画一键跳过，且在获得新器者时弹出“新获得”页面
11.优化战斗时角色语音卡顿的问题
12.平衡男女器者比例（可以女6男4或者女7男3）
13.取消各文物之间的稀有度划分，或者开放低稀有度进阶高稀有度的途径
14.提升转场图设定上限
15.游戏资源代币的用途描述不够清晰
16.“四时花朝夜”等这类活动商店支持自由选择数量兑换功能
17.取消致知（叠卡）的金币消耗
18.区域派遣支持“首次通过后的任务”一键扫荡
19.获得的新衣装皮肤实装进战斗q版
20.主线剧情可以增加“我”与其他器者的互动，看看扯淡碑，看看男器者吧
21.优化品茗玩法
22.解锁的衣装能设置成玩家头像",,2.0,
223324,物华弥新,26826531,2021-09-10 03:01:20,3,43424991,不语,iQOO Neo 5,,[],[],"玩了一小会，确实有些问题存在，鉴于体验还不是很深入，后面的问题会在此评论继续补充
开始的pv里交代了一句玩家所在公司，但只给了了个插画过场就没了，感觉并没有和前面的冬谷基金会的介绍啊，器灵啊啥的有过多的紧密感，很突兀，pv里后续也没有再介绍，希望这里可以改一改表现形式，占用篇幅少可以，但不要搞得没头没尾的突然跳出来，让人有点子迷惑
一开始介绍冬谷基金会的过场画面里，背景质感有点不太好，可以继续优化，现在看起来有点像揉皱了的纸一样而且色彩不够柔和，字体也太太太小了吧，而且和这个背景一结合有种扎人眼睛的边缘刺感，希望能优化一下
剧情方面由于只看了这么点，但我觉得开头这个节奏是不是有点过于快了？除了开头那位嘻哈风的器者和玩家似有似无的交流了一下，瞬间就谈到了“公司”，“我”救了另一位器者的事，也没有过多交代我的身份，而且总给人一种自说自话的感觉，没什么交互感而且没让我太大明白发生了什么，也没交代我为啥倒在雨里（可能后面会谈到），后续这两位器者谈话的时候谈的话题也几乎没什么代入感（我连我上班的公司是啥都没完全搞懂），钻衣柜是题外话，就感觉他们两个是在自顾自的谈起公司怎么怎么样，发生了啥啥啥之类的话题，别家的游戏在介绍玩家身份时确实也不会在序章解释过多，但来古给我的感觉就是序章“我”这个角色的存在有种异常的多余感，似乎只需要出现的两个器者在那里聊天就够了的感觉，导致玩家的存在感很薄弱，也没get到玩家背景，后续抓人啥的也是，停不下来喘口气的感觉，而且我整个人还很迷糊...
战斗的话不好说，毕竟只体验了这么一丢丢，但我想说的，这个大招动画真的有股子廉价感，希望后续有钱了能改改，还有这个教学引导真的不太行，既然提到了技能就提醒一下玩家有技能条介绍一下吧，虽然不少人都知道这是啥，但你不点出来而且又做的那么小着实让人难以发现，技能耗条也没说，我一开始还迷惑技能下面的橙色小点是啥，后来发现技能放不出来，又发现血条下面的橙条分几个格格，才明白了这个小点是啥
立绘方面，我个人认为来古立绘只能算是中等水平，不算很好，但比起下面的也很够看了，cg做得比立绘要好是我没想到的，蝠桃瓶的头发线条在立绘表现中有些凌乱不明晰，没有cg中的顺滑肯定，嘻哈老弟过于扁平了，希望后续可以继续优化，看得出来没有请什么知名画师，可能是请的业界新人，有些细节不够好的话只能说是经验不太够，现在希望看看后续会不会优化了
先到这里，再体验体验看看
﹉﹉﹉﹉﹉﹉﹉﹉﹉﹉
过完抓人，一脸茫然，看着主界面开的一堆功能，略微知道是啥可就是没有点进去的欲望，建议做个引导吧，让玩家一开始就大致知道这些功能是啥，后面玩家点进去的时候也会有更多的探索欲望
还有这个货币，不知道是不是日游引进越来越多的原因，现在国产手游也搞付费“钻石”这一套，个人对此不太感冒
UI略单薄，虽然现在主流平面扁平UI,做得好很有科技感，简洁大方，但做的不好是真的丑很容易给人一股子廉价感，尤其是使用纯色填充没有透明度就加强了这个感觉，来古可以考虑使用别的UI风格来契合自己古物题材，也可以进一步优化目前的这套方案，目前看来这套UI观感上真的不太行
器灵界面没有立绘查看功能，希望后面能加入，抽了点卡发现立绘质量参差不齐，好点的也是矮个里挑高个，那个白釉绿彩瓶腿像是被打折了一样，虽然品级低画师没经验，但起码人体结构不能错吧
﹉﹉﹉﹉﹉
战斗界面一言难尽，希望在点选技能的时候能把技能描述直接弹出在界面上角色头像的旁边，方便人看，因为你们长按有种滞重感，操作起来让人不舒服，常击甚至居然无法通过长按查看，要看只能在器灵界面里面看，不知道是不是bug，但真的很影响游戏体验
目前看来立绘都是动态立绘，没有live2d也没有放置动作，考虑到起步预算，后续这方面可以期待一下会不会实装live2d
以及，希望能在编队界面选择器灵点击养成按钮后，再次点击经验条旁边的加号时可以保持立绘不移动，现在就是感觉立绘进进出出地影响观感，可以改成点击加号后旁边的属性详情界面可以右移滑出然后滑入升级界面，这样会更流畅顺滑一些
在致知界面的技能加强这个选项里，可不可以点击查看的时候把原有效果和进阶之后的效果放在一起？分开成两个技能需要各自单独点击对比没有显示成这样的:“攻击力+30% →攻击力＋45%(标红）xxxxxxxxxx(这一段为新增效果）”观感好，希望能考虑一下
技能描述太含糊了，不管是群伤还是单体伤害，全都是“范围内敌人”，麻烦描述的清晰一点好吧，群伤加上“所有”两个字在敌人前面会让人清楚很多，我一开始光看这个完全看不出来是不是群伤，范围内就一个敌人的时候就更试不出来，后面才发现有些技能可以一次性攻击范围内所有敌人...
请点有经验的画师吧，看得出有一位是画了大部分立绘的，但是，在人体结构和表情的把握上真的做的不好，一些一开始是小透明的画师虽然细节把握不到但也不会出现这么多的人体结构错误啊，感觉就是整体崩坏，角度崩坏，在二次元手游里这种立绘只能说是中偏下，主要是画风比较清透支撑住了第一观感，但真的禁不住细看
二测
只能说是一般般，剧情也没改，立绘方面有些突破立绘还不错，但抽的多了会发现新的器者立绘质量还是令人担忧，很少有立绘能让人看两眼就记住的，也说明了质量一般，而且画风同质化明显却又不鲜明，导致大体看来都不怎么出挑
周常日常可获得的钻挺少的，挖完矿之后如果福利更不上，肯定是要吃亏的
体感就是让人有种莫名的无力感，很难让人提起兴趣去玩，可能也与养成有些杂乱有些关系，战旗的玩法却不是很鲜明，引导还是照常糟糕，没让人抓住角色运用的基础，特点倒是教了但基础还是没给你讲
再这样下去，公测是真的很难让我有兴趣玩下去了",15.0,3.0,
223324,物华弥新,28833492,2022-01-07 14:41:55,5,31772514,冷月如水,华为 荣耀Play 4T Pro,168240.0,[],[],5星期待😁窝1个懒得要命的人玩儿这游戏居然手动得还挺开心。。。厉害了😍目前唯一觉得不大好的就是材料掉的数量和要用的都成反比了。。。未免有点打击积极性😌,,,
223324,物华弥新,28827816,2022-01-07 07:50:25,5,19913976,工部侍郎花咸咸,Android 设备,,[],[],"参加了一测和二测，非常期待，讲点二测的新东西
二测大部分的大招动画都变了，有好有坏，越王勾践剑不秃头了，但是我老婆舞砖的没有一测的好看！让我一见钟情的舞蹈动画！给我改回去！！（嘶吼）另外一测的时候很多大招都单独的一小段音乐，比如我老婆的盘鼓舞，非常好听，还有白石散月我记得也有，二测基本上没有了
问卷里说ui变了我是真没发现……
远征的玩法还是没有开，外传和模拟室都很喜欢，基建目前只能泡茶，喝茶加好感的玩法挺喜欢的，希望不要搞家具，不要家具，不要家具，不想装修
二测新增了很多角色，咱就是说，狙和奶是不是稍微有些多……（多到天蓝瓶惨遭降级）外籍文物的外文配音非常喜欢，希望下次能有可爱花束的配音！
主线，主线有点难啊我觉得……打五柱器那关卡了一次，还有3-11，我就特别想在火婴跳上去之前给他干死，尝试多次无果，换了铜奔马宝贝，卡了几次站位，过关的时候只剩芙蓉炉一个人站着，说好的63级呢……
花朝节活动的剧情很喜欢！兑换商店也非常大方，希望公测也这样，别逼我跪下来求你
二测欧到无法直视，纯纯阳寿抽卡，希望继续保持👍🏻
最后，画像砖都是我老婆！希望下一测可以让我拥有商鞅方升😋",,,
223324,物华弥新,28737167,2022-01-01 01:51:35,4,427982186,火红之枫丶,小米Mi 11,,[],[],"1.剧情有不少出戏的地方。我猜想把“曲解”改成一个更中二一点的反派名字可能会更好一些，因为你们做的反派有些抽象。第三章结束后我觉得把曲解这个东西的格局做小了，到了第三章我还是一直在重复打曲解，而没有告诉我曲解的来源是什么，曲解从什么时候开始出现，这类的，就觉得刻画不是很全面。我甚至觉得曲解可以是从古至今一直有的，比如勾践剑夫差矛可能自君王时代就在对抗曲解这种。
如果可以的话让反派生动起来剧情才够立体。另外，蝠桃瓶和其他器者总是一口一个“收藏家”地叫，让我觉得很是有距离感。但是我可能双标了，阿米娅叫博士我却觉得不出戏，还是你们具体考虑这个称呼吧。
2.战斗系统单调，容易玩腻，如果战棋没办法做得更好，尝试在战棋界面增加一些新的玩法，另外，关卡的琥珀成就能不能直接做个界面放出来，我是偶然看到那个小按钮才知道原来可以提前看到挑战。是否有些太逆天了？
3.抽卡效果不够华丽啊，ur卡的抽卡效果就跟普通卡效果一样，也太不吸引人花钱了吧？这么用心做档案，为什么不把钱圈明白？比如抽到ur卡可以用本体文物做个华丽的动画转变为器者和收藏家打招呼什么的，抽卡游戏不就看个出货动画吗？
4.我不知道是我的问题还是你的问题，50％的歪率太可怕了，因为目前我的4个ur全都是歪的
5.很欣赏也非常喜欢你们什么地方的文物就用什么地方的语言这样的魄力，但是玛雅的文物用的是西语的配音这是否有些讽刺？另外，勾践剑夫差矛和蝠桃瓶的先后辈关系是怎么体现的呢，毕竟勾践剑是女性，剧情中蝠桃瓶却用了“先生”的称呼，我知道不一定是ooc，但是先后辈关系得先凸显出来我才能觉得这个先生称呼不出戏啊。",1.0,4.0,
223324,物华弥新,28805319,2022-01-05 14:28:33,4,6113705,莲华经,小米Redmi K40,,[],[],"是一款非常细节但缺点也同样明显的好游戏
以下全是我的感受和建议
1.画风乍看很华丽，但实际有一部分作为游戏商业立绘完成度非常低，很像摸鱼产物，点名批评上阳台帖，明显画手无法驾驭大叔型立绘，脸是娃娃脸，皱纹就像脸上的脏东西一样，非常奇怪，服装上色和设计的完成度也非常低
2.角色：台词非常非常棒，把角色特点凸显的淋漓尽致，但是部分女性角色过于标签化，甚至有点扁平，希望能用更真实的逻辑来细化人物，同时男女角色相比之下，男性角色露的太少了（不能只有女角色卖肉啊，摔！），全部都包裹的严严实实，如果想吸引女玩家（比如我这种），建议能用的男角色多出点多露点（说实话如果公测特级男性角色还是只占3/16左右，我不会再玩了），如果只是想要男玩家的话那当我没说
3.UI：UI设计的很用心，但问题也很明显，非常反人类，各种交互键都太小了，特别是战斗，经常点三技能点到待定，另外就是功能不明确，目前感觉功能划分很杂乱，有些甚至藏的很深，不利于新手上手；单抽界面每次都要等，求出个跳过功能。音乐对整个游戏UI正面影响非常大，所以实际上如果关掉音乐在玩这个游戏，会被界面的杂乱烦死
4.战斗：不擅长数字测评，所以就提一点点小建议，希望出个快速双击敌人就可以普攻的功能，等走到敌人面前再点敌人才能普攻真的很影响游戏体感；希望自选器者战斗的主线也可以开自动
目前就这么多，待补充",,,
223324,物华弥新,28820596,2022-01-06 16:01:25,4,2425332,非法字符,华为 Mate40 Pro,,[],[],"最后一天，写点感受
一，大家最关心的，抽卡爆率，说实话感受一般，出货了不是很高，但非常非常容易歪，我同时肝b服官服两个号，加起来绝对500抽以上，我居然两个号一共只有四个up角色，我最欧的一次3红，居然能全歪！
建议：爆率和歪率至少有一个要解决，不能两个都让人感觉难受
二，很多人提的拼音问题，初始那个角色真的，他们说的挺有道理的，请个专业rapper吧，其他的我觉得也有可以改的，蓝卡金卡没钱没关系，但红卡，特别是限定红卡，绝对不能拉！
三，战斗我觉得玩法真的挺好的，我反正挺喜欢的，但是那个代理，太！蠢！了！他能不能直接复制我的操作啊，自动就说了，那个挂机，我已经完美过关了一遍了，他就不能按我的操作来吗，一定要自己发挥，翻车率太！高！了！毕竟那些脆皮死一个直接完美评价没了，代理必须优化！这个比抽卡体验更加重要！！！
四，角色养成我觉得还可以，没什么问题，就是升命座那个还要钱我觉得不太合理，不过关系不大。
五，奖励问题，现在原本不算送，就纯肝的奖励，我觉得还是有一点点问题的，首先前期开荒送的有点少，不是不能玩，但玩2天了一个红都没有确实有点打击游戏热情，我建议就加一个新手保底，前两发十连必出红，至少保证高强度肝一下午能抽出一个红就差不多了。然后游戏后期好像除了活动和日常没有什么稳定的抽卡资源的来源，也可能是我不知道，毕竟测试到现在一共玩了6天，我还同时玩两个号，每个号时间不算特别多，反正这种类似明日方舟剿灭的东西还是有必要的。
另外的什么关卡的挑战我也相信你们肯定会改的，不该你必死无疑，所以我也不多说了，这个剧情和题材我是真的非常看好的，我当年甚至专门为了你去的漫展就为了体验你的玩法，你千万不要让我失望啊",,2.0,
223324,物华弥新,28820206,2022-01-06 15:27:13,4,12173846,QQ用户12173846,联想Z5,,[],[],"只玩了两天，画风很喜欢，立绘好看，玩不明白所以扣一星，四星期待。
目前的感想:
1.战斗体系有点复杂。感觉元素太多，引导的时候感觉被一股脑的填鸭，对于没有玩过这类游戏的我感觉很懵逼。
2.道具产出挺少的。一局掉的好少，打一局又好久（可能是我不会玩）提升很费劲。
3.战斗操作希望可以优化。如果可以的话返回和待机区分稍微做大一下，有时候点到攻击范围外的敌方以后返回，一不小心就点到待机了。
4.自动ai太傻。放技能是真的不会挑时候和地点这个ai，有时候不需要奶的时候放治疗技能，群攻经常变成单点。委托战斗也需要很久的样子。
5.突破（？名字没记住）超过六次以后的材料利用。多的球能看到但不知道怎么处理，或许可以做一个兑换的比例换别的球看看。
6.委托时候的体力设置。既然有委托这个设定，是不是可以不局限于现有体力，允许嗑药刷材料什么的，如果是我没有找到地方那就当我没有说。
以上。


",,,
223324,物华弥新,28818666,2022-01-06 13:37:32,3,33844005,初南,Vivo V1962A,73200.0,[],[],"二测玩家。优点就不提了，大家都提过了直接上缺点了。
测试给的很大方，十连天天给，基本上抽全了，英雄也看了大概，不得不说各有特点就是驱散没啥用，里面没有带毒的。
AI看着真的很恼火，除了奶妈会用职业技能以外，其他人仿佛就一白板。AI要不行，不如改成那种复制我上局的打法来(≖_≖ )但是你的机制我觉得很难，别人是克制非克制，你是闪避暴击，只能说在修修AI叭，或者你看着来，反正给我把AI整一下。
委托不能分屏，你能想象吗？不知道是不是我手机有问题哈，手机型号也给√上了，就是如果委托正在打，我分屏就会暂停！我看了半天没人提这条，莫非大家委托都不后台？还是说我手机不适配后台？不过也可以后台，指的是我能在加载中那里分屏就可以后台，如果已经进去打了我就不能后台了，点一下暂停一下，暂停之后点一下让他继续动，好，我点开qq聊天框，得，又暂停了(ノ｀⊿´)ノ
有些资源一局两个，一个娃要八个资源，常常供不应求，其实体力本身加上药剂还是够的，主要是资源掉落显得体力好像不太够。
顺便三餐不打算给孩子加上吗？早中晚餐啥的，顺便不要卡时间，跟隔壁花果山一样每天都能领，而不是卡着两小时领٩(•ω•ଓ)=33
掉落率本身还是可以哒，但是我没看见强娶？是我少看了吗？大家抽这个池子当然是为了这个器者，要是没有大保底（指强娶），我觉得很多人心态得崩。
剧情要语音！我要听剧情！！我要听见他们说话 (˘͈ᵕ ˘͈❀)
偌大公司天天泡茶感觉怪怪的，不打算拓展拓展公司吗？比如帮可怜的青铜器买买她想要的那个什么来着的？啊我忘剧情了(⑉꒦ິ^꒦ິ⑉)或者在加一个什么类似家园系统的呀～
好感度我以为会有些什么好感剧情加深印象，结果只是加战力总觉得缺了些什么，隔壁玩偶可以学一学他们的那个好感度，又有pv又有剧情什么的。
器物拟人本身就是一个很好的题材，我总觉得这个题材还能在发挥一下，玩的时候总觉得差了些什么，有点泯然众人矣的感觉，感觉缺些什么内核吧？
我仔细想想觉得在好感度里面可以加加他们的身世来历啊什么的，当然主要看你们怎么做。
游戏完成度已经有大半了，除了bug有点多外ヾ(´∀｀。ヾ)不过bug不打紧，游戏总有bug的，大家也等着靠修bug来发家致富呢(◦˙▽˙◦)
衣服很好看，可惜咱看不见特效，新衣服咱要新特效啦！
啊对了，希望加些跳转功能，比如我要抽卡啦，结果没有十个信封✉️，还得退回去买，然后再进来，比如那个金豆子，要不是后面刷本刷多了才知道金豆子是刷本概率掉落，新人进来那真的是一脸懵逼。
差不多就到这里了，测试服我一般分打的都会低些，给予后期测试压力也可以在后期测试表现好给予更高评分。
总的来说，游戏还有很大发展空间，期待下次测试吧。",2.0,23.0,
223324,物华弥新,28817201,2022-01-06 11:50:06,4,231514,唐人,华为 Mate40,42060.0,[],[],"UI设计我好喜欢
公测gkd😚",,1.0,
223324,物华弥新,28816739,2022-01-06 11:12:38,4,3316340,冥愆,Android 设备,42300.0,[],[],"二测快结束了，来一波评价(ㅤ^ω^)
立绘★★★★☆
画风统一没有明显的品质断层
音乐★★★☆☆
场景音乐不错但是有个别地方略有割裂感（个人感觉）
配音★★★★★
呼呼呼，白釉绿彩瓶的招呼太好听了o(*ﾟ▽ﾟ*)
还有宋金项饰的一字一顿也很用心
人设★★★★☆
挺契合原文物属性的，另外宋金项饰的新角色召唤池PV做得很惊艳（配乐好听( ﾟ∀。)
技能设计★★★☆☆
职业技能都挺有特色。但是——但是点名批评群攻系技能的自动ai，尤其是近战（没错就是你上阳台帖制盐砖）明明可以覆盖复数敌方目标，非得后退一格当远程单C来使ᶘ ᵒᴥᵒᶅ
地图设计★★★★☆
很保守的战棋地图，不过……某一关（我不说是哪关ᶘ ͡°ᴥ͡°ᶅ）与敌方接战需要七拐八拐数个回合，狙击也难打到，平白浪费了时间
总评★★★★☆
一点小建议：派遣公司的喝茶就光加感应是不是有点单调，可以加一点新功能，比方说我给没招募的加感应到某个程度可以招募ta或者提升ta在池子里的up（仅个人yyᶘ ᵒᴥᵒᶅ估计也没法实现就是了）",2.0,3.0,
223324,物华弥新,28783659,2022-01-04 05:51:53,4,83973651,葵橘_v,华为Mate 20 Pro,23640.0,[],[],"首测没赶上，二测有了！

…不要看时间，这个不准。立绘是真的美呀！希望战斗场景中的q版小人能再精美一下。。很喜欢加载时的过场图（关于曲解、器者和基金会的）。

…就是说那个每张地图掉落的养成材料，是不是有点少啊………。一局掉落一个，前期体力都不够养的。我好穷啊。 (*꒦ິ⌓꒦ີ)我现在主线到2-2都没继续推就专注养器者还没养几个。

很喜欢器者的台词和立绘。期待公测上架~。
噢噢！还有…………拜托了允许孩子分屏吧。。不想委托还盯着，我想分屏回消息啊！！",1.0,,
223324,物华弥新,28812321,2022-01-06 05:17:31,5,4985878,老玩家,Android 设备,,[],[],"不错了 体力太少 多一些低级材料的获取途径吧 不然要浪费很多体力去刷低级图 体验就像上班一样 就算加了扫荡或者自动合理了 体力用在这上感觉也很不值
角色重置还是弄一个吧",,,
223324,物华弥新,28809447,2022-01-06 01:01:36,5,25179431,阿珏,Android 设备,,[],[],画风和剧情都喜欢，配音真的好好听，喜欢。希望以后越来越好。,,,
223324,物华弥新,28754036,2022-01-02 02:25:20,4,16798354,猫猫侠,一加手机8,70560.0,[],[],"暂时4星。
首先，我喜欢游戏的美术风格，ui设计很好，作为一个颜狗这是我给四星的理由。
然后，玩法上就是普通的回合制打打打，策略性……也有吧，但我不是喜欢策略型游戏的类型，如果策略性过高反而在我这里低分。
目前来说，游戏内的玩法基本都能理解，抽卡概率也就那样，我比较非，没抽到什么好卡，但也能玩，毕竟低阶卡容易升星是常识了。
提一些意见:
1·虽然美术风格很好，但希望ui排版能更合理一些，颜色更醒目一些。配色好看是好看，但有些地方就会容易被忽略，比如主页的【副本】【派遣】，因为和背景颜色相似，第一眼看过去还以为是背景上的图案。还有关卡挑战，右上角太不显眼了，还要点击才能看全，直接放在编队下方不是更容易看吗。
2.抽卡cg希望还能更快跳过，抽完卡后还要看着那一堆蓝色慢慢开出来也是挺焦躁的……等于是把你的折磨从一秒延长到三秒。毕竟抽蓝卡才是常态不是。
3.虽然知道要过剧情，但我个人真的不太喜欢有限制上阵这种设定。我辛辛苦苦拉起来一只强力器灵，结果这个关卡你却给我限了……你们知道那种感觉吗……
如果是强制要玩家试用器灵，我建议把这个单独做一个试用的模块，给一点奖励，玩家想试的时候再自己点进去，也是可以的。如果说这个器灵是本关必须要带的主角，那也可以作为第六人出场啊，很多游戏都是这样的，为啥非得占编队的一个名额，用得有点不爽。
4.希望关卡能有多轮怪物的提示，比如1/3、2/3这样的提示，这样我才好知道我还要打多久才能结束这一关。而不是在我以为我快要打完时，忽然又空降一波怪物😅
5.获取体力的渠道还是太少了，每天除了花钻石买好像就没别的渠道了？而且恢复得也很慢，希望增加。
6.自动战斗警戒系和轻锐是没办法释放职业技能吗？这个没办法添加吗？
7.希望属性界面点击属性时能弹出说明，比如行动力和速度，我没太明白两者之间的关系，想点属性看一下说明却发现没有。自己探索当然也可以，但是直接加个这样的功能不是让体验更方便吗？
8.希望增加武器技能和武器副属性的说明。比如武器技能是战斗中使用武器时才生效吗？还是装备后就立即生效？
9.还有战斗时，人物状态没办法看到吗？比如攻击力提升，或者其他特殊状态？不会还要一个个头像自己点进去看吧？可以直观地直接显示在q版人物血条的头顶吗？
————暂时那么多，其他想到再说————
1.3再加一条
10.【派遣】功能护送路人npc到指定区域的任务，希望优化自动模式下，怪物清除完毕后，npc即刻进入区域，然后战斗结束。而不是六个器灵还在那系统ai轮流待机，一个一个轮，直到npc进区域了才结束战斗😂我本来三回合就打完了，可ai还给我白等六回合，有点没必要。而且如果还开着音量，器灵发出的语音就跟收音机短路一样，很吵。
1.5再增加
11.花朝节活动的资源兑换好像每次只能兑换一次，希望优化成一次性兑换。不然像20个经验书的要点手机20次，很不方便😅
12.游戏里好像是把【魔法】字样全替换成【构素】了，包括魔法攻击也叫构素攻击（可能是为了更古风，不西幻？），不过我发现好感度界面仍然显示是【魔法防御】的字样，是还没更改还是？",,9.0,1.0
223324,物华弥新,28799856,2022-01-05 08:42:54,3,19921881,唐阮阮,荣耀 V30 Pro,59460.0,[],[],"除了文物背景是加分项以外，感觉也没有什么特别亮眼的。
新手引导十分拖沓，希望有直接跳过引导的选项。
然后我十分不理解的一个地方，首次强化只能到15级，想要突破到30级，需要用15级的角色去打30级的副本，真的给我搞蒙圈了，15级的副本确实掉30突破素材，但是几率掉落，你考虑过脸黑的人的感受吗。
希望有扫荡，而不是委托，强行拉长游戏时间真的没必要。
优化有问题，玩的时间长了发烫还是其次，主要是卡顿。
最后问一句，这又是一个没有重生系统的游戏吗？是我没找到吗？",,,
223324,物华弥新,26854371,2021-09-11 06:57:22,4,35456624,鯊鋽,小米Mi 10,24120.0,[],[],"有幸拿到测试资格
我也是看到某些群里才知道的这款游戏（我也玩不少游戏，咋就没看到你游呢）
给立绘打一分，立绘是真好看啊，文物的上的特色还有一些细节做的都挺到位的，真不错
一分给技能特效等的，技能确实不错，大招动画也挺有意思，每个器者技能有自己的个性
一分给游戏模式，自走样式带有技能，玩法挺好的，有什么卡主或者其他的，还有地形设置
扣分扣在自动啥的，前期5级6级的，没有自动太不方便了，还有就是技能动画不能跳过，浪费一些时间，对于一些喜欢游戏却没太多时间来肝游戏的太不方便了
游戏是个好游戏，可以常玩，期待二测以及公测能更好
------------------------------------
刚写完问卷，忘提一点了，就是那个升阶的那个还需要货币这点建议取消，一测忘记有没有了，我觉得这点有点多余，不经意就花费过多货币，还有红点提醒，有点难受
还有就是关卡的挑战应该更明显，有的时候忘记了或者没看到错过了，没拿到奖励会掉分的
------------------------------------
二测没有玩太久，也算体验了不少东西，增加了一些活动
活动很好，奖励也很丰富，活动玩法也很有意思，加分呐
增加了自动自己委托，减少了一波肝度，这点大赞
没啥夸的了，也没有什么bug以及建议了，祝你游尽早公测好吧_(:зゝ∠)_
",2.0,35.0,6.0
223324,物华弥新,28744068,2022-01-01 09:10:19,4,20689034,王皮鞋不卖皮鞋,华为畅享10 Plus,,[],[],"我是在b服玩的。在这里也说一下不足吧。
①关卡难度有点大。
②体力不足，资源难以收集。
③主线剧情老套。
④刷材料时，我会分屏或者开小窗看别的东西，但是只要我动了别的屏幕，战斗就会停止，显示要不停止战斗，我希望这点能够改一下，不然分屏或者开小窗就没有意义了。
⑤切换界面到别处然后再切换回来游戏界面时候，游戏界面会卡住。",,,
223324,物华弥新,28796923,2022-01-05 04:52:09,4,43285762,子道丶,努比亚 Red Magic 3,41580.0,[],[],怎么说呢…二测太肝了……肝不动了，强烈建议优通关之后 开个扫荡,,,
223324,物华弥新,28796761,2022-01-05 04:42:15,4,119806836,阿鹳鹳,红米 K30 5G,163920.0,[],[],"暂时四星。一测错过时间，仅参与二测的玩家。武器没怎么弄，说说体验。
优点：
一、有背景支撑，感觉主线在下一盘大棋。那大概率不会出现后续剧情疲软的情况。
二、器者各有特色，性格鲜明，立绘，小人和cv都很棒。满足一切XP。哈哈哈哈。
三、音乐好听，别具一格。
四、器者职业划分有趣味。
缺点：
一、从器者养成线，体力与养成材料配比来看，游戏氪金点还是多的。抽卡的投入只是一个开始。希望处理好相关事宜，不要太狠。
二、体力与养成材料配比实在不能看。体力获取途径单一，回复时间长。体力能够产出的资源少得可怜。对于器者的养成实在是太不方便了。请缩短回复时间，增加体力获取方式，适当增加材料掉落数量。
三、由于养成不易，如果养错了器者，沉没成本过高。希望可以有适当的养成材料归还方式。但如果二的问题解决了，三的问题也就不是什么问题了。
四、故事背景庞大，器者众多，三章想要交代的东西很多，覆盖面广，内容量大，导致线索繁杂沉浸感不佳。
四、器者致知升满了之后再抽到该器者的处理方式不明。
五、器者立绘很赞，但是有些器者突破后的立绘就有点跟不上。如果可以希望可以做下问卷看看玩家对于突破后立绘的看法。毕竟美术是游戏一大特色。
六、在一个关卡里如果不止一波敌人的。望显示。

最后祝来古弥新越来越好。让更广大的玩家能够体验。",3.0,7.0,
223324,物华弥新,28789338,2022-01-04 13:41:33,4,59025251,风雨千绸,华为Honor 10,22500.0,[],[],这游戏怎么说呢，独家特色算不上有也算不上没有，挺不好说的，玩法也是常见的这一类。考核通用的材料获取一次给一个，就得一次一次刷，总体力也不算多，刷几次材料副本就不剩啥了。总体还好，倒也算在可以接受范围内吧。,,,
223324,物华弥新,26780264,2021-09-07 10:14:29,4,463135,听,华为 Mate40 Pro,49560.0,[],[],"二测内容比一次丰满了不少，多了很多小内容，人物技能也做了改变，从全屏技能变成人物较小范围特效，我个人很喜欢
人物立绘一如既往的精致，就是质量有点高低不齐啊，有些50级的立绘好像还没原来的好看，部分还是需要修改一下的（而且我是希望都有live2d的 进化后变静态图了有点可惜 当然以后皮肤是动态的也行）
战旗部分感觉也还是需要修改的地方，感觉同职业有些角色的技能太过相同，可能之后人多了会出现有些角色过于下水道根本没有上场机会，希望人物技能还是能更突出个人特色（像是反击伤害盾和嗯抗嘲讽盾设计就很好，但是输出职业就有些雷同，像是即使都是轻锐，但你可以一个可以跑的一场快，类似于骑兵，一个设计跑的比较慢点，但是一击暴击类似剑士，差别还是要大一点）
还有一点就是 就是什么来着哎哟我之前想好，结果打着打着字就忘了，等想起来再说
总之游戏整体还是很不错，期待公测",,,
223324,物华弥新,28785496,2022-01-04 08:34:10,4,2281181,GoJi-Akkara,华为 Mate40 Pro,21960.0,[],[],"一测玩过
这次谈二测的
以下发言为个人主观意见，不代表任何人
先说好的
大招画面改了挺好，原来的全屏特效对战场的割裂感太强，现在舒服多了，动作也比原来的好，值得表扬。
然后说cv方面，原本的哑巴现在会说话了，挺好。
音乐画面还是一如既往的优秀
接下来主要谈缺点吧
1.致知提升花费的钱太多了吧，前期提升致知花费比升级还多，难顶
2.ui界面方面，为啥抽卡按钮比角色养成按钮还大？视觉引导方面个人感觉不是很合理。 器者征集这项建议独立多弄一个按钮，每次都要进召集再翻太麻烦了(参考隔壁明日方舟的公招)，或者跟装备制造那个放在一起新开一块
3.任务奖励的一键领取能更一键一点么，任务可以有层数，但是能不能点了一键之后全部领完，每次都要点好几次一键领取
4.有时候攻击音效跟画面动作踩不上点
5.代理战斗能优化一下ai么，狙击打大盾，法师打法师，绝了，两边都抛光，看得我一脸疑惑。要不然让我看自己的作战记录也行，我真怕自动战斗的ai会翻车
7.体力获取途径少，就那点，不够
8.怪物波数，数量希望在局内有提示
9.最后是一点杂碎的建议，主页的器者看板可以调节位置和大小就好了，编队能多点能改名就好了
先这样其他的想到再补充吧
",,1.0,
223324,物华弥新,28783293,2022-01-04 05:18:01,4,112350324,poiko,小米Mi 11,,[],[],"两次测试b服都抽到了，我是来看立绘的所以剧情上不点评。(体力，玩法啥的其他大佬有讲，这里也不说)
立绘大多数设计感真的很棒，希望后面新的器者保持，但有一些立绘确实有点崩…还有点像草设，没有细化过的亚子。
另外，还有配音，有些是真的不贴脸啊宝！！！(天亡簋有点强行rap＋捧读了)
UI虽然有一些小不足，但是总体风格我很喜欢。
关于概率，和其他游戏一样，没啥大问题。但是我确实非的不行，就抱怨一下，从测试服开服到现在没次出红基本都是50抽以后了，还一直歪，就没有不歪的！！！！！比如今天送了很多抽，又肝了一点，估计抽了100抽左右吧，就出了两红，还又全部歪了，希望正式服开服我不会这么非了orz",,1.0,
223324,物华弥新,28734647,2021-12-31 17:36:31,4,112850853,User112850853,小米Mi 11 Pro,,[],[],"立绘和音乐都是很棒的，这也是唯一的一个国配我听着居然不尬的游戏
但yysy，这个养成真的好累，你说你需要的素材多吧那也没问题，我慢慢打就是了，那你这个委托ai是不是有点太智障了，舟游看纪录片是看纪录片，那是可以复刻你操作的啊！（提粥是因为这养成系统一股粥味），那ai操作血压高也没事，大不了我挂着，但你一天就三罐体力是几个意思，求求了，多给点吧，真的不够用啊
还有那个基建，只能喝茶是不是有点简陋噻
但总的来说还是很好玩的，很符合我一个slg爱好者的胃口
（但为什么我这么非呐？）😂

增加评价：已经打穿了三章了，还是要说一句，多给点体力好吗？",,1.0,
223324,物华弥新,28780086,2022-01-03 18:59:57,4,45802409,鲫鱼,Vivo V2024A,,[],[],"刚清体力结束，说一下我的感想。2次测试都参加，有些功能直接改🉐不认识，但我只有这次才注意到体力恢复居然8分钟那样，我？？？拜托，一个材料关才掉几个材料啊？？？派遣喝茶的动画很可爱，但今天好像是遇到bug了，红点消不掉。有些关卡的完成要求和隐藏挑战可能差距有点大，再加上有一个评级优良中，我觉得，初期过关能全达成的难度比较大，也可能是我玩这类游戏是第一次玩。。不是很会(有时候不理解行动范围是怎么铺路走远一点的)目前我认为剧情关卡难度大于地图里的材料关(1 2 3 4 5这种)然后是职业对应的材料，不同职业在同一个难度(子丑寅卯)下掉的东西居然不一样？？？构素打 寅 能掉黄色徽章，而轻锐就不会？？？(白天我起来再研究下这里)  需要改进的应该就是委托了，直接做成扫荡方便你我他。 关于常驻池底下的征召(？)我不是很懂它的意义。花时间，最多4个格子 这是要干嘛？召唤一个蓝色器者还有这种待遇？这个征召券我也不清楚是怎么得到的，应该是类似免费池(经典友情抽卡池那种味道，或者是每天一次免费抽)  主页的排版怎么说呢。？建议是把常用功能做大一点，哦对，还有体力只能在主页买，不能在进去关卡前补充，这个功能希望以后有。还有，你家材料对应的简版图标，有时候不是很清楚，因为获取的时候看到的是大图标，进商城购物的时候右上角显示是简版图标。
我还有一个很难受的点，作为新手玩家，就是没能很快速的记下材料的用途，这里面的材料种类还挺多的，毕竟好几个职业。 基本都是点开条件需求再转跳去关卡打。或者再优化下材料的名称使它与它的功能更紧密一点？也可能是我没有用心玩，毕竟元旦3天都在外面玩。。大概懂一点，但感觉又什么都不懂。。全靠c(小龙？)和奶妈(蓝色水母？)这两位带飞。奶妈性价比太高了QAQ，配合上会掉血换伤害的c(小龙？)太爽了。

咱也不知道为啥，我这里像是捅了轻锐的窝。。。

能来点攻略的话就太好了，现在体力优先打考核材料再升级，不够钱再打金币，制造的目前上场的能用上红色武器感觉就够了。突破蓝色器者也不敢，虽然已经溢出材料，但，咱穷。",,,
223324,物华弥新,28777963,2022-01-03 14:17:08,1,106582159,神使,黑鲨游戏手机 3,41220.0,[],[],傻逼扫荡就是开个自动让ai打让我再看一遍每把还不一样还有盾跟战略这俩职业有什么用除了立绘lj的一比,3.0,1.0,
223324,物华弥新,28724893,2021-12-31 05:27:58,3,24787193,Tiio,iPhone 11 Pro Max,53100.0,[],[],"参加了二测 目前打完了第一章Boss（没有体力了）总结一下这游戏音乐 配音 角色画质 文字描述都很不错 希望战斗建模参考一下天地劫（战旗天花板，不管是技能特效还是人物建模都可以借鉴一下）或者少女咖啡那种立体小人风也很可爱（目前的建模感觉有些幼稚，还没有小怪精细.战斗特效很一般）既然走战旗还是希望战斗画面好一些、操作流畅一些吧！
玩了几天 卡关3-4 小怪的血量 攻击数值和数量真tm高",4.0,4.0,
223324,物华弥新,28773334,2022-01-03 07:56:30,3,320533,Stable,Android 设备,,[],[],"玩了两三天了，写点目前想说的建议和一些bug，希望下次测试可以内定我一下，嘿嘿。其他想说的我补在末尾。

建议:
1、绝技动画开关。
2、升级提示红点可不可以去掉。
3、招集开锁界面加个跳过。
4、不同品质的角色提升致知消耗的冬谷币不同。前期想不想升级绿色角色的致知，但那个红点在那蛮扎眼的，升级了缺钱特难受，建议去掉或者折中点便宜点。
5、每日任务、每周任务、成就界面的一键领取奖励可以把同一界面几层的奖励全领了，连着点几次一键好奇怪。如果改成三页同时领也行，嘿嘿。
6、保护关卡的保护角色，可以改成距离2内有地方角色行动距离变成1，不然一直站桩，跟保护对象并歼灭敌人有啥区别？难道全靠那种带位移的角色去推人吗？你可以吓的腿软，但是不能原地罚站吧。
7、水平跳跃和垂直跳跃可以再优化下，除了轻锐是1.2，其他都是0.1没什么特色。
8、抽卡时下拉状态栏动画会停，可不可以改成不停的。
9、自动战斗逻辑，憨我能理解，但是能不能加个释放绝技前对怪物目前血量和期望伤害的对比，如果普通攻击就能击杀就不释放绝技，而是用普通攻击。看AI对着残血怪放绝技真的血压拉满。

bug:
1、第一次进入关卡 来古:壹 中，如果先前在编队界面编辑人数超过蟠桃瓶的位置(第四位)，会直接下场原应上蟠桃瓶的位置的角色。若先前为满编队，则无法上场角色，直接开始。
2、开启派遣公司后，进入品茗，泡的茶不一定是碧螺春，我的是峨眉雪芽，碧螺春在后面。
3、主线关卡，用绝技击杀最后一个敌人，概率无语音?
4、成就界面进入易物所，概率出现右上角无货币量显示。
5、委托时对屏幕监控有误，无论是点击分屏另一半，还是点击画中画的窗口，都会弹窗是否终止委托。
6、区域派遣的战斗中的保护关卡，击杀完全部敌方还是要等保护对象撤离。
7、远击角色进入瞄准不能取消!手滑点错了可能我要这把重开了，巨难受。

首先是美工，很喜欢，很精致，引导的桃也憨憨的，很可爱。UI有点花，还有好多可以现实在一起的，比如进入关卡前的挑战可以直接写在评级下面，没必要单独放在上面多个按钮。如果说为了照顾不想打挑战的玩家，我只能说都玩战旗了，多个挑战也没什么。
其次就是角色培养上面，主线目前三章的难度梯度有点""陡""。比如在刚刚解锁装备模块时候，很容易被追着打。后面等级一致打着不累，但是等级略高就开始闭着眼打了，只能说很无脑。如果主线关卡首次过关时可以把个人角色锁到固定等级区间可能会很好，照顾没练起来的角色，也可以限制过分强的角色。
然后是指引模块，只说了角色的属性方面克制，可以把兵种的一概说了，特殊的可以注明一下，本人铁憨憨玩到现在还不知道兵种克制是什么情况。时不时被怪秒了。
最后是数值策划，出来挨打，那个关卡难度梯度问题和你离不开关系。还有那个武器模块，武器自带随机词条和强化升级是吧，不出意外应该是后期所有玩家的区别了，如果随机词条的范围很小咱就不说了，如果很大的话，我只能说拜拜。打关卡凹暴击凹miss已经很呆了，这种养成模块除了恶心人得不到任何好处，你要是为了出pvp，那我就呵呵。",,,
223324,物华弥新,28770532,2022-01-03 04:11:51,5,4095484,米饭匠,华为P50 Pro,,[],[],希望可以再优化一下战斗特效，还有点技能的时候真的！很容易！点到！待机！希望可以优化~,,,
223324,物华弥新,26855011,2021-09-11 07:22:35,5,29835914,dcggg,Android 设备,,[],[],"再次参加2测，我是真的喜欢这游戏美术
相比一测真的改进了很多，特别是战斗不闪退了，夸一下
目前体感挺好
问题大概是
1.体力问题，建议将日常本体力消耗更阶段性细分，初始材料消耗5体力，绿色10体力，蓝15这样不断往上，不然初期就卡很容易磨损游戏欲望
2.画面点击灵活度，有时候按键要多点两下才能反应过来
3.能不能让ai稍稍聪明一点点，我脚打都能优的本还死了两个器者这实在哒咩，怕影响关卡进度就限定必须自己打优了才能开本关自动嘛🙅
4.关卡难度有点左右横跳，然后主线完美条件多变一些吧，我已经快“同时杀死两个敌人”ptsd拉
5.修复下我骑士哥池子老歪，抽不出羊羊的bug谢谢，队伍完全是万花丛了",,1.0,
223324,物华弥新,28768366,2022-01-03 00:53:15,5,392502240,九恋,Vivo V2057A,95820.0,[],[],体力啊缺体力!!,,,
223324,物华弥新,26867540,2021-09-11 18:27:04,3,36940950,晓圆,Android 设备,,[],[],"目前2－11，感觉一般。
材料难刷，二倍速开了也嫌慢。
主线无聊，没有看的欲望。
人物卡面质量不稳定，目前有的越王勾践剑和天蓝瓶作为红卡感觉脸是崩的，扯淡碑和我忘了叫什么的矛的脸看起来也有些奇怪。
主界面ui太乱，不舒服。
战斗时的q版小人很精致，我喜欢。感觉可以在受伤/大招时也插入一些语音，没声音太奇怪了。
b站评分感觉虚高了，我觉得顶天也就八点几分吧。tap的评分倒是比我想象的低，但必须承认的是限号不限下载这个操作真的非常令人恶心。
最后，宋金项饰真可爱(*^ω^*)

——

抽到二测资格了，改一下
越王勾践剑的立绘换了，比以前看起来顺眼很多，感觉制作组是想把其他有点崩的立绘也都用精二来弥补，不过每张卡的精二都很好看
爆率太低了，目前100抽两红（不包括上阳台帖），黄也没几个，也有可能是我太非了
剧情还是没有看的欲望（挠头）
顺便调整游戏音量时，角色大招释放的音量是不变的，耳朵差点瞎掉了(°ー°〃)
其他不太了解，不过目前就算有自动了感觉玩着也挺累，养人真的很累很累，我主线没打愣是把角色全给堆到50级了，不然怕打不过´_>`
最后，小宋金和猫猫盘真可爱(*^ω^*)
",,,
223324,物华弥新,28759261,2022-01-02 08:15:49,5,44100785,一二三,红米K20 Pro,,[],[],立绘音乐加分，剧情一般，ui个人挺喜欢的，体力挺缺的，委托的自动战斗很掉分，建议去掉武器的随机词条。,,,
223324,物华弥新,28754919,2022-01-02 03:25:54,5,5572828,舟梦,Android 设备,73740.0,[],[],"之前没开时长，这两天肝了一下，关卡真得太繁琐了啊啊啊啊啊。
但是我永远喜欢金漆木雕大神龛.jpg",,,
223324,物华弥新,28715221,2021-12-30 08:43:02,4,108884663,rua鱼丸,VIVO IQOO Z1,18120.0,[],[],"说说今天玩了过后的一些个人想法。
首先就是体力问题，体力太少获取途径也少，内测第三天官方只给了一次体力。
其次是剧情。很普通的剧情，没有什么亮点，吸引不了人，看了前面一章就不太想看了，后面跳过就变得没意思。
然后是角色养成，有各种各样杂七杂八的养成，角色升等级要经验卡副本材料，30级50级这些等级下还有分支，人物要佩戴装备。关卡2倍速也挺慢，一次掉落也不多。UI还好，不是很花里胡哨。
过后是卡关问题，从第三章开始就有些卡关了，包括在前面的关卡里有些隐藏任务还没法儿完成。
最后是音乐立绘都挺不错，新手教程也比较详细，游戏里还有器物的一部分科普，值得称赞。
以上。",,,2.0
223324,物华弥新,28753698,2022-01-02 01:56:21,2,12255813,该用户已注销,iPhone 11,,[],[],我觉得骑士鎏金轻锐比较合适,1.0,,
223324,物华弥新,28726695,2021-12-31 08:05:15,4,68959603,溯裕,荣耀 V30 Pro,27600.0,[],[],"总体来说还是不错的！！画风和界面设计还有配乐搭配意外合适哎，有些细节可能还不是很人性化，加油呀！！！
追加一下，剧情真的很不吸引人，战斗玩法很复杂，自动模式不够智能，而且卡级真的很严重，第二章开始战斗难度就有点大了，这边自己等级也上不去，基金币不太够。而且很多玩法需要自己摸索，新手教学很缺乏！！
希望官方可以再改进，不着急公测，真的。画风页面设计该夸是要夸的，但是其他问题还是太大了。",,,
223324,物华弥新,28733227,2021-12-31 15:02:23,4,51752085,越界,华为 荣耀30S,50940.0,[],[],"过到第二章了。我是在这个游戏还不是个游戏的时候就关注了，喜欢的画手太太说要去做游戏的时候就开始等了。
唉我还想着总算有个能放心氪的游戏了…以下几点建议：
1.1-10那张暗示收藏家是男性的剧情CG希望公测可以修改一下，还是希望能够模糊收藏家性别🙏挺重要的，最好重视一下吧。
2.体力不够，不够开服肝，可以适当送一点体力药剂。
3.有些材料来源不清，希望能够在材料缺乏时增添一个跳转键，或者提示可以从哪里获取。比如进行探索的金豆，我至今也没懂是从哪里获取的。
4.关卡中人物对话希望可以修改成为点击屏幕快速显示。
暂且这几点，再玩两天过来修改评论。
-------
今天把第二章过了，依然不知道那个金豆是哪来的，不会是自然回复吧。
第二章的叙述比第一章好了一点，起码有个故事轮廓以及前因后果。建议把“收藏家”三个字换成玩家名称。
优化分屏游戏体验，都挂机了不能让我分屏去看点别的吗？要是做不出来那最好出个扫荡。
据说正式上线是分男女收藏家的，👍加一星。

扯淡碑看起来真的很爱我！嘿嘿 扯淡碑 嘿嘿",1.0,12.0,3.0
223324,物华弥新,28751017,2022-01-01 16:26:16,3,41671683,Kirara-Alice,华为 Mate40 Pro,,[],[],"既然是测试，那就只说缺点：
1.剧情留不住人。手游剧情因为是需要一直更新的，所以一定要能够吸引人读下去，有足够多的悬念，让玩家愿意自发讨论剧情发展。但目前来看剧情很普通，开篇是失忆了、但又没完全失忆.jpg的剧情，各路人马登场太快，再加上教程夹在剧情里（甚至有些教程只是为了塞而塞，与剧情基本没联系），导致剧情看起来很晕，很像白开水、流水账。
2.关卡的难度曲线很奇怪，到了第二章开始就突然需要30级，本身角色培养就很复杂，第二章开始就卡关多少有点影响游玩积极性。
3.画风很好看，但翻了角色的觉醒图，感觉部分觉醒图和立绘的画风不太一样，莫非是不同画师画得？总之部分觉醒图并没有给人很惊艳的感觉。
4.关于抽卡动画，高星角色除了颜色外与别的没有任何不同，没有特殊出场动画，也没有语音之类的，感觉可以再丰富一下。
5.战斗时很容易误触，有时候想点大招的格子，一不小心就会点到待机。
6.既然是战旗类的游戏，原本以为会有职业克制、背刺伤害会加高等设定，但目前来看没有（可能是我没注意），这些还是希望有，趣味性会更高。
7.这类游戏不指望扫荡，如果条件允许，希望能够加一个委托状态下三倍速，还有委托时就按照我自己打的来，别AI了……
8.最后说一个我自己很在乎的：不要太抠，这可是删档不付费内测，十连不说，问卷调查至少也给个一抽吧，怎么只给金币的……
———
UI、画风、Q版小人、音乐、时间显示还有文物介绍我都很喜欢，真心希望这个游戏能做得更好，能够在公测后一年一年走下去而不是成为开服爆一波就火速冷却的游戏。",1.0,1.0,
223324,物华弥新,28750153,2022-01-01 15:19:32,3,18620987,拖把mop,小米Mi 10 Pro,,[],[],"拿到了测试资格所以来评价一下，先说说缺点
1.数值配的太差了，体力获取途径太少，第一天才体验了1个小时不到就没体力了。
2.养成太复杂，目标和收益不够明确。几套养成系统太混乱了
3.美术方面，UI虽然很好看，但是实用性很差，核心功能区不够明显，战斗中的UI也是一样，技能释放的时候很不方便。
4.语音整体缺乏，哪怕不能全语音也希望加上一些语气音配合剧情理解。
5.立绘的水平差距过大，好看的很好看，但是部分卡就比较一言难尽，有比较大的优化空间。另外好歹是文物拟人，至少展示一下原型长啥样吧
6.抽卡动画，高稀有度的卡看不出来稀有，怎么也应该有个动画效果？
7.看录像是坏文明！这个游戏整体战斗速度已经很慢了，还强制用户看录像带体验很差，该出扫荡就出扫荡
8.等级提升的红点提示不需要一直存在，玩家点击过就不要再存在了，看着很难受
9.优化有点差，手机发烫严重
但是整体来说是个好玩的游戏，几个职业都做的很有趣，角色技能动画也好看，战斗小人也很可爱，很期待它的未来！这个3星只代表对当前版本的评分，希望好好优化早日上线！",4.0,3.0,
223324,物华弥新,28748011,2022-01-01 13:06:08,3,49967397,破游戏不如砍树,荣耀 V30,,[],[],"B服玩的，我对这游戏抱有很大的期待。
玩下来怎么说呢
美工没问题，音乐没问题，CV也没问题。特别是画风，非常之绝美。
但是小问题大问题还挺多的。
玩法留不住人的感觉，教学关卡和主线掺杂在一起真的蛮割裂的。第一关的BOSS战挺有意思的，还有踩符文那个关卡，其他……可能是我不喜欢战棋玩法吧，没啥感觉。
剧情的文字太小了，看着很累，似乎在这基础上还会根据语气不同改变字体的大小，你的字已经这么小了，不用更小了啊！！！
建议去掉可以吃经验书升级的小红点提示，然后BOX里边似乎不能左右切换卡牌？还是我没有找到？
福利，我重点说一下福利。没有新手最高稀有度卡牌保底，7日任务送的是SR卡和她的叠卡道具，填问卷的奖励是20万金币，咱……咱就是说能不能参考一下其他游戏的这些奖励……
",1.0,,
223324,物华弥新,28744313,2022-01-01 09:24:47,4,70832117,爱尔赛斯,VIVO IQOO Z1,,[],[],"我就直接说（我认为的）缺点了
1. 战斗有点地方有点繁琐了，有些都是没有必要的步骤，比如近战的多行动一次。再点下确定才能使用实属没必要，毕竟你有悔棋这一步骤。
2.升级的复杂性，复杂一点其实没啥但问题是你没有扫荡，就导致突破要的材料多了。想想角色一堆。还有装备啥的，真的很烦啊，我玩个游戏又不是上班。
3.职业技能当做主动技能导致角色可玩性不高。
4.日常周常的全部领取，你这跟没似的我还是要点很多遍啊，不要一个任务一个任务的出啊！
5.器物的红点！怎么可能全部升级啊，别说一开始我以后也不可能全部升级，点进去再有角色红点比较好或者升级红点直接去掉其他红点保留。
6.剧情上一开始的剧情比较一般还有点莫名奇妙，我不太清楚收藏家的定位，可能也是伏笔。然后后面突然给我整了个大的跟最终章似的，但你中间为什么要插教学关卡啊，导致割裂感很重，而且还有一段一段的你有没有想过你教学关卡之前我就抽到同定位的角色了呢，希望教学关卡和剧情结合好一点或者一开始全出完。
7.最重要的一点，玩家性别。我看开头那个动画还以为那个短发有单耳耳环是玩家可选性别的角色。我当时还想哇单耳耳环，短发看起来很飒的大姐姐好耶！结果剧情并没有让你选择性别。应该模糊性别了玩家也好二创。但是但是，一章最后一节玩家背影明显是男性！我给你讲啊，你这段要是留在公测甚至三测你必被冲！要不模糊就模糊到底，要不玩家可自选性别，准备两张cg。我希望是第二个。",,,
223324,物华弥新,28744044,2022-01-01 09:08:51,4,119223603,User119223603,小米MI 6X,,[],[],"b服被抽中的孩子跑过来w
还好啦哈哈 战棋类第一次打的萌新冲到了2-11
等级差不大的多打几次关也可以打过去
【勇敢孩子副本差距15丝血反杀】
主线还好 画风超喜欢www【感觉越王勾践剑姐姐好像有点崩了可能是我的问题】囤囤鼠式玩家只抽了21抽留30+给室友抽ing 
舞蹈陶盆小可爱很好用诶~俺爱盐砖啊啊啊啊
打斗时间有点长了w主线没有自动对试错萌新不太友好
副本难度跨越太大了啊啊啊啊推不过啊啊啊求求了 简单一点吧 孩子卡2-11了www
贴贴官方大大 被抽中太好了www",,,
223324,物华弥新,28741486,2022-01-01 06:29:27,4,46214232,九月,小米Redmi K40,30420.0,[],[],"缺点:不能随时拉视角，有时候点不到小怪，这个关卡难度也是有够跳跃的，第一天卡第二章，到现在还打不过2—3，移动路线也很迷！
优点：立绘很好看，抽卡概率还可以，福利也很不错，听取意见，今天上号就发了两百体力（但是还是缺！）",,1.0,
223324,物华弥新,28741051,2022-01-01 06:01:46,5,27478316,尼禄凯撒,Android 设备,,[],[],大哥，咱敢多送点东西吗？体力都买不起了，过图就送那么一丢丢石头，你也不开放充值怎么玩啊,,1.0,
223324,物华弥新,28738920,2022-01-01 03:47:12,3,4165474,药用乙烯,OPPO Reno7中国版,6780.0,[],[],"期待很久了，终于拿到测试，玩了一下，总体感受就是好乱……战斗乱 ui画面乱 剧情乱，就是让人沉不下心去玩
很喜欢国风器具拟人的这个主题，其实ui的这种风格我还是挺喜欢的，但是游戏里并没有很好的把它表现出来
总体来说，如果不大改一下，我可能是不太会继续玩这款游戏了
还有，希望可以把画面弄大一点……各种元素都太小太杂了",3.0,8.0,
223324,物华弥新,28738505,2022-01-01 03:22:15,1,9848404,玲珑望秋悦,小米 Redmi K30S,,[],[],各种缺，啥都缺，你这测试服这么抠门是要做什么啊，不让氪金又不给抽卡，搁着拿初始角色打3章boss是吧,1.0,3.0,2.0
223324,物华弥新,28737313,2022-01-01 02:03:54,3,3457746,我的司马懿不可能这么蠢萌,红米 K40 Pro,,[],[],"优点也有但是目前来看缺点也多
美术+1，音乐+1，大神龛+1，没抽到铜奔马-1，10连全是一黄9青-1
1.第一章立绘明示收藏家性格为男，你如果想要性别模糊就画的别那么明显，看到立绘兴趣瞬间低了一半，隔壁白夜极光明示主角是男性，所以立绘是直接画成男的，你没有明示的情况下还把立绘画的好像在性别模糊一样，很怕有个器者会开口叫大哥哥，你要不明示要不改立绘自己看着办
2.b服和官服区别对待，虽然只是一个复制口令去微信里领奖励的东西，但是这个让人很难怀疑你开测之后会不会继续这样
3.福利太抠，就内测的福利而言，一天就只送你一个十连是我没想到的，太抠了，这还是内测，等三测吧，但是就这个抠门样，很难说，希望后续可以改进吧
4.新手十连也没有，新手期有没有红全凭运气，要不然就等7天的自选，最让我不解的是，为什么越王勾践剑是女的，难不成你国宝拟人也要媚宅？
5.每个职业每个角色之间的技能差别实在是太小了，没有自己的特色，有潜伏的怪真的太破坏游戏体验了
6.查看每个怪的属性的时候很繁琐，希望可以简洁化一点
7.设置新手教程可以跳过，玩过战旗的人有点脑子都能看懂，只需要新手指引游戏里的内容就行
差不多就这些，后续也懒得补充了",2.0,9.0,1.0
223324,物华弥新,28735083,2021-12-31 19:00:02,4,52570841,米哈游，道歉,iQOO Neo 5,19020.0,[],[],立绘还行，不过配音好尬。,,1.0,3.0
223324,物华弥新,28734256,2021-12-31 16:46:20,3,24610169,七琮,Android 设备,,[],[],"优点：喜欢配音～整体美术风格也挺好的～bgm也喜欢

缺点：养成太复杂了，看着就没有练卡的动力

低星卡（？）概率最大但是数量最少，来来回回就那几张，重复到完全不想看见他们了（立绘还是很可爱的），至少数量多一点不会那么容易腻

战斗操作太繁琐了，需要从头盯到尾，不适合摸鱼玩手机的时候玩
战斗大招不能跳过动画，看一两遍还好，一直看会腻的(›´ω`‹ )

没有剧情回看功能

目前就想到这些吧，之后再看看",,,
223324,物华弥新,28734263,2021-12-31 16:46:43,4,24812596,命运之目,OPPO A11x中国版,,[],[],音乐挺好，剧情看个人想法，在一些设计地方挺眼熟的（应该是存在一个明确的借鉴对象），目前刚将第一章打完，装备方向还未体验，目前总体上我认为不错，但在战斗操作方面还要优化，领取后界面需要等一下点击才能关掉，我认为可以再优化一下。（我是B服测试号，但习惯在这评价）,,,
223324,物华弥新,28733984,2021-12-31 16:14:00,3,18740605,问道青天.,华为P40 Pro,,[],[],咋说呢…玩的真累人,,2.0,
223324,物华弥新,28733563,2021-12-31 15:32:12,5,804945,皮卡味儿,小米MI 8,,[],[],刚玩 支持一下 感觉不错,,,
223324,物华弥新,28730920,2021-12-31 12:49:54,5,8264318,招灵,Android 设备,20700.0,[],[],"玩法方面，上一个战棋游戏还是幻书启世录，这个战旗玩法玩了一阵子，玩法方面还是很不一样的，2dQ版小人我也没觉得不好，仔细想想策略的话还挺有趣的，就是打一关可能时间有点长，还好有个自动，但目前没用过自动（热爱手操）。总之这个玩法可以无聊时候打发时间，也可以思考过关策略当主游玩（体力有点少，是硬伤），总体没有什么大毛病，如果要提意见的话，还是尽量把战斗系统搞的简介一点，现在有点太繁琐了，可以在设置搞多个关闭项目。
界面设置也有点乱，不够简洁，是需要改进的地方。
其他的话，立绘是挺厉害的，都很精细，全员中文配音我吹爆好吧！还有这个文物拟人的话，希望男女比例不要太离谱，不希望做成媚宅游戏，像上阳台帖这样的就蛮好的，其他基本没有什么了，主要就是那个界面，太杂太乱，这个要改！
先给个五星期待一下，希望官方能听取意见，玩法没问题，是要作为厨力游戏还是策略游戏站在现在这个游戏舞台上，官方要好好斟酌斟酌，因为大部分人是冲着文物拟人来的，你得在游戏内核，也就是玩法上吸引到人，不然不会太长久。
言尽于此。

",2.0,2.0,1.0
223324,物华弥新,28729808,2021-12-31 11:56:22,5,724941,囫囵,小米Mi 11,,[],[],中国风元素很足，场景立绘过场也很时髦，从这个可以给个好评,,,
223324,物华弥新,28729602,2021-12-31 11:42:27,4,4408798,欧墨尼得斯,Android 设备,19680.0,[],[],感觉还是不错的，而且感觉剧情也还算蛮有意思的，古物的题材也很棒，希望能好好做吧,,,
223324,物华弥新,28729245,2021-12-31 11:16:26,4,56710592,阿巴阿巴,Realme真我GT Neo,,[],[],立绘好看，但没有特点！和其他手游没有区分度。。。。,,1.0,3.0
223324,物华弥新,28728938,2021-12-31 10:52:05,5,46266254,岳番,华为nova 7 5G,73380.0,[],[],目前体验还好，画风真的超超超超喜欢，绝美。就是感觉角色培养过于杂了,,,
223324,物华弥新,28728811,2021-12-31 10:43:15,4,31428790,萌瞎你们的眼,华为P40,720.0,[],[],能问下为什么会有敏感词？？我ID名字我在我玩过的游戏都叫：甜甜的无奈，为啥你给我敏感词？？,4.0,,
223324,物华弥新,28728539,2021-12-31 10:23:47,5,60580394,六出,三星Galaxy S10+,6000.0,[],[],"都挺好的，唯一一点看起来不太舒服的地方，就是关卡界面的城市地图，看起来很糊，不精致，就是那些城市贴图感觉有点廉价，再高清一点就好了
还有一个问题，退到后台一小会就要重新登录游戏，有点麻烦，最好能在后台待久一点",,,
223324,物华弥新,28728411,2021-12-31 10:14:10,3,17528926,王剑仙,一加手机5,5460.0,[],[],"关后台省电玩的，大概三五个小时了。剧情属实一般没什么代入感，有点对不起立绘，只有开局唱歌喊我起床的小哥让人印象深刻。
Ui太乱了，很多东西不刻意找找不到。最离谱的是关卡隐藏成就，不培养不抽卡正常打根本过不去，真是鬼才，完全是后期才能回来做的。
最关键的是人物培养太过于杂了，装备升级升星职业牌子各种材料本还有体力限制，完全不像是一个测试服该有的压力。
最关键的是战斗，立绘小人和特效动画我承认很好。但就是代入感太差，给人一种玩过一次再多玩几次就会腻的感觉，确实有加速自动和跳过，但这是游戏不是工作啊。",3.0,1.0,
223324,物华弥新,28728357,2021-12-31 10:10:17,4,6672899,好想告诉你,华为 Mate 30 Pro 5G,10440.0,[],[],角色技能有点同质化,,1.0,
223324,物华弥新,28728007,2021-12-31 09:43:13,4,1724759,请叫我发凉,iPhone X,,[],[],在战斗动画差了点扣一分,,,
223324,物华弥新,28727235,2021-12-31 08:46:07,5,1025170,江挽璃,Redmi K40 游戏增强版,8880.0,[],[],"我好喜欢！忍不住来夸一夸，目前刚过第一章。游戏的ui和画风也太对我胃口了，很有国潮那种味道。配音不是请的那些知名配音演员，每个人的声音都很有特色，有的还故意带本地口音，可以说真的很贴角色。bgm好好听，开头动画把我惊艳到了，感觉制作组真的是有在用心打磨这个游戏，期待早点公测！
另外提一点建议，材料关卡通关一次后可以加个扫荡，不然刷材料实在是太麻烦了qaq",,,
223324,物华弥新,28725106,2021-12-31 05:50:02,3,443853,石枕山,Android 设备,,[],[],文物拟人题材，本来以为是国风游戏，满怀期待，结果游戏内无论是立绘，还是剧情、人设、场景，都是浓浓的日系二次元风，战斗系统也比较平庸吧，没什么新鲜感，挺失望的。,,,5.0
223324,物华弥新,28724680,2021-12-31 05:09:39,4,63922676,玩什么好,小米Mi 11 Pro,3540.0,[],[],没想到有幸参加二测，画风我是真的吹爆啊（个人爱好个人爱好，不喜勿喷）玩法无非就是战旗类抽卡游戏，这类游戏相信大家都体验过了，优缺点咱就不说了，四颗星完全就是支持画风，后面的待我慢慢体验体验,,,
223324,物华弥新,28724353,2021-12-31 04:38:49,3,46293747,喵喵队摸大鱼,Android 设备,,[],[],怎么没有立绘检视啊。还是我没找到？想看全身立绘啊😭,,1.0,
223324,物华弥新,28723982,2021-12-31 03:59:45,5,2746715,小柯,华为荣耀9X,,[],[],啊这，哔哩哔哩和tap都中了？哈哈哈哈哈，尴尬,2.0,,
223324,物华弥新,28723949,2021-12-31 03:56:07,4,2882068,安心An_X,华为P20,71280.0,[],[],相比一测稳定了很多，大招动画也改的挺好,,1.0,
223324,物华弥新,28719119,2021-12-30 14:03:01,5,83971601,忆落星辰,iQOO Neo 5,,[],[],期待明天的测试,,,
223324,物华弥新,28714469,2021-12-30 07:40:02,5,101712379,晏和,Vivo V2048A,48000.0,[],[],一测没中，我二测中啦！！！,2.0,1.0,
223324,物华弥新,28710834,2021-12-30 02:00:47,5,18842118,竹枝词,小米Redmi K40,,[],[],球球了，想玩,,,
223324,物华弥新,28710818,2021-12-30 01:59:04,5,4721519,此刻星辰落下,小米Mi 11 Pro,,[],[],会中吗会中吗,,,
223324,物华弥新,28705848,2021-12-29 12:36:23,5,24250467,振越,华为 Mate 30,,[],[],期待一波资格先～,2.0,1.0,
223324,物华弥新,28672060,2021-12-26 14:54:19,5,354601437,沈兰舟,华硕ROG Phone 3,,[],[],预约了二测，啥时候出结果啊，好想玩,,,
223324,物华弥新,28633333,2021-12-24 08:54:48,3,16365655,夏轻尘,Vivo IQOO Neo3,,[],[],什么时候能玩啊，在我手机里躺几个月了,,,
223324,物华弥新,28098954,2021-11-20 06:38:59,5,63762848,残烛令.,华为Mate 10 Pro,300.0,[],[],什么时候才能公测啊，孩子快等傻了,,,
223324,物华弥新,27015960,2021-09-18 05:42:51,4,357312804,该用户已注销,Vivo S1,52860.0,[],[],"十分满意，快点开自动
小人动画改一改，不要蹦迪人！",,1.0,
223324,物华弥新,26912834,2021-09-14 08:55:13,4,101109319,咸鱼,华为 nova 7 Pro 5G,,[],[],"看了一下评论，大家对战旗意见还挺大的，害，换成回合制卡牌得了。要不然一堆人又好掐起来了。
我就有点好奇你吴王夫差矛的被动是怎么想的，我是真没太看明白，不能对血量低于自己的人造成伤害？？那个试用关用了一下这个角色，打人不掉血就看了一眼被动真给我惊掉下巴。
还有扯淡碑那个睡觉啊，这被动？？？因为很喜欢碑哥，除了2-12以外都带扯淡碑玩了。可能是我还没有参透这个角色吧，这角色攻击低攻速也一般，机动也一般。还有个下毒的被动，除了第一次致命伤会开锁血被动以外好像没啥好用的地方。特别是因为扯淡碑的致命被动的原因2-12用了一下勾践剑，我的妈呀，那伤害，那机动，这？这？？虽然星级高的比低的好用是正常的，而且面板也不一样，但是这个面板把扯淡碑挤的没地方了，扯淡碑这面板的意义？就，天亡簋也比扯淡碑顺手。这个面板是怎么用吧。
碑哥改不改也无所谓，我练角色靠xp，求不要升星，求求了，升星就我这非洲之手肯定抽不到，我玩这游戏就是为了碑哥（还有大神龛（小声",,,
223324,物华弥新,26907910,2021-09-14 03:56:16,5,14544102,何处再觅寻,小米Mi 10 Pro,195840.0,[],[],"3天太短了。我想继续玩😭
UI挺好，立绘表现出来的文物特色也不错，资料详细，语音方面有待完善。
人物获取和装备获取老规矩随缘。只是希望能出个装备改变副属性的系统，哪怕只能洗一条，不然红装太难毕业了。另外部分角色的技能个人感觉还是需要改动，如毛公鼎，一个红T，主动技能都是输出，一被动概率格挡，二格挡回血，三被动+5%生命？？？和格挡回能量。可以说不触发格挡的话被动全废，垫底T。看看另一个红T鎏金，主动技能回血，被动+防+32%生命？？？。另一个觉得不合理的就是越王剑，真实伤害没有什么意义，只是单纯把字颜色改了，物伤多少真实就是多少，对手防御还得算上，而且身板属性一般，技能系数低，面对高血量还是刮痧。
职业技能挺有意思但射手的比较难接受，希望取消瞄准后变成移动力减少，而不是罚站。
一测体验来说角色养成难度挺大，时间长可以接受，难度大就😂一测配合送的资源，只够6个角色左右50级，不能重置，只能开始就定队，后面出的角色都练不到，比较尴尬。所需材料也不合理，有的溢出很多，有的怎么刷都不够（基本很多时间都是用在手动刷材料和经验）建议材料种类减少或者可以变换材料。
装备升级和升星的材料获取暂未出太多，要看二测。
主线不算难（只要队定好😅）练度够就好，经验本难度大，反正过不去3（虽然有大佬过了，但我队不好）难
一测的时间太短，资源有限，暂时就这样啦，希望二测快点到来，测试时间长点（一个月？😆），很期待二测和未来正式测试，加油！",,,
223324,物华弥新,26902586,2021-09-13 15:45:05,4,5066411,苏幽璃大战枫川祥,红米K20 Pro,7680.0,[],[],"就怎么说呢，很感谢这次来古弥新这边给我的测试资格。
可能因为是这次测试，就是范围比较小，很多东西还没有开发，所以体验的也不算太多。
呃，立绘、剧情以及ui、抽卡设计、整体画风、人物塑造
这些都较为完整，而且让我对这些文物有了更深刻的一些认识。
但是呢，还是得说最让我不满意的一个点，还是战斗的设计和特效吧，可能总体来讲，这个战棋类虽然不大戳我，其中之一就是战斗过程较为繁琐，但是不乏策略性，也是比价矛盾的。在当今快节奏的社会里，这个耗电快和这个发热这个问题还是需要解决的，就是很多人没有这个时间去。走一步完整的战棋。
虽然有自动档和两倍速，但是我可能还没体验到哈，并不知道AI这个优先级和顺序是怎么样的..
呃，回到刚才的话题，就是战斗的特效嗯，怎么来讲呢？
攻击音效过于平淡，然后大招动画就不像特别完整的一样。
个别职业的作用性并不算太大，且技能重复性较高。
我觉得应该是大把时间花在就是除了战斗这个其他的地方了吧，其他地方做的我还是非常满意的，呃，至于那个副本我没怎么刷，不过多评价。
本来想打四星半的，后来想想好像没有这个选项来着哈哈，来古弥新出了我肯定会继续支持，虽然现在在准备考公，但是呢如果有二测资格，我还是会争取一下的，谢谢你们给我这次体验",,,
223324,物华弥新,26897806,2021-09-13 10:29:26,5,388207385,叶子,iPhone 12,,[],[],有幸参加了首测，个人非常喜欢这个游戏，美工太棒了！！！但这抽卡概率急需调整，我抽来抽去就那几个器者，图鉴里那么多个？看着太难受了😣福利不错，希望官方能尽量多听取玩家的意见，希望你游早日公测！💕,,,
223324,物华弥新,26835616,2021-09-10 10:55:42,4,28215676,氵七木,华为畅享20 Pro,11880.0,[],[],"有幸拿到了测试资格
角色立绘不错，把该有的元素表现了出来，值得一夸（本人美术生看到后都忍不住想向太太们献出膝盖）档案这方面做的特别好，本人一个对历史不怎么感兴趣的都认真看完了。Q版刚开始看没get到，然后越看越可爱……o( ❛ᴗ❛ )o游戏ui我很喜欢，看着很舒服，希望之后出现什么氪金礼包不要在桌面上闪来闪去，会影响观感。至于章节ui，因为情节地图的切换每章章节背景也会切换，这点不错，但是太多关卡堆在一起会很乱，希望出一个放大缩小的功能，我刚开始玩就把资源关卡给看漏了
战斗方面看似跟方舟差不多，其实却很不同（一个可以走一个走不了）一个战棋一个塔防，需要策略（本人方舟没玩多久，不做太多这方面的评价，怕引起争论）
剧情我没怎么看，不作评价（有🔪）_(:зゝ∠)_
首测好多模式跟玩法还没开，可玩性还是有的
——————————————————————
最后对那些因为没有拿到资格恶意打低分骂人的说一下:我玩过很多游戏的测试，也参与过很多游戏的测试资格抽取，有一些我一直期待的游戏资格没抽到我心情也会不好，也会难受，也会想为什么我这么喜欢却抽不到。这都是概率性事件，不是官方恶意挑人，如果因为测试没拿到而放弃辱骂一个游戏，我只能说格局太小了，等公测做不好有的你们慢慢喷，因为这种小事恶意打低分未免情绪过激了。
你们可以一时兴起打低分发泄情绪，等情绪安定下来再删评这种行为大家都能接受，不是吗？╮( •́ω•̀ )╭
更何况这次是首测而已，还会有二测甚至三测，你们还有机会，只不过需要时间而已
（在此申明我没有特意护着官方，只是认为该骂的骂，该夸的夸，只是对那些没拿到资格就骂人的人感到疑惑，没有贬低的意思，没有怼的意思）",10.0,40.0,20.0
223324,物华弥新,26892049,2021-09-13 04:00:48,4,120649151,User12064822,华为Mate 10,,[],[],"总体还是不错的，但是ui和字真的挺小的，玩起来挺难受
然后小人大招吧，动画有点尬，而且转场黑屏好多，还是建议好好改一改",,,
223324,物华弥新,26891602,2021-09-13 03:26:52,4,6466414,草履虫大贤者,华为P30 Pro,47340.0,[],[],"一测结束了，总体比较满意，再提一提建议
战斗方面：
1.增加扫荡功能，战棋游戏一局耗时太久，再加上很多角色技能受概率影响，就算有自动功能也很容易翻车。
2.默认战斗二倍速。
3.战斗时查看角色套了几层增益的图标做的容易点击一些！就是角色头像右下方那个不起眼的小图标，太难点了每次都点到头像去！
4.战斗时当前可操纵的角色做得突出一点。
UI方面：
1.有的可点击图标有点小，手机点很不方便。
2.字有点小，手机看有点难受。
美术方面：
1.角色技能动画改进，目前的特效太廉价，整体美术水平都被拉低了。
",,,
223324,物华弥新,26837073,2021-09-10 12:14:40,4,19314493,七曜-極,iQOO Neo 5,23880.0,[],[],"从很早以前就关注了，咕咕每条微博都有看，等了很久这个游戏，也抱了很大的期待
我现在还记得青铜神树的剪影刚放出来的时候，我以为青铜神树会是个大帅哥，觉得他就是我梦中注定的老公而兴奋了很久。但是当立绘放出来后发现她是帅气姐姐而被气哭的悲惨回忆😭😭
真的很喜欢文物拟人这个题材，但是游戏只能说中规中矩
（一）先说说优点
①器者做的超级用心
立绘很好看，还有live2D
超级喜欢器者档案，每个器者的性格都描述的很清楚，而且还有本体信息、器者报告和语音界面
②能从器者对话和语音间感受出历史韵味
举个例，现在最喜欢神龛大哥，他的你好真的好有味哈哈哈哈哈哈哈哈，还有他的🍊哈哈哈哈哈哈，很有长辈的感觉了
③UI还是挺好看的，但是不知道为什么看久了眼睛有点花
④bgm很好听，画质清晰
⑤战斗背景很精致
⑥掉率还是挺高的，每10连都有红或黄
（二）缺点
①不知道是我等级低了还是啥，现在还没有自动功能，虽然关卡不算难，但打多了还是会疲倦，而且副本还没有扫荡功能，心累
②感觉格子凑的有点紧，小人又有点大，一堆小人挤在一起，真的会让人眼花，玩久了眼睛很痛
③不知道是我看漏了新手教程还是啥，我现在都不知道各器者之间到底有没有属性克制
④剧情没有live2D很可惜，而且剧情好像又是那种拯救世界……？
⑤手机发烫
⑥大招不是动画有点可惜，小人看着观感并不是很好
⑦器者养成需要好多材料，养不过来啊😭😭
最后，希望来古越做越好！",3.0,4.0,6.0
223324,物华弥新,26889236,2021-09-12 23:18:21,4,335295737,补梦者,华为Mate 20 Pro,,[],[],"咋说呢…就…很中庸。
音乐，界面，立绘都还不错至少对我来说，整体没什么缺点，但是也没什么优点。对比别的游戏只是噱头足够，可能是我玩的有点晚了，也可能是我没仔细看，武器系统一直没明白。没什么特别好的建议，直说几点，首先希望能跳过技能动，画，然后希望副本能选择是否一直保持二倍速，别的好像也没什么太深的印象…太大众了，剧情也是…看一半就感觉有点看够了，我是直接跳的，希望贵游能有自己的特色玩法什么的吧，如果未来开服我还是会继续玩的，总体来说还是不错的",,,
223324,物华弥新,26888562,2021-09-12 18:34:41,1,21293603,天命,华为Mate 20,,[],[],玩个游戏还有什么资格？真是搞笑,,,18.0
223324,物华弥新,26888059,2021-09-12 17:05:59,4,12003676,啦啦，啦啦啦啦,荣耀 V30 Pro,20400.0,[],[],美工不错的一个游戏，美工立绘我很喜欢，但是大招的小人有点粗糙（背后的皮影戏我很喜欢）。音乐也不错。ui界面有点扁平，但是本来就是这种风格，看惯了还挺好的。一星扣在副本掉落过于复杂，养成难度有点高，我没有解锁到自动，把把手动刷材料对我来说真的折磨。剧情看了第一章，体验一般，很标准的二刺螈手游登场。希望能增加更多和角色的互动这样的，总的来说是个不错的游戏，期待下一次测试抽到资格。,,1.0,
223324,物华弥新,26887984,2021-09-12 16:56:40,3,71213402,等一秒阳光丶,小米Mi 10 Pro,32280.0,[],[],"有幸拿到了首测资格，三天都玩儿下来了。
游戏优点：
立绘，音乐，剧情，古物介绍。
缺点：
没有自动（主要问题）；
养成困难，资源掉落设置不合理（掉落量和活力的消耗）；
人物操作容易误触，且一些常规操作重复度高（比如加速）；
职业平衡比较差（宿卫的作用体现不大）；
技能重复度较高（轻锐和宿卫）；
大地图比较杂乱，且没有缩放功能，找关卡需要花费一定的时间；
最后就是耗电量巨大。
整体来看是个不错的游戏，有很多可以优化的地方，游戏里面一些锁定的功能，后续也值得期待。第一次写评论，我还是比较喜欢这个游戏的，希望有好的发展。",,4.0,
223324,物华弥新,26887938,2021-09-12 16:52:05,5,2228217,孤海之舟,Vivo V1730EA,4800.0,[],[],"游戏很不错，满满的中国风，画风也很不错。游戏里可以认识很多文物，而且器者都有文物介绍，在哪个地方也都有标注，好评！
文物拟人很让人喜欢，立绘真的不错，衣着带有浓浓的古风。剧情也算可以，看剧情的时候看到小铜盘们一起伪装成人时候那种q版感觉非常可爱。
作为战棋类游戏来说游戏模式中规中矩，不过建议加一个大招跳过的设置。
非常期待下一次测试，很喜欢这种带有古风的游戏。",,,
223324,物华弥新,26887612,2021-09-12 16:19:51,5,9085350,皮蛋皱鳃鲨粥,华为P30,,[],[],"玩了三天，简单谈一下对来古弥新的看法吧。总体来说，这款游戏挺好的，虽然有一些bug啊之类的，但是一测嘛，已经相当不错了。夸的话就不多说了，提一些建议吧：
1.职业本那一块儿感觉不够合理，我的人物大部分最高30级，如果我想继续往上升需要的材料却建议的是50级才能打，感觉有点太难了。
2.剧情中蝠桃瓶的能力似乎是治愈相关，但她平时用的时候却是个奶妈诶，感觉有点不太贴。还有就是开头被撞然后失忆，感觉有点太过了。
3.一些关于武器的思考，看到随机词条心里就是一咯噔，还是希望固定词条，不然太难受了，想起了一些阴阳师的心脏骤停。
4.养成有一点太难了，需要材料太多，但掉落其实不多，希望改进一下吧。
5.技能的键和待机键离太近了，容易误点，还有就是有的时候选取攻击对象总是莫名其妙点成查看敌人状态，也希望改进吧。
最后，希望来古弥新越来越好，二测再见。",,,
223324,物华弥新,26887480,2021-09-12 16:07:02,2,58875980,贪,OPPO Reno Z中国版,,[],[],"一分给立绘一分给文物本身
阴间操作＋跪舔真爱粉＋迷惑策划
–⭐–⭐–⭐
都1202了我花钱玩游戏跟花钱找祖宗一样，亲自下场筛子就是不一样啊，孝子真多，本来能给三四星硬被nc粉恶心到了，大环境搞成这样我干嘛来花钱买骂啊，这么多游戏我又不是非你不可。

––––
游戏新手教程太混乱了，不是新手都有点蒙，简洁明了点吧，教程开的调理好乱
还有我是来干嘛的，这游戏里我就一背景板一样。。。。打扰了三个字都要写我脸上长了
未成年系统都出了你就应该知道大部分时间都是有事情要做的成年人在玩啊，我不要求一键通关挂机你好歹搞个跳过和好点的倍速啊
肝
真的肝
",,2.0,2.0
223324,物华弥新,26886989,2021-09-12 15:29:42,1,31994987,二九,Realme GT Explorer Master Edition,,[],[],一星给立绘和界面，其他真的什么都不想说了,,1.0,2.0
223324,物华弥新,26886957,2021-09-12 15:27:24,5,7393618,锦鲤大哥,Android 设备,,[],[],没拿到测试，但看了一圈评论，有点慌。很多人都说要开自动，不会是像天地劫那样开场就自动吧？那不就是看录像了吗？那这个玩法还有意义吗？战棋就是自己玩的，如果开场就自动，就相当于明日方舟自动代理，可玩性几乎为0，一直看录像，而且战棋类一局时间很长，光看会很无聊。我感觉最好还是让玩家自己打一边，通关后，再刷材料时可以跳过或者自动打吧。（天地劫开场就机器自动打真的很无聊无聊啊😓）ps:一些玩家没接触过战棋会觉得烧脑也正常，如果无法适应就弃游也好，如果游戏全自动，自己也玩不久的啊，游戏寿命也会很短。,1.0,,1.0
223324,物华弥新,26886227,2021-09-12 14:37:38,5,411298525,吃软饭的硬骨头,华为 Nova 5 Pro,,[],[],"整体还是很满意的，个人最喜欢的有四点。
一是整个的背景音乐，国风感十足，没有花里胡哨的声音在里面。二是整个操作很流畅，没有卡顿的现象，。三是对器物的了解很详细，个人也是非常喜欢这一类的知识。四是感觉正常的人物立绘很有各个器物的特点，不像有的游戏，完全脱离原本的“人物”特点
个人感觉不足的，
一是Q版立绘感觉很突兀，特别是在放绝技的时候，就像是所有人都穿的正装，突然一个人穿着拖鞋一样。二是游戏难度，我个人是很喜欢自己研究，找到方法过关的，但是对于公测后，本身兴趣就不大的玩家来说，后期的难度，会劝退很多人。",,,
223324,物华弥新,26886269,2021-09-12 14:40:28,3,43238633,奈何清风,魅族17 Pro,,[],[],"有幸参加了首测
首先立绘真的很好看，然后很少玩战棋类的游戏，觉得有点儿难，而且整体要素很多，看起来就很复杂😅。
可能我作为一个懒癌玩家，强化有那么多材料还是概率掉落，而且没有扫荡，前期甚至没有自动，真的没有太多耐心去刷。结果没打多久就卡关了。
创意挺好的，也能宣传中国的瑰宝，希望能够更轻松一些吧",,,
223324,物华弥新,26885468,2021-09-12 13:48:05,1,83342201,User83342201,Android 设备,,[],[],好游戏的属于是,,1.0,4.0
223324,物华弥新,26885222,2021-09-12 13:33:45,5,323747939,Silver,Vivo V2099A,67560.0,[],[],谢谢你给我一段很高兴的时光，请再等我一会，我会为了真正迎接你们的那一天，等待着 。大神等着我!,,,1.0
223324,物华弥新,26885103,2021-09-12 13:27:31,1,333637869,月卡的性价比在哪里,华为 Mate 30 5G,120.0,[],[],"🙃🙃限号不能玩，为什么还能下载，骗子！！
点一个限量会死吗，浪费我下载的时间🙄
",,6.0,4.0
223324,物华弥新,26884571,2021-09-12 12:56:19,4,20555526,火折,Redmi Note 10 Pro,43860.0,[],[],"xs,突破等级上限所需材料本根本打不过，只能靠前一个材料本去赌下一阶段所需的进阶材料。没有自动和扫荡根本没有耐心去赌材料，打的都是火气，练的角色现在还卡在三十级不动弹。
闫东炜老师永远的神，做的音乐绝了，是唯一支撑下去一测刷材料的动力
玩法上轮到玩家回合，希望能放大一点，现在的视觉上太小不太舒服，希望能给轮到角色回合一个特写，再来个适当的放大，否则还很容易误触，悔棋功能gkd。
剧情是挺棒的，希望能跟大招CG做个跳过。还有能增加一下点击翻页的反馈效果，改善一下历史回顾的位置，太阴间了，我还以为没有历史回顾效果。区域派遣也很棒。
关卡全靠鎏金硬推，希望能出个好友助战叭，借个角色，帮忙开荒好打一些。
个人希望角色解锁语音还是和角色等级分开来吧，通过其他玩法来获得好感语音，可以是回答与器者有关的问题，科普一下历史相关，来强调一下这是个古董拟人的游戏，也可以做个跟其他游戏的家园玩法。只能通过器者档案了解器者信息个人感觉还是太单薄了，主线剧情科普又怕照顾不到全员，否则以后不太了解历史的大部分全靠强度厨角色。既然还和国家宝藏官方有合作，强调一下这是古物拟人的游戏，主要是古物拟人吸引玩家过来玩，通过除战旗以外的玩法强调一下原型很有必要。
还有稀有度问题，希望能把稀有度这种东西删掉，跟灵魂潮汐一样，摒弃稀有度，这次一测是我第一次接触这种战旗玩法，希望战旗不要有PVP元素，这样争端起的少一些。
希望二测把悔棋功能，扫荡功能gkd。还有除了订单玩法，获取武器的其他玩法也gkd。期待二测。",,1.0,
223324,物华弥新,26831849,2021-09-10 07:44:31,5,7895603,布倮布珞卟,华为P40,20280.0,[],[],"门外汉评价
1.玩法，战棋类，难度适中需要花费精力，喜欢挂着自动一条龙战斗的可能不是这类游戏受众，操作手感可以，不像其他游慢吞吞，也没有延迟卡顿黑屏闪退等问题，流畅度可以的。
2.抽卡，目前除了教程里那一发，就是喂食第二栏送的十发，抽第二个活动池出了两个up角色和另一个，十连三红一金，的确可以，可能这是甜头吧，仅供参考。
3.人物两星，立绘是我喜欢的类型，Q版形象也可以，每个人物都有自己的来历和性格，配音甚至能听出口音，真的十分用心了，希望不要被其他因素影响到贵游公司完善这部作品的信心。
4.剧情一星，虽然我玩什么游都不关注剧情，这个不例外也没关注，但至少没直接跳过，过完一遍可以感受到想留住玩家们在剧情方面花了心思，只是剧情时触屏不太舒服，有点延迟的感觉，要多点几次很难受，希望改进。
5.音乐一星，各个方面音效都让我感受到国风氛围，没有花里胡哨的重金属感，主页音乐也很好听，只是有点单调，希望后续可以多出新的音乐。
6.氪金点，可能除了抽卡还有在提升角色方面，还没有时间去研究这方面，总之在我体验游戏短短时间内没有自动跳出任何礼包（可能测试服还没有氪金渠道？）
题材加一星，很喜欢里面国风的设计，在角色资料里还能看到原器物的图片和介绍，我能看一天！
纯属门外汉评价，也只是我体验游戏短短时间的个人看法，用词可能不专业能表达我的感受就行。
9.11
下载渠道的问题就当我没说，是我多管闲事。",15.0,83.0,49.0
223324,物华弥新,26884541,2021-09-12 12:54:05,4,8399377,Masakii,Android 设备,1080.0,[],[],"一测肝到19级，还有两管体力懒得刷了
①战旗玩法算同类中简单的，比较友好
②材料突破概率获得，希望有保底
武器系统属性出个洗练或者继承吧，单纯看脸不可取
地图的派遣奖励暂时不知道是否还是看脸〖我看别人有刷红，我一个都没有😢〗
③30 50材料关跨度较大
④新手引导方面可以再细点，比如各种属性的怪...优先击杀或者...xxxx
⑤双up池子是坏文明
优点是美术题材，以及特色cv

",,,
223324,物华弥新,26884508,2021-09-12 12:52:07,1,5258160,冷暖自知,华为Mate 20 Pro,,[],[],"滚，下完注册要资格妈的
",,,5.0
223324,物华弥新,26884351,2021-09-12 12:41:13,4,889901,萌萝莉莎の微笑,小米Mi 10 Pro,10800.0,[],[],公测卡池要是不毒我觉得我还会来的，大招动画有点低龄廉价感且不能关闭，其他的我觉得都还挺合我胃口的，有幸参加首测，我们下次再见！PS:少给一星是怕你骄傲，毕竟确实还是有很多进步的空间，来古弥新加油！😘😘😘,1.0,,
223324,物华弥新,26883417,2021-09-12 11:43:38,5,110969415,梦境,Android 设备,300.0,[],[],测试资格怎么搞啊？,1.0,,
223324,物华弥新,26883034,2021-09-12 11:19:18,4,5351705,姜酥,Android 设备,37500.0,[],[],"有幸拿到了首测资格，由于是测试服的评价，我就只写缺点和建议了。
1.【请出扫荡模式而不是自动挂机】
首测无自动战斗和挂机系统（首测还没做出来可以理解），但是可以看到是有“自动”挂机按钮的。然而作为一款战旗游戏，本身单局耗时就比其他模式游戏长，所以我并不太能接受挂机看录像。其他比较火的战旗游戏也是材料本扫荡模式，他们选择了做其他玩法去拉日在线时长。就算你们不想出扫荡也请有连战功能，不能连战的自动挂机不是好文明。
2.【希望剧情回放按钮可以放进右上角收纳键里】
要不是偶然点到了对话框那个超级小的上箭头按钮发现是剧情回放，我都不知道有回放这个功能。回放按钮完全可以收进右上角和快进键在一起。
3.【希望有每日首次大招展示选项和大招动画跳过按钮】
单纯的动画全展示和全关闭选项太过一刀切。有些大招动画可能我想看有些不想看，但是缺少一个单独跳过按钮。
4.【多一些关于地形上的设计】
游戏2-2里演示了轻锐的跳跃力，当时我看到还是挺喜欢的。既然如此可以多一些复杂地形的设计，而不是单纯平面上的战旗，感觉可玩性会更好。
5.【关于抽卡概率的一些问题】
游戏内看不到具体概率也看不到up概率，我在up池歪了3个红色器者了也没抽到up角色。希望下测概率说明能安排上。
6.【器者界面的红点优化】
如果材料够升考核它就会红点，但是有些器者我考核就只想升到这，这个红点就逼死强迫症了。可以学xx劫出个红点提示选择按钮。
7.【希望游戏还能继续优化的更好】
有发烫情况，以及大招动画后伤害数字的出现会造成一下卡顿。
8.【目前游戏除开美术满分，游戏性上是太中规中矩了】
现在二游同质化问题太严重了，你游也没能逃过这个问题。首测可玩的说白了也就主线，其他未解锁但是存在可以看到的系统一猜也知道是什么。还是希望能有些更与众不同的玩法吧。

都说二游是卖美术的，你游这个美术风格我确实会想给五分的水平。小人和怪物建模都做的很细致，动态立绘啊，大招动画啊，场景建模，剧情演出感也做的很不错。最惊喜的是装备可换外观，真就和图标长得一模一样。但是一款游戏最重要的还是游戏性，不希望任何游戏单纯是来卖美术的。",,75.0,1.0
223324,物华弥新,26882131,2021-09-12 10:23:55,2,3436990,User3436990,黑鲨游戏手机 2,,[],[],这游戏要测试资格才能玩，别下载了没用,,,3.0
223324,物华弥新,26881599,2021-09-12 09:54:00,5,2286028,Anthem,OPPO K5,69240.0,[],[],"很荣幸拿到测试资格。
实际上来古弥新在最初就已经在留意了，因为是文物拟人很新颖，加上立绘都很戳我，所以早早的就点了预约。虽然之后因为比较忙所以并没有继续关注官方动态，因此差不多是以一种近乎不了解的状态开始慢慢接触设定的。
目前来看，立绘和界面风格真的很不错，更何况还是会动的live2d立绘，看我推在主界面晃晃悠悠的很养眼。角色实际上还没看全，因为我太非了最终只摸到了16个角色，个人来讲觉得哪个角色都挺有特色，大家我都好喜欢，第二章吴王夫差矛和越王勾践剑的互动也很棒，既围绕了曲解这个主线，又顺带描述了两个器者之间的情谊，这种cb向真的有磕到很多。以及宋金项饰，我不会说好不好看，我只能说她是我老婆呜呜呜。局内小人还不错，除了天蓝瓶局内小人的裙子有点臃肿以外。局内操作感觉有些时候选中敌方有点难，明明点的是那个敌人，但是又点不中，最后只能放弃这次行动输出机会。有可能是小人太密集了导致行动指向不是很明确，所以有时候会点错。
剧情方面，由于才更新了两章剧情所以不能马上做出明确的判断。但截止至目前所有剧情只能说主线放心很明确，人物形象的刻画我很喜欢，至于某些现在的伏笔剧情我不好多说，只能说期待后续剧情。",,,
223324,物华弥新,26881528,2021-09-12 09:50:33,1,6888647,卖女孩的小火柴,360 N7,,[],[],建模太丑了，没用心啊,,,2.0
223324,物华弥新,26880242,2021-09-12 08:48:52,5,49334251,深海晦光,Android 设备,,[],[],"没拿到资格，但还是想说几句。
游戏我记得比较早就有预约了，而且时不时的在消息栏出现，总给人一种憋大招的感觉。不少人也是觉得“干打雷不下雨”，那自然不爽，也实属人之常情。
但前提是游戏质量确实过硬，在此基础上，差强人意都会成为差评的理由。因为吊胃口的行为，已经送葬了游戏的下限。
或许游戏本身质量值得7+（我没玩，只是简单估计一下），但我个人觉得你需要做到9+的水平才能回应玩家们的期待，不然，单单是上线时玩家的心理落差，也会让评分爆炸。
国风游戏，我先不过多苛责，五星权当鼓励。
上线后见。",,,1.0
223324,物华弥新,26865371,2021-09-11 15:20:02,3,61437774,雨后的天晴,华为 nova 7 SE 5G,,[],[],"没有抢到tap的首测名额，抢到了b站的，说下我的感受
先三星，可能后面会改
1.建议来个三倍速，二倍速我个人感觉有点慢，可能我玩别的游戏三倍速习惯了
2.不理解突破的材料为什么会随机掉落，我本人是个非酋，掉率对我来说低的离谱，突破材料而已又不是武器什么的，还概率掉落，真的好烦，感觉我那么多的体力全白费了，养成难度偏大，建议不要概率掉落，都固定多好啊，又不是武器什么的能概率掉落
3.剧情什么的再次过的时候能不能不要打了？可不可以出个剧情收录什么的？方便回看
4.剧情关卡还有材料关卡跨度不要那么大ok？第一关推荐10级还是几级，第二关就要30级左右的，我上哪去养？升到15级要突破，就得去打突破材料，还概率掉落，你这让我怎么养？！就刚刚我去打突破材料，就差一个，打了三四次没一次给的，本来就没有自动还得手动，更烦了好不好？
5.这音乐和美术没得说，特别好，我喜欢
6.剧情我有点没懂，“我”是怎么没记忆的，我又经历了什么，看得我云里雾里的，没有语音真的好难受，能理解毕竟是首测嘛
7.玩法上手难度不是很大，对没玩过战旗类游戏的玩家感觉不错，对了，我建议出个自动，加个连战或是扫荡，毕竟不是谁都有时间每时每刻都泡在游戏里手动过关的
暂时就这些，后续可能会继续补充
8.第2-8推荐要31级，你不觉得离谱吗？我去哪养31级的？你们设计的游戏为什么不自己玩玩看呢？主线关卡太劝退了，我知道，肯定会有人说是我自己笨不会搭配，是我自己没有策略性，可是我玩游戏不是为了开心放松吗？我又不是肝帝也不是氪佬，我就一个平民玩家，我现在是体验不到游戏的快乐，希望能改进下
9.我想知道多余的器者该怎么办？分解吗？还是有其他用途？尤其是已经满了的",,4.0,
223324,物华弥新,26877141,2021-09-12 06:28:47,3,37115719,视芝悠悠切,Android 设备,,[],[],搞快点让我看新老婆，光是妹子我就给你打五星了，有男的那就扣两星吧，玩法方面太老套了希望能有点创新，我以为这么好看的立绘会是穿越时空的解谜类型，这一看好嘛，还是打架，那就打架嘛，扫荡和自动战斗肯定要有，不然怎么欣赏老婆，我只能盯着怪了啊喂,5.0,2.0,9.0
223324,物华弥新,26876506,2021-09-12 06:00:55,2,51780390,ROTAJL,华为P30,,[],[],"不懂怎么说
文物拟人题材期待了很久，拿到测试名额也很开心
但是打开发现是战棋类，还是这种很原始也没有什么新意的玩法，挺失望的，-1星
画风确实很不错，但是作为文物拟人，起码文物本体的特征应该清晰一些吧，不管是受到人类文明影响多强，看到立绘和文物要多多少少能匹配得上还是蛮基本的要求吧，在这一点上目前看到的蝠桃瓶、花鸟香囊是我认为比较贴合文物的，反面栗子比如天亡簋，除了衣服是绿色之外和文物根本是毫不相干，-1星
评级问题我倒是没看出什么特别的，等级最高是红卡，里面有上过《国家宝藏》的、因为颜值高在网上引起过讨论的、在博物馆里是镇馆之宝的，这一类，有的工艺很复杂有的历史意义丰富，找不到很明显的评级标准，还可以吧
剧情看完了前几章，到铜餐具身份表明那段吧，感觉不吸引我没有感受到他们经历过漫长的时光然后默默地走到今天的历史感，就是冠了文物之名和拥有了不知道怎么确定的性格的少年少女，感觉挺一般的就没有继续往下看，-1星
还有就是UI的设计，我有个朋友说器者档案界面像PPT模板，确实有些地方比较简陋但是毕竟是首测，还是先观望吧
抽卡概率问题……目前开测第三天，八张红卡，叠了一张天蓝瓶，登录送了三张，其他都是抽的，概率还挺高，每天计算时长还送一个白嫖十连，挺不错的，能嫖不少
可能是我对来古期待值太高了，总觉得现在的测试效果不太好，希望下次能改进吧",,14.0,2.0
223324,物华弥新,26876525,2021-09-12 06:01:46,4,15364583,今天护肝了吗,Android 设备,8520.0,[],[],"目前打个四星叭
立绘不用说，很好看，吹爆太太们！
Q版很可爱，动画质量有些参差不齐，还可以优化。
有的角色放大招，立绘会飘的太上，只能看到脖子，头没了，希望优化一下。
Ui很好看，但是感觉教程引导的不是太明白，战斗方面有些晕乎乎的。
其他还有很多系统应该还没开，期待官方的后续开发。
还有，最重要的一点！！希望男女角色能平均！！！求求了，虽然我也喜欢女角色，但是我是个直女，美少女拯救世界已经看累了，目前看到的男角色还比较多，希望不是虚晃一枪把我骗进来杀_(:зゝ∠)_",,,
223324,物华弥新,26876255,2021-09-12 05:50:31,1,8233716,八重璎,Honor X10 Max,,[],[],无话可说,,2.0,2.0
223324,物华弥新,26875581,2021-09-12 05:23:06,2,44135736,春雪断蓝桥✨,iQOO Neo 5,,[],[],"感觉不像2021年的游戏，这样上线肯定暴死，另外我说一下哈，剧情真的无聊，说实话关注你这个题材的你觉得想看的是这种主线剧情吗，你还不如像哑舍一样每个文物配套个剧情，别说战旗类受众小啥的，白夜我也玩，但是你这手感着实比好多战旗都要差好多，很多操作还非要点两次才能执行
",2.0,5.0,
223324,物华弥新,26874981,2021-09-12 04:57:49,1,407638743,他家棉花长势喜人→_→,Android 设备,12120.0,[],[],"一星给立绘，这个是针不戳啊。
nt运营扣一星。
给那群自诩高贵的“真爱粉”和人上人战棋玩家扣一星（别来对号入座噢）。
Q版建模和角色技能特效扣一星，如果立绘100分那这俩就是负100分，美术组和建模组真的不会打架吗？没想到2021年了还能看到如此拉的建模和特效，不仅难看还特别糊，糊得我以为是在看20年前的动画片。
最后新手教程扣一星，关于这点请看我细细说来，上班党没啥时间玩儿游戏（主要玩儿的游戏太多无法兼顾），所以前两天只偶尔上一下打到1-7？今天上去打算再好好体验一把，好家伙登录上去直接强制新手教程，然后跟着教程进执行大地图，进去之后弹出七天签到的弹窗遮盖住大地图，新手引导覆盖在弹窗之上，这就导致我既X不掉七天签到弹窗，也无法跟着新手引导走，最后就停留在大地图+弹窗+新手引导的三层叠叠乐上。退出重新登录无数次还是这样，哪怕我在主界面停留几分钟，七天签到弹窗就是不出来，只要跟着引导进入大地图，弹窗立马就跳出来，所以我现在根本不会再有游戏体验，已卸载。
剧情就我看过的部分来说是还可以的，中等水平，只不过玩家参与感较弱。
玩法也就常规战棋玩法，没什么创新，但我还是比较乐意玩儿的，而且有个自动，现在应该是还没实装所以用不了，蹲蹲看下次测试如何了。
",3.0,43.0,13.0
223324,物华弥新,26874595,2021-09-12 04:42:13,5,56337754,qiaozi0813,华为荣耀9青春版,,[],[],"还不错，就是测试有些bug。
希望公测时能呈现最好的品质！
加油！",,,
223324,物华弥新,26874066,2021-09-12 04:19:00,4,23686395,淡洋,Android 设备,,[],[],"挺好的，只不过二倍速能不能保留到下一场啊？每次都要手点，挺麻烦的
还有就是这个Q版的小人和大招动画有点劣质呀，不过能跳过那也还好吧
",,1.0,
223324,物华弥新,26872253,2021-09-12 03:01:07,1,1338738,久拾玖,华为P30,,[],[],"看到问卷错了还能有资格我是真无语到😅
当时问卷一看跟期末考试似的，你游真🐮🍺
还要搞绝版嗷，跑路了拜拜了您",,3.0,2.0
223324,物华弥新,26829153,2021-09-10 05:14:40,4,83768940,aptx4869,华为ELS-TN00,,[],[],"觉得大招动效不好看 而且太长了 建议修改 可以每日一次
已经过了的关卡希望可以直接一键刷材料 自动和倍速也要加上去 肝是一回事 每局耗时也太长 真没有那么多时间耗费在上面
然后UI交互最好也优化一下
新手教程真的不行 玩法是自己慢慢摸得
还有就是既视感（这里不是指玩法）感觉又是一股废土风 美术风格可以有一点自己的特色 ps：一点小小的个人建议可以把背景做成我们现实里本身的城市样子 比如第二章就可以做黄鹤楼和长江大桥（就是不知道这样可不可以）然后亮堂点吧感觉太灰暗了
抽卡公示卡池和概率
玩法剧情上面其实可以针对每个文物的经历去开一些小支线？里面完成一些小游戏什么的丰富一下 剧情希望再打磨 目前没有特别吸引人
先这些吧想到什么再来补充",,2.0,1.0
223324,物华弥新,26871062,2021-09-12 02:11:51,4,406068419,Code:Genm,小米 Redmi K30S,,[],[],只能说这么好的美术都让战棋毁了 1202年了谁还玩战棋啊,1.0,,1.0
223324,物华弥新,26870382,2021-09-12 01:37:23,5,120271379,溺海,OPPO R11s,,[],[],求个号，给个内测次机会吧。拜托，拜托，拜托拜托！,,,
223324,物华弥新,26870265,2021-09-12 01:30:56,4,96961275,Aege,Vivo V1938CT,,[],[],"搞不懂为什么这样就能打一星至于么
四星观望",,,
223324,物华弥新,26870044,2021-09-12 01:18:53,3,72282231,风棠,华为Nova 2s,,[],[],"不好意思，我知道你这是限号测试（没抽中）
但测试服已经两次出现俺的首页了，直接开放下载真的有点迷惑，而且从研发到一测就xfxy的，这种环境真是叫人害怕（留个评价以作提醒）",,,
223324,物华弥新,26869667,2021-09-12 00:55:32,2,1095162,shuangjiangaty,红米Note 8 Pro,2100.0,[],[],话说限号开放下载到底算不算骗下载量，好让游戏顶到首页啊？还是说给黄牛最后一波机会？,1.0,7.0,1.0
223324,物华弥新,26869604,2021-09-12 00:49:54,1,2213253,Handsome,小米10至尊纪念版,,[],[],阴间游戏。看来不用玩了,,2.0,1.0
223324,物华弥新,26869174,2021-09-12 00:19:14,4,23849470,细细er,荣耀 50,,[],[],预约挺久的了，虽然在填调查问卷时懒着去翻答案，没拿到资格，但对游戏还是蛮期待的。,,,
223324,物华弥新,26869023,2021-09-12 00:04:39,2,4550127,物述有栖,一加手机5T,,[],[],我能猜到开测绝对会掉分，但是我没想到是这个掉法。笑死，我以为会是游戏品质不符合预期，结果是阴间操作，说实在，问卷如何我都不在意，可是限定绝版就很过分，而且听说问卷错的也能有资格，那我就不平衡了，我看问卷的时候就放弃了，当时是没什么感觉，可现在你让我怎么能接受，早知道我也乱填好了也能有个限定，莫名其妙。越想越气本来想给个三星，再减一颗。,5.0,26.0,4.0
223324,物华弥新,26868762,2021-09-11 23:38:41,3,27349094,子不语,OPPO A11中国版,,[],[],这个游戏的内测资格怎么获取？,,,
223324,物华弥新,26868343,2021-09-11 22:28:35,4,10055834,平平无奇小🌸,Realme Q2 Pro,,[],[],我知道为什么那么多人打一星了 TMD 给下载不给玩 真傻逼,,1.0,
223324,物华弥新,26868279,2021-09-11 22:11:45,1,2641951,狂喜乱舞,Android 设备,,[],[],这波测试筛粉养蛊是吧🤔,,2.0,
223324,物华弥新,26868249,2021-09-11 22:06:16,1,40026624,忌炎,Honor Play4 Pro 5G,120.0,[],[],"下载完了，注册好了，开始玩了，告诉我没资格？？
没资格你让我下载游戏干嘛？煞笔！",,11.0,1.0
223324,物华弥新,26867931,2021-09-11 20:00:34,1,350910333,中意,Honor 30 Pro+ 5G,120.0,[],[],开了安装包，下载没测试资格，等下次拿到再重新改。浪费一个g流量，看个封面。,,4.0,1.0
223324,物华弥新,26867784,2021-09-11 19:18:24,5,7522075,南牆,小米6,52860.0,[],[],"简单说两句
一分给ui、立绘和cg
一分给音乐
一分给文物拟人这个idea
一分给2-13的关卡设计是
最后一分给图鉴
我不用tap记录手游时长
有些小毛病但是很有意思很期待！

",,,
223324,物华弥新,26866262,2021-09-11 16:13:43,1,62679607,初心💔,Vivo V1916A,120.0,[],[],别问，问就是没玩到,,,
223324,物华弥新,26827722,2021-09-10 04:02:31,4,6195358,独钟。,vivo X27,12360.0,[],[],"刚有时间玩，开局还挺喜欢，先五分，玩会再说。
怎么说呢，没开自动是真的累，一遍遍的刷同一关材料，然后过副本，感觉整体界面还可以再优化一下，还有就是按键的卡顿什么的，还有！那个放技能那块！确定和技能希望可以分开或者说就是可以设置切换操作的方式（？）因为距离太近了，好多次都会误触，
怎么说呢，还是很期待的！希望下一次测试变得更好吧（希望下一次能开自动，真的太费时间了！虽然不一定抽得到我了）",,1.0,
223324,物华弥新,26866061,2021-09-11 16:01:12,2,2764373,是小X,华为 Mate 30 5G,,[],[],无语了都，又是一款拿立绘吃饭的Q版平面2D游戏...等那么久就这？毫无玩下去的欲望,,1.0,
223324,物华弥新,26865491,2021-09-11 15:26:22,1,3496614,漓砾,红米K20 Pro,120.0,[],[],"没有内测资格开放尼玛全面下载
",,5.0,
223324,物华弥新,26864083,2021-09-11 14:13:24,5,372753535,黄昏,Android 设备,70380.0,[],[],"对于某些无脑打一星的人，我就想说拜拜了您嘞
好了正经评论，首先这是个战旗游戏虽然有自动但是一测还没开不知道二测有没有开，其次画风很好，但由于是一测所以里面人物目前只有二十二个，爆率一测时没太多参考价值（按一测来说是挺高的），在剧情方面是日常战斗加了古代，怎么说呢是有些震撼的但还是感觉渲染的气氛不太够还有两章之间衔接有些过于简单，再来是战斗方面里面的按键按完后会卡顿一会才能动还有按键的位置太靠近了经常误按，还有这游戏看样子是会出皮肤的（但重要的一点这不是古物拟人，而是相当于器灵并且器灵是可以死亡的然后过个几千年这古物又会产生新的器灵，所以只是器灵换皮肤的话只要不太过还是可以的），还有就是好像有好感系统（？但不确定），在配音方面值得夸夸，没有日配！再说一遍，没有日配！并且可能会有方言，因为目前配音尚不全面所以无法听到更多。ui很棒很有古物的气息，bgm也很棒
总的来说我很满意这次测试，毕竟是一测，希望二测能改进，加一下自动不然一次次刷太累了，还有难度跨度太大要减难度",,1.0,
223324,物华弥新,26860691,2021-09-11 11:34:22,2,34890516,未竟的梦,Redmi K40 游戏增强版,,[],[],高贵的粪圈，哦不，粉圈游戏我不配,,7.0,
223324,物华弥新,26860562,2021-09-11 11:28:56,1,116405291,内鬼,荣耀9X Pro,,[],[],被骗了还我流量,,1.0,
223324,物华弥新,26859668,2021-09-11 10:45:24,1,23238679,永恒,红米K20 Pro,,[],[],不能注册。。。回来看现在是开服两天后还是可以下载的，要测试资格要找到公告很后面才看的到😓,,2.0,
223324,物华弥新,26859559,2021-09-11 10:40:24,1,4867105,X↘疯孓￡,华为 Nova 8,,[],[],掉分完全在预期之内，让我下载但不让我玩？你是不是觉得很幽默？,,4.0,
223324,物华弥新,26859444,2021-09-11 10:34:13,1,82982022,望舒,Android 设备,,[],[],流量给你分成吗？,,3.0,
223324,物华弥新,26859191,2021-09-11 10:22:06,1,34031891,一青山,小米MI 9,120.0,[],[],"哈哈，无语啦
限号干脆限制下载运营你第一天干活吗？？？？？？？
非得被骂是吗？？？？？？？？？
干你妈的浪费我流量",2.0,7.0,6.0
223324,物华弥新,26858367,2021-09-11 09:44:25,2,7430095,君谣,Android 设备,,[],[],"评分低都是有原因，而我的原因是被“骗”了，很生气！
原本看到能下载以为能玩了，万万没想到这限号，无法理解，既然是限号为什么没资格的也能下载！这不就骗子？！别狡辩，究竟有没有你们自己心里有素！
好吧！你们觉得不算游戏内容，那么另一方面来讲，你们连限号下载这点事都做不细致，不到位，连累了这么多人白费力气，游戏里面的又能好到哪去？能给玩家带来舒心的体验吗？
我表示很怀疑！
我还是头次玩游戏遇上这种事情真的很生气╰_╯",1.0,74.0,9.0
223324,物华弥新,26858088,2021-09-11 09:31:46,1,28618457,〆雨落倾城夏未凉づ,Android 设备,,[],[],无聊,,1.0,
223324,物华弥新,26857748,2021-09-11 09:17:31,4,8141347,Darth.Mathalmt,华为 Mate 30 5G,,[],[],B站评分挺高的，这咋回事，是测试崩了吗,4.0,,
223324,物华弥新,26857117,2021-09-11 08:49:35,2,25564775,meng。,Redmi K40 游戏增强版,,[],[],第一次遇到限号测试开放下载的。下载了注册了告诉我不能玩，顺序上是不是不太对劲？看看同行怎么操作的好吗？,,14.0,1.0
223324,物华弥新,26857017,2021-09-11 08:45:20,5,334175877,白芷茗,Android 设备,,[],[],加油吧，,,,
223324,物华弥新,26856983,2021-09-11 08:43:53,1,14693067,秋水浮萍任飘渺,小米 9 透明尊享版,120.0,[],[],不能玩还开放下载，浪费流量浪费时间,,5.0,
223324,物华弥新,26855428,2021-09-11 07:39:35,5,105496060,撒玛利亚,华硕ROG Phone 5 Series,,[],[],"美术很不错 立绘很好看
大地图也很有风格但是感觉有点找不到东西一样
装备居然有外观效果
总体来说美术真的拉满了
ps:文案真的可以改改吗 感觉在说胡话",,,
223324,物华弥新,26853016,2021-09-11 06:01:35,5,98642180,苏锦临,Vivo V1938CT,,[],[],"不介意玩法，也不介意难度，只是建议把开启自动的时机提前。
让只是冲着文物拟人和角色来的玩家可以挂机，愿意自己搞策略的就自己搞，互不干扰。
主线剧情不是很吸引人，过到1-8除了一个“收藏家”的名号我对“自己”这个角色一点了解都无，年龄性别全都不知，开头睁开眼睛就一个小伙子在我耳边叭叭，说了一堆有的没的却基本没有什么有用信息，也没什么爆点。剧情方面整体就是中规中矩吧。
强烈建议在主线剧情的时候和主界面一样用live2D，而不是纯立绘，不然违和感会很严重。
抽卡界面，加上概率公示吧，还有所有可能抽到的角色的信息，建议最高级角色用立绘，其他显示名字，就是说你至少让我知道在这个池子我可能抽到哪些角色吧？
最大惊喜是角色信息界面的真实文物展示。",,,2.0
223324,物华弥新,26829426,2021-09-10 05:29:47,4,33587577,暮月,Vivo IQOO Neo3,12960.0,[],[],"时长不对，零食答谢还差最后一个领完。
感觉开场音乐和剧情的衔接有点割裂的违和。
新手指引不够完善，总是要稍微找一下才行。
对于懒癌来说，通关后没有自律或者扫荡简直离谱，意味着一个战旗类游戏为了材料，同一个关卡会要刷好多遍，讲实话这点非常劝退。
器者资料那块好评，还很细心的标注了文物出土收藏的时间线。
声音感觉还可，虽然有些角色的个别语音还是觉得违和但可以感觉出是用了心的。
剧情我个人觉得还行，文物拟人就很棒，但我不是剧情档和图鉴党，所以要求不高也是啦。
对了，大招不能跳也是离谱，我打的时候都不想开大了。
别的想到再说。",1.0,3.0,4.0
223324,物华弥新,26851002,2021-09-11 04:40:46,3,98634990,小哇,华为HONOR 20,,[],[],提示没有资格？能玩吗？,,1.0,
223324,物华弥新,26850647,2021-09-11 04:25:48,5,341185863,Axra,小米Redmi Note 5A,,[],[],没玩到╮( •́ω•̀ )╭,,,1.0
223324,物华弥新,26850576,2021-09-11 04:23:00,1,387134839,冥火,小米MIX 2S,,[],[],不让玩您上您妈的架,,7.0,
223324,物华弥新,26850528,2021-09-11 04:20:52,1,18878915,谢先生,小米10至尊纪念版,,[],[],能给半星吗？所以搞饥饿营销的游戏都没前途，直接😡😡废了吧！,,10.0,
223324,物华弥新,26850460,2021-09-11 04:18:07,1,25469300,手机用户25469300,Honor 30 Pro+ 5G,,[],[],限制还开放下载？骗流量来的吗？,,5.0,
223324,物华弥新,26850063,2021-09-11 04:00:37,2,43154172,我很抱歉,Android 设备,120.0,[],[],"游戏挂在上面显示试玩，结果说没有内测资格，那挂上来干嘛
",,15.0,1.0
223324,物华弥新,26849844,2021-09-11 03:52:20,2,30321808,神蛊温皇,Android 设备,,[],[],下载完了，竟然不能玩QAQ,,4.0,
223324,物华弥新,26849348,2021-09-11 03:30:36,1,70904842,栀夏^～^,Android 设备,,[],[],限号你又开下载通道？我笑了，不给你打一星都对不起你这操作🙃,,6.0,
223324,物华弥新,26849304,2021-09-11 03:28:40,1,102103951,滚筒洗衣机已和青梅在一起,Android 设备,,[],[],请问贵游是和移动联通电信公司有什么共谋合作发展的企划吗？,,7.0,
223324,物华弥新,26848760,2021-09-11 03:05:54,1,13629548,User13629548,Android 设备,,[],[],要不是我之前有刷到过这游戏就被骗了，资格测试还开放下载确实是迷之操作,,4.0,
223324,物华弥新,26847820,2021-09-11 02:26:23,5,27187728,季朝瑰,Android 设备,17280.0,[],[],"去年的时候对文物拟人很感兴趣，刚好看见这个游戏就预约了一手，这次内测没有抽到是借了其他人的码玩的。
角色介绍我很喜欢，可以看到本体就非常奈斯！过剧情有倍速有跳过整挺好，就是手动点的话会有点点不动的感觉。
第一次接触战棋类游戏，很上瘾，就是没有自动和扫荡我好难过呜呜呜。卡关在2-3，后面的剧情都还没看，可能明天领完送的东西可以一次性推完。
第一次写评论不是很会，有什么想法了再补吧。希望二测有我！！",3.0,1.0,4.0
223324,物华弥新,26847450,2021-09-11 02:07:53,1,1630607,桃矢,OPPO A93 5G,,[],[],下载不给资格真就找骂,,1.0,
223324,物华弥新,26847359,2021-09-11 02:03:06,2,4670390,澈寒瑛,华为荣耀20Pro,,[],[],"问卷抽选 
限号测试 
随意下载 
首页推荐 
绝版装饰 
只能说挺隔应人的。",,7.0,
223324,物华弥新,26846640,2021-09-11 01:30:18,3,337548536,ranly,Android 设备,,[],[],写这个只是想对评论里某些自以为代表全部战棋玩家的高贵人说一句，所有人都是从新手过来的，而且这游戏最开始是没有放出玩法的，它最早营销的就是国家宝藏和文物拟人，退一万步说，这几年二次元游戏有多少战棋，除开文物的噱头它在战棋类游戏里还有多大竞争力？二次元游戏我预约了不少，从一测就开始赶人这还真是头一遭。,1.0,27.0,
223324,物华弥新,26846495,2021-09-11 01:23:52,4,110528705,秋烟画雨,Vivo V1936A,,[],[],"画风好看，凭这个给四星。
没有自动，有点肝，有自动再补个星。",,,1.0
223324,物华弥新,26803651,2021-09-09 00:38:52,4,45696674,大黄狗,华为 Mate40 Pro,14580.0,[],[],"作为一个很少玩战棋类游戏的人，刚开始玩确实不太会，但是玩着玩着就感觉就还行
立绘真的太棒了，画面风格也很喜欢，看见很多大大说ui，其实悄咪咪说一句我觉得还行，咱也不是专业的，就感觉没玩类似的游戏，感觉来古还可以，看着精美的立绘玩着玩着心情就会好
前排表白大神龛和蛙锣，立绘和声音简直绝了，我好喜欢啊！！！(女孩子都很喜欢就不举例子了哈哈)
扣一星还是因为有一些问题的
比如手机发烫啥啥的
问题总是有的，但是毕竟是测试，只希望游戏正式出来后能优化！！！因为来古喜欢上了小古董，一定要做好啊",,1.0,
223324,物华弥新,26846167,2021-09-11 01:06:38,4,8481228,流流萤,华为Honor 10,,[],[],"2-12通关了，内容应该是基本体验完了。
音乐美术方面很棒，cg立绘语音方面都很可，战旗模式个人也很喜欢，就是操作有点卡手，比如预设位移后镜头不会拉动，释放近战技能必须先移动，比较难受。
剧情中规中矩吧。
玩法目前只有主线和资源本，再加上还没开放的自动模式，，这不会是又一个看录像游戏吧？有点点看录像ptsd了，希望以后有更多的玩法，如果有扫荡更好（至少未来长时间的副本有扫荡）。
养成方面感觉好像还行，现在大家吐槽的30升50难，看起来设计原本就是想让玩家在30本刷够了所有能解锁的天赋再升50。
角色抽取有点点问题，没有概率公式，也不知道池子里有什么。重复角色的提升和红黄蓝票这里感觉很不错，是方舟那样蚊子腿属性提升，商店兑换道具的模式。
编队只有六个人，抽取的角色肯定远大于这个数，除了战术性调整队伍外，希望可以给战斗用不到的角色增加就业途径。
武器系统看起来还行，只有一件比穿一身六七件强，玩到后期估计就是刷武器毕业属性和升星了吧。
应该就这些了总体感觉很不错，希望下测可以更好！",,,
223324,物华弥新,26845328,2021-09-11 00:12:28,4,13887900,落英★祭,Android 设备,35160.0,[],[],玩了一下，立绘还是很不错的，目前能想到的建议是，希望在移动前点技能的时候攻击距离能加上你的移动范围，能让你移动和放技能同时做，不只是先位移好才能放技能。然后是编队，关卡那里你要是编队的话，编完队会直接返回的主页面，建议弄成在哪个页面编的队，退出编队后还在哪个页面。(›´ω`‹ )不然挺麻烦的,,,
223324,物华弥新,26845312,2021-09-11 00:11:20,3,70999111,小π,红米Note 4X,240.0,[],[],因为主游明日方舟被防沉迷制裁了，导致我对这个游戏的期待值很高。立绘是在空间看见的，看到开了测试无脑冲了，结果你告诉我这玩意儿之前挑人测试？？宝儿，那你告诉我，为什么可以下载😓,,,
223324,物华弥新,26845203,2021-09-11 00:02:57,2,11081611,共同,Vivo IQOO Neo3,,[],[],垃圾玩意,,1.0,
223324,物华弥新,26844963,2021-09-10 23:41:22,1,17536315,伊布不拉稀,红米K20 Pro,,[],[],限量测试，开放下载，好家伙！我直呼好家伙,,2.0,1.0
223324,物华弥新,26844047,2021-09-10 19:59:59,3,125489675,生之境,Android 设备,180.0,[],[],蹲蹲，为什么下载了玩不了啊？,,1.0,
223324,物华弥新,26843979,2021-09-10 19:38:02,1,41790658,我改名字啦,华为 畅享10,,[],[],端放出来有人让玩家误解能测试能玩，然后下了注册后告诉没有资格，这是什么操作做？？？？,,2.0,
223324,物华弥新,26843744,2021-09-10 18:42:50,1,82608089,User82608089,华为 nova 7 SE 5G,,[],[],真无语了 下这游戏有鸟用😅,,1.0,
223324,物华弥新,26843719,2021-09-10 18:36:59,5,407967958,拿来吧你,小米Redmi 9A,,[],[],"给五星尊重我等待了一年多的游戏，题材非常惹眼，为此我兢兢业业地去了解了国宝，认识了许多，还是感谢启蒙。
剩下的不说了，营销手段伤透心，也许公测或是上线会来看看吧，希望你游能变得更好。",,,
223324,物华弥新,26843717,2021-09-10 18:36:47,1,35156652,偏安一偶,Android 设备,,[],[],骗下载量你就糊吧,,2.0,
223324,物华弥新,26843618,2021-09-10 18:21:33,1,58838923,该用户已注销,小米Redmi Note 5A,,[],[],玩不了就关了下载通道，人下完了发现没有玩的资格，这运营可真有心机,,7.0,
223324,物华弥新,26843502,2021-09-10 18:03:06,3,1677859,薄凉,Android 设备,6420.0,[],[],没有扫荡差评,,,
223324,物华弥新,26843416,2021-09-10 17:54:04,3,101231326,法外狂徒李四,华为 Mate 30 5G,,[],[],游戏整体基本上全靠角色画风拉分，剧情也是个谜语人，玩法上来说还是老套的战棋玩法，ui呢我说你换个马甲我就真看不来你跟隔壁某个喜欢装死的基本上没两样么，再来说说抽卡，我一开始以为这游戏这点很神奇没有ssr，sr，r这种分类，后来仔细一看好家伙还是有的，他没有明面上写出来稀有度但是仔细一看卡的底部渐变色就把卖了，红色ssr 黄色sr 蓝色r。还是希望在玩法跟ui上多改进下吧。,,2.0,
223324,物华弥新,26843380,2021-09-10 17:49:04,1,32727659,柏柒,华为 Mate 30,,[],[],"抢完了还开着下载找踩是吧
",,2.0,
223324,物华弥新,26843354,2021-09-10 17:45:15,4,326153583,鱿咪,Vivo V2001A,131940.0,[],[],"画风立绘UI我很喜欢，也是因此入的坑。
战棋玩法很有趣，我第一次玩战棋，感觉特别好玩，很有意思。
扣的一星给剧情，怎么说呢，普普通通，差强人意，没有特别想推剧情的欲望。
总得来说还是非常喜欢的。",,,
223324,物华弥新,26843256,2021-09-10 17:34:33,2,355538656,随风而逝,小米 Redmi K30S,,[],[],骗下载量？有你这么操作的吗？,,3.0,
223324,物华弥新,26843209,2021-09-10 17:30:29,3,44326750,黎缠,华为 nova 7 SE 5G,15480.0,[],[],(这是9.10从白天十一点到晚上十一点断断续续玩来古的感受😴)b站那里中的测试资格。国风音乐挺好听的，画风也对我胃口，很喜欢每个器者档案里的文物信息，如果文物能做成3d可旋转的就好了！(小奢望)🤔目前一测爆率还挺高的吧不太确定 我玩了很多游戏第一次连着二十发都有双黄，还没重复，其中俩还是活动池里的😬整挺好👍抽卡体验上去了👍。剧情emmm因为我主线暂时推不下去只玩到了第二章 目前看着一般般。前期好肝😐我不喜欢做重复劳动更何况战棋还要费点脑子，角色等级突破需要刷副本 等级低还不能自动，所以玩着挺累。我对男女人物的比例没啥要求，不关注男角色，目前的老婆我也觉得够看一阵子的🥰(老女铜了,,,
223324,物华弥新,26826983,2021-09-10 03:24:08,3,11868242,丰川赘婿三角初音,红米 K30 Pro,5160.0,[],[],"两个十连，两个十连啊兄，都只有保底的五星，而且全是重复的，笑死，能玩，但是心很累。
测试就开头送了个十连券，池子不标注概率，不标注保底，没有首个十连必六星而且获取十连不算容易。
二倍速速度也很慢！磨叽！
游戏优化凑合，大众水平吧，我见过最行云流水的优化是灵魂潮汐，真的加载切换点击一点不卡，特别舒服。
角色立绘啦剧情动画气氛不错，我挺喜欢。
立绘真的很还原文物，而不是单纯随便拎个漂亮立绘指着他说，他叫啥啥啥。",1.0,3.0,1.0
223324,物华弥新,26843201,2021-09-10 17:30:01,1,25421405,忍它让它且看它,锤子坚果 R1,,[],[],话说内测需要码不提示的么？下载随便下？屎不屎？,,,
223324,物华弥新,26843108,2021-09-10 17:19:27,3,110494365,Yinber,华为 nova7 SE,,[],[],"b站拿到了资格，意见发到tap上可能官方更会看一些。

作为一个历史爱好者+slg爱好者，很高兴拿到这款游戏的内测资格。玩了几个小时，对这款游戏战斗系统和养成系统有了一定的认识，以下是我对这款游戏的几点小建议。

首先谈一下优点，这款游戏作为一测来说，质量算较高的水准了。
1.最为惊喜的就是游戏配乐，质量非常高。
2.游戏整体剧情不管文笔还是风格都让人比较舒适，对角色的刻画会围绕着文物的属性，期间几张cg也用的非常到位，在短短几章主线里，看板娘的性格在我看来也塑造的非常立体，这是很多游戏做不到的地方。
3.对于文物的讲解也比我想象的到位，每个文物都有较为详细的介绍，而且这款游戏，定位应该是比方舟还要中性化，男女比例应该算是比较权衡。

接下来想谈一下个人认为的几点不足之处。
1.首先就是战斗核心机制，这款游戏作为slg，应该走的是日式slg风格，类似于火纹，幻想大陆和魔界战记，但走日式slg的核心问题就是养成系统，玩过这类游戏的都明白，日式slg很容易出现培养单角色无双的场面，事实上在玩高难难度时很多时候也是这样处理的，通过留刀来让单角色吃经验，但这个游戏是经验书模式，那如果玩家前期把资源全砸在一个高机动角色上，那这个游戏难度会不会大幅度降低呢，这是需要考虑的一个点。
2.反击和地图机制缺陷导致的单位强度问题，作为slg游戏来说，地图有些单调了，只有障碍物存在，没有属性差分，这相当于减少了游戏性，而且没有反击机制意味着近战单位天生比远程单位就多了一个优势，事实上在玩的时候也有感觉，轻卫过于强了，天生自带二动，无视障碍物，攻高血也不薄，a别人别人还不还手，这不就是无双面板吗😆
3.角色的终结技确实有点尬，放一张cg在那里都比这个强。

总得来说感觉单位强度确实还是需要再打磨一下，而且单论slg游戏性来说的话算不太好玩的，希望下一测可以看到更多单位与地图直接的反馈，地图空旷地带实在太多，策略性要求不强，抛开游戏性，其他的都挺满意的😂
——————
玩了一天，只能说，制作组真的走了一步坏棋，slg和玩家受众群的契合度，slg游戏，第一难做好，第二玩家基本上是所有类型游戏最难伺候的。本来这类型游戏就是非常吃熟练度的游戏，最后玩下来的结果就是，
喜爱slg的玩家觉得游戏太简单，地图没有互动，
没接触过slg的玩家觉得游戏太难，流程又长又臭
在我看来，来古即使是做成放置类手游，都比战旗吃香，在最开始确实是被喜欢的古风加slg吸引，结果最后看下来，slg部分实在是让人失望，希望制作组之后好好考虑一下定位客户，
主打女性和喜欢文物的，就干脆不要slg了，做成放置类手游，pcr那种不香吗，
还是想保留游戏性的话，就要做好被slg系统劝退的大批玩家的觉悟，而且也要更加去专研地图，兵种，角色连携之间的互动，这是吃力不讨好的过程，而且会成为明年出的众多正统主打slg手游的竞品，个人推荐还是走第一条路比较好，毕竟这个定位我觉得也不错，男女通吃。",8.0,122.0,6.0
223324,物华弥新,26843106,2021-09-10 17:19:07,1,21870906,陌上摘瓜,华为P30 Pro,,[],[],没资格开放你妹的下载通道,,1.0,
223324,物华弥新,26842828,2021-09-10 16:54:49,2,51251556,2035协议,小米Redmi K40,,[],[],预约好几个月俩平台没资格，失望了。还不如做成开服抢号我好歹抢不到心服口服🙄,2.0,,
223324,物华弥新,26842787,2021-09-10 16:50:54,1,117664224,一个在刀尖上行走的毒枪,Ulefone Armor_11_5G,120.0,[],[],开放下载，骗流量，排队打一星，现在还不取消下载，真搞笑,,2.0,
223324,物华弥新,26842690,2021-09-10 16:42:46,1,17491635,知寒,华为Mate30 Pro,120.0,[],[],限号你就关闭试玩通道，祝你骗了几个下载就换几个一星,,3.0,
223324,物华弥新,26842618,2021-09-10 16:36:34,1,37481778,Rex,小米Mi 10,120.0,[],[],不是，你限资格内测排行榜搞什么推荐啊，骗下载量啊人都整无语了,,4.0,
223324,物华弥新,26842498,2021-09-10 16:28:11,2,27402328,xiaoguai,Android 设备,,[],[],别问，问就是没有测试资格,,1.0,
223324,物华弥新,26842468,2021-09-10 16:26:35,1,5335809,幸也,Android 设备,,[],[],我用的wifi，没用流量，但我也很不爽，下载没资格进去，tap用了四五年了，头一回碰到，真行,,2.0,
223324,物华弥新,26842347,2021-09-10 16:18:37,2,15428177,柒柒柒柒柒小姐,Redmi K40 游戏增强版,,[],[],"骗子，滚😡
",,2.0,
223324,物华弥新,26841734,2021-09-10 15:42:42,5,3128745,古来弥新,OPPO PDKT00,,[],[],"给5星的原因是因为器物拟人，对于文化这方面，我本人喜欢古董文物，只是感觉对每一个文物背后的故事感到兴趣，在图鉴里还可以看到文物本来的样子，确实让我很惊喜但不意外，作为一个游戏来说，它不能让所有人喜欢，但是作为一个了解文化历史确实会让人感到兴趣。
游戏最大的优点就是器物拟人，画风一级棒，背景音乐也很不错，看得出来这个游戏打磨的很好。
要是意见的话故事可以在稍微打磨一下会更好，游戏战旗类玩法和器物拟人，就注定不会过于大众化。
主要还是希望游戏制作不要被一些评论影响，还是希望这个游戏可以早一点公测，毕竟时间太少了。（恩，刚刚认识几个老婆就不能多陪一会儿）
最后总结，这是一个很值得期待的游戏，至于不喜欢这个游戏的其实也没必要给差评，中规中矩这个游戏测试玩法基本上没有什么大问题。还是希望善待这款游戏，希望能早一点玩到。目前玩下来，我觉得剧情还可以打磨，剧情，剧情，剧情。重要的事情说三遍。",,,1.0
223324,物华弥新,26841508,2021-09-10 15:30:18,1,5903470,Legend,iQOO Neo 5,,[],[],没玩没下，看到有人说下载后要资格。就这一点，滚吧。,,2.0,1.0
223324,物华弥新,26841149,2021-09-10 15:11:24,2,25713269,喵锚渵,红米 K20 Pro 尊享版,,[],[],什么拉几pv？就一个图都敢放出来？？？敢不敢来点实战画面？,,1.0,2.0
223324,物华弥新,26840606,2021-09-10 14:42:43,1,4494389,厅堂之门,OPPO Reno 5,,[],[],我下载了注册了才和我说我没资格无语了都，那你们开放下载个鬼,,2.0,1.0
223324,物华弥新,26840508,2021-09-10 14:38:12,5,371854050,锲而不舍,OPPO A9中国版,,[],[],哇塞 终于出来啦 ,,,
223324,物华弥新,26840291,2021-09-10 14:28:03,2,17136770,千里望月,小米 Redmi K30S,,[],[],骗下载量,,1.0,
223324,物华弥新,26839878,2021-09-10 14:06:43,5,1438836,取名好烦 不如自然。,小米Redmi K30 Pro Zoom Edition,,[],[],"适合手柄操作吗。。
",,,
223324,物华弥新,26839812,2021-09-10 14:03:35,4,7117998,fall_desire,华为 nova 6 5G,181380.0,[],[],"二章已过，玩了一天，给一些个人的建议
一、战斗
1.战斗时操作无论是放技能还是平a，都要不断点击确认或取消，非常繁琐，有时候容易误操作。建议将一些操作改为拖拽，会更顺滑一些。
2.战斗难度过高，战旗类游戏本身就有门槛，前期太难容易劝退玩家，角色前期培养成本太高，资源关卡了打不过就只能一直卡关。
3.增加自动/扫荡系统，自动最好有二或三倍速，一直手动操作很痛苦。
4.弓系收弓之后不能马上行动，轻锐核定书第二关难度过高。
二、界面
1.新手引导做得不够详细，对零基础玩家不友好。
2.器者考核界面，只要材料够了即使点开还是一直有红点，强迫症非常难受。
3.器者界面，建议在器者名字旁边直接用汉字标明职业，这样不需要点开图标来看。
三、美术与剧情
1.l2d增加点触动画或点触语音，或者背景音效。
2.器者档案内容太少，希望多写一写器者的性格，经历，背景等。文物资料部分应当是重点，但是内容依旧太少，现在人设还太单薄。评估报告的风格差异很大，有的很公式化有的又很随性，建议统一风格。
3.大招动画里的q版小人很模糊，有的素材贴图也很模糊。
4.【高亮】最重要的剧情问题，游戏剧情过于晦暗不清，世界观讲述不清晰，剧情节奏混乱。作为一款文物拟人的游戏，既然以历史要素来吸引玩家，我认为无论如何剧情都是要摆在第一位的。建议好好规划剧情，好好写文案。
来古刚开始宣布制作的时候我就在关注了，对它有很高的期待，而这一天玩下来我感受到了这款游戏的潜力，而且美术实在是无可挑剔，因此我花费一些时间提出了所有我认为可以改进的地方，希望来古越做越好，也希望我能一直陪它走下去。",,1.0,
223324,物华弥新,26839686,2021-09-10 13:58:42,1,42798674,逮虾户,Redmi K40 游戏增强版,,[],[],😅想说的楼下的兄弟们都说过了,,2.0,
223324,物华弥新,26839593,2021-09-10 13:53:29,1,101146703,伶人爱吃糖,努比亚 红魔5G,,[],[],Nt 没资格下什么载 骗下载量呢,,2.0,
223324,物华弥新,26839454,2021-09-10 13:46:44,1,115293229,风邝,OPPO Find X2中国版,,[],[],我也曾参加过taptap几款游戏内测，对于你家游戏的情况我的结论是你肯定是故意的。既然你要流量不要分数的话那我给你便是。,,5.0,1.0
223324,物华弥新,26839264,2021-09-10 13:38:20,2,2980373,轮回一叹,一加手机5T,,[],[],下载了不能玩，好游戏！,,2.0,1.0
223324,物华弥新,26839015,2021-09-10 13:27:47,1,28363497,密密麻麻么么么么么么么,Android 设备,,[],[],笑麻了，游戏摆出来了让人下载却没有资格哈哈哈哈哈哈哈哈哈哈哈哈哈哈哈哈哈哈哈哈哈哈哈哈哈哈哈哈哈哈哈哈哈哈哈哈哈哈哈哈哈哈哈哈哈哈哈哈，真爱粉呢，真爱粉来救一下啊,1.0,5.0,
223324,物华弥新,26838641,2021-09-10 13:13:40,4,2684361,冷霜之哀,Android 设备,,[],[],"中规中矩的游戏，战旗玩法，本来以为和天地劫差不多的，但里面各个职业有不同技能，伤害也分成两种，简单来说魔法和物理，养成这块和天地劫类似，但没有天地劫那么麻烦，就是升级，然后刷材料升被动和突破界限，关卡难度也是简单的，没有发挥出战旗游戏需要思考的优点，也就是只要你练度高，基本上所有关都能打，目前能发现未来会有自动，而且部分红色级别的角色很强，至于概率我抽了也大概40发左右，出了2个红，一般般。
优点;画面很不错，立绘很棒，都有动态，小人挺可爱的，大招动画也不错，就是有部分角色大招动画的衔接感觉有点怪，音乐也还行。
缺点;说真的玩法目前推到2图开头感觉挺一般的，也就前面一段时间会有兴趣玩后面就枯燥无味，还有就是玩久了耗电有点严重，并且会发烫…还是有可优化的空间的，另外中配有个角色(那个武器拿枪的射手，忘了叫啥…)那句举头三尺有神明总感觉挺怪的，其它配音还是可以的。
总体来说，喜欢战旗和这种文物拟人的可以试试，难度不高，偏向于休闲，祝下次测试能有更多东西",,1.0,
223324,物华弥新,26838609,2021-09-10 13:12:32,4,61235922,桃源行,OPPO K3,,[],[],冬谷基金会的灵感来源是sxp那个吗，总有一种控收保的感觉😂,,,
223324,物华弥新,26838313,2021-09-10 13:01:47,2,38563329,呀哈哈,荣耀 V30,,[],[],笑死，下载下来没资格，你满了就把下载关了不行？,,1.0,
223324,物华弥新,26838265,2021-09-10 13:00:07,3,24855915,缇娜,小米MI 8,,[],[],没测试资格。。。然后能下载？下载了不能玩,,,
223324,物华弥新,26838235,2021-09-10 12:59:01,1,356472635,Nailedit,华为 nova 6 5G,,[],[],下载完了注册完了，你给我说没有资格,,1.0,
223324,物华弥新,26837412,2021-09-10 12:31:34,1,15965452,小小游戏少年,Android 设备,,[],[],不能玩还行,,1.0,
223324,物华弥新,26837162,2021-09-10 12:19:16,5,4781977,User4781977,一加手机 7 Pro,,[],[],"我是b服预约的内测，早上玩到现在，已经快一队30级了剧情也打完2-12通关了。从玩法上来说我个人觉得非常有趣，有时候一个小小的站位调整就能起到改变战局的部分。这点在2-12的boss战中有明显体现，那些说太难的建议出门右转，不用动脑子的游戏大把。
在角色方面立绘我最喜欢的当然是咱们的桃瓶啦。不过在技能上面就我闯关过程中最让我惊艳的是越王勾践剑，不仅技能有趣，而且符合历史典故，让我有种耳目一新的感觉，这点非常棒。在闯关路上給我最多帮助的就是勾践剑和鎏金了，喜欢下测还能得到他们（拜托了请一定给我下测资格）
在游戏bug方面除去典型的掉线之外在我的游戏过程中并没有出现什么bug，我也不知道为什么哈哈。不过我对ui布局有点意见的就是有些角色是在行动后会有额外行动的，例如九彩，我经常会按到待命。",,,1.0
223324,物华弥新,26780395,2021-09-07 10:22:32,5,365236881,AntiRain,Honor 30S,4560.0,[],[],试玩了一下，一两个简单建议：过剧情时设置一个可以一键翻看之前对白的设置，以及跳剧情时来个剧情梗概。把小人大招完善一下，画风有点奇怪而且违和。完善新手指引和UI，我了解机制费了好大劲。立绘水平在线，内容丰富，剧情画面还可以。总之，还是很期待，多多完善,,,
223324,物华弥新,26836751,2021-09-10 11:57:07,1,324178292,亭书浅墨,华为 Nova 8,,[],[],你既然开放下载了还要测试资格？费那么多流量下载完注册上告诉我没有测试资格不让我进游戏🙂,,1.0,1.0
223324,物华弥新,26836611,2021-09-10 11:50:06,1,19730185,旧梦,小米MI 8,,[],[],限资格还开放下载？😡,,1.0,
223324,物华弥新,26836249,2021-09-10 11:30:54,1,2423483,万恶的糖包,Vivo Y93标准版64G,,[],[],玩了这么久游戏你这不是所有人测试还开放下载的还真是少见,,5.0,
223324,物华弥新,26835979,2021-09-10 11:15:58,5,7060440,Te,小米MIX 4,,[],[],"这游戏刚进就让我想到火纹！必须好评，
立绘角色也值得好评，
ui界面可以更简单一点，给个中评吧
点击反馈超爱，一个声波纹类似的反馈，直接好评！
就是这个抽卡吧……送的十连抽了三个一样金的😂感觉爆率这个还可以改改嗷，对非洲人好点，这游戏卡应该是红金蓝的等级，目前没玩透，不太清楚个个等级角色会不会有太大差距这个等之后在评价，本来是奔着了解文物来的，结果发现这游戏竟然是我喜欢的样子？那我必须提些建议
目前发现的一个小问题是开局pv不适配屏幕，两边黑的很难受，希望之后能改
然后角色必杀可以加个跳过或者每天首次动画，关于角色强度啥的等我再玩两天看看😁😁😁",,1.0,1.0
223324,物华弥新,26835204,2021-09-10 10:36:21,1,7041016,Cuchulainn,荣耀30 ,,[],[],开放下载，确不开放测试，狗都不玩，爬,,3.0,
223324,物华弥新,26834869,2021-09-10 10:19:08,4,360455638,哼哼哼哼,VIVO IQOO Z1,,[],[],个人来说游戏体验还不错，但是感觉还要优化，游戏操作有些不流畅，感觉点击反应有点慢，这两点比较影响游戏体验，总的来说画风精美精细，融入了国风，立绘很惊艳，支持一波,,,
223324,物华弥新,26834498,2021-09-10 09:59:52,5,375088989,;),OPPO Ace2,,[],[],各方面都很棒，期待正式上线。,,,
223324,物华弥新,26834483,2021-09-10 09:59:13,5,31019652,摆烂唐瑟,OPPO Reno 5,,[],[],感觉立绘蛮吸引人的，还没有开始玩，想期待一下,,,1.0
223324,物华弥新,26834126,2021-09-10 09:42:24,5,51749322,三花酒,iPhone SE 2,,[],[],我是抽到测试资格的，进去的cg我个人超级喜欢，器者的配音都是国语而且很和谐的感觉。立绘都好好看，剩下的毕竟才是一测我也没玩多久暂时不谈论。希望能越来越好！,,,
223324,物华弥新,26834123,2021-09-10 09:42:12,1,69121688,南波万,小米Mi 11,,[],[],我不懂，又让我下载，又不让我玩，说没资格，合着下载量这么来的？,,6.0,
223324,物华弥新,26827858,2021-09-10 04:09:21,3,46742591,小公主,iQOO Neo 5 活力版,16020.0,[],[],"目前来讲好看不好玩，我觉得打怪的手感太怪了，我不知道是音效还是速度问题，完全不清脆，打怪的感觉粘粘糊糊的，还有别的点击音效也是，然后我忘记是哪一关了，给的提示等级是五级，我想给角色升级发现需要先过1-6，这种新手引导要么放前面，要么你前面的关卡等级设置成1级。然后十连抽卡居然没有确认提示，而且点了之后还不能返回。还有一个日常本的新手引导我拿着给的角色打居然没打过，领了邮箱里给的角色才打过的。
第二章开始要求全员一破，而且没有自动和扫荡，这也太恶心了吧。
8级了继续补充，我的蝠桃瓶都叠满了，里面的sr是只有四个吗？我好像没抽到别的了，概率可以歪的太狠了，歪了两个才出up。
刷材料加扫荡扫荡扫荡，我只养了四个角色经验都不够用。
",,5.0,
223324,物华弥新,26833654,2021-09-10 09:19:54,5,24435104,狼攀,Android 设备,,[],[],"美术立绘跟文案都很不错！我特别喜欢文物信息这一栏，还有文物历史轨迹这种东西，感觉制作组也挺用心的。

但是这个战棋玩法，这个新手引导有点难了吧而且为什么要在剧情里面插入职业教程啊，然后难度感觉也有点大，打半天打不过去，还要刷材料，希望后续调整一下，毕竟手游的定位就是让人在空闲时玩玩不是拿来让人上班的，希望后续能够平衡一下肝度？。。。毕竟美术文案我都挺喜欢，现在人物也不多，期待一下以后会出场的人物吧。

哦还有国配也不错，居然还有潮汕口音跟四川话，之前还担心弄日配出来，现在看来制作组这方面也处理得很好，松了一口气。往后面期待一下把",,,1.0
223324,物华弥新,26833645,2021-09-10 09:19:30,5,84604420,林卷,iPhone 8 Plus,,[],[],画风国配好评，对这个题材一直也感兴趣很久了就等国内出一个这种游戏，现在看国配说明制作组起码还是用了心的，诚意这一块感觉还行，希望制作组后面不会让人失望。,,,
223324,物华弥新,26833452,2021-09-10 09:09:26,5,371027290,anh,Android 设备,,[],[],u1s1，ui和立绘真滴很不错，不过新手引导还需要再改进下，非战旗玩家上手可能会有点难度。特别看好来古，加油呀！！！,,1.0,1.0
223324,物华弥新,26833448,2021-09-10 09:09:13,5,55821456,小嘉仔,小米MIX 2S,480.0,[],[],"太幸运了！！！抽到了今天的测试资格，10点准时进服，我的天！桃妹真好看！！（我老婆

理性分析一波的话，立绘真的满分，还有三缺一的盘妹我也吹爆。
战旗的玩法本人不是很有兴趣，但游戏内的小人做的很萌~
前期养成压力不是很大，主线能一直推，就是自动功能一直说权限不足？？什么时候能开啊！！
抽卡感觉爆率挺高的。。20抽就有2红了，可能是内测吧，公测观望。

比较遗憾的是剧情还没有配音诶，只有器者界面和抽卡的时候有角色配音。
总体还可以，但感觉游戏完成度不高，有好几个我都发现了的bug，素材关上阵新角色之后会返回主界面。。很迷
还有开服第一天就来一个签到bug。。一直点到怀疑人生，后来才知道是bug了- -
未来可期吧，题材很有正能量，只要自己不作死应该还是会有一起忠粉的，来古加油吧~

发布的时候发现游戏时长0分钟，模拟器玩的，特此说明一下。",,,2.0
223324,物华弥新,26833418,2021-09-10 09:08:14,5,8436300,仲瑜,荣耀9X Pro,,[],[],目前已过2-3，2-4打不过去，再升几个30应该就可以过去了。 1.总的来说第二章难度比较高，第三关试了好几次才能过，希望后续测试可以改良一下。 2.首测抽卡概率不错，希望以后还能欧气。我看了好多人的评论，就是器物的稀有度问题。红黄蓝，器物的等级不知道是不是按照国家文物等级来划分的。官方既然做出器物拟人，那就一定要尊重文物。请酌情规划。我感觉可以按照不同朝代来划分，不要像忘川那样很容易被喷。 3.战斗倍速可不可以一直保持2倍速，每次进去都要重按真的太难受了。另外建议到第二章开始可以开自动，一把一把刷材料太难受了。 4.材料掉率。希望材料掉率可以高一点，升级经验一把现在才能掉几个，升不了几级，而且没有自动，玩家手操一遍一遍真的很难受。 5.角色平衡。一，男女角色比例尽可能协调。二，部分角色技能有所重叠。 6.角色立绘。希望可以和文物相符。大招的特效总感觉有点不太符合。 7.角色档案有文物实图真实太棒了。 总之，希望你们可以做的更好，能够认真听取玩家的建议，谢谢o(^o^)o,,4.0,2.0
223324,物华弥新,26833349,2021-09-10 09:05:19,5,17898039,五可爱,华为P30 Pro,,[],[],"文案、美术、音乐，都还是能感受到很多诚意的，五星鼓励！器者的档案特别用心，配音也很有地区特色，方言爱好者期待后面的器者！！！还有特别是图鉴能切本体这个大大好评（但你们的图鉴也太难找了吧希望能够优化一下）。
关卡没能打完，实在是太难了，新手教学也有点难，强烈要求调低难度或者增加自动功能，难死谁了。还有一点是重复怪很多，拉长了游戏时间但又没感觉特别有价值，总之希望改进。对你们还是有期待的，加油！",,1.0,2.0
223324,物华弥新,26833343,2021-09-10 09:04:58,3,41693250,美少女游戏bot,华为荣耀20S,10380.0,[],[],"一星立绘，一星剧情，一星文物题材，本来还有一星想给下测的期待但是真的给不动。
战棋类接触的确实不算多，自动半天开不出来就疯狂卡关，可能确实是我菜吧，也可能其他无脑刷刷游戏玩多了，第一章都不能靠等级输出纯砸过去真的萎了。本来想着抽抽卡推推关看下剧情结果纯手动一个多小时打的我满脑子只剩下：捏妈就剩一丝血为什么又有怪刷出来了？
看了眼没有扫荡，后续刷材料是自动？那真的挺萎的，没有好的卡和高强度压制就是慢慢磨血皮，自动纯属浪费时间。
给画师加大鸡腿！
",,6.0,
223324,物华弥新,26833327,2021-09-10 09:04:08,5,43709469,夜玄钦,华为Nova 4e,,[],[],"先给5星观望吧，画风很喜，有点上头，但是战棋属实有点。。。。希望公测能调低一点难度。
先说优点吧，国语配音好评，画风好评，UI美术加鸡腿。
缺点就，战斗系统真的太头痛了。不爱动脑子星人只想挂机刷，不能给个自动吗，你给我个扫荡都行，无语了，刷个突破材料我手打这么多遍，你要不干脆就别做那个自动按钮给我看行吗。
另外，剧情有点谜语人，第一章感觉说了，但是又没完全说，曲解到底是个啥玩意儿？？（可能也是我没仔细看吧。。）
抽卡倒是挺上头的，翻牌唰的一下有点爽，虽然是金光。。。。。卡池概率也没找到在哪里。。。
战斗语音有点少了感觉。。。一进关卡就听见蝠桃瓶说想进柜子，烦死了（x但她还是我老婆呜呜呜），其他角色是没实装战斗语音吗😓
动画啥的感觉也还行。
哦新手引导。。。感觉有些东西完全没必要引导。。。操作太繁琐了，升星完了引导我去看档案。。。大哥！我要升星！我不看档案啊！我还得退出去重新点！
算了，希望公测能改好吧，美术实在太上头了😭
",,,
223324,物华弥新,26833291,2021-09-10 09:02:07,5,107486646,sandix,小米10至尊纪念版,,[],[],"比想象中复杂一点，但是也比想象中更好玩
很多细节挺让人惊喜的
先五星鼓励了，之后有想法再补充
",,,1.0
223324,物华弥新,26833140,2021-09-10 08:55:18,3,2997737,衣,Vivo Y83A,,[],[],都没有测试资格了，怎么还能下载啊，这不是坑吗,,1.0,
223324,物华弥新,26833076,2021-09-10 08:51:06,3,23736139,啊bb,小米MI 8 SE,,[],[],策略性不高画面啥的还不错,,,
223324,物华弥新,26780260,2021-09-07 10:14:14,5,56090529,空鸾,小米 Redmi Note 9 Pro 5G,31620.0,[],[],"来评论一下
优点:画风音乐剧情都不错，战斗关卡有很多很好听的BGM。剧情我个人还挺喜欢的。中配好评，大神龛有口音好评。（应该是潮汕口音吧）UI我个人觉得还不错。制作上已经比较完善了。
缺点:因为关卡上写着自动，所以我认为它是有自动功能的，只是这测没开。但是这样也挺麻烦了。希望下一测能开自动。希望自动不要太憨。如果能扫荡也很不错。
大招动画其实有点不够精致。立绘闪过的时候，长的高的人，比如扯淡碑和大神龛就会被遮掉半个头。
操作有点繁复，新手引导不够细致，一些没玩过战棋的玩家容易出问题。我个人在点敌人的时候容易点空。很多操作需要二次确认，希望可以简化。
希望针对不同职业出一点不同的高光关卡，我玩方舟的时候就是在过主线的时候逐渐掌握不同职业的用法，但是我目前玩来古还没有看到那种必须要某个职业发挥作用才能打的关卡。（也可能是没看到，毕竟我卡2-3了💢）
然后就是感觉考核素材要的有点多，毕竟还有分路。
最后，我还以为你们画了男女收藏家立绘会拿出来给玩家选，没想到直接没立绘的。
",,,2.0
223324,物华弥新,26832835,2021-09-10 08:38:14,4,1981762,休,小米Redmi K40,,[],[],"美术吹爆，音乐吹爆，风格吹爆，能看出来很用心了
下面是提意见时间↓
1.剧情谜语人，玩家和主角的信息不对等，文案和玩家的信息不对等，很多东西一知半解的情况下代入感很低很低，比如基金会，太缺乏阵营归属感了，办公室的界面设计也没有任何身处环境的信息，剧情到第二章我的心都是飘着的，没有一个落点。（高潮张力不太够的。本来看到血的部分应该是一个小张力点，完全没张起来，中奖路人代表的小角色也没有写出内容来。一拳打在棉花上的感觉。
然后是“曲解”，这个概念应该很有意思的，但可惜第一章加第二章开篇下来我并没有体会到。尤其现在基本是个二次元手游都得拯救世界，这种灾祸的概念都大同小异，但“曲解”这么契合现实情况引人深思的名字设计却没有写出差异实在是可惜。
2.UI部分，很多有用的文字不够醒目，同时用来增加画面信息量的观赏性内容又太多，就很花哨。比如订单的字体和升级的字体一样将一个笔画变色就很好看，但白色部分还做了渐变简直是平白增加理解压力。同样，背景上的部分文字可以强调设定，无形中增加玩家的印象，本来应该属于实用性内容，但却很小，不够直观，也没有和观赏性内容拉开区别。
3.如果只是干巴巴的文物资料放在角色信息里，真的很割裂，类比王者荣耀早就做了历史上的英雄模块，把资料放在那里但和游戏完全割裂，也就没什么人看。
4.核心玩法的引导做的很差。那种基本每个游戏都换汤不换药的突破升星加属性穿装备等等没必要逐逐逐逐步解锁的。实战部分，打一关教学一个点打一关教学一个点是哪个小鬼才的设计，你要说前面关卡节奏快，只有教学相关的战斗是OK的，但问题是前面的关卡早就用到了后面教学学的东西，但是没有教学，加上行动设计有点模糊，加上最高才2倍速，加上重复的大招动画，就显得又长又难。
5.角色稀有度差异不大其实我是挺接受的，特别是有前车之鉴。但是毕竟是抽卡游戏，稀有度和氪金和强度挂钩，其实最好的就是走现实依据分级然后该怎么差异怎么差异，虽然难度比较大比较费心思，但是不会出现忘川那种尴尬。
6.加油！",,3.0,1.0
223324,物华弥新,26832534,2021-09-10 08:21:34,1,18807129,ochea,三星Galaxy A71 5G,,[],[],这里到底有多少战棋人上人啊？啊？没抽到测试资格我也没啥意见，毕竟最近大学刚开学很忙，估计抽到我也打不了。但是有些玩家态度真的ex，很难想象这个游戏开服以后的游戏环境。我是来打游戏的，不是来看别人脸色的。既然制作组这些没做好不就应该说？不要觉得自己是古物题材就高人一等，这样下去迟早变成某舟游，各位人上人可小心点了😅,10.0,36.0,11.0
223324,物华弥新,26832510,2021-09-10 08:20:17,2,23378642,风吹肚皮凉,Android 设备,120.0,[],[],"你好歹整个提示啊，tap不弄游戏进去也弄一个啊
建议你把限号测试写在最上面，一眼就能看到
下载了，进去了，注册验证码都填好了你告诉我没有资格，那只有再见和我一个不好的印象了🙆🙆🙆",,9.0,
223324,物华弥新,26832409,2021-09-10 08:15:09,3,60773293,凯恩血蹄大酋长,小米MI 8 Lite,,[],[],吐了，限号测试为啥开放下载？我没记错taptap明明有相关的功能的，真就像别人说的骗下载量？,,2.0,1.0
223324,物华弥新,26831904,2021-09-10 07:48:37,3,545473,碧水云中,Vivo V2001A,,[],[],"首先夸夸画风，然后说一下体验出来的问题。没时长是因为是b服的，进度是把第一章打完了，然后现在手机发烫，优化还是有点不行。
然后那个器者考核要点出被动和等级突破就要刷材料，不然就只能卡在15级。两个被动需要10个一阶材料，突破需要5个二阶材料和5个关卡材料，但是那个一级考核一次15体力，除了首通送5个二阶就只能看运气掉落，我刷了4次一次只给3个一阶材料，关卡材料没特意去刷不知道掉落怎么样。而且这个游戏一队有6个人，就是说你想一队突破到30级得刷60个一阶材料和30个二阶材料，那不得看运气刷死啊（二级考核我看他推荐等级是30级，我就没敢去刷）而且这游戏不能扫荡或者复刻你的操作刷，所以这些材料你就只能自己手动刷，他进图也不会自动二倍速，还得你去点一下，最重要的是他大招动画不能跳过的，这就很费时间（也有可能是我没找到跳过）所以希望官方考虑尽快实装跳过动画和自动/扫荡，不然考核刷材料真的很费时间，时间一长我手机温度就蹭蹭往上涨。
然后那个操作方面不知道是不是只有我有这个问题，就是我感觉大招和等待离得太近了，想放大招的时候一不小心就按到了等待，然后也没有二次确认，就这么过去一回合了，我今天按错好几次了都，希望以后两个按键能离远一点吧。
目前就这么多吧，剩下的等我刷完材料去打完第二章再来反馈。",,,
223324,物华弥新,26832053,2021-09-10 07:57:08,4,17700873,淡定啊！,华为 荣耀 X10,120.0,[],[],来个自动党吧(●—●),,,
223324,物华弥新,26831840,2021-09-10 07:43:54,1,40349,夜悲羽,一加手机8,,[],[],明明限号还不针对性推送，浪费我时间和流量,,2.0,
223324,物华弥新,26831535,2021-09-10 07:25:40,5,42310506,VIOLIN,华为 Mate40 Pro,120.0,[],[],没有资格鸭，但是画风很戳我，5星期待～,,,
223324,物华弥新,26831498,2021-09-10 07:23:10,1,27473046,心の所は素足に向かってい,Android 设备,,[],[],骗人下载冲榜是真的恶心，限量测试你还到后面才显示出来，昨天推到广告位的时候进来就是测试下载，你当你是用户的大die是吧，玩个游戏还要仔细翻你的论坛跟页面才知道你是填问卷得测试资格，真有你的。,,6.0,
223324,物华弥新,26831454,2021-09-10 07:20:48,3,28312147,彭郁,OPPO R15中国版,4320.0,[],[],第二次登录界面加载完就成了黑屏。。。而且一直都是黑屏，一直玩不成😅,,,
223324,物华弥新,26804782,2021-09-09 02:19:23,3,125183202,雪儿,OPPO K3,18540.0,[],[],"【行了，被不能自动的战斗和费电发热差点劝退，让我充会电歇一会，有没有个朋友告诉我，啥时候才能自动，给我个目标
我以为第一章可以，努力肝，我以为第二章可以，结果卡2-3
麻了，脑壳痛】



虽然还没开测，但感觉这个UI还可以再……有质感一些？
现在感觉就是有点那种，塑料的单薄？没有那个质感和手感
随玩随更，个人看法
好家伙快进倍速跳过全都有，爱了爱了，比某次元的乙游都贴心，【点赞】
过场加载吧，有点慢，虽然图挺好看
为什么大招也是Q版小人？？？我？？？？？好像到了什么页游小游戏，Q版战棋我不介意，这大招能不能弄个美美的cg啊😭【我错了，Q版动画也超可爱的，真香】
“来，跟我念”但我还是没记住哈哈哈哈配音也太可爱了吧！！中配冲！！！
后台切换一段时间回去之后还能继续，很棒【点赞】
就是这个UI质感吧，希望再改进一下，触感还不错，感觉一下子就点上了，也没有点不动的感觉，但就是颜色看着有点廉价，不是说不让用绿色，就是……美术上增加一些，金属？书籍？？门外汉我也说不明白，那种质感……
哇这个立绘，我爱了，怎么普通立绘都这么好看
卧槽这主界面也太好了看了！！！如果能换BGM就好了！！爱了爱了！！！！
我的天还有专场cg自定义，我爱了！！！冲！！！
为什么我第一天签到签不上
卧槽我1-6过不去哈哈哈哈哈，我没有脑子，我是废物
话说我能不能看看池子预览，概率啥的，这在哪里看？我怎么在池子找半天没看到",21.0,37.0,11.0
223324,物华弥新,26830956,2021-09-10 06:55:29,4,61394843,黛东,Android 设备,,[],[],"下载的b服体验了一下，总体感觉还不错，但小细节方面还是有点问题。
器物立绘跟本体有关联这点很赞，而且有专门的文物介绍，虽然背景是偏未来吧，但私心想要文物对应年代的服饰，皮肤也行。
关于UI不做评价，我很喜欢大厅这种简介明亮的风格，反而是剧情副本里的界面太花里胡哨了。
剧情方面就有点拉了，好就是有点不好，开局莫名其妙的，第一章结束的莫名其妙的，人物性格倒是不错但世界观没解释清楚势力也没解释清楚，在加载界面解释几句也行啊。（还有天亡簋剧情cg里的立绘比卡面立绘好看！给我改！）而且说实话剧情有点长，可以考虑在跳过界面上加几句总结。
战斗方面我觉得需要优化一下，比如教程关不能开二倍速，每次进入新关卡都要重新点二倍速，还有点击查看敌方资料跟攻击貌似有点重复，我打完第一章还是没弄明白，可以改成长按查看资料。至于关卡难度就要你们自己把控了。如果前期关卡流程过长可能会让人不耐烦。
抽卡方面我现在体验爆率还行，但希望可以加一个掉率公示，还有稀有度的显示不明显，卡池有没有保底也需要说明，最好加一个显示多少抽保底的功能。
还有物品功能需要显示的详细一点，比如区域派遣要什么材料怎么获得就没有显示，刚刚要不是发邮件我都不知道那玩意叫啥。
其它方面一些小细节也要优化一下，比如武器制作接单跟制造页面是滑动的，下意识点左上角返回就直接回大厅了。还有每章的章节任务可以加一个跳转功能，可以直接跳转到相关的关卡或者界面。还有很多功能其实都可以在界面加一个文字教程，方便查看。还有自动战斗什么时候能开！！！
其实我总体体验挺好的，现在大方向没有让我特别反感的方面，确实能看出来对文物有较为深入的了解，档案看的我也很满意，如果细节再优化一下（特别是某些男角色的立绘！）公测我肯定还会下载的。
",,,
223324,物华弥新,26830911,2021-09-10 06:52:49,2,16759550,桃,努比亚 红魔5G,120.0,[],[],下好了才说没资格。。你直接别让我下载不行吗,,2.0,
223324,物华弥新,26830762,2021-09-10 06:46:01,4,3621401,北方菜姬,华为荣耀9X,8280.0,[],[],"整体画风还行，第一眼看上去给我的印象是好的，就是这角色立绘真的是参差不齐，好看的立绘还行，差的立绘看着感觉就长得挺随机的，不知道这立绘以后还会不会更改。
大多数立绘的质量我觉得在同类型游戏里都只能算中等，尤其是那个越王勾践剑，一个红色的器者，立绘就...就挺别致的。
其实我觉得这种类型的游戏，角色贵精不贵多，粗制滥造让我连看他一眼的欲望都没有，更别说去了解他，养他用他全因为强度，那我觉得与游戏的立意就背道而驰了。
剩下的也没什么好说的，标准的游戏内容，中规中矩的游戏体验，功能解锁的很慢，需要一直往后推图，还有一些功能本测未实装，体验不到。角色的技能也比较保守，机制不是很丰富
",,2.0,1.0
223324,物华弥新,26830755,2021-09-10 06:45:22,5,83397148,周也.,OPPO Reno标准版,,[],[],挺好的,,,1.0
223324,物华弥新,26830734,2021-09-10 06:44:37,1,377319474,隼,Android 设备,,[],[],你们运营是不是脑瘫啊？限号干嘛给所有玩家开下载资格啊？,,5.0,1.0
223324,物华弥新,26830629,2021-09-10 06:37:28,1,391810631,欧哒,Realme Q3 5G,,[],[],玩不了试玩个啥？,,4.0,
223324,物华弥新,26830562,2021-09-10 06:33:56,3,30081236,手机用户30081236,Android 设备,,[],[],限号测试干嘛直接开放下载？？？没抢到一测资格，还以为现在不限号了……看美术和玩法还比较感兴趣，但是一测就出这种幺蛾子，着实挺让人不舒服，到底是平台还是制作组的问题啊,,4.0,
223324,物华弥新,26830549,2021-09-10 06:33:23,1,333034244,哎哎,Realme Q2 Pro,300.0,[],[],第一次差评 感觉被骗了,,2.0,
223324,物华弥新,26830480,2021-09-10 06:29:44,2,55235,Zergpwj,一加8T 5G,120.0,[],[],就………限号不限下载是真的挺离谱的，只看这个操作你们的运营水平就很令人质疑了。,,11.0,1.0
223324,物华弥新,26830423,2021-09-10 06:26:42,1,51998,残歌,小米Mi 10S,,[],[],你游一系列操作无时无刻提醒我公测躲远点,,6.0,
223324,物华弥新,26830309,2021-09-10 06:19:55,2,118894909,短裙如初,荣耀 V30 Pro,,[],[],下载完了才知道要限号，大家擦亮眼睛,,4.0,1.0
223324,物华弥新,26830195,2021-09-10 06:14:04,5,112369048,该用户已注销,华为 MatePad 11,6600.0,[],[],"美术：真的很棒
战斗：比较拉跨。第一：战斗小人比较简单。而且第一个关卡里的怪，属实也太简单，有幼稚的感觉，后面的怪还可，建议第一个怪重做吧。第二角色放大招时，角色会放大显示，但这样人物小人立绘就会变得不精细，人物边缘都毛毛糙糙的。同时大招背景的重复度高。
职业：我觉得很奇怪，为什么奶妈和法师同属于施法者。我带一个施法者，到底是攻击还是奶人，这样很迷糊。还有远距，瞄准属实不好用，你瞄准切换到站立要消耗一个攻击回合。我单纯攻击两次，瞄准攻击也就一次。瞄准攻击的伤害也不明显。最最关键的问题是，怪是会走动的，你这回合瞄准的位置不错，下一回合怪直接跑了。
图标：这是我觉得最离谱，玩的最难受的东西。你一个物品有两套图标，一个是实物图标，一个是扁平化图标。例如在抽卡中，抽卡按钮上是实体图标，但界面最上面显示的是扁平化图标，我一个新手，那晓得那个对那个啊。商店的也是，需要的资源和你手上的资源图标是两套。太离谱了。
文案：你的文案涉及真实的地名。反正谨慎一点，小心节奏
音乐：主界面的音乐太棒了",,,
223324,物华弥新,26830045,2021-09-10 06:05:54,4,49736291,布噜噜,小米MIX 3,1680.0,[],[],"（前情提要:体验时间不长，但体验感受还不错所以来评价一下，后续有什么观感会来补充）
简单说一下游戏很不错的地方，首先画面是真的很好看，战斗过程的流畅度也很高，角色动画都很精美，虽然古董之间有品阶划分，但立绘同样精美，这点好评，然后在图鉴里，古董都有详细介绍，也有原型的介绍和立绘，这点我很喜欢。
‼️重要:池子没有详情介绍，没看到概率，没看到保底，建议这个做个公示
虽然体验时间短，但隐隐约约感受到了肝，考核和感知（什么知来着？）一个需要刷材料一个需要同角色，我只能说还好后面同角色需要没有增长都是一个就可以提升一阶。
战斗加速，每次新进入战斗都要再选二倍速，这个应该是游戏问题
玩法方面类似的我只接触过某凸，作不了什么评价，但目前没啥大问题
还是希望游戏越来越好吧",,1.0,1.0
223324,物华弥新,26830027,2021-09-10 06:05:14,4,41995195,春涧岛,Android 设备,75300.0,[],[],"时长惯例不对
玩了有两个多小时
器者的立绘我都很喜欢，但还是最喜欢蝠桃。档案里把游戏的设定和器物本身的历史和它们保存在博物馆之前的部分都说的很清楚。
新手引导觉得还是有不流畅地方，地图的部分做的我觉得也不是特别清晰。战斗打怪的部分手感有点奇怪，加上本身是战棋我玩着有些累。大招的动画跳过我在设置里找到了，建议以后直接加在打斗过程中。动画挺可爱的但是有点违和…看多了就没感觉了。
冲着这些文物来的，其实我自己不是特别在意是什么玩法，就是抽卡一直在重复…还是希望之后能优化出更好的游戏吧。
",,1.0,3.0
223324,物华弥新,26830016,2021-09-10 06:04:13,2,7437045,萧翎九,Vivo V2049A,,[],[],填了两个手机号都没资格，问卷还是认真答的😇,,3.0,
223324,物华弥新,26830004,2021-09-10 06:03:25,2,65047776,Choros.,华为荣耀9X,,[],[],"自己一番运营操作有多恶心人自己有点数吧，

呕。

爪巴。",,6.0,1.0
223324,物华弥新,26829982,2021-09-10 06:02:07,2,259132,影下星沉,华为 Nova 5 Pro,,[],[],只是纯纯的心疼流量，等真玩到手再回来改😇,,1.0,
223324,物华弥新,26829814,2021-09-10 05:52:09,3,56604637,喂食者小队,Android 设备,,[],[],下了。。。结果没资格。。。,,3.0,
223324,物华弥新,26829791,2021-09-10 05:50:42,5,18110986,sumi,小米Mi 11,,[],[],都说2-3难，我全15级过了。挺有成就感的,,,
223324,物华弥新,26829772,2021-09-10 05:49:55,1,96866930,hetaoru,一加手机8,,[],[],没资格,,1.0,
223324,物华弥新,26829764,2021-09-10 05:49:26,5,84663740,手机用户84663740,Android 设备,,[],[],支持！游戏是个好游戏，继续优化，未来可期,,,1.0
223324,物华弥新,26829755,2021-09-10 05:48:48,4,24548873,未闻花名,Android 设备,,[],[],"首测限号嘛     我理解
俩个手机号都填了问卷没抽到我       我理解
限号但是在tap开放预下载       我不理解
我真的很喜欢这个画风啊，这个画风踩在我心坎上。我去年五月关注，期间TAP删过一次，但是我还去关注了你的微信公众号。
我希望你能好好的，结果你呢，搞太多奇葩操作掉分。
我告诉自己首测估计UI丑bug多，没抽到我算了。但是看到淘宝卖内测资格我心寒啊。88一个码，手机号还不是自己的，我也不愿意花88给别人打工。
别说了我就是舔狗，我依然会期待这个游戏。希望最后我不会是被你们的美工骗了。
我没玩过目前只在你们测试服评分，毕竟测试服评分不重要，过段时间就没了，但是公测的时候真的差我还是要低分的。",,9.0,
223324,物华弥新,26829732,2021-09-10 05:46:48,1,125151897,息川,小米10至尊纪念版,120.0,[],[],进去了告诉我没资格，真的恶心人,,2.0,
223324,物华弥新,26805136,2021-09-09 02:41:52,5,36023104,PF,华为 荣耀30 Pro 5G,33420.0,[],[],"b服中了，直接手机砸脸上😇
限号测试公开下载呗冲我只能说活该了，这运营不被骂说不过去。
很标准的二次元开局，爷又要拯救世界了（虽然有点审美疲劳，不过还算正常），UI我个人觉得美术风格还行，但是排列组合不是很（我说不上来但是用着不是很顺手）。大招动画最好还是做成立绘体型的，q版没啥感觉，而且记得加跳过键。
养成系统有装备，多带一个技能的那种。
角色里的文物科普意料之中且深得我心。
桃子的社恐属性好可爱，我超爱她！
总体来说没有很惊艳但是不是很失望，加油吧，等会来追加
骑士鎏金呜呜呜我的骑士鎏金😍😍😍，剧情里cg超多，原画不要钱了属于是。",,8.0,2.0
223324,物华弥新,26829475,2021-09-10 05:31:59,1,10288271,轼莳,华为P40,,[],[],什么东西，骗下载量呢？还能推到热门榜，让别人看看你精美的登录界面？,,3.0,
223324,物华弥新,26829469,2021-09-10 05:31:35,1,2828572,泠荼゛,vivo S7,,[],[],1.9个G难道都换不来一个一星么？,,2.0,
223324,物华弥新,26829286,2021-09-10 05:22:11,3,39634016,清欢,小米 Redmi 10X,,[],[],抽卡通话能再改改吗 太繁琐了 长按又动画的 剧情里人物立绘有时候大小都不一样 大招动画不能跳过吗 能跳过的话能把按键调大点吗 剧情能过快一点就好了，也不能连续点 只能慢慢一下一下点 一测就三天不应该试试玩法啥的 剧情二三再试也不迟啊 而且加载页面还有各个页面切换最高再流利顺滑点 主界面和商店字真的太小了 而且花里胡哨看都看不清,1.0,,
223324,物华弥新,26829215,2021-09-10 05:17:56,5,31749874,手机用户31749874,Android 设备,,[],[],居然挺好玩,,,1.0
223324,物华弥新,26829138,2021-09-10 05:13:22,5,98647682,Pandora,华为 Mate 30 5G,43380.0,[],[],"我给五星
1星给立绘，立绘精美，基本有l2d，虽然简陋，人物服装很好看。
1星给剧情，有刀片也有笑点，暂时还可以
1星给人设，桃桃躲在柜子里超可爱，傲娇扯淡碑也很有趣。
1星给音乐，我不想多说什么，音乐太强了，我主页bgm可以听一天，中国味太重了，根本停不下来。
1星给态度，每一个文物都写出了历史，经历，遭受过什么，先藏于哪里，并且配音好评，带点方言的味道，虽然是普通话，但是明显能听出来“北方人”“南方人”的口音。
希望贵游好好做，暂时玩法还可以，我觉得挺有意思，如果成品保持质量，我相信能让手游圈涌入新鲜的血液。我很期待游戏的结果，也希望制作组不忘初心。​
有人吐槽抽卡概率问题，其实我用送的就能过，不存在卡关问题。",7.0,69.0,24.0
223324,物华弥新,26829122,2021-09-10 05:12:42,1,46483824,十,华为P30,,[],[],活脑瘫游戏 我竟然还以为能出个好游戏 白期待了,,1.0,1.0
223324,物华弥新,26829027,2021-09-10 05:07:44,1,3027199,晨雾青衫,华为 Nova 5 Pro,,[],[],666，下载完了注册过后才告诉是限号测试。你游就这么拉流量的吗,,,
223324,物华弥新,26828868,2021-09-10 05:00:19,2,36184149,七夜°,红米 K20 Pro 尊享版,,[],[],等二测,,1.0,
223324,物华弥新,26828757,2021-09-10 04:55:15,2,7432474,清辞,小米Redmi K40,,[],[],搁这恶心人呢？还要测试资格？还删档，我早上下载陆陆续续卡断重新下载，弄了一早上你给我说测试资格？,,3.0,1.0
223324,物华弥新,26828116,2021-09-10 04:23:32,1,17127055,膝盖中箭喽,华为HONOR 20,120.0,[],[],需要内测资格还开放下载有病啊？这骗下载量有一手的。,,1.0,
223324,物华弥新,26828690,2021-09-10 04:52:03,4,47129094,cityofillution,vivo Y97,,[],[],"还好，我这边出货率蛮高的，角色立绘很好看，就是感觉战国铜餐具画风有点不一样。签到奖励领不了解决的也很快。最大的问题还是男女玩家需求比例问题吧。
",,,1.0
223324,物华弥新,26828631,2021-09-10 04:48:54,1,1790480,高端洋气上档次,华为 Mate40 Pro,120.0,[],[],首页要上的 测试不给足测试🐴的 下载注册完和我说要测试🐴 我傻了,,2.0,1.0
223324,物华弥新,26828505,2021-09-10 04:43:12,1,347866015,丨,华为 Mate 30,,[],[],流量不要钱是吧😁😁😁😁,,3.0,
223324,物华弥新,26828481,2021-09-10 04:42:15,1,38500187,大忧伤,iQOO Neo 5 活力版,,[],[],瞬间爆炸，一个G😐,,,
223324,物华弥新,26828471,2021-09-10 04:41:31,2,25418954,塔菲2,iQOO Neo 5,,[],[],限号不限下载，这个锅不知道谁来背了，心疼我一个多g流量,,2.0,
223324,物华弥新,26828321,2021-09-10 04:33:44,1,108562663,手机用户108562663,华为 Nova 5 Pro,120.0,[],[],没有资格就不要让下载,,,
223324,物华弥新,26828293,2021-09-10 04:32:06,1,371367859,WCC,华为 Mate40 Pro,,[],[],没资格你让我下个锤子？进去跟我说没资格是吧。,,,
223324,物华弥新,26828253,2021-09-10 04:30:19,5,3589213,阿無,三星Galaxy S9+,153000.0,[],[],还有带广东口音的配音哈哈哈哈哈哈,,2.0,1.0
223324,物华弥新,26828223,2021-09-10 04:28:40,1,23005756,名字有什么用,Android 设备,,[],[],"第一次打一星，
从国家宝藏拟人图开始关注，之后发现做成了游戏非常惊喜，等了很久，虽然没有每天逛论坛，比不上真爱粉，但也在一直关注了。
我知道限号，也填了问卷，但是看到今天又开放下载就第一时间下了，进不去。
是，一测限号是正常操作，那你就别开放下载骗流量啊，抽不到资格还被这样耍猴样的玩很开心是吗？工作室刷号某宝80块一个？就离谱，不止是我，喜欢来古的有很多玩家也都是等了很久，抽不到资格也就算了，只能希望二测能，但是你这骗下载流量，工作室刷号卖号的，行，我也是真的酸了，也是真的气，真的心凉。
一星挂着，真的真的很喜欢画风，之后或许还会关注，等能玩到了再改评分吧。",,43.0,6.0
223324,物华弥新,26828155,2021-09-10 04:25:24,5,25734181,忽方十四悠,小米 Redmi Note 9 Pro 5G,,[],[],b站得到资格了 感觉游戏目前做的非常不错 已经打算公测后会一直玩了 天亡簋小哥哥真的好帅好可爱www,,1.0,
223324,物华弥新,26828098,2021-09-10 04:22:38,2,32719602,折原,Android 设备,120.0,[],[],不给资格开放下载干什么?,,,
223324,物华弥新,26828081,2021-09-10 04:21:58,2,46673948,Mr.张,华为P20,,[],[],看了看评论，测试两天，限号不限量下载，起飞，我来压评分来了，现在的游戏市场，玩命的玩触底，一直在挑战玩家底线，希望各位玩家千万别惯着，惯着惯到最后吃亏的还是我们玩家,,4.0,1.0
223324,物华弥新,26827871,2021-09-10 04:10:10,1,383853552,rou,华为P50 Pro,,[],[],一分，不能更多,,1.0,1.0
223324,物华弥新,26827845,2021-09-10 04:08:45,2,71649950,炉灰,Realme GT 5G,,[],[],哥，你上热门榜第四了，不限下载你知道多少人白下了给你增加流量？？？还是说你打的就是这个算盘，测试两天，问卷高度提纯，就是想要保持高分，不被客观的评价是吗？行，那我给你那我给你个不客观的评价。继续保持哦,,57.0,4.0
223324,物华弥新,26827715,2021-09-10 04:02:06,1,83335960,User83335960,华为 nova 6 5G,,[],[],死吧,,,1.0
223324,物华弥新,26827639,2021-09-10 03:58:27,2,20324525,HCHO,华为 荣耀X10,480.0,[],[],挺牛，下载了没资格,,,
223324,物华弥新,26827484,2021-09-10 03:50:19,1,333353175,rfucg,OPPO Reno4 Pro中国版,,[],[],离谱,,,1.0
223324,物华弥新,26827297,2021-09-10 03:39:43,1,20250823,青栞,红米K20 Pro,,[],[],支持支持，是好游戏捏，要不是TapTap推给我就错过了捏，太好玩了，要不是我没有测试资格就更好玩了,,1.0,1.0
223324,物华弥新,26827286,2021-09-10 03:39:12,4,61076814,郭大帅,华为HONOR 20,84120.0,[],[],玩了一会儿，有点莫名的违和感，不难看出pv做的质量挺好的，有种科技和古器物结合起来的感觉，但是引导时的bgm和剧情明显不搭，bgm有点欢快的感觉，战斗模式和传统的战棋类游戏差不多（可能是我还没有体验到其他的亮点），UI更偏向古风，看起来很舒服，不突兀，非常期待公测,,,
223324,物华弥新,26827200,2021-09-10 03:34:47,5,16924360,年糕,华为P40,,[],[],还有人想体验吗,1.0,,
223324,物华弥新,26827185,2021-09-10 03:33:43,1,5704105,北呆若灰,红米 K20 Pro 尊享版,,[],[],好家伙，没测试资格但是可以手机号注册，发个短信验证码得3分钟一个，而且还会一直报错,,,
223324,物华弥新,26827155,2021-09-10 03:32:05,1,55595604,茫茫啊,Vivo V1950A,,[],[],好家伙，下完了和我说没资格，那你搁这推荐寂寞给我？,,,
223324,物华弥新,26827075,2021-09-10 03:28:29,2,58857371,无限之前♾️,小米Redmi K40,,[],[],给个两星支持下，下载了个寂寞,,,
223324,物华弥新,26827059,2021-09-10 03:27:27,1,82884879,康熙,小米10至尊纪念版,,[],[],没资格内测娱乐大伙呢？,,,1.0
223324,物华弥新,26826962,2021-09-10 03:23:21,1,5771837,君莫笑,Redmi K30 Ultra,180.0,[],[],限号测试还，还预下载，你吗了个大臂的，要脸？滚你大爷的，拜拜了您嘞,,1.0,1.0
223324,物华弥新,26826917,2021-09-10 03:21:50,1,15223227,该用户已注销,小米MI 8,180.0,[],[],搞屁呢？下了半天说没资格？,,2.0,
223324,物华弥新,26826907,2021-09-10 03:21:19,1,6519271,kitten（ ビン ）,小米MIX 3,120.0,[],[],没测试资格放啥下载，我还以为能尝尝鲜，结果下载完进去注册好了跟我说没有测试资格，我也是很少见，你说要是限号但是提前注册的人才有我还可以接受，这一手我是没想到😆,,15.0,
223324,物华弥新,26826850,2021-09-10 03:18:36,1,29010873,小民小贤小Sam,三星Galaxy A72,,[],[],外国玩家玩不了，注册不了，怎么搞的啊,2.0,1.0,
223324,物华弥新,26819905,2021-09-09 14:47:55,4,322502565,柚子小姐,华为P30,180.0,[],[],原来可以下载不代表有内测资格吗😂😂，那我下了个寂寞,1.0,1.0,
223324,物华弥新,26826714,2021-09-10 03:11:50,1,3630874,Kinnnnn～,华为 Mate 30 5G,,[],[],妈的下载这么大结果没内测资格？限号内测不会备注？,,,
223324,物华弥新,26826692,2021-09-10 03:11:05,1,15984051,该用户已注销,网易MuMu模拟器,,[],[],害得我还急忙开模拟器下载，结果下了个寂寞？,,,
223324,物华弥新,26826680,2021-09-10 03:10:30,1,359553738,一念,小米Mi 10,,[],[],多少沾点,,,
223324,物华弥新,26826679,2021-09-10 03:10:28,1,35226679,老铁锅,Huawei Maimang 9,,[],[],黑屏,,,
223324,物华弥新,26826592,2021-09-10 03:05:11,1,38746299,悸动战士博美,小米Redmi K40,1080.0,[],[],"不能玩开尼🐴预下载，很难不流汗黄豆😅😅😅
我流量不要钱啊？
这样骗对这个游戏有兴趣的人，有意思吗？官方？",,5.0,1.0
223324,物华弥新,26826522,2021-09-10 03:00:57,3,1090130,胡谷雨,小米Mi 11 Pro,,[],[],眼睁睁的看着，这游戏从早上的9分跌到现在的7分。不惋惜，因为我也是其中一员。😓,,,
223324,物华弥新,26826513,2021-09-10 03:00:35,2,56936095,就叫他李狗蛋,小米Redmi K30 Pro Zoom Edition,,[],[],下载了才告诉我不能玩，乌鱼住了,,2.0,
223324,物华弥新,26826503,2021-09-10 03:00:16,2,17819187,凉粥,小米Mi 11,,[],[],你他妈限号内测放出来干叼呢？嫌族谱太完整？傻吊公司,,4.0,1.0
223324,物华弥新,26826485,2021-09-10 02:58:49,1,344996171,Θ,vivo X23i,,[],[],差点上当了,,,
223324,物华弥新,26826439,2021-09-10 02:55:49,1,2741104,未央,vivo X27,120.0,[],[],下好了，你给我来一句没有内测资格。你是真的有意思！,,,1.0
223324,物华弥新,26826377,2021-09-10 02:52:24,1,24454290,\/\/\/\,Vivo IQOO Neo3,,[],[],不说了，这种测试开放个锤子的预下载,,1.0,1.0
223324,物华弥新,26826284,2021-09-10 02:47:15,1,330557148,钟离,Vivo V2049A,120.0,[],[],下完后发现没有资格不能进入，浪费了好多流量，你既然都开放预下载了还要资格才能进入?,,5.0,1.0
223324,物华弥新,26826241,2021-09-10 02:45:19,2,4227854,拉了摆,小米Mi 11 Pro,,[],[],"请开限量白名单测试时，提前在公告或游戏标题处标明，且最好通过内部群开测，不要通过tap这种开放平台公开下载。
（没想到我竟然有教人运营的一天）",1.0,10.0,
223324,物华弥新,26826163,2021-09-10 02:41:08,1,5241419,星海潮生,华为P30,120.0,[],[],浪费流量,,,2.0
223324,物华弥新,26826128,2021-09-10 02:39:27,5,82734708,俱利伽罗,Vivo V2049A,,[],[],游戏总体来说还是非常不错的，尤其是美术和配音非常好，之后就看ch的操作了。然后就是我看现在很多打一星两星的人，都是因为没有测试资格，我真的很不理解，如果你真的想玩这个游戏，会不去看官方的动态吗?还有就是你们见那个游戏首测是不限量的?没有别的意思，只是感觉因为这个原因导致游戏评分低，很不舒服。最后就是希望官方可不可以给游戏整个自动，自己打还是很累的😂,4.0,5.0,12.0
223324,物华弥新,26826110,2021-09-10 02:37:52,1,36843406,depekay,OPPO R15x,,[],[],1,,,
223324,物华弥新,26826028,2021-09-10 02:34:05,1,2311526,John死在日出,一加8T 5G,,[],[],牛啊，下载完了才告诉没有资格是限号测试，那你上泥🐴首页呢,,8.0,2.0
223324,物华弥新,26825934,2021-09-10 02:27:32,1,41318727,霸霸宋,小米6,,[],[],提前给个一星,,3.0,1.0
223324,物华弥新,26825880,2021-09-10 02:23:54,1,17246329,小汤老师,荣耀 V30 Pro,,[],[],孙zei！限号测试你倒是限制下载量啊，让好多人浪费流量下载了又没得玩。咋的？又当又立很开心是吗？,1.0,9.0,1.0
223324,物华弥新,26825867,2021-09-10 02:22:56,1,387790722,•,Android 设备,,[],[],浪费劳资流量,,1.0,1.0
223324,物华弥新,26825715,2021-09-10 02:14:45,1,354660893,求古尋論，散慮逍遙,小米Mi 10 Lite Zoom,,[],[],没有资格！！！！？？？哈哈哈哈，去你妈逼,,,1.0
223324,物华弥新,26825482,2021-09-10 02:00:47,1,71924621,想拥抱你,华为nova 7 5G,,[],[],你内测怎么还不限量下载，有这样骗下载量的吗？都是预约的等这个游戏等了挺久的，你来这么一出，这是想还没上线就失一半民心的操作吗？,,4.0,
223324,物华弥新,26825462,2021-09-10 01:59:27,3,10077614,余幸,红米K20 Pro,13980.0,[],[],下载完了才发现是限号测试，限号测试你为啥要公开下载？？运营新手吗？？？三星观望吧,,3.0,
223324,物华弥新,26825411,2021-09-10 01:56:23,1,37145409,手机用户37145409,小米Mi 11,,[],[],"真的恶心人
",,2.0,
223324,物华弥新,26824796,2021-09-10 01:13:21,1,8004240,别动,Android 设备,,[],[],"限号不限下载，还上热门榜，浪费爷流量😅
--------
才过几十分钟，热门榜排名又上升了，这是骗了多少下载😅",,19.0,
223324,物华弥新,26825284,2021-09-10 01:47:19,2,4079,丿莫逝丨青春,小米Mi 11,120.0,[],[],"😅带无语事件发生
😅想整黄牛请别扭扭捏捏，下载了才知道无测试资格，那你不限号下载有个寄吧作用？双重保障双重戏耍是吧？",,18.0,
223324,物华弥新,26825223,2021-09-10 01:43:23,2,57696406,该用户已注销,一加手机5,120.0,[],[],真是服了，限号测试为什么能下载，流量不要钱是吧,,3.0,
223324,物华弥新,26825176,2021-09-10 01:39:31,3,33065906,叫什么好呢,Android 设备,,[],[],为什么是问卷抽选资格但是公开下载，这个运营真的令人印象很差啊……,1.0,2.0,1.0
223324,物华弥新,26825002,2021-09-10 01:29:00,1,40045780,夏,红米 K20,,[],[],永远的七日之都？,,,
223324,物华弥新,26824983,2021-09-10 01:28:02,3,7719085,王者荣耀膏手,小米Mi 11,,[],[],确实有点无语了,,,
223324,物华弥新,26824946,2021-09-10 01:25:16,2,149,白箱,OPPO Reno5 Pro+ 5G,,[],[],限号就限号 还要我们这种没测试资格的贡献力量想都别想,,2.0,
223324,物华弥新,26824870,2021-09-10 01:18:35,1,23608143,一束星辰,华为荣耀8X,,[],[],"白欢喜一场
",,1.0,
223324,物华弥新,26824826,2021-09-10 01:14:58,1,55548777,田大毛,华为 Mate 30,,[],[],运营真新手    换人吧,,3.0,
223324,物华弥新,26824690,2021-09-10 01:03:50,1,10336471,艾恩莉雅,小米MI 8,120.0,[],[],心态炸了，前几天有事儿没看手机，回来告诉我已经过去了，你没资格玩，他🐴的😅,,3.0,
223324,物华弥新,26824661,2021-09-10 01:01:36,1,36452142,Allen Lin,三星Galaxy S21 Ultra 5G,,[],[],不限量下载？？？？有病！！！,,,
223324,物华弥新,26824639,2021-09-10 00:59:49,1,349256290,牛粪,华为Mate 10,120.0,[],[],没见过这么厚脸皮，骗取下载量的，你是限号内侧为何不说明白？还上推荐，我话费一个多G流量下好了进去然后说没资格，真奇葩，看看人家隔壁好游快爆同样这个游戏是有内侧资格了才开放下载，然后再吐槽下游戏打开进入后第一画面就是大大的什么冬日基金会，请问你这古风游戏是哪个朝代的？会有基金会这么个这么高级的名词？,38.0,76.0,14.0
223324,物华弥新,26824633,2021-09-10 00:59:28,2,53408756,李二胖,华为HONOR View20,,[],[],码都不发几个还在这上推广，有钱没地方花？？,,3.0,
223324,物华弥新,26824582,2021-09-10 00:56:05,3,16482592,梦醉红尘,一加手机7T Pro,,[],[],平台和游戏商，是不是多少有点不想干了，测试要资格，你就别给我公开下载，试玩个锤子，憨憨行为。,,7.0,
223324,物华弥新,26824547,2021-09-10 00:53:05,2,338336692,孔明,小米MI 9,,[],[],"希望标注一下限号测试，不然下载了玩不了很影响心情。









哦，对了，蹲一个资深的中二少女，应该叫这名，建议你拿个官号出来，不然显得像理中客",,25.0,
223324,物华弥新,26824542,2021-09-10 00:52:49,2,5418644,一语荒年丶,Android 设备,,[],[],就很离谱，开放下载但是限号，游戏很期待，以后能玩了再给你改吧,,2.0,
223324,物华弥新,26824535,2021-09-10 00:52:01,3,29671027,无聊玩玩,OPPO A7x中国版,,[],[],"果然开始了，限号试玩不限量下载的问题！
今天可能好点，明天应该得爆，其实下载链接发给那些得到测试资格的就行，结果连TapTap也推荐下载就完蛋，毕竟不可能所有人都看所谓的开发者的话，一般人看到古风和可以下载基本就会直接下载。
至于真爱粉的你看不到吗？还真有人不看那玩意，所以别开喷，一喷这游戏就得被提“卫兵”，这游戏不是mhy的，没有那个承受力，可能直接半暴毙。
所以喜欢的别自以为是的就开喷，因为你一喷就行成了这游戏第一次测试就“提纯”的问题，别人低星其实你可以拉高星，别喷就行。
在这祝游戏越来越好吧！",9.0,26.0,8.0
223324,物华弥新,26824416,2021-09-10 00:42:02,1,23138382,招财喵,华为P40,48600.0,[],[],"很少打一分，好像贵游是第二个？
第一，提前给资格码但预下载的运营肯定新手，预约过上百游戏，每天登tap，看见过不少这样的运营被人骂的有多惨，自身也历经没看见公告而白下载的，所以再遇到的，不好意思，我的言论自由打差评。
我不是上帝，但运营是服务行业，为客户考虑是职业专业性，重蹈同行的覆辙说明缺乏经验。
我不是领导，这不是批评，只是私人对服务的评价，与其他顾客（玩家）无关。
第二，既然都发短信了，直接短信链接提供下载聚道的难度简直为零，不是程序员的人最多一上午都能搞定。
第三，测试两天时间简直儿戏，这么短时间测个寂寞？还是说贵游内容就3kb？看下载包一个几G也不少，所以贵游的程序员是一点都没有优化才把3kb的内容臃肿到一个G？如果是真的，怕不是都能申请吉尼斯纪录了。
个人预测，就最近游戏集中被黑客攻击，怕不是开服当天炸服修一天（鉴于上面对程序员能力的推测，不修个两天已经是最好的打算），第二天补公告下午开服并当天关服，加起来最多玩一天。一天时间，注册加新手过程加抽一下卡，没了，游戏体验个啥？测了个寂寞？还是说搞这么大阵仗，其实只是想证明自己运营的不是一个不存在的游戏？
一句话，测试两天天，其实是测游戏机型适配和玩家流量的信号和数量的多少吧。
第四，简单建议开服当天加一两千的抢注册激活码堵住“不细心”顾客的口，（引号表凸现，不是阴阳怪气），避免评分暴死。
第五，测试两天死路一条，七天时间较为普遍，也勉强符合贵游的技术水平，（鉴于以上的推测），还能有处理各种突发情况的空间。",,132.0,33.0
223324,物华弥新,26824373,2021-09-10 00:39:05,1,26306659,踏着巨人踩着梦,华为 nova 7 Pro 5G,,[],[],浪费老子流量！,1.0,1.0,
223324,物华弥新,26824283,2021-09-10 00:30:59,3,10261617,小露一生推！,华为 Nova 8 Pro,120.0,[],[],"怎么说呢。挺那啥的。
你要说你是真爱粉，那行。毕竟你投入了比别人更多的时间精力和关注，你得到一些照顾，了解了一些别人不知道的信息，那情有可原，不如说就应该这么做。
可很多连这游戏是啥都不知道的，更有一些工作室刷号的，凭什么也可以呢？
是，我是没有那些真爱粉那么厉害，每次关注论坛消息，每次都知道官方的公告。
可我也是从第一次宣传pv开始就一直等到现在的。每次上线都要看看这游戏能玩了不，这游戏能玩了不
上次问卷也参与了。
这次看了无数次，终于看到可以下载了，结果限号。
是，我是酸，我等了那么久，好不容易可以玩了，最后玩不了。我就是嫉妒。怎么了吗？
一星给pv一星给人物一星给画质吧，
累了。
一共就测试不到三天，还限号。
就算现在去淘宝买号，手机号也不是你自己的。
",24.0,74.0,10.0
223324,物华弥新,26824188,2021-09-10 00:20:46,3,333163725,1,Android 设备,,[],[],pv拿着鹞子干看两分钟，实机画面没一个。限号测试抽资格，你给个公开下载。真有你的,,15.0,
223324,物华弥新,26824078,2021-09-10 00:10:47,4,46168072,煮酒绘梦,OPPO A91,,[],[],4星观望,,,
223324,物华弥新,26823981,2021-09-09 23:59:40,4,10336626,徐,华为 Mate 30 5G,,[],[],一股子柠檬的味道，柠檬精含量过高了吧,,,5.0
223324,物华弥新,26823959,2021-09-09 23:56:29,2,7653078,末弦,小米Mi 10 Lite Zoom,120.0,[],[],哈哈哈哈哈哈哈哈哈下完没资格，开个锤子,,3.0,
223324,物华弥新,26823917,2021-09-09 23:51:49,5,377993926,那,iQOO Neo 5,,[],[],是个老婆游戏😆😆,,,
223324,物华弥新,26823845,2021-09-09 23:42:09,1,10452413,手机用户10452413,OPPO Reno Ace,,[],[],又是限号饥渴营销，真恶心，而且还在即将上线列表里看不到，也懒得预约了有缘以后玩到并且觉得好玩再改评分,,24.0,2.0
223324,物华弥新,26823795,2021-09-09 23:34:11,1,5021898,孤馆,红米 K20 Pro 尊享版,,[],[],不中就玩不了？,2.0,2.0,2.0
223324,物华弥新,26823269,2021-09-09 21:14:03,1,51161660,抚青丝,华为 荣耀30 Pro 5G,,[],[],笑死了连这种游戏都限号下载，网易限号是跟淘宝合作卖限号资格，然后鹅厂跟王者有关，这游戏以为它的知名度跟腾讯网易一样，也想学网易，醒醒吧,8.0,9.0,5.0
223324,物华弥新,26822674,2021-09-09 18:12:15,1,15226131,四书,荣耀 50,,[],[],玩不了通通一星，吊胃口,1.0,4.0,6.0
223324,物华弥新,26822602,2021-09-09 17:59:55,1,689442,十六,ZTE nubia Red Magic 6 Pro,,[],[],"这么喜欢内测限定是吗？ 那祝贵游旗开得胜咯
",1.0,6.0,4.0
223324,物华弥新,26821813,2021-09-09 16:38:59,4,2069480,焛,Android 设备,,[],[],测试两天，算了吧，没时间玩还不如不玩,,,
223324,物华弥新,26821483,2021-09-09 16:16:57,5,1769806,孤独的观测者,联想拯救者电竞手机,,[],[],我还以为是暖暖游戏,,,
223324,物华弥新,26820919,2021-09-09 15:38:32,5,113531448,佐伯龙治,Vivo V2049A,,[],[],上面不是写了试玩吗，不能玩吗（不懂就问）,1.0,1.0,
223324,物华弥新,26820721,2021-09-09 15:28:01,5,42779203,颜,Android 设备,,[],[],明天就开测了，没资格只能看直播了😂，冲冲冲,,,
223324,物华弥新,26819896,2021-09-09 14:47:26,1,66165567,归刀入鞘,华为HONOR View20,,[],[],决定先给个一星，将来如果有机会能玩不限号的再改过来，要是没缘分就不改了，限量测试不限量下载也是搞人心态。。。既然资格靠缘分，那我打多少分也看缘分似乎也挺合理的哈,,7.0,12.0
223324,物华弥新,26817365,2021-09-09 12:37:10,1,4224139,再遇见。,Android 设备,,[],[],各位看到这里，准备下载的不用下了，没有测试资格下载了只是浪费时间和流量。,3.0,25.0,5.0
223324,物华弥新,26817048,2021-09-09 12:19:08,3,110062916,是梦境与我为邻,华硕ROG Phone 3,180.0,[],[],为什么我进不去,,1.0,2.0
223324,物华弥新,26816596,2021-09-09 11:55:20,5,29171328,小時,华为 Nova 5 Pro,,[],[],在？给个码😁,,,
223324,物华弥新,26816540,2021-09-09 11:52:10,5,36288468,hhhhhhhai,Android 设备,,[],[],限制账号能不能限制下载？看到喜欢的游戏预下载 试玩，用流量下载逛论坛才知道没资格真的很难受。如果不能限制下载，你在测试服预下载后面加上限制资格也好,,2.0,
223324,物华弥新,26814923,2021-09-09 10:32:19,5,30917842,Darkness,Android 设备,,[],[],(¦3[▓▓]我没激活码，为什么有下载,1.0,2.0,
223324,物华弥新,26814788,2021-09-09 10:24:45,3,22469041,螺蛳粉超好吃,OPPO A11x中国版,,[],[],"这游戏官方多少是不是沾点？
你要搞限量测试，我能理解。但是你为什么要开不限量下载？？？？
不是所有人都会看看你的论坛😅 我真的无语了。",1.0,40.0,
223324,物华弥新,26805488,2021-09-09 03:01:18,4,68058789,夜枭,华为 Mate 30 Pro 5G,,[],[],包太大了，导致不下载玩。。。 一个游戏2.8G！,6.0,2.0,1.0
223324,物华弥新,26814113,2021-09-09 09:49:30,5,102243429,曲为欢,Android 设备,,[],[],蹲个资格！喜欢画风！,,,
223324,物华弥新,26814055,2021-09-09 09:46:29,4,117700333,喵喵喵,华为荣耀8X,240.0,[],[],没有内测资格的我痛哭,,,
223324,物华弥新,26813174,2021-09-09 09:07:19,5,30646716,蓝色的太阳,OPPO Find X3 Pro中国版,300.0,[],[],啊这。这个资格有没有一个天下最帅的人帮我解决一下？,2.0,,
223324,物华弥新,26812076,2021-09-09 08:20:29,5,9149319,赫萝,小米Mi 10 Pro,120.0,[],[],"所以说，这资格要怎么获取
",1.0,,
223324,物华弥新,26811771,2021-09-09 08:04:54,5,46515647,Perpetrators,Android 设备,,[],[],求个资格呜呜有不玩的卖吗,,,
223324,物华弥新,26810930,2021-09-09 07:23:31,3,9535704,沐冰凌,Redmi K40 游戏增强版,120.0,[],[],给个机会呀，没资格,,,1.0
223324,物华弥新,26810742,2021-09-09 07:15:41,5,29832506,风笛单推人,vivo X27,,[],[],求个名额，有偿,,1.0,
223324,物华弥新,26810552,2021-09-09 07:07:27,5,99085877,我也不知道该叫什么,Android 设备,120.0,[],[],有没有和我一样下完才发现需要资格的,1.0,1.0,
223324,物华弥新,26810099,2021-09-09 06:46:05,2,33976816,海晏河清,华为P50 Pro,,[],[],因为没玩成。。所以给两星,1.0,3.0,13.0
223324,物华弥新,26810021,2021-09-09 06:42:13,4,1399427,玩游戏,Honor 30 Pro+ 5G,,[],[],下了半天没资格，浪费流量浪费感情了呀！！补我一个吧,,2.0,
223324,物华弥新,26809611,2021-09-09 06:23:18,1,107963570,。。。,华为 Nova 5 Pro,,[],[],什么鬼垃圾游戏，下了不能玩，骗流量,3.0,7.0,16.0
223324,物华弥新,26809448,2021-09-09 06:14:09,5,105433020,新人真帅,华为畅享10 Plus,,[],[],中了B站服务器的我感觉很自豪,,,
223324,物华弥新,26809018,2021-09-09 05:55:11,5,23967289,理想呐,华为 Mate 30 Pro 5G,33480.0,[],[],这儿居然也中了，emmm双倍肝双倍快乐么，肝报废警告,4.0,,
223324,物华弥新,26808360,2021-09-09 05:21:05,5,40829024,りょうりん顕,黑鲨游戏手机 2,180.0,[],[],？？？有这游戏吗？我怎么不知道？,,,
223324,物华弥新,26807894,2021-09-09 04:59:11,5,99397764,神仙欣欣,Vivo V1932A,,[],[],给个机会吧呜呜呜,,,
223324,物华弥新,26806517,2021-09-09 03:51:56,5,14579177,抓大佬的咸鱼王,红米 K30 5G,,[],[],有测试资格的小伙伴想一起讨论游戏内容的！！！可以➕企鹅群713080483！！！,,1.0,
223324,物华弥新,26806471,2021-09-09 03:49:51,5,7382804,初恋樱花,OPPO Reno Ace,120.0,[],[],"不要的，找我。好商量
",,,
223324,物华弥新,26806214,2021-09-09 03:37:57,5,36950245,有荷,小米 Redmi 10X,27480.0,[],[],嘿嘿嘿嘿嘿我从零八年就在等了！！！,1.0,1.0,
223324,物华弥新,26806192,2021-09-09 03:36:47,5,38065289,慕棋,华为 nova7 SE,,[],[],"下载一半发现是需要测试资格的
小丑竟是我自己",1.0,,
223324,物华弥新,26806043,2021-09-09 03:29:28,5,125903341,假面舞会,小米Redmi 9A,,[],[],"嘤嘤嘤，收一个资格
😭😭😭",,,
223324,物华弥新,26805233,2021-09-09 02:47:55,5,23613605,小乐乐,小米Mi9 Pro 5G,120.0,[],[],"给个机会呗
",,1.0,
223324,物华弥新,26805216,2021-09-09 02:47:00,5,30917601,⁽⁽ଘ(ˊᵕˋ)ଓ⁾⁾九仙离,华为 nova7 SE,,[],[],咋得资格?求资格,2.0,8.0,
223324,物华弥新,26805193,2021-09-09 02:45:34,5,22187945,西柚不太甜,红米 K30i 5G,,[],[],来了来了，马上就可以玩了激动！,,,
223324,物华弥新,26805067,2021-09-09 02:37:43,5,7354060,程砚,OPPO R15中国版,,[],[],窒息，我想要内测名额，有不玩的，卖吗,3.0,,
223324,物华弥新,26804595,2021-09-09 02:07:09,5,328868937,好名字真难取,华为nova 7 5G,,[],[],中了，好耶,,,
223324,物华弥新,26799007,2021-09-08 13:26:13,5,85100267,洛枫,Android 设备,,[],[],妈咪不想玩的可以私信我卖掉测试资格,14.0,,1.0
223324,物华弥新,26798707,2021-09-08 13:04:38,5,127190115,妄想usagi,华为Mate 20 Pro,,[],[],来了来了,,,
223324,物华弥新,26798564,2021-09-08 12:55:47,5,363907543,Connor,红米 K20,107880.0,[],[],感谢冬古！🙏,,,
223324,物华弥新,26795226,2021-09-08 09:05:22,4,333973200,羊毛崽,小米 Redmi Note 9 Pro 5G,,[],[],来了,,,
223324,物华弥新,26783861,2021-09-07 13:58:56,5,82759061,彡幻觉,华为荣耀20i,,[],[],拜托了,,,
223324,物华弥新,26781599,2021-09-07 11:49:47,5,51294037,HummingBird,华为Mate 10 Pro,,[],[],"来力来力！
感谢来古！感谢冬谷！",,,
223324,物华弥新,26780561,2021-09-07 10:36:00,5,55117146,咕咕桃,VIVO IQOO Z1,53760.0,[],[],好耶！,,,
223324,物华弥新,26780555,2021-09-07 10:35:33,5,30091337,休，有木可依,OPPO R15中国版,,[],[],来啦来啦,,,
223324,物华弥新,26780544,2021-09-07 10:34:34,5,19830104,皖烟,Vivo V1932A,,[],[],收到短信啦！我可太期待了，真想快点到十号,,2.0,
223324,物华弥新,26780536,2021-09-07 10:34:09,5,27747631,资深的中二少女,Android 设备,,[],[],好耶，中了,,2.0,
223324,物华弥新,26780519,2021-09-07 10:32:54,5,347705034,璃星待月,Android 设备,,[],[],期待内测！,,,
223324,物华弥新,26780505,2021-09-07 10:31:14,5,4914486,断线纸鸢,小米Mi 11 Pro,,[],[],噫，好！我中辣,,,
223324,物华弥新,26780499,2021-09-07 10:30:49,5,60343213,暮篱,Android 设备,39300.0,[],[],"中了！
专业书召唤大成功🙏",,,
223324,物华弥新,26780265,2021-09-07 10:14:30,5,35664443,萨博,Android 设备,,[],[],"突然间收到了短信，莫名的开心！你们家的问卷是我平生见过最难的
",,2.0,
223324,物华弥新,26780215,2021-09-07 10:12:10,5,7484162,圣兽灵心归毒海,Vivo X21A,99120.0,[],[],"噫！我中了！！！
老婆们，我来了，嘿嘿，老婆_(´ཀL`」 ∠)",,2.0,
223324,物华弥新,26780216,2021-09-07 10:12:10,5,7919517,Umlitiled Blade,一加手机9 Pro 5G,6360.0,[],[],资格收到啦！那么接下来发什么呢？测试码什么时候发呢？,2.0,1.0,
223324,物华弥新,26780190,2021-09-07 10:10:14,5,8359865,一树青枝安沉,OPPO K5,73320.0,[],[],资格到了哟，起飞,,,
223324,物华弥新,26777746,2021-09-07 07:34:38,5,55146504,知归途,华为 nova 7 SE 5G,,[],[],给个名额😚我一直存在，你什么时候能看到我？,,1.0,
223324,物华弥新,26772372,2021-09-07 01:45:41,5,8986473,十七,OPPO Reno4 Pro,,[],[],什么时候公布资格，已经迫不及待了 十号就开测了，还不告诉我有没有资格？？？😭,1.0,2.0,
