q0,q1,q2,q3,q4,q5,q6,q7,q8,q9,q10,q11,q12,q13,q14,q15,q16,q17,q18,q19,q20,q21,q22,q23,q24,q25,q26,q27,q28,q29,q30,q31,q32,q33,q34,q35,q36,q37,q38,q39,q40,q41
46466077,,,,,,,,,,,-2.0,"Frequent powercreep across characters, weapons, and pets; lacking new releases means you lose to similar setups that have them.",,,,,,,,,2.0,"States the game adds content very fast: roughly 3 characters with signature weapons plus 1 item and 1 pet per month, with newer releases powercreeping older ones.",,,,,-2.0,Says all activities serve PvP and spending; low-/non-spenders exist to be farmed by heavy spenders.,-2.0,Describes it as a pay-to-win rolling-server game; PvP success heavily determined by spending.,,,,,,,,,,,"Rolling servers, rapid stat inflation/powercreep; highly PvP-centric design."
46461531,,,,,,,,,,,,,,,,,,,,,,,,,,,,,,,,,,,,,,,,,Account recovery concern: user asking if the account can be retrieved.
45231977,,,,,,,,,,,,,,,,,,,,,,,,,,,,,,,,,,,,,,,,,Server refresh at 12:00 interrupts dailies; combat power display feels inaccurate (lower power beating higher); bug after activity daily challenge causing infinite loading and features appearing locked afterward.
46456690,,,,,,,,,-1.0,Early experience feels bad due to low resources; enjoyable only much later.,,,,,,,,,,,,,,,,,,,,,-2.0,New players lack resources and only feel good later; artifact drop rates are very low.,,,,,,,,,
46454873,,,,,,,,,,,,,,,,,,,,,,,True,Mentions pity: soft pity at 60 pulls and hard pity at 120 pulls.,,,,,,,1.0,Notes that resources for newcomers are okay.,,,,,,,,,
46454415,,,,,,,,,,,,,,,,,,,,,,,True,Character banner has a pity around 60 per copy but can lose the 50/50 to off-banner SSRs; sustained off-banner results make maxing a limited unit difficult.,,,,,,,,,,,,,,,,,Very poor gacha outcome despite 50k diamonds and ~300 pulls; repeated off-banner at pity.
46410582,,,,,,,,,,,,,,,,,,,,,,,,,,,,,,,,,,,,,,,,,
46446360,True,Sexualized character outfits/skins discussed (amount of clothing).,,,,,,,,,,,,,,,,,,,,,,,-2.0,Claims past banners guaranteed UR within ~40–50 pulls but now 20k vouchers could not get a single UR; asks to revert gacha system.,,,,,,,,,,,,,,,No returnee gift; complaints about changes from earlier rules and models.
46430491,,,,,,,,,,,,,,,,,,,,,,,,,,,,,,,,,,,,,,,,,"Critiques Youzu for rolling servers, constellation/shard systems, stat inflation, and suspected paid 5-star reviews."
46408013,,,,,,,,,,,,,,,,,,,,,,,,,,,,,,,,,,,,,,,,,Account trading intent (wants to buy an account).
46383546,,,,,,,,,,,,,,,,,,,,,,,,,,,,,,,,,,,,,,,,,
46370278,,,,,,,,,,,-2.0,"Reports 150k power all-SSR team losing to a 5k team with mixed SR/SSR, indicating severe balance issues or broken power calculations.",,,,,,,,,,,,,,,,,,,,,,,,,,,,,Perceived combat power/stat discrepancy.
46360306,,,,,,,,,,,,,,,,,,,,,,,,,,,,,,,-1.0,Main story gives fewer premium currency rewards as you progress; issues with first recharge double and event character not delivered.,,,,,,,,,First recharge double missing; event reward showed claimed but character not unlocked.
46363961,,,,,,,,,,,,,,,,,,,,,,,,,,,,,,,,,,,,,,,,,"Long, forced tutorial prevents accessing settings; ultimate animations are ugly and mismatch the portrait art, causing style dissonance."
46342520,,,,,,,,,,,,,,,,,,,,,,,,,,,,,,,,,,,,,,,,,Costume voucher cannot be exchanged.
46351872,,,,,,,,,,,,,,,,,,,,,,,,,,,,,,,1.0,Says resources are okay; suggests sending more and gifting skins.,,,,,,,,,Play is a bit single/monotonous; requests more free skins despite liking the models.
46338776,,,,,,,,,-1.0,Less grindy before level 40; becomes grindy afterwards for various upgrade materials.,,,,,,,,,,,,,,,,,,,,,,,,,,,,,,,
46122541,,,Turn-based idle/auto combat where overall battle power dominates outcomes.,-1.0,"Says modes are numerous but boring and designed around power checks, not engaging combat.","Cross-server PvP/events (e.g., Dead Sea, Outpost Action), many parallel growth tracks (characters, weapons, gear, pets, witches, assistants, relics, furniture).",-2.0,Describes gameplay as a power race; other modes feel superficial and designed only to raise power.,-2.0,"Severe level gates and slow midgame progression (e.g., a week to clear a few chapters); many grindy upgrade systems.",,,,,,,,,,,,,True,Weapon UP banner lacks a hard pity; Origin Beast (80-pull) also lacks hard pity; frequent off-banners; character banners have pity but inconsistent outcomes.,-2.0,"Poor value propositions (e.g., 648 CNY for 6480 gems) and frequent monetization prompts; feels overpriced.",-2.0,"Cross-server events pit new servers against older, much stronger players; non-spenders cannot compete.",-2.0,Daily pop-up bundles and incentives; resource nerfs/backstab; heavy emphasis on spending for competitiveness.,-2.0,Reports a ‘backstab’ update reducing early rewards/sign-ins; older players receive fewer free URs and changed rewards without proper compensation.,,,,,,,,,Resource/reward changes disadvantaging early players; unhelpful customer support; no hard pity on certain banners; frequent off-banners; cross-server matchmaking issues.
46329118,,,,,,,,,,,,,,,,,,,,,,,,,,,,,,,-1.0,Some resource avenues are scarce; requests more diamond-earning events; desired shop item (Hela) not available despite grinding.,,,,,,,,,
46318911,,,,,,,,,,,,,,,,,,,,,,,,,,,,,,,,,,,,,,,,,First recharge double not fully delivered (missing 60 premium currency).
46317493,,,,,,,,,,,,,,,,,,,,,,,,,,,,,,,,,,,,,,,,,Requests Chinese voice so players can understand character lines.
46296551,True,Sexualized/erotic appeal (XP) noted; 16+ age mention.,,,,,,,,,,,,,,,,,,,,,,,,,,,,,,,,,,,,,,,
46293159,,,,,,,,,,,,,,,,,,,,,,,,,,,,,,,,,,,,,,,,,Gacha bug: pulled an SSR resonator that is invisible/not shown.
46290784,,,,,,,,,,,,,,,,,,,,,,,,,,,,,-2.0,Mentions many systems require money; early fun only after getting a UR via spending; feels trapped by monetization.,,,,,,,,,,,Low playability and heavy stat-driven progression; seeking advice due to sunk cost.
46284779,,,,,,,,,-1.0,Later stages lack story and become pure dailies and saving for new gachas.,-2.0,Whales dominate; reported 1.25B power losing to 50M power; SSR becomes obsolete compared to UR/paid advantages.,,,,,,,,,,,,,,,-2.0,States F2P should not play unless only for art; PvP and progress favor spenders.,-2.0,Emphasizes that spending determines success; continues only for collecting characters.,,,,,,,,,,,
46271527,,,,,,,,,,,,,,,,,,,,,,,True,Pity can still yield off-banner results; lacks strong guarantee on some banners.,-2.0,"Poor recharge value (e.g., 648 CNY for limited goods) and low perceived returns; events yield limited diamonds.",,,,,,,,,,,,,,,Time-wasting modes and UI friction; skins fail to trigger purchase desire and become available via vouchers post-event.
46241967,,,,,,,,,,,,,,,,,,,,,,,,,,,,,,,,,,,,,,,,,Some character body proportions are seriously off; asks for adjustments.
46232807,,,,,,,,,-2.0,Severe level gating after level 50 (4–5 days per level); need ~70 to unlock all content.,,,,,,,,,,,2.0,"Very frequent new character releases (about every two weeks, sometimes two in one week).",,,,,-1.0,"Casual play is fine, but PvP and strong performance require significant spending; heavy level gates to unlock content.",,,1.0,Player reports plenty of welfare; monthly card helps secure new characters.,,,,,,,,,
46229094,,,,,,,,,,,,,,,,,,,,,,,,,,,,,,,,,,,,,,,,,UP banner pity counter not showing after 46 pulls without SSR/UR.
46226683,,,,,,,,,,,,,,,,,,,,,,,,,,,,,,,,,,,,,,,,,Requests more one-tap claim options; manual reward collection is tedious.
46224494,,,,,,,,,,,,,,,,,,,,,,,,,,,,,,,,,,,,,,,,,Technical issue with the game display/install despite trying multiple apps.
46223762,,,,,,,,,,,,,,,,,,,,,,,True,Mentions a soft pity/50-50 system (often losing rate-up at soft pity).,,,,,,,1.0,Says resources are obtainable if you grind events; generally can gather resources by playing regularly.,,,,,,,,,Frequent off-banner results cause frustration.
46218217,,,,,,,,,,,,,,,,,,,,,,,,,,,,,,,-1.0,"Older servers’ first recharge still gives an old SSR while new servers get UR, creating welfare disparity.",,,,,,,,,Inconsistent first recharge rewards between servers.
46186543,,,,,,,,,,,-2.0,"Reports high power losing to low power, suggesting balance/stat issues.",,,,,,,,,,,,,,,,,-2.0,Describes the game as a pit with low drop rates and pay pressure.,,,,,,,,,,,
46184082,,,,,,,,,,,,,,,,,,,,,,,,,,,,,,,1.0,"Says welfare is okay, but personal gacha luck is bad.",,,,,,,,,
46176496,,,,,,,,,,,,,,,,,,,,,,,,,,,,,,,,,,,,,,,,,"Did not receive the promised compensation/character (e.g., Jiubingwei) in mail."
46180477,,,,,,,,,,,,,,,,,,,,,,,,,,,-2.0,Warns zero/micro spenders not to play; poor progression without spending.,-2.0,Feels greedy and not playable without spending even after a small top-up.,-2.0,Only one pull per main story chapter makes accumulation very slow.,,,,,,,,,
46176350,,,,,,,,,,,,,,,,,,,,,,,,,,,,,,,,,,,,,,,,,
46174367,,,,,,,-2.0,Says if you want strategy this is not the game; implies low strategic depth.,,,,,,,,,,,,,,,,,,,,,,,,,,,,,,,,,Poor service attitude toward players.
46168516,,,Turn-based combat with auto-battle option.,1.0,Good experience; auto-battle doesn’t frustrate; overall positive early gameplay.,,,,,,,,,,,,,,,,,,,,,,,,,,1.0,"Early on, received a UR within a couple of hours; resources feel sufficient except for stamina during long sessions.",,,,,,,,,
46074010,,,,,,,,,-2.0,Non-spenders must grind heavily; leveling slows sharply later.,,,,,,,,,,,,,,,,,,,-2.0,Accuses the game of forcing spending; registers even provide recharge coupons to push top-ups.,-2.0,"Very stingy: one main story chapter gives only one pull; rewards/sign-ins were nerfed, with little compensation.",,,,,,,,,
46122882,,,,,,,,,,,,,,,,,,,,,,,,,,,,,,,-1.0,"Backstabbed by changed new player rewards: earlier SSR+weapon vs. now new players get UR, harming older players’ experience.",,,,,,,,,Requests compensation for welfare changes that favor newer players.
46158287,,,,,,,,,,,,,,,,,,,,,,,,,,,,,,,,,,,,,,,,,
46154162,,,,,,,,,-2.0,Early progression heavily gated and incentivizes spending; self-select pulls delayed until chapter 7 with little utility.,,,,,,,,,,,,,,,,,,,-2.0,Immediate recharge prompts and tough early gates; high stat checks in early chapters.,-1.0,Compares unfavorably to genre norms offering more generous new player pulls.,,,,,,,,,
46147554,True,Some characters have minimal clothing; sexualized presentation noted.,Turn-based gameplay is acceptable per user impression.,,,,,,,,,,,,,,,,,,,,,,,,,,,,,,,,,,,,,,
46146191,,,,,,,,,-1.0,Progression gate to claim a basic self-select 10-pull; UI feels basic.,,,,,,,,,,,,,,,,,,,,,-2.0,Very little welfare; self-select 10-pull is withheld until later progression.,,,,,,,,,UI is simple; feels like a reskinned game.
46145788,,,,,,,,,,,,,,,,,,,,,,,,,,,-2.0,"Event mini-games and boss fights scale off battle power, making them unfriendly to F2P/low power players.",,,,,,,,,,,,,"Event (e.g., Sand Sea) balance issues: opponents start with higher power; mini-game rewards tied to power gaps."
46125046,,,,,,,,,,,,,,,,,,,,,,,,,,,,,,,2.0,Claims generous new player benefits: free UR at start and 50 pulls with guaranteed SSR each pull; daily login and advice from ops.,,,,,,,,,
46135207,,,,,,,,,,,-2.0,"Reports power discrepancies (e.g., 700k losing to 500k) influenced by UR strength and skins; suggests stat inflation or hidden modifiers.",,,,,,,,,,,,,,,,,,,,,,,,,,,,,Very low UR pull rate; many Rs/SRs; distrust in UR pool.
46137668,,,,,,,,,,,,,,,,,,,,,,,,,,,,,,,,,,,,,,,,,Rewards flagged as claimed but not actually received (old SSR and newer replacement both missing).
46132263,,,,,,,,,,,,,,,,,,,,,,,,,,,,,-1.0,Too many top-up entry points visible throughout the game.,,,,,,,,,,,Average gacha results in early days; one SSR was from a gift.
46131531,,,,,,,,,-2.0,"Main story is blocked by level requirements, effectively forcing leveling before progression.",,,,,,,,,,,,,,,,,,,-2.0,Perceives level-gating primarily as a monetization tactic.,,,,,,,,,,,
46130394,,,,,,,,,,,,,,,,,,,,,,,,,,,,,,,,,,,,,,,,,Asks to restore earlier welfare for old players.
46122218,,,,,,,,,,,,,,,,,,,,,,,,,,,,,,,,,,,,,,,,,Post-update crashes and missing resources (50+ pulls disappeared after logging in).
46104906,,,,,,,,,,,,,,,,,,,,,,,,,,,,,,,,,,,,,,,,,Very frequent hard pity hits and off-banners; rarely gets early rate-up.
46104782,,,,,,,,,-1.0,Early game feels grindy.,,,,,,,,,,,,,,,,,,,,,,,,,,,,,,,
41597776,,,,,,,,,,,,,,,,,,,,,,,,,,,,,,,,,,,,,,,,,Missing account concern (“Where is my account?”).
46090156,,,,,,,,,,,,,,,,,,,,,,,,,,,,,,,1.0,States good welfare alongside distinct character designs and strong story.,,,,,,,,,
46075892,,,,,,,,,,,,,,,,,,,,,,,,,,,,,-1.0,Says maxing units is impossible without spending.,-1.0,Very slow accumulation: ~200–300 diamonds/day; ~15k diamonds in a year yielded only 2 URs.,,,,,,,,,
38533843,,,,,,,,,,,,,,,,,,,,,,,,,,,,,,,,,,,,,,,,,Returnee self-select weapon gacha bug: cannot select after an update; unfixed for days.
46070461,True,Explicitly not 12+; highly sexualized models and skins.,,,,,,,,,,,,,,,,,,,,,,,,,,,,,,,,,,,,,,,
46063249,,,,,,,,,,,,,,,,,,,,,,,,,,,,,,,,,,,,,,,,,Asks where to change skins despite reporting high rates.
46061389,,,2D turn-based combat.,1.0,"Despite not liking 2D turn-based normally, finds this one somewhat interesting.",,,,,,,,,,,,,,,,,,,,,,,,,,,,,,,,,,,,
46058628,,,,,,,,,,,,,,,,,,,,,,,,,,,,,,,,,,,,,,,,,
46058589,,,,,,,,,,,-1.0,SSR units feel useless relative to higher-rarity; poor balance impression.,,,,,,,,,,,,,,,,,,,-1.0,Did not feel the welfare was good and pulling was not enjoyable.,,,,,,,,,
46042285,,,,,,,,,,,,,,,,,,,,,,,,,,,,,,,1.0,Can obtain many SSRs and a free UR at level 25; perceived as generous.,,,,,,,,,
46040375,,,,,,,,,-1.0,Heavy level gating and monotony later; more enjoyable only after significant progression.,,,-1.0,"Early content can be cleared with SRs, but later the gameplay becomes very single-track with limited variety.",,,,,,,,,,,,,,,,,1.0,Welfare is generally okay for those willing to grind.,,,,,,,,,
46038066,,,,,,,,,,,,,,,,,,,,,,,False,,-2.0,Says there is no pity across banners and heavy monetization everywhere; daily 10-pull lacks pity and self-select 10-pull is locked behind level 30.,,,-2.0,Claims the game constantly pushes spending and locks basic gacha behind progression.,,,,,,,,,,,Energy/stamina system in 2025; AI-like card art with awkward poses; cannot view compendium; feels like blind-box gambling.
46036952,,,,,,,,,,,,,,,,,,,,,,,,,,,,,,,,,,,,,,,,,Player burnout.
46035749,True,"Sexualized presentation (butt-focused camera, breast jiggle).",,,,,,,,,,,,,,,,,,,,,,,,,,,,,2.0,Reports daily 10-pull plus a self-select 10-pull; frequent welfare and accessible diamonds leading to multiple URs in a few days.,,,,,,,,,
46025960,,,,,,,,,,,,,,,,,,,,,,,,,,,-2.0,"As a zero-spender, nearly could not clear content; very poor experience.",-2.0,Feels compelled to spend to progress.,,,,,,,,,,,
46010091,,,,,,,,,-1.0,"Frequent level gates in the main story (e.g., 3 chapters then 2-level gate).",,,,,,,,,,,,,,,,,,,,,1.0,States welfare is good.,,,,,,,,,
46009934,,,,,,,,,,,,,,,,,,,,,,,,,,,,,,,,,,,,,,,,,Skins can be earned for free and are not too expensive; personal gacha luck is poor.
44114032,,,,,,,,,-1.0,Later chapters require UR to progress and are heavily level-gated; many features locked until higher levels.,,,,,,,,,,,,,,,,,,,,,-1.0,Newbie welfare is decent but maintenance compensation is poor; typical daily income ~200–300 gems; event diamonds are low.,,,,,,,,,Occasional crashes; repetitive event design; suggests improving compensation and diversifying events.
46006564,,,,,,,,,,,,,,,,,,,,,,,,,,,,,,,,,,,,,-2.0,"Mentions a subsequent 5GB resource download after initial forced gameplay, indicating a heavy footprint.",-2.0,Forced to play 10+ minutes before a large 5GB in-game download; the forced tutorial experience is frustrating.,Heavy forced tutorial before allowing resource download/settings.
45992343,,,,,,,,,,,,,,,,,,,,,,,,,,,,,-2.0,Says the game aggressively pushes spending with low drop rates and low sincerity.,-1.0,Perceives welfare as poor alongside low gacha rates.,,,,,,,,,
45979381,,,,,,,,,-1.0,Main story requires certain level thresholds; must grind stamina to progress later.,,,,,,,,,,,,,,,,,,,,,1.0,"If online ~2 hours daily, can clear dailies and earn enough; skins purchasable via diamonds (~8000+).",,,,,,,,,Requests more gameplay variety.
45970996,,,,,,,,,,,-2.0,UR release invalidated prior SSR strength; hard to play without spending.,,,,,,,,,,,,,,,,,-1.0,Non-spenders struggle to continue; persistent crash issues since launch.,,,,,,,,,,,Long-standing crash problems; regret not quitting earlier.
45965482,,,,,,,,,,,,,,,,,,,,,,,,,,,,,,,,,,,,,,,,,Maintenance compensation crystals showed as claimed in mail but did not increase inventory.
45965263,,,,,,,,,,,,,,,,,,,,,,,,,,,,,,,,,,,,,,,,,Maintenance compensation (400 crystals) marked received in mail but balance remained zero.
45964427,,,,,,,,,,,,,,,,,,,,,,,,,,,,,,,,,,,,,,,,,Compensation issue: claimed 400 crystals but account balance still shows 0.
45958867,True,Discussion around sexualized presentation; suggests characters are too covered and requests more revealing art/models.,,,,,,,,,,,,,,,,,,,,,,,,,,,,,,,,,,,,,,,Recommends updating character art/models to boost popularity and use models as ad focus.
45952181,,,,,,,,,-1.0,"Free 10-pull unlocks at chapter 3 but only claimable at chapter 7, gating basic rewards behind progression.",,,,,,,,,,,,,,,,,,,,,,,,,,,,,,,
45949421,,,,,,,,,,,,,,,,,,,,,,,,,,,,,,,,,,,,,,,,,Recommends iOS global server due to better welfare.
45937570,,,,,,,,,,,,,,,,,,,,,,,,,,,,,,,,,,,,,,,,,Overall presentation feels like a WeChat mini-program game.
45935810,,,,,,,,,,,,,,,,,,,,,,,,,,,,,,,,,,,,,,,,,
45923659,,,,,,,,,-1.0,Game heavily level-gated; low levels can do very little besides grinding.,,,,,,,,,,,,,,,,,,,,,1.0,Newbie resources are plentiful and drop rates feel high (reported double URs in 10-pulls).,,,,,,,,,Global chat at night is offensive/annoying.
45914261,,,,,,,,,,,,,,,,,,,,,,,,,,,,,,,,,,,,,,,,,Requests a skip option for guild fights to reduce time waste.
45905717,,,,,,,,,-2.0,Progression/upgrade times are extreme for F2P; leveling a character to max could take years without spending.,,,,,,,,,,,,,,,,,,,,,,,,,,,,,,,
45898492,True,Sexualized visuals/fanservice,,,,,,,-1.0,Leveling/upgrading is slow and yields too little; growth feels painful,,,,,,,,,,,,,,,,,,,,,-1.0,Resources abundant early but very scarce later,,,,,,,,,
45893583,,,,,,,,,-1.0,Feature unlock gating/permission level bug: codex says needs level 1 while at level 20; told to keep leveling,,,,,,,,,,,,,,,,,,,,,,,,,,,,,,,Codex unlock/permission level display bug
45887357,,,,,,,,,,,,,,,,,,,,,,,,,,,,,,,,,,,,,,,,,
45884944,,,,,,,,,,,,,,,,,,,,,,,,,,,,,,,-1.0,Event promised UR login reward not received (Feilang Festival),,,,,,,,,Event reward delivery issue (UR not granted)
45871931,,,,,,,,,,,,,,,,,,,,,,,,,,,,,,,,,,,,,,,-2.0,Stuck after download; cannot enter the game,
45871578,,,,,,,,,,,,,,,,,,,,,,,,,,,,,,,,,,,,,,,-2.0,App unresponsive; stuck and not moving,
45869669,,,,,,,,,,,,,,,,,,,,,,,,,,,,,,,,,,,,,,,-2.0,Cannot enter the game,
45869278,,,,,,,,,,,,,,,,,,,,,,,,,,,,,,,,,,,,,,,-2.0,iOS crashes; tablet/emulator blocked from entering,Emulator access blocked
45867588,,,,,,,,,,,,,,,,,,,,,,,,,,,,,,,,,,,,,,,,,
45854868,,,,,,,,,,,,,,,,,,,,,,,,,,,,,,,,,,,,,,,,,
45853027,,,,,,,,,,,,,,,,,,,,,,,,,,,,,,,1.0,Plenty of welfare; characters and skins look good,,,,,,,,,
45852935,,,,,,,,,,,,,,,,,,,,,,,,,,,,,,,,,,,,,,,,,Skins missing from the costume shop
45838784,,,,,,,,,,,,,,,,,,,,,,,,,,,,,,,,,,,,,,,,,Customer service/unofficial channels unresponsive; real-name verification wrongly flags account as underage on registration
45837494,,,,,,,,,,,,,,,,,,,,,,,,,,,,,,,,,,,,,,,,,Account disappeared after an update
45833023,,,,,,,,,-1.0,Leveling up is hard,,,,,,,,,,,,,,,,,,,,,,,,,,,,,,,
45824868,,,,,,,,,,,,,,,,,,,,,,,,,,,,,,,-1.0,Summer login UR self-select reward missing,,,,,,,,,Event UR self-select not received
45822256,,,,,,,,,,,,,,,,,,,,,,,,,,,,,,,-1.0,Cannot find the UR self-select reward,,,,,,,,,Missing UR self-select
45821234,True,Sexualized/erotic character art,,,,,,,,,,,,,,,,,,,,,,,,,,,,,1.0,100% resource refund on resets; later-stage resource income becomes easier; good for casual play,,,,,,,,,
45815127,,,,,,,,,,,,,,,,,,,,,,,,,,,-1.0,Too many pay points; power lags without spending,-2.0,Heavy monetization required to raise combat power,1.0,Resources are plentiful,,,,,,,,,
45795409,,,,,,,,,,,,,,,,,,,,,,,,,,,,,,,1.0,Summer and returnee welfare are good; worth trying with some patience,,,,,,,,,
45806927,,,,,,,,,,,,,,,,,,,,,,,True,"High pity counts reported: ~120 pulls for a hero, ~200 pulls for a pet",,,,,,,,,,,,,,,,,
45802624,,,,,,,,,-1.0,Tutorial cannot be skipped; feels controlling and uncomfortable,,,,,,,,,,,,,,,,,,,,,,,,,,,,,,,"Overlong, unskippable tutorial"
45802256,,,,,,,,,,,,,,,,,,,,,,,,,,,,,,,,,,,,,,,,,
45793282,,,,,,,,,,,,,,,,,,,,,,,,,,,,,,,,,,,,,,,-2.0,App crashes (flashback),
45777243,,,,,,,,,0.0,Early game feels mediocre but improves with time,,,,,,,,,,,,,,,,,,,,,,,,,,,,,,,
45728184,,,,,,,,,,,,,,,,,,,,,,,,,,,,,,,,,,,,,,,,,Account lost after reinstall; login no longer finds the account
45668336,,,,,,,,,,,,,,,,,,,,,,,,,,,,,,,,,,,,,,,,,UI feels cluttered and flashy; overall content similar to other titles but weaker than Azur Lane
45578058,,,,,,,,,,,,,,,,,,,,,,,,,,,,,,,1.0,"Early resource acquisition is easy; can save diamonds to buy outfit vouchers, though purchases are limited",,,,,,,,,Outfit voucher/shop has purchase limits
45564371,,,,,,,,,,,,,,,,,,,,,,,,,,,,,,,,,,,,,,,,,No billing/receipt history; requests a bill inquiry feature
45540529,True,Sexual/erotic content,,,,,,,,,,,,,,,,,,,,,,,,,,,,,,,,,,,,,,,
45483785,,,,,,,,,,,,,,,,,,,,,,,,,,,,,,,1.0,Early resources are plentiful; gameplay is casual,,,,,,,,,
45480631,,,,,,,,,,,,,,,,,,,,,,,,,,,,,,,,,,,,,,,,,
44690699,,,,,,,,,,,,,,,,,,,,,1.0,Tight schedule and frequent reruns; requires diamond planning,True,Pity system: character banner big pity at 120; weapon banner big pity at 60 with high on-rate (80% not off-banner),,,,,,,1.0,Early resources okay if you grind; later rely on season/events/sign-ins; shop also gives a lot,,,,,,,,,
45459238,,,,,,,,,,,-2.0,Severe power creep: SSRs eclipsed by later URs; balance poor for F2P,,,,,,,,,,,,,,,-2.0,Severe monetization and power inflation make F2P experience very bad,-2.0,Heavy pay-to-win pressure due to power creep,,,,,,,,,,,
45380056,,,,,,,,,-1.0,After level 45 the game becomes daily level grind,,,,,,,,,,,,,,,,,,,,,,,,,,,,,,,
45408695,,,,,,,,,,,,,,,,,,,,,,,,,,,,,,,-1.0,Promised self-select 10-pull missing,,,,,,,,,Missing self-select 10-pull
45407372,,,,,,,,,,,,,,,,,,,,,,,,,,,,,,,,,,,,,,,,,Dead Sea Survival mode controls feel bad; needs optimization
45397363,,,,,,,,,,,,,,,,,,,,,,,,,,,,,,,,,,,,,,,,,
45388357,,,,,,,,,,,,,,,,,,,,,,,,,,,,,,,,,,,,,,,,,Official redemption code not working
45369976,,,,,,,,,,,,,,,,,,,,,,,,,,,,,,,,,,,,,,,,,
45349725,,,,,,,,,,,,,,,,,,,,,,,,,,,,,,,-1.0,Sign-in reward (Witch Prinna) missing from roster,,,,,,,,,Sign-in reward not delivered
45348514,,,,,,,,,,,,,,,,,,,,,,,,,,,,,-1.0,High grind and monetization; better as a side game,,,,,,,,,,,
45341338,True,Sexual art censored in CN version (extra cloth); erotic appeal reduced,,,,,,,,,,,,,,,,,,,,,,,,,,,,,-1.0,Low welfare; too few ways to obtain resources,,,,,,,,,Cannot skip dungeons that should be skippable
45312465,,,,,,,,,-1.0,Overbearing tutorial; cannot access settings until finishing chapter 2,,,,,,,,,,,,,,,,,,,,,,,,,,,,,,,"Excessive onboarding/tutorial, settings locked early"
45309149,True,Sexual content with censorship; user seeks 'uncensor',,,,,,,,,,,,,,,,,,,,,,,,,,,,,,,,,,,,,,,
45294843,,,Idle/AFK card battler,,,,,,,,,,,,,,,,,,,,,,,,,,,,,,,,,,,,,,
45284482,,,,,,,,,,,,,,,,,,,,,,,,,,,-2.0,Some growth materials are only obtainable via payment,-2.0,Non-spenders cannot play effectively; paywall on progression items,-1.0,Free paths to key growth items are lacking,,,,,,,,,
45205451,,,,,,,,,,,,,,,,,,,,,,,,,,,,,,,,,,,,,,,-2.0,Large 3+ GB resource download repeats and then hangs at 100%; cannot play,
45194204,,,,,,,,,,,,,,,,,,,,,,,,,,,,,,,,,,,,,,,,,Bug: pulled character not visible in roster interface
45153622,,,,,,,,,-1.0,Tutorial is excessively long,,,,,,,,,,,,,,,,,,,,,,,,,,,,,,,Overlong tutorial
45102654,,,,,,,,,,,,,,,,,,,,,,,,,,,,,,,,,True,"Collaboration with Scarlet Echoes (绯色回响), featuring a 'Holy Grail' item",0.0,Only an item is mentioned; integration appears shallow,,,,,
45055425,True,Sexualized content with censorship; requires 'fhx' to view uncensored,"Turn-based, place units and auto-battle; essentially a number-driven idle game",-2.0,Very little gameplay; mostly auto and numbers,,,,-2.0,Late-game progression is gated by level and XP; many features locked behind level caps,,,,,,,,,,,,,,,,,-1.0,Higher spend directly raises power; P2W scaling evident,,,1.0,New player welfare is good; early on you can grind a lot; some skins obtainable via events or diamonds,,,,,,,,,Banners locked until clearing chapters; level-gating feels bad
45055173,,,,,,,,,,,,,,,,,,,,,,,,,,,,,,,,,,,,,,,,,Missing self-select 10-pull; asks where it is
45043552,,,,,,,,,,,,,,,,,,,,,,,,,,,,,,,,,,,,,,,-2.0,Cannot enter the game,
45043454,,,,,,,,,,,,,,,,,,,,,,,,,,,,,,,,,,,,,,,,,
45001950,,,,,,,,,-2.0,Power stalls and main story cannot be pushed; microspenders hit a wall,,,,,,,,,,,,,,,,,-1.0,Microtransactions insufficient to progress; power gating,,,,,,,,,,,,,
45001782,,,,,,,,,,,,,,,,,,,,,,,,,,,,,,,0.0,Requests more welfare despite finding it fun,,,,,,,,,
44993967,,,,,,,,,,,,,,,,,,,,,,,,,,,,,,,,,,,,,,,,,Self-select 10-pull missing; suspected 'eaten'
44935584,,,,,,,,,,,,,,,,,,,,,,,,,,,,,,,,,,,,,,,,,Cannot find self-select 10-pull
44934816,,,,,,,,,,,,,,,,,,,,,,,,,,,,,,,-1.0,Chapter 3 self-select 10-pull missing,,,,,,,,,Self-select 10-pull missing after chapter 3
44931358,,,,,,,,,,,,,,,,,,,,,,,,,,,,,,,,,,,,,,,,,Screen aspect ratio/display mismatch
44924163,,,,,,,,,-2.0,Late-game story battles cannot be cleared without spending,,,,,,,,,,,,,,,,,-2.0,Designed for big spenders; late-game story is blocked unless you pay,-2.0,Forces spending to progress,,,,,,,,,,,
44887293,,,,,,,,,-1.0,Tutorial/guidance is long and tedious ('臭又长'),,,,,,,,,,,,,,,,,,,,,,,,,,,,,,,Overlong guidance/tutorial
44879644,,,,,,,,,,,,,,,,,,,,,,,,,,,,,,,,,,,,,,,,,
44853728,,,,,,,,,,,,,,,,,,,,,,,,,,,,,-1.0,Implied daily spending habit,,,,,,,,,,,
44852044,,,,,,,,,,,,,,,,,,,,,,,,,,,,,,,,,,,,,,,,,Gacha collection feels impossible; extremely hard to collect all
44850581,,,,,,,,,,,,,,,,,,,,,,,,,,,,,,,,,,,,,,,-2.0,Downloaded multiple times and switched routes/lines; still cannot start,
44846032,,,,,,,,,,,,,,,,,,,,,,,,,,,,,,,,,,,,,,,,,
44825313,,,,,,,,,,,,,,,,,,,,,,,,,,,,,,,,,,,,,,,,,Game feels boring alone; seeks co-op/social play
44755612,,,,,,,,,,,,,,,,,,,,,,,,,,,-2.0,Purely pay-to-win outside of skins; even after spending you must keep paying to stay strong,-2.0,Continuous spending required to remain competitive,,,,,,,,,,,
44706278,,,,,,,,,,,,,,,,,,,,,2.0,During early progression there are tons of events,True,Player reports hitting pity frequently later ('every time big pity'),,,,,,,,,,,,,,,,,
44703321,,,,,,,,,,,,,,,,,,,,,,,,,,,,,,,,,,,,,,,,,New account missing self-select 10-pull and UP banner; only two basic banners available
44702976,,,,,,,,,,,,,,,,,,,,,,,,,,,,,,,,,,,,,,,,,
44673820,True,Sexualized/fanservice-oriented game,,,,,,,,,,,,,,,,,,,,,,,,,,,,,,,,,,,,,,,
44648710,,,,,,,,,-1.0,"Early-game pacing is poor with a long, forced tutorial and many minutes even if skipping story",,,,,,,,,,,,,,,,,,,,,,,,,,,,,,,"Forced, lengthy tutorial that dictates actions"
44645947,,,,,,,,,,,,,,,,,,,,,,,,,,,,,,,1.0,"Onboarding gave a free character, a main-skin, ~4000 diamonds, and a 10-pull voucher",,,,,,,,,
44633735,True,Censorship adds extra clothing; characters 'wearing too much',,,,,,,,,,,,,,,,,,,,,,,,,,,,,,,,,,,,,,,
44624796,,,,,,,,,,,,,,,,,,,,,,,,,,,,,,,,,,,,,,,-2.0,Cannot enter the game on Lenovo Legion Y700 (2nd gen),
44618065,,,,,,,,,,,,,,,,,,,,,,,,,,,,,,,,,,,,,,,,,Account deletion fails due to 'invalid phone number format' error
44615179,True,Sexual content; feels like an adult game despite 12+ rating,,,,,,,,,,,,,,,,,,,,,,,,,,,,,,,,,,,,,,,
44592079,True,Sexualized visuals,,,,,,,,,-1.0,"UR units massively outperform SSRs (e.g., single UR out-damaging five SSRs)",,,,,,,,,,,,,,,,,,,1.0,Progression feels generous/forgiving and wishlist targeting helps,,,,,,,,,
44610419,,,,,,,,,,,,,,,,,,,,,,,,,,,,,,,-2.0,Resource-starved: cannot accumulate two 10-pulls on day 1,,,,,,,,,
44586042,,,,,,,,,,,,,,,,,,,,,-1.0,Requests more events,,,,,,,,,,,,,,,,,,,
44583895,,,,,,,,,,,,,,,,,,,,,,,,,,,,,,,,,,,,,,,,,Self-select 100-pull missing on supposed official server
44539561,,,,,,,,,,,,,,,,,,,,,,,True,Only small pity available for new players; daily 10-pull rarely yields high rarity,,,,,-1.0,Marriage system locked behind pay; gacha often off-rate,,,,,,,,,,,Frequent off-banner pulls prevent upgrading; gameplay not compelling
44526480,,,,,,,,,,,,,,,,,,,,,,,,,,,,,,,,,,,,,,,,,
44514766,,,,,,,,,,,,,,,,,,,,,,,,,,,,,,,,,,,,,,,,,
44504906,,,,,,,,,,,,,,,,,,,,,,,,,,,,,,,,,,,,,,,,,Account lost after long inactivity
44494426,,,,,,,,,-2.0,Growth experience feels insulting to players,,,,,,,,,,,,,,,,,,,,,-2.0,Welfare criticized as poor in 2025,,,,,,,,,
44493910,True,Censorship; wants uncensored art,,,,,,,,,,,,,,,,,,,,,,,,,,,,,,,,,,,,,,,
44488048,,,,,,,,,,,,,,,,,,,,,,,,,,,,,,,,,,,,,,,,,Gacha rates feel extremely stingy
44475046,,,,,,,,,,,,,,,,,,,,,,,,,,,,,,,,,,,,,,,,,Only one gacha pool available
44462904,,,,,,,,,,,,,,,,,,,,,,,,,,,,,,,,,,,,,,,,,No self-select gacha even after clearing chapter 8
44447616,True,Attractive waifu art,,,,,,,,,,,,,,,,,,,,,,,,,,,,,-1.0,Resources are especially scarce; F2P should consider reroll accounts or heavy grinding,,,,,,,,,
44446413,True,Sexual content; players suggest using an 18+ version instead of 16+,,,,,,,,,,,,,,,,,,,,,,,,,,,,,,,,,,,,,,,
44435814,,,,,,,,,1.0,Described growth experience as 'okay',,,,,,,,,,,,,True,Pity/guarantee at 120 pulls,,,,,,,-1.0,Resource acquisition is grindy,,,,,,,,,
44430958,True,Sexual/erotic positioning mentioned via rankings,,,,,,,,,,,,,,,,,,,,,,,,,,,,,,,,,,,,,,,
44427167,,,,,,,,,-1.0,Tutorial is overly long and restrictive,,,,,,,,,,,,,,,,,,,,,,,,,,,,,,,
44426438,,,,,,Cross-server PvP with guild base occupation; bounty tasks with star ratings; numerous PvP modes,-1.0,Strategic play is overshadowed by whale power gaps,,,-2.0,"Power depends on spending/URs, creating severe imbalance",,,,,,,,,,,,,,,-2.0,Non-payers can't obtain PvP rewards; get bullied in cross-server events,-2.0,PvP is used to push spending; whales dominate,-2.0,Zero-spend players cannot secure PvP rewards; activity rewards are tiny,,,,,,,,,Cross-server guild events dominated by whales; forced new servers to 're-harvest'; perceived pay-to-win
44426177,,,,,,,,,,,,,,,,,,,,,,,,,,,,,,,,,,,,,,,,,Gacha banner bug: only base pool shown
44407894,,,,,,,,,,,,,,,,,,,,,,,,,,,,,,,-1.0,"Outside of dungeons, resource income is limited",,,,,,,,,Art/illustrations praised; other aspects average
44400895,,,,,,,,,,,,,,,,,,,,,,,,,,,,,-2.0,Pay more equals higher power; perceived reskinned P2W design,,,,,,,,,,,
44397723,,,,,,,,,-1.0,Main story is level-gated; slow leveling around 53+,,,,,,,,,,,,,,,,,,,,,,,,,,,,,,,
44397432,,,,,,,,,-1.0,Easy to get stuck; early gacha inducement leads to roadblocks,-2.0,High strength requirements create big gaps between characters/teams,,,,,,,,,,,,,,,,,,,,,,,,,,,,,
44380573,,,,,,,,,,,,,,,,,,,,,,,,,,,,,,,,,,,,,,,,,Gacha pulls keep going off-rate on a fresh account
44388748,True,Sexual content censored ('characters toned down'),,,,,,,,,,,,,,,,,,,,,,,,,,,,,-2.0,Very few welfare rewards and low drop rates,,,,,,,,,
44384592,,,,,,,,,,,,,,,,,,,,,,,,,,,,,,,,,,,,,,,,,Severe lag and frequent crashes
44378453,,,,,,,,,-1.0,Promised newbie select-10 pull not delivered after clearing chapters,,,,,,,,,,,,,,,,,,,,,,,,,,,,,,,
44373115,True,Censored sexualized art in CN release; promo used uncensored art; no toggle,,,,,,,,,,,,,,,,,,,,,,,,,-1.0,Non-payers' power is too low to compete,-2.0,Feels mandatory to pay to keep up,,,,,,,,,,,
44370146,,,,,,,,,,,,,,,,,,,,,,,,,,,,,,,,,,,,,,,,,Perceived low-quality loop: poor gameplay and visuals leading to worse production
44357913,,,,,,,,,-1.0,Hard to find promised select 10-pull; early chapters already very difficult,,,,,,,,,,,,,,,,,,,-1.0,Early difficulty feels like forced monetization,,,,,,,,,,,Gacha UI/UX confusing; couldn't locate ticket
44345951,,,,,,,,,,,,,,,,,,,,,,,,,,,,,,,,,,,,,,,,,Character model missing ears (art/design regression)
44342869,,,,,,,,,,,,,,,,,,,,,,,,,,,,,-2.0,Aggressive cash prompts; perceived rate control and repeated off-rate pulls,,,,,,,,,,,Suspected manipulated gacha rates; emulator play noted
44338542,,,,,,,,,,,,,,,,,,,,,,,,,,,,,-2.0,Strong pay-to-win atmosphere,-2.0,Scarce diamonds outside events and story,,,,,,,,,
44337677,,,,,,,,,,,,,,,,,,,,,,,,,,,,,,,,,,,,,,,,,"Inconsistent login support: emulator can use WeChat login, this client cannot"
44336093,,,,,,,,,,,-1.0,Older characters struggle to see play; need buffs,,,,,,,,,,,,,,,,,,,,,,,,,,,,,Too many upgrade branches; art praised
44322291,,,,,,,,,,,,,,,,,,,,,,,,,,,,,,,,,,,,,,,-2.0,Game updates won't download over Wi‑Fi; forces mobile data,
44316843,,,,,,,,,,,,,,,,,,,,,,,,,,,,,,,2.0,"Claims '1,000 pulls on launch'",,,,,,,,,
44315299,,,,,,,,,,,,,,,,,,,,,,,,,,,,,,,,,,,,,,,,,Double rate-up banner available
44312784,,,,,,,,,,,,,,,,,,,,,,,,,,,,,,,,,,,,,,,,,2D-focused; 3D-preferring players may not like it
37212384,,,,,,,,,,,,,,,,,,,,,-1.0,Monthly small events decreased; repetitive cross-server events,,,,,-2.0,"Without heavy spending (~100k), can't compete on rankings",-2.0,Very high spending required; player reports being 'pit' for 30k,-2.0,Event rewards/diamonds reduced; cross-server competition starves non-spenders,,,,,,,,,All-server cross events share a single reward pool; alleges many astroturf reviews
44302835,,,Auto-battle with chibi/big-head 3D models,-1.0,Combat relies on auto and feels sleepy,,,,,,,,,,,,,,,,,,,,,,,,,,,,,,,,,,,,
44301860,,,,,,,,,,,,,,,,,,,,,,,,,,,,,,,,,,,,,,,,,Game freezes; needs optimization
44297107,,,,,,,,,-1.0,Promised select 10-pull after clearing not delivered; very poor experience,,,,,,,,,,,,,,,,,,,,,,,,,,,,,,,False advertising of newbie select 10-pull
44293013,,,,,,,,,,,,,,,,,,,,,,,,,,,,,,,,,,,,,,,,,Cannot receive verification code
44279011,,,,,,,,,,,,,,,,,,,,,,,,,,,,,,,,,,,,,,,,,Perceived worse gacha luck after paying; high-star units necessary; advises not to pay
44278594,,,,,,,,,,,,,,,,,,,,,,,,,,,,,,,,,,,,,,,,,Players ask if it's 'Pride of Eden 2'
44277043,,,,,,,,,,,,,,,,,,,,,1.0,Too many events; suggests simplifying,,,,,,,,,,,,,,,,,,,
44276579,,,,,,,,,,,,,,,,,,,,,,,,,,,,,,,,,,,,,,,,,Gacha UI bug: missing select-10 interface; character display switches to a different unit
44272213,,,,,,,,,-1.0,Early game fine; late game becomes boring,,,,,,,,,,,,,,,,,,,,,,,,,,,,,,,
44269373,,,,,,,,,,,,,,,,,,,,,,,,,,,,,,,,,,,,,,,,,Missing characters in roster; can't find protagonist
44262390,,,,,,,,,,,,,,,,,,,,,,,,,,,,,,,,,,,,,,,,,Returning player reports double gold in one pull
44259686,,,,,,,,,,,,,,,,,,,,,,,,,,,,,,,,,,,,,,,,,
44253707,,,,,,,,,,,,,,,,,,,,,,,,,,,,,,,,,,,,,,,,,Praised visuals and characters
44251408,True,"Marketed as adult, but in-game characters are more covered (censored)",Mostly auto-battle; skip/auto unlocks are gated; some stages cannot be skipped,-1.0,Boring combat and forced non-skippable stages,,,,,,,,,,,,,,,,,,,,,,,,,,,,,,,,,,,,Low rates; messy home UI
44235999,,,,,,,,,,,,,,,,,,,,,,,,,,,,,,,,,,,,,,,,,Channel server seems abandoned; compendium lacks newer characters
44234377,,,,,,,,,,,,,,,,,,,,,,,,,,,-2.0,Combat speed is paywalled; no sweep,-2.0,Monetizes QoL (battle speed),-2.0,Clearing an entire event yields about 1 pull,,,,,,,,,
44225017,,,,-1.0,Skills feel weaker than normal attacks; combat feels frustrating,,,,-1.0,Forced long tutorial and abrupt early difficulty spike,,,,,,,,,,,,,,,,,,,,,-1.0,Newbie welfare is stingy,,,,,,,,,
44223654,True,CN version adds extra clothing (censored sexual content); international version preferred,,,,,,,,,,,,,,,,,,,,,,,,,,,,,,,,,,,,,,,
44220557,,,,,,,,,,,,,,,,,,,,,,,,,,,,,,,,,,,,,,,,,
44217321,,,,,,,,,,,,,,,,,,,,,,,,,,,,,,,,,,,,,,,,,Average art/gameplay; suspects low rating due to gacha/welfare issues
44204883,True,Censored sexual content in CN/TW versions ('everyone wears coats'),,-1.0,Other aspects lack play value,,,,,,,,,,,,,,,,,,,,,,,,,,,,,,,,,,,,
44199780,,,,,,,,,,,,,,,,,,,,,,,,,,,,,,,,,,,,,,,,,Customer support unresponsive; blames players for issues
44194164,,,,,,,,,1.0,Progression/raising characters feels easy,,,,,,,,,,,,,,,,,,,,,,,,,,,,,,,
44191309,,,,,,,,,-1.0,Newbie fights are 4v6 and hard,,,,,,,,,,,,,,,,,,,-2.0,Early pushes to pay via discount coupons,-1.0,Starter ten-pull locked behind chapter progress; effectively nothing early,,,,,,,,,
44190041,True,Censorship due to 16+ rating; player wants 18+,,,,,,,,,,,,,,,,,,,,,,,,,,,,,,,,,,,,,,,
44189159,,,,,,Arknights-like structure,-1.0,Similar structure but lacks Arknights' depth/fun,,,-2.0,SR vs SSR have large stat gap; hurts balance,,,,,,,,,,,,,,,,,-2.0,Too many recharge pop-ups; 'welfare' mostly paid,-2.0,Few resource avenues; only 3–4 pulls/day later,,,,,,,,,
44188184,,,,,,,,,,,,,,,,,,,,,,,,,,,,,,,-1.0,TapTap sign-in rewards nerfed (last day reduced to 1 pull),,,,,,,,,
44186379,,,,,,,,,,,,,,,,,,,,,,,,,,,-2.0,Newbie-limited banner requires payment,-2.0,Forces spending for 'newbie limited',,,,,,,,,,,
44184854,,,,,,,,,,,,,,,,,,,,,,,,,,,,,,,,,,,,,,,,,
44180929,,,,,,,,,,,,,,,,,,,,,,,,,,,,,,,,,,,,,,,,,Frequent crashes on entering stages
44174419,,,,,,,,,,,,,,,,,,,,,,,,,,,,,,,,,,,,,,,,,Returning to main page stutters
44174124,,,,,,,,,,,,,,,,,,,,,,,,,,,,,,,,,,,,,,,,,Asks when a new server will open
44169868,,,,,,,,,,,,,,,,,,,,,,,,,,,,,,,,,,,,,,,,,
44173629,,,,,,,,,,,,,,,,,,,,,,,,,,,,,,,,,,,,,,,,,Poor newbie tutorial
44171210,,,,,,,,,,,-2.0,UR vs SSR stat gap is very large,,,,,,,,,,,,,,,,,,,-1.0,Diamonds too few; low rates; soft pity unreliable,,,,,,,,,Recommends focusing on URs; SSRs are poor value
44163883,,,,,,,,,,,,,,,,,,,,,,,,,,,,,,,1.0,Says welfare sends a lot,,,,,,,,,Feels like time-play grind
44160026,True,Erotic art present but not excessive,,,,,,,,,,,,,,,,,,,,,,,,,1.0,Zero-spenders can still play it as a collection game,-1.0,Very pay-heavy overall,,,,,,,,,,,
44149183,,,,,,,,,,,,,,,,,,,,,,,,,,,,,,,,,,,,,,,,,Sign-in/gift code issue and poor gacha luck
44148860,,,,,,,,,,,,,,,,,,,,,,,,,,,,,,,,,,,,,,,,,Account lost
44122219,,,,,,,,,,,,,,,,,,,,,,,,,,,,,,,,,,,,,,,,,Felt scammed by low-value redemption code purchase
44118097,,,,,,,,,,,,,,,,,,,,,,,,,,,,,,,,,,,,,,,,,Frequent crashes
44088686,,,,,,,,,,,,,,,,,,,,,,,,,,,,,,,,,,,,,,,,,
44084268,,,,,,,,,,,,,,,,,,,,,,,,,,,,,,,,,,,,,,,,,Described as numbers-driven 'small爽游' with combat and growth
44077535,,,,,,,,,,,,,,,,,,,,,,,,,,,,,,,-2.0,Starter 'select 10' gated to Chapter 7; rename costs 1 pull,,,,,,,,,Broken phone/name input fields; disappointing intro ten-pull structure
44070079,,,,,,,,,-1.0,Quality drops later in the game,,,,,,,,,,,,,,,,,,,,,-1.0,Welfare declines later versus early game,,,,,,,,,
44068301,,,,,,,,,,,,,,,,,,,,,,,,,,,,,,,,,,,,,,,,,Reports high UP pull rates
44061031,,,,,,,,,,,-2.0,UR vs SSR power gap is very large,,,,,,,,,,,,,,,,,-2.0,Many monetization points; pity still off-rate; forced unskippable boss battles,,,,,,,,,,,No skip for some boss stages; frequent off-rate even at pity
44050354,,,,,,,,,,,,,,,,,,,,,,,,,,,,,,,,,,,,,,,,,iOS crashes every couple of minutes
44048343,,,,,,,,,,,,,,,,,,,,,,,,,,,,,-2.0,Both grind and pay heavy,-1.0,Feels very grindy,,,,,,,,,
44034167,,,,,,,,,,,,,,,,,,,,,,,,,,,,,,,,,,,,,,,,,Chapter 5 causes instant crash
44024172,,,,,,,,,,,,,,,,,,,,,,,,,,,,,,,-1.0,Welfare not in place; too grindy,,,,,,,,,
44011161,,,,,,,,,,,,,,,,,,,,,,,,,,,,,,,,,,,,,,,,,Prefers actual adult games over this
44007958,,,Low-interaction gameplay with minimal player control,-1.0,Boring story and copied mechanics; almost fell asleep,,,,,,,,,,,,,,,,,,,,,,,,,,,,,,,,,,,,
43998216,,,,,,,,,-1.0,Very slow leveling; story locked behind level caps,,,,,,,,,,,,,,,,,,,,,-1.0,Per event only roughly 23–30 pulls,,,,,,,,,UR felt about 1 per 110–130 pulls
43993722,,,,,,,,,-1.0,Gameplay becomes repetitive; just log in to collect then leave,,,,,,,,,,,,,,,,,,,,,,,,,,,,,,,
43982887,,,,,,,,,,,,,,,,,,,,,,,,,,,,,,,,,,,,,,,,,Severe gacha stinginess (700 pulls can't max a unit); claims 2% UR feels <1%; dull gameplay despite decent art
43808007,,,,,,,,,,,,,,,,,,,,,,,,,,,,,,,,,,,,,,,,,Always hitting pity; soft pity never yields the rate-up
43979033,,,,,,,,,,,,,,,,,,,,,,,,,,,,,,,,,,,,,,,,,Severe off-rate results (partners and weapons); deleted game in anger
43977200,,,,,,,,,,,,,,,,,,,,,,,,,,,,,,,,,,,,,,,,,One mode (fhx) is overly long and tedious
43954713,,,,,,,,,,,,,,,,,,,,,,,,,,,,,,,,,,,,,,,,,Two accounts disappeared; player still treats it as a chill long-term game
43948051,,,,,,,,,,,,,,,,,,,,,-1.0,Event rotation is slow and repetitive,,,,,,,,,,,,,,,,,,,
43945865,,,,,,,,,,,,,,,,,,,,,,,,,,,,,,,,,,,,,,,,,Reports high draw rates
43914998,,,,,,,,,,,,,,,,,,,,,,,,,,,,,-1.0,Skins are expensive,,,,,,,,,,,
43911832,,,,,,,,,,,,,,,,,,,,,,,,,,,,,,,,,,,,,,,,,Feels like an addictive mini-game but rated 16+
43911482,,,,,,,,,,,,,,,,,,,,,1.0,New URs appear roughly weekly (fast meta cadence),True,"UR pity at 120 pulls; 10-pull costs 1,500 diamonds; UR needs 12 dupes for 7-star; new UR about weekly",-2.0,Extremely high diamond cost per UR relative to low income,,,-2.0,Designed for whales: huge dupe requirements and frequent new URs,-2.0,"Severely limited diamond income (about 1,000/day later; events ~900)",,,,,,,,,
43902009,,,,,,,,,,,,,,,,,,,,,,,,,,,,,,,,,,,,,,,,,Frequent crashes within five minutes; needs optimization
43899623,,,,,,,,,-2.0,"Forced, very long tutorial must be redone on return; tedious despite guaranteed win",,,,,,,,,,,,,,,,,,,,,,,,,,,,,,,
43890259,,,,,,,,,,,,,,,,,,,,,,,,,,,,,,,,,,,,,,,,,Frequent iOS crashes (2–3 times per day)
43855140,,,,,,,,,,,,,,,,,,,,,,,,,,,,,,,,,,,,,,,,,Self-select 10-pull prompt persists but banner not available; customer service replies like a bot
43875294,,,,,,,,,,,,,,,,,,,,,,,,,,,,,,,,,,,,,,,,,
43874610,,,,,,,,,,,,,,,,,,,,,,,,,,,,,,,,,,,,,,,,,Verification code for login not received
43868717,,,,,,,,,,,,,,,,,,,,,,,,,,,,,,,1.0,Welfare is okay,,,,,,,,,
43853177,,,,,,,,,,,,,,,,,,,,,,,,,,,,,,,1.0,Resources are easy to obtain,,,,,,,,,Requests rerun of character 'Yagumo'
43852550,,,,,,,,,,,,,,,,,,,,,,,,,,,,,,,,,,,,,,,,,"After newbie protection ended, repeatedly pulled off-banner"
43852313,,,,,,,,,,,,,,,,,,,,,,,,,,,,,-1.0,Too grindy if you want every banner; skins cost many diamonds and exchanges are limited,,,,,,,,,,,High grind; expensive skins with limited exchange counts
38300702,True,Sexualized artwork censored/covered in CN version compared to global,,,,,,,,,,,,,,,,,,,,,,,,,,,-2.0,"Heavy monetization focus, feels pay-or-nothing",-2.0,Welfare is very poor,,,,,,,,,Complains CN version adds censorship and pushes spending
43843452,,,,,,,,,-2.0,Limited UP banner still locked/unavailable by chapter 7,,,,,,,,,,,,,,,,,,,,,,,,,,,,,,,
43842885,,,,,,,,,,,,,,,,,,,,,,,,,,,,,,,,,,,,,,,,,Self-select 10-pull opens to a single generic pool; selectable pool missing
43834221,,,,,,,,,,,,,,,,,,,,,,,,,,,,,,,,,,,,,,,,,
43805509,,,,,,,,,,,,,,,,,,,,,,,,,,,,,,,,,,,,,,,,,Banner advertised 40% rate-up but lost off-banner 10 times; very poor gacha experience
43800084,,,,,,,,,,,,,,,,,,,,,,,True,"Has pity but can lose rate-up, so targeting a unit may take 200+ pulls",,,,,,,,,,,,,,,,,
43787756,,,,,,,,,,,,,,,,,,,,,,,True,Large pity is 120 pulls,,,,,,,,,,,,,,,,,
38368006,,,,-1.0,Gameplay is weak; better as a side game,,,,,,,,,,,,,,,,,,,,,,,,,,,,,,,,,,,,
43770247,,,,,,,,,,,,,,,,,,,,,,,,,,,,,,,,,,,,,,,,,Requests PC client (global is on Steam)
43768839,,,,,,,,,,,,,,,,,,,,,,,,,,,,,-2.0,Frequent prompts to spend,-2.0,No free 10-pull and little welfare,,,,,,,,,
43747295,,,,,,,,,,,,,,,,,,,,,,,,,,,,,,,,,,,,,,,,,Poor optimization; stutters on every tap
43745738,,,,,,,,,-2.0,Guide points to a self-select banner that isn’t available after chapter 3,,,,,,,,,,,,,,,,,,,,,,,,,,,,,,,
43743077,,,,-2.0,Combat is very boring,,,,-2.0,Progression is extremely grindy: many dupes + exclusive weapon/gear; story is shallow,,,,,,,,,,,,,,,,,,,,,,,,,,,,,,,Requires 10 dupes per character plus exclusive weapon and artifact grind; recommends avoiding
43742385,True,Sexual/erotic character art is a draw but access to related banners is locked,,,,,,,-2.0,Forced progression; rewards and banners locked until reaching certain chapters,,,,,,,,,,,,,,,,,,,,,,,,,,,,,,,Forced main story; 10-pull only visible after long progress
43737346,,,,,,,,,,,,,,,,,,,,,,,,,,,,,,,,,,,,,,,,,Self-select banner and reward missing; no items in inventory
43727819,,,,,,,,,,,,,,,,,,,,,,,,,,,,,,,,,,,,,,,,,Cannot enter game after reinstalling
43713175,,,,,,,,,,,,,,,,,,,,,,,,,,,,,,,,,,,,,,,,,"After early luck, got extreme off-banners"
43712748,,,,,,,,,-2.0,Many features and rewards gated by level and chapters,-2.0,"SR/R units are vastly weaker than SSR/UR (huge stat gap), making lower rarities useless",,,,,,,,,,,True,Early game pity is 50 for an SSR; UR banners unlock at level 20; seven 'self-select' 10-pulls become choosable only after chapter 7,,,,,-2.0,Marriage skin requires 128 RMB direct purchase; heavy monetization across systems,,,,,,,,,,,Misleading new-player rewards and banner unlocks; frequent off-banners; feels like a cash-grab
43702728,,,Frontline tank with backline DPS; minimal synergy required,-1.0,Repetitive stage farming; low playability,Stat stacking; UR/new units dominate; little need for combos,-1.0,Lineups rarely require strategy; most players use a few units,-1.0,Progression revolves around repetitive grind and events,-1.0,UR and paid units stronger than SSR; power creep on new releases,-1.0,Most players run the same characters; little roster variety,,,,,,,,,True,New units typically obtained around 60 pulls (small pity),,,,,-1.0,To rank you need to spend; monetization is visible throughout,1.0,Resources are decent; F2P can save crystals,,,,,,,,,
43693071,,,,,,,,,,,,,,,,,,,,,,,,,,,,,,,,,,,,,,,,,
43692761,,,,,,,,,-2.0,Newbie tutorial is long and has no speed-up,,,,,,,,,,,,,,,,,,,,,,,,,,,,,,,
43692282,,,,,,,,,,,,,,,,,,,,,,,,,,,,,,,,,,,,,,,,,
43690700,,,,,,,,,,,,,,,,,,,,,,,,,,,,,,,,,,,,,,,,,Account disappeared
43681657,,,,,,,,,,,,,,,,,,,,,,,,,,,,,,,-1.0,Hard to accumulate diamonds and stamina drains quickly,,,,,,,,,Back button is laggy; often only gets SSR at pity
43679058,,,Power-check gameplay: if your power overwhelms stages you auto-win; little else to do,-2.0,Outside of dungeons there’s little content; arena is whale-dominated; lag issues,,,,-2.0,Unlocks are level-gated; takes ~9 days to unlock full systems and banners may end before that,,,,,,,,,,,,,,,,,,,-2.0,2–3 UR rate-ups per month; cannot collect without spending and level caps still block progress,,,,,,,,,,,Severe stutter when entering gacha or returning home
43674892,,,,,,,,,,,,,,,,,,,,,,,,,,,,,,,,,,,,,-2.0,Very large install (several GB of data),,,Extremely boring
43672049,,,,,,,,,,,,,,,Dorm/home system with room upgrades and various activities,False,1.0,Dorm upgrades and activities are straightforward and fun though a bit grindy,,,,,,,,,,,,,,,,,,,,,,,
43671387,,,,,,,,,,,,,,,,,,,,,,,,,,,,,,,,,,,,,-2.0,Game size feels very large,,,
43670292,True,Sexualized art and marriage/contract skins,Auto-battle that feels chaotic; UR stat-check dominates,-2.0,URs overwhelm others; combat lacks depth,,,,,,-2.0,UR baseline stats create a big gap regardless of skills,,,,,,,,,,,,,,,,,-2.0,Final event rewards often require payment; must buy stamina to keep pace; 128 RMB direct-purchase marriage skin,,,,,,,,,,,"Poor optimization (stutters when returning home); messy, unengaging story"
43665496,,,,,,,,,,,,,,,,,,,,,,,,,,,,,,,,,,,,,,,,,Gift code redemption appears missing
43658857,,,,,,,,,,,,,,,,,,,,,,,,,,,,,-2.0,Consecutive UR banners create heavy spending pressure; advises pure F2P,-2.0,Resource income is low while UR banners launch back-to-back,,,,,,,,,Frequent stutters on multiple devices
43654094,,,,,,,,,,,,,,,,,,,,,,,,,,,,,,,,,,,,,,,,,One 10-pull yielded two URs (lucky outcome)
43648571,,,,,,,,,,,,,,,,,,,,,,,True,Rate-up typically arrives around 110–120 pulls,,,,,,,,,,,,,,,,,Story requires manual skipping; server lag present
43647370,,,,,,,,,,,,,,,,,,,,,,,,,,,,,,,,,,,,,,,,,Strong appeal to otaku via artwork; gameplay is standard card-battler
43645361,,,,,,,,,,,,,,,,,,,,,,,,,,,,,,,,,,,,,,,,,Accused of being a reskin of 少年三国志2
43644774,,,,,,,,,,,,,,,,,,,,,,,,,,,,,,,,,,,,,,,,,Forced to watch a low-quality opening animation
43642180,,,,,,,,,,,,,,,,,,,,,,,,,,,,,,,,,,,,,,,,,"After chapter 3, 10-pull entry goes to wrong page; reward missing"
43631056,,,,,,,,,-2.0,Cleared chapter 4 but still no 10-pull; only one banner available—feels like a bug,,,,,,,,,,,,,,,,,,,,,,,,,,,,,,,Missing 10-pull reward
43630634,,,,,,,,,,,,,,,,,,,,,,,,,,,,,,,,,,,,,,,,,Feels unfinished and cash-grabby; very poor experience
43326334,True,Perceived as an 'adult/eroge' type game (sexual content),,,,,,,,,,,,,,,,,,,,,,,,,,,,,1.0,Not very grindy and plenty of welfare,,,,,,,,,
43627543,,,,,,,,,,,,,,,,,,,,,,,,,,,,,,,,,,,,,,,,,
43626277,,,,,,,,,,,,,,,,,,,,,,,,,,,,,,,,,,,,,,,-2.0,In-game resource pack download speed is extremely slow (progress updates roughly once per minute),
43626064,,,,,,,,,-1.0,Leveling feels slow; suggests increasing stage EXP,,,,,,,,,,,,,,,,,,,,,-1.0,"Asks for more welfare and freebies (e.g., New Year 10-pull)",,,,,,,,,Requests raising on-banner hit chance to 50%
43625674,,,,,,,,,,,,,,,,,,,,,,,,,,,,,,,,,,,,,,,,,Very low quality overall; only the art looks good
43623296,,,,,,,,,,,,,,,,,,,,,,,,,,,1.0,Reports good experience playing without paying if progressing steadily,,,,,,,,,,,,,
43619094,,,,,,,,,,,,,,,,,,,,,,,,,,,,,,,-2.0,Welfare extremely low; rates are stingy; can't reach small pity during newbie phase,,,,,,,,,
43619162,,,,,,,,,,,,,,,,,,,,,,,,,,,,,,,,,,,,,,,,,Previous account missing
43615236,True,Fanservice toned down; art style feels too youthful; not 'lewd' enough,,,,,,,,,,,,,,,,,,,,,,,,,,,,,,,,,,,,,,,Gameplay similar to 三国志幻想大陆
43611646,,,,,,,,,,,,,,,,,,,,,,,,,,,,,,,,,,,,,,,,,Claims misleading promo about self-select 10-pull after chapter 7/8; couldn't find it; 6 RMB first top-up wasted
43609544,,,,,,,,,,,,,,,,,,,,,,,,,,,,,,,,,,,,,,,,,
43604728,,,,,,,,,,,,,,,,,,,,,,,,,,,,,,,,,,,,,,,,,
43595776,,,,,,,,,,,,,,,,,,,,,,,,,,,-2.0,Newbie banner requires payment to pull,-2.0,Early gacha access is pay-gated,,,,,,,,,,,
43593481,,,,,,,,,,,,,,,,,,,,,,,,,,,,,,,,,,,,,,,,,"UP rate claims (e.g., 80% with 60 minimum) still led to repeated off-banners; advises not to play unless spending heavily"
43565419,,,,,,,,,,,,,,,,,,,,,,,,,,,,,,,,,,,,,,,,,"Multiple bugs: event page freezes, cannot enter events, battle black screens"
43556593,,,,,,,,,,,,,,,,,,,,,,,,,,,,,,,,,,,,,,,,,"Weapon pool seems heavily off-banner (e.g., 6 of 8 pulls off-banner)"
43548712,,,,,,,,,,,,,,,,,,,,,,,,,,,,,,,,,,,,,,,,,Feels like 少年三国志2
43544908,,,,,,,,,,,,,,,,,,,,,,,,,,,,,,,,,,,,,,,,,"Questioning uneven compensation rules for the 'ancient relic' pool (some got 3 pulls, others 280–400)"
38054148,,,,,,,,,,,,,,,,,,,,,,,,,,,,,-2.0,Lower draw rates than beta and poor value in consecutive top-ups; small spenders not worthwhile,,,,,,,,,,,
43543401,,,,,,,,,,,,,,,,,,,,,,,,,,,,,,,,,,,,,,,,,
43538963,,,,,,,,,,,,,,,,,,,,,,,,,,,,,,,,,,,,,,,,,Not fun
43528790,,,,,,,,,,,,,,,,,,,,,,,True,Pity around 120 exists but you can lose rate-up multiple times,,,,,,,,,,,,,,,,,Gacha mechanism frustrating (lost rate-up twice in ~120 pulls)
43521047,,,,,,,,,,,,,,,,,,,,,,,,,,,,,,,,,,,,,,,,,Always hitting pity; very unlucky
43513591,,,,,,,,,,,,,,,,,,,,,,,,,,,,,,,,,,,,,,,,,Requests rerun of 'Dainimocha'
43494048,,,,,,,,,,,,,,,,,,,,,,,,,,,,,,,,,,,,,,,,,Previous account data lost; refuses to restart
43479328,,,,,,,,,,,,,,,,,,,,,,,,,,,,,,,,,,,,,,,,,Cannot find self-select 10-pull
43475514,True,JP version is a fanservice/'sell meat' title; CN version is sanitized,,,,,,,,,,,,,,,,,,,,,,,,,,,,,,,,,,,,,,,
43474288,,,,,,,,,,,,,,,,,,,,,,,,,,,,,,,,,,,,,,,,,
43462168,,,,,,,,,,,,,,,,,,,,,,,,,,,,,,,,,,,,,,,,,
43452458,,,,-1.0,Gameplay is boring and often hits pity,,,,,,,,,,,,,,,,,,,,,,,,,,1.0,Welfare feels okay,,,,,,,,,
43324785,True,Highly sexualized characters,AI auto-battle,-1.0,Gameplay is a bit single/monotonous,,,,,,,,,,,,,,,,,,True,Small pity at 60 pulls,,,,,,,,,,,,,,,,,Skins worth buying but bundles have low value
43304265,,,,,,,,,,,,,,,,,,,,,,,,,,,,,,,,,,,,,,,,,
43263486,,,,,,,,,,,,,,,,,,,,,,,,,,,,,,,,,,,,,,,,,
43242644,,,,,,,,,,,,,,,,,,,,,,,,,,,,,,,,,,,,,,,,,Main appeal is character looks
43224000,True,Strong erotic/fanservice focus,,,,,,,,,,,,,,,,,,,,,,,,,,,,,-2.0,Low welfare and very off-banner; not recommended for unlucky players,,,,,,,,,
43191770,,,,,,,,,,,,,,,,,,,,,,,,,,,,,,,,,,,,,,,,,Cannot claim chapter rewards (10-pull and self-select 10-pull)
43189614,,,,,,,,,,,,,,,,,,,,,,,,,,,,,,,,,,,,,,,,,Huawei devices: entering others' home or event stages causes crashes; requests optimization
43140527,,,Cinematic ultimate skill animations,1.0,Ultimate animations are well-made,,,,,,,,,,,,,,,,,,,,,,,,,,,,,,,,,,,,
43128060,,,,,,,,,-2.0,Gets grindier and less rewarding; combat power barely increases without draws; worsens after chapter 40,,,,,,,,,,,,,,,,,,,,,,,,,,,,,,,
43126415,,,,,,,,,,,,,,,,,,,,,,,,,,,0.0,"Spendy game overall, but F2P can still play casually",,,,,,,,,,,,,
43123756,,,,,,,,,-1.0,Newbies need a long time to unlock all content,,,,,,,,,,,,,,,,,,,,,,,,,,,,,,,
43118726,,,,,,,,,,,,,,,,,,,,,,,,,,,,,,,,,,,,,,,,,Limited banner missing
43111347,,,,,,,,,,,,,,,,,,,,,,,,,,,,,,,,,,,,,,,,,Previous account cannot be recovered
43098550,,,,,,,,,-2.0,Very long forced newbie sequence,,,,,,,,,,,,,,,,,,,,,-2.0,Welfare is lacking,,,,,,,,,Lag even during basic attacks; feels like time-wasting to push spending
43091198,,,,,,,,,-2.0,Tutorial is long,,,,,,,,,,,,,,,,,,,,,-2.0,Newbie welfare is too little,,,,,,,,,
43077958,,,,,,,,,-2.0,"UP banner remains locked at higher level and the selectable 10-pull is missing even at Chapter 8, Level 18.",,,,,,,,,,,,,,,,,,,,,,,,,,,,,,,Selectable 10-pull/pool appears swallowed; unclear UP unlock conditions.
43067257,,,,,,,,,-1.0,Selectable 10-pull ticket shows but cannot be used.,,,,,,,,,,,,,,,,,,,,,,,,,,,,,,,Self-select 10-pull unusable.
43054391,,,,,,,,,2.0,New players progress very fast.,,,,,,,,,,,,,,,,,,,,,,,,,,,,,,,
43046792,,,,,,,,,,,,,,,,,,,,,,,,,,,-2.0,F2P experience described as extremely poor.,-2.0,Implied heavy paywall to enjoy the game.,,,,,,,,,,,
43036209,,,,,,,,,-2.0,Promised selectable 10-pull and skins disappeared; only a bot gacha pool remains.,,,,,,,,,,,,,,,,,,,,,,,,,,,,,,,Only 'bot' gacha pool available after relog; rewards/skins missing.
43006274,,,,,,,,,,,,,,,,,,,,,,,,,,,,,,,-1.0,Free skins have restrictions and gacha feels unrewarding.,,,,,,,,,Complaints about roster theme and poor gacha outcomes.
43002299,,,Auto-battle with ult animations each round; capped at 3x speed; ult cutscenes cannot be skipped.,-1.0,Combat feels slow and repetitive due to unskippable ult animations.,,,,,,,,,,,,,,,,,,,,,,,,-2.0,Home screen is filled with monetization prompts creating heavy pressure.,-1.0,Rewards feel stingy.,,,,,,,-1.0,"Multiple updates during first session, including after the tutorial.","Long, pushy tutorial and a reskin feel."
42998424,,,Idle/auto combat with an option to buy permanent battle speed-up.,0.0,Bought speed-up due to slow pacing; otherwise acceptable.,Team level inheritance when swapping units; star/dupe system tied to skill levels; exclusive weapons; 4-slot artifact/relic system with rarities.,1.0,Layered progression and gear systems add planning depth.,1.0,Early chapters (to Chapter 10) were smooth with an SSR team.,-1.0,Rarity gaps are obvious; SSR swap made stages much easier than SR.,,,,,,,,,,,,,,,1.0,Playable without paying; small purchases are optional.,0.0,Monetization exists but isn't mandatory early.,0.0,Activities and chapter rewards are present but not abundant.,,,,,,,,,Permanent battle speed is paywalled; event relic supply is very limited.
42995894,,,,,,,,,,,,,,,,,,,,,,,,,,,,,,,,,,,,,,,,,
42993026,,,,,,,,,,,,,,,,,,,,,,,,,,,,,,,,,,,,,,,,,Character art is attractive.
42991421,,,,,,,,,,,,,,,,,,,,,,,,,,,,,,,,,,,,,,,,,Only Japanese language available.
42991193,,,,,,,,,-1.0,Selectable 10-pull claim gated to Chapter 20 and diamonds are scarce.,-2.0,"New URs are vastly stronger than lower tiers (4–5x), breaking balance across units/gear/relics.",,,,,,,,,,,,,,,,,-2.0,"Skins priced exorbitantly (e.g., 198 RMB needing around 24,000 gems).",-2.0,Diamond income is very stingy; long grind to afford cosmetics.,,,,,,,,,No male characters; story seen as mediocre.
42987091,,,,,,,,,,,,,,,,,,,,,,,True,Character gacha cited as 60-pull soft pity and 120-pull hard pity; separate relic gacha afterward.,,,,,-2.0,Back-to-back high-rarity releases plus separate relic gacha create heavy spend pressure.,,,,,,,,,,,Anniversary perceived as a cash grab.
42984559,,,,,,,,,-1.0,Selectable 10-pull cannot be used.,,,,,,,,,,,,,,,,,,,,,,,,,,,,,,,Self-select 10-pull unusable.
42983880,True,Sexualized/fanservice-heavy character art and skins.,,,,,,,-2.0,"Long, repetitive stages with selectable 10-pulls gated to very late chapters; stamina is stingy.",,,,,,,,,,,,,,,,,,,-2.0,Aggressive monetization after tutorial; paid beginner banner (328 RMB).,-2.0,Very stingy stamina and freebies.,,,,,,,,,Skins showcased but unattainable; energy constraints; beginner banner requires purchase.
42971072,,,Idle/AFK battler.,-1.0,Described as boring.,,,,-1.0,Resources become hard to obtain later.,,,,,,,,,,,,,,,,,,,,,-1.0,Late-game resource income is low.,,,,,,,,,
42969186,,,,,,,,,-1.0,Growth is difficult with low playability.,,,,,,,,,,,,,,,,,,,,,-2.0,Resource acquisition is difficult.,,,,,,,,,
42959586,,,,,,,,,,,,,,,,,,,,,,,,,,,,,,,,,,,,,,,,,
42924570,,,,,,,,,,,-1.0,UR tier and new UR gear reset previous investments; older spenders are devalued.,,,,,,,,,,,,,,,,,-1.0,UR units/gear and impending UR skins increase pressure.,,,,,,,,,,,SSR era was healthier; UR era introduces power resets.
42924229,,,,,,,,,-2.0,Progression heavily stuck by resources.,,,,,,,,,,,,,,,,,,,-2.0,Full of pay points; strongly pay-to-win.,-2.0,Daily resources feel like none.,,,,,,,,,Art good but unit vs relic art styles feel dissonant.
42913686,,,,,,,,,,,,,,,,,,,,,,,,,,,,,,,,,,,,,,,-2.0,Forced long tutorial followed by another update discouraged play.,Heavy forced tutorial.
42913302,,,,,,,,,,,,,,,,,,,,,,,,,,,,,,,,,,,,,,,,,
42910576,,,,,,,,,,,,,,,,,,,,,,,,,,,,,,,-1.0,Requests more freebies.,,,,,,,,,
42895868,,,,,,,,,,,,,,,,,,,,,,,True,Has a pity/guarantee system on gacha.,,,,,,,1.0,Perceived as many benefits/freebies.,,,,,,,,,
42895190,,,,,,,,,-1.0,Late game becomes boring and resource-starved.,,,,,,,,,,,,,,,,,,,,,-1.0,Resources are scarce later.,,,,,,,,,
42894817,,,,,,,,,,,,,,,,,,,,,,,,,,,,,,,,,,,,,,,,,
42863143,,,,,,,,,,,,,,,,,,,,,,,,,,,,,,,,,,,,,,,,,Unclear purpose of 'Resonance card pack' item.
42856491,,,,,,,,,,,,,,,,,,,,,,,,,,,,,,,,,,,,,,,-1.0,TapTap build outdated causing version mismatch.,Cannot get latest version through TapTap.
42853546,,,Auto-battle with up to 3x speed and no skip; long forced guidance.,-2.0,Combat feels childish and sluggish; unskippable flow.,,,,-2.0,Selectable 10-pull teased at Chapter 3 but claim locked until Chapter 10.,,,,,,,,,,,,,,,,,,,,,,,,,,,,,,,Strong dislike toward Yoozoo titles due to gating.
42830525,,,,,,,,,,,,,,,,,,,,,,,,,,,,,,,,,,,,,,,-2.0,Stuck on a game screen when returning.,Cannot progress past a screen.
42826235,,,,,,,,,,,,,,,,,,,,,,,,,,,,,,,,,,,,,-2.0,Large downloads (~6 GB) just to try the game.,-2.0,Unable to enter after heavy download.,
42824550,,,,,,,,,,,,,,,,,,,,,,,,,,,,,,,,,,,,,,,,,Newbie cannot open gacha and is looped into check-ins; unplayable state.
42823132,,,,,,,,,,,,,,,,,,,,,,,,,,,,,,,,,,,,,,,-2.0,Loads hang at the same step for a long time across attempts.,Severe loading/engine issues prevent entry.
42822623,,,,,,,,,,,,,,,,,,,,,,,,,,,,,,,,,,,,,,,-2.0,Progress bar stuck; cannot enter.,
42822384,,,,,,,,,,,,,,,,,,,,,,,,,,,,,,,,,,,,,-1.0,Additional 2+ GB resource packs post-install.,-2.0,Stuck on the same screen even after reinstall.,
42821950,,,,,,,,,,,,,,,,,,,,,,,,,,,,,,,,,,,,,,,-2.0,Cannot update.,
42821640,,,,,,,,,,,,,,,,,,,,,,,,,,,,,,,,,,,,,,,-2.0,Frequent crashes; opening notices triggers crash.,Stability issues on day two.
42820242,,,,,,,,,-1.0,Selectable 10-pull missing after reaching Chapter 5.,,,,,,,,,,,,,,,,,,,,,,,,,,,,,,,Missing promised gacha reward.
42815338,,,,,,,,,-1.0,Selectable 10-pull locked to Level 30 while story clear gives only around Level 16.,,,,,,,,,,,,,,,,,,,,,,,,,,,,,,,Level requirement misaligned with story pacing.
42814141,,,,,,,,,,,,,,,,,,,,,,,,,,,,,,,,,,,,,-1.0,Game size is large.,,,
42813285,,,,,,,,,-1.0,"Forced, unskippable tutorial; chat locked until Level 10 and after Chapter 5.",,,,,,,,,,,,,,,,,,,-2.0,Monetization ads everywhere including coupon prompts.,,,,,,,,,,,Selectable 10-pull feels worthless; chat heavily gated.
42809745,,,,,,,,,-1.0,Lost guidance after relog and got stuck; needs strong (likely paid) characters to pass.,,,,,,,,,,,,,,,,,,,-2.0,Implied need to pay for strong characters to progress.,,,,,,,,,,,
42808648,,,,,,,,,,,,,,,,,,,,,,,,,,,,,,,,,,,,,,,,,Selectable 10-pull not present.
42807881,,,,,,,,,,,,,,,,,,,,,,,,,,,,,,,,,,,,,,,,,Only the illustrations are appealing; gameplay lacks value.
42806972,,,,,,,,,,,,,,,,,,,,,,,,,,,,,,,,,,,,,,,,,Japanese-only language; poor graphics; not fun.
42805533,,,,,,,,,,,,,,,,,,,,,,,,,,,,,,,,,,,,,,,,,Story is rich and characters look good.
42803320,,,,,,,,,,,,,,,,,,,,,,,,,,,,,,,,,,,,,,,,,Overall drop rates feel high.
42775668,True,Sexual content/fanservice focus; desire for uncensored lewd content.,,,,,,,-1.0,Gacha is locked by level.,,,,,,,,,,,,,,,,,,,-2.0,Monetization popups and pay entrances everywhere.,,,,,,,,,,,Says the game relies on art; recommends another title for lewd content.
42799147,,,,,,,,,,,,,,,,,,,,,,,,,,,,,,,,,,,,,,,,,
42798440,,,Simple auto battler with small figures fighting.,-1.0,Gameplay is generic; art only average.,,,,,,,,,,,,,,,,,,,,,,,,,,,,,,,,,,,,
42796730,,,,,,,,,,,,,,,,,,,,,,,,,,,,,,,1.0,Welfare considered decent.,,,,,,,,,
42790155,,,,,,,,,,,,,,,,,,,,,,,,,,,,,,,,,,,,,,,-2.0,Very long update process; stuck in new player mission afterward.,
42787209,,,,,,,,,,,,,,,,,,,,,-1.0,Post-update encounter took more turns without announcement.,,,,,,,,,,,,,,,,,,,Stealth changes to combat pacing.
42786922,,,,,,,,,,,,,,,,,,,,,,,,,,,,,,,,,,,,,,,,,Newbie tutorial takes about half an hour.
42786834,,,Very low damage output even with speed-up; early battles drag.,-2.0,Prologue feels like scratching and then the game gets stuck.,,,,,,,,,,,,,,,,,,,,,,,,,,,,,,,,,,-2.0,Stuck on a screen after slow combat.,
42786339,,,,,,,,,,,,,,,,,,,,,,,,,,,1.0,"As a single-player/waifu collector, you can skip spending and play casually.",1.0,Many pay points but not mandatory for chill play.,,,,,,,,,,,
42785590,,,,,,,,,,,,,,,,,,,,,,,,,,,,,,,,,,,,,,,,,Customer support hostile and kicks players for mild questions.
42775843,,,,,,,,,,,,,,,,,,,,,-1.0,Anniversary recharge event poorly executed.,,,,,,,-2.0,Perceived blatant cash grab for anniversary.,,,,,,,,,,,
42774451,,,,,,,,,,,,,,,,,,,,,,,,,,,,,,,,,,,,,,,,,Asks how often new servers open.
42758237,,,,,,,,,,,-1.0,UR units introduced while SSR universal shards have limited exchange options.,,,,,,,,,,,,,,,,,,,,,,,,,,,,,SSR shard exchange is restricted.
42753416,,,,,,,,,-1.0,"Other banners locked until very high level (e.g., Level 30) due to a bug.",,,,,,,,,,,,,,,,,,,,,,,,,,,,,,,Censorship present; starter resources consumed before banners unlock.
42748937,,,,,,,,,-1.0,"Told Chapter 3 self-select 10-pull, but claim only after Chapter 7.",,,,,,,,,,,,,,,,,,,,,,,,,,,,,,,Deceptive reward timing for selectable 10-pull.
42731755,,,,,,,,,,,,,,,,,,,,,,,,,,,-1.0,High strength tied to spending; many daily recharge offers.,-2.0,Heavy monetization; monthly card good value but overall pressure high.,,,,,,,,,,,Skins pricier than peers and less erotic.
42723217,,,,,,,,,,,,,,,,,,,,,,,,,,,,,,,,,,,,,,,,,
42719536,,,,,,,,,-2.0,"Progress is tightly gated by level, stamina, and chapter milestones; banners locked until Level 30.",,,,,,,,,,,,,True,3% base SSR; 50-pull soft pity with frequent off-rate; 200-pull hard pity for the featured unit.,,,,,-2.0,Aggressive gating and high pity thresholds push spending.,-1.0,Stamina/resources are very stingy.,,,,,,,,,Very few guilds per server.
42690791,,,,,,,,,,,,,,,,,,,,,,,,,,,,,,,-1.0,Returnee rewards feel negligible.,,,,,,,,,Marriage/vow system added; feels expensive.
42667799,,,,,,,,,-1.0,Progression is level-gated.,,,,,,,,,,,,,,,,,,,,,,,,,,,,,,,
42419858,,,"Slow, low-damage 'mutual chip' battles.",-2.0,Combat feels grindy and unsatisfying.,,,,,,,,,,,,,,,,,,,,,,,,-2.0,Recharge prompts are in your face.,,,,,,,,,,,Does not support small-window play.
42665930,,,,,,,,,,,,,,,,,,,,,,,,,,,-2.0,Heavily pay-dependent to play; otherwise unplayable.,-2.0,Very high spending pressure.,-2.0,Operations/welfare rated very poor.,,,,,,,,,
42665858,,,,,,,,,,,-2.0,New 0-star cards massively overpower old max-star cards; clear power creep.,,,,,,,,,1.0,"Very frequent new unit releases (weekly), albeit causing power creep.",,,,,,,-2.0,"If you spend, you must spend heavily to keep up.",-2.0,Event welfare poor; a month of saving not enough for one SSR.,,,,,,,,,
42664732,,,,,,,,,,,,,,,,,,,,,,,,,,,,,,,,,,,,,,,,,Warns not to be fooled by daily free 10-pulls; gameplay boring despite nice art.
42663063,True,Sexual content focus; marketed toward male players.,,,,,,,,,,,,,,,,,,,,,,,,,,,,,,,,,,,,,,,Not recommended for story; geared toward fanservice.
42660804,,,,,,,,,,,,,,,,,,,,,,,,,,,,,,,,,,,,,,,,,Requests QQ login; only phone/guest available.
42322755,,,,,,,,,,,,,,,,,,,,,,,,,,,,,,,,,,,,,,,,,Casual-friendly; characters are appealing.
42644911,,,,,,,,,,,,,,,,,,,,,-2.0,Version and banners not updated; features locked; some characters censored.,,,,,,,,,,,,,,,,,,,Feels like the game was abandoned.
42631663,,,,,,,,,,,,,,,,,,,,,,,True,Character banner 50 soft pity and 200 hard pity; 40% chance to hit rate-up; weapon banner 30 soft pity.,,,,,-2.0,Gem sinks everywhere; constant popups and recharge pages.,0.0,Welfare decent but undermined by gem demand.,,,,,,,,,Daily free 10-pull has a very low SSR chance.
42585640,,,,,,,,,,,,,,,,,,,,,,,,,,,,,,,,,,,,,,,,,Poor account security (no device view or gacha logs); unhelpful support.
42580927,,,,,,,,,,,,,,,,,,,,,,,,,,,,,-2.0,Many monetization points; gacha often off-rate.,,,,,,,,,,,
38072059,,,,,,,,,,,,,,,,,,,,,,,,,,,,,,,-1.0,Needs more welfare to retain non-spenders; server chat is quiet.,,,,,,,,,Low population with mostly whales active.
42510143,,,,,,,,,-2.0,Repeatedly misled about selectable 10-pull unlock; stages are tedious and frustrating.,,,,,,,,,,,,,,,,,,,,,,,,,,,,,,,Overcomplicated systems.
42498760,,,,,,,,,,,,,,,,,,,,,,,,,,,,,,,,,,,,,,,,,Early gacha felt exciting with many pulls.
42493927,,,,,,,,,,,,,,,,,,,,,,,,,,,-2.0,Merged-server environment seen as pay-to-win.,,,,,,,,,,,,,
42489682,,,,,,,,,,,,,,,,,,,,,,,True,Small pity stages cited with only 40% chance to hit rate-up across multiple cycles; frequent off-rate; standard banner poor.,,,,,-2.0,Manipulative pity setup leads to repeated off-rate outcomes.,,,,,,,,,,,
41617271,,,,,,,,,,,,,,,,,,,,,,,,,,,,,,,1.0,Welfare becomes generous later though events are simple.,,,,,,,,,
42445989,,,,,,,,,-2.0,Selectable 10-pull promised at multiple chapters but never appears; limited banner and skins also missing.,,,,,,,,,,,,,,,,,,,,,,,,,,,,,,,Numerous bugs around reward/banners; 'shop obtain' unclear.
42440247,,,,,,,,,,,,,,,,,,,,,,,,,,,,,,,,,,,,,,,,,New player lacks access to UP banner and seeks help.
42439251,,,,,,,,,,,-1.0,Severe stat inflation reported.,,,,,,,,,,,,,,,,,,,,,,,,,,,,,Art praised but balance criticized.
42437850,,,,,,,,,,,,,,,,,,,,,,,,,,,,,,,,,,,,,,,,,Poor gacha luck even at/near pity; only minor currency gained.
42413982,,,,,,,,,,,,,,,,,,,,,,,,,,,,,,,,,,,,,,,,,
42413456,,,,,,,,,,,,,,,,,,,,,,,,,,,,,,,,,,,,,,,,,Asks where the 10-pull is.
42394954,,,,,,,,,,,,,,,,,,,,,-2.0,New server plagued by bugs (missing selectable 10-pull UI) without prompt fixes.,,,,,,,,,,,,,,,,,,,Requests official bug fix for missing feature.
42383714,,,,,,,,,-1.0,Pushed to Chapter 13 yet selectable 10-pull still absent.,,,,,,,,,,,,,,,,,,,,,,,,,,,,,,,Selectable 10-pull missing.
42375443,,,,,,,,,,,,,,,,,,,,,,,,,,,,,,,-1.0,Complains that promised gifts/free pulls are not actually given,,,,,,,,,
42367661,,,,,,,,,,,,,,,,,,,,,,,,,,,,,,,1.0,Gacha experience feels good and resources feel sufficient even with intermittent play,,,,,,,,,
42360081,,,,,,,,,,,,,,,,,,,,,,,,,,,,,,,,,,,,,,,,,Poor onboarding; couldn't find the self-select ten-pull after unlocking it
42348893,,,,,,,,,,,,,,,,,,,,,,,,,,,,,-2.0,Perceives the game as aggressively monetized ('money-grab'),,,,,,,,,,,
42343249,,,,,,,,,,,,,,,,,,,,,,,,,,,,,,,,,,,,,,,,,Overlong tutorial and low gacha drop rates
42337063,,,,,,,,,-2.0,"Claims near-zero gameplay, fake-looking welfare, late-game has very few pulls, cross-server power comparison dominated by whales",,,,,,,,,,,,,True,Reports a pity as high as 250 pulls; small pity at 50 but UP can miss up to 4 times,-2.0,Very high pity and frequent off-banner results feel unreasonable,-2.0,Cross-server rankings and competitions are dominated by heavy spenders,-2.0,Aggressive monetization and welfare presented as a bait,-2.0,Welfare called a 'facade'; very few pulls later on,,,,,,,,,Battle skip behavior inconsistent; confusing story; dead chat
42334055,,,,,,,,,,,,,,,,,,,,,,,,,,,,,,,,,,,,,,,,,"Accuses the game of plagiarism (e.g., borrowing 'Resonator' term and wedding dress visuals) from another title"
42310485,,,,,,,,,,,,,,,,,,,,,,,,,,,,,,,,,,,,,,,,,Account/data lost after returning to the game
42303292,,,,,,,,,,,,,,,,,,,,,,,,,,,,,,,,,,,,,,,,,Cannot find the self-select ten-pull banner even after finishing Chapter 8
42301282,,,,,,,,,,,,,,,,,,,,,,,,,,,,,,,,,,,,,,,,,
42293458,,,,,,,,,,,,,,,,,,,,,,,,,,,,,,,,,,,,,,,,,Self-select ten-pull never appears even after reaching Chapter 17
42293383,,,,,,,,,,,,,,,,,,,,,,,,,,,,,,,,,,,,,,,,,Cannot find the self-select ten-pull banner by Chapter 7
42289935,,,,,,,,,-1.0,Early game feels like 'jail' with worse experience; gets better later,,,,,,,,,,,,,,,,,,,,,,,,,,,,,,,
42287263,,,,,,,,,,,,,,,,,,,,,,,,,,,,,,,,,,,,,,,,,Self-select and event banners are missing
42278495,,,,,,,,,,,,,,,,,,,,,,,,,,,,,,,,,,,,,,,,,At level 22 only the standard banner is visible
42275524,,,,,,,,,-1.0,"Banners and events only unlock at level 30, even on the TapTap build",,,,,,,,,,,,,,,,,,,,,,,,,,,,,,,Core banners/features gated until level 30
42268790,,,,,,,,,,,,,,,,,,,,,,,,,,,,,,,,,,,,,,,,,No self-select 5-star banner visible; only standard pool
42267222,,,,,,,,,,,,,,,,,,,,,,,,,,,,,,,,,,,,,,,,,Banner issue: only standard pool shows; self-select and event banners disappeared
42254120,,,,,,,,,,,,,,,,,,,,,1.0,Frequent activities/events,,,,,,,,,1.0,Welfare is okay and there are many events,,,,,,,,,
42246117,,,,,,,,,,,,,,,,,,,,,,,True,Reports 200-pull pity for a base copy; multiple copies needed to raise star levels,-2.0,"Very high acquisition cost (e.g., 400 pulls for 1 star) and extreme variance",,,-2.0,Feels pity exists only due to regulation; experience feels punishing,,,,,,,,,,,
42237787,,,,,,,,,,,,,,,,,,,,,,,,,,,,,,,,,,,,,,,,,
42237435,,,,,,,,,,,,,,,,,,,,,,,,,,,,,,,,,,,,,,,,,
42233644,True,Sexual content; censored with 'holy light' on character art,,,,,,,,,,,,,,,,,,,,,,,,,,,,,,,,,,,,,,,
42231127,,,,-1.0,Ultimate skill effects cause heavy screen 'light pollution' and eye strain,,,,-1.0,Stamina runs out quickly; only a couple of material runs before energy is depleted,,,,,,,,,,,,,,,,,,,,,,,,,,,,,,,Severe visual effects cause discomfort
42217308,,,,,,,,,-2.0,Very low perceived playability due to forced story progression and intrusive guided clicks,,,,,,,,,,,,,,,,,,,,,,,,,,,,,,,
42210470,,,,,,,,,-1.0,New player tutorial is too long with little interactivity,,,,,,,,,,,,,,,,,,,,,,,,,,,,,,,
42204261,,,,,,,,,,,,,,,,,,,,,,,,,,,,,,,,,,,,,,,,,Graphics appear blurry
42200364,,,,,,,,,-1.0,Self-select ten-pull is forced at Chapter 3 and only claimable at Chapter 7; feels overly controlled,,,,,,,,,,,,,,,,,,,,,,,,,,,,,,,Feature unlocks gated by chapters
42194643,,,,,,,,,,,,,,,,,,,,,,,,,,,,,,,,,,,,,,,,,
42191464,,,,,,,,,,,,,,,,,,,,,,,True,Reports 100-pull pity,-1.0,Feels the pity threshold is too high,,,,,,,,,,,,,,,
42188301,,,,,,,,,,,,,,,,,,,,,,,,,,,,,,,,,,,,,,,,,Later chapters lack voice acting though the game remains playable
42179092,,,,,,,,,,,,,,,,,,,,,,,,,,,,,,,-1.0,Welfare disappointing; bad probabilities; unstable client with stutter/crashes,,,,,,,-1.0,Game suffers from stutter and occasional crashes,
42136905,,,Classic turn-based combat,1.0,Enjoys the classic turn-based formula,,,,,,,,,,,,,,,,,,True,200-pull pity; only ~40% chance to hit the UP (commonly off-banner),-1.0,High pity and off-banner chances punish average-luck players,-1.0,Zero-spend players have worse event experience due to battle power requirements,,,1.0,Good early welfare; later relies mainly on event rewards,,,,,,,,,
42117562,,,,,,,,,,,,,,,,,,,,,,,,,,,,,,,,,,,,,,,,,
42116521,,,,,,,,,,,,,,,,,,,,,,,,,,,,,,,-1.0,Diamonds are hard to obtain,,,,,,,,,
42109317,,,,,,,,,,,,,-1.0,"Same-faction buffs restricted to SSRs only, limiting team composition options",Dormitory and leisure space systems with minimal interactions,False,1.0,Secondary loop is simple/monotonous with little innovation,,,,,,,,,,,-1.0,Too many inducive paid bundles,1.0,Welfare is decent but some rewards/features are locked behind story chapters,,,,,,,,,UI art needs optimization; pay bundles excessive; suggests adding character interactions
42108401,,,,,,,,,,,,,,,,,,,,,,,,,,,,,,,,,,,,,,,,,
42082077,,,,,,,,,-1.0,Stamina shortages and progression gates unless paying,,,,,,,,,,,,,,,,,-2.0,Cross-server events favor spenders; even minimum rewards are hard without paying,-2.0,Strong pay-to-win pressure and 'mysterious' probabilities,-2.0,Non-payers get almost no resources,,,,,,,,,Cross-server event matchmaking feels unfair
42079138,,,,,,,,,,,,,,,,,,,,,,,,,,,,,,,,,,,,,,,,,
42078868,,,,,,,,,,,,,,,,,,,,,,,,,,,,,,,,,,,,,,,,,Described as a stitched 'frankenstein' of other games; only artwork praised
42078688,,,,,,,,,-1.0,Very long new player tutorial; says only the illustrations stand out,,,,,,,,,,,,,,,,,,,,,,,,,,,,,,,
42065290,,,,,,,,,,,,,,,,,,,,,,,,,,,,,,,,,,,,,,,,,Asks whether there is a sign-in event
42060840,,,,,,,,,,,,,,,,,,,,,,,True,Frequently hits hard pity,-1.0,"Often only gets gold at pity, implying low effective rates",,,,,,,,,,,,,,,
42019948,,,Turn-based combat using chibi/big-head models,-1.0,Dislikes chibi battle visuals,,,,-2.0,Resources dry up after early chapters; heavy grind; progress tied to events/PVP,,,,,,,,,,,,,True,Limited characters may require ~250 pulls; off-banner is common,-2.0,High pity and frequent off-banner make pulls expensive,-2.0,Zero-spenders have poor experience; micro-spend only average,-2.0,Heavy grind and spending pressure to progress,-1.0,Early welfare okay but later scarce; relies on events and PVP for pull currency,,,,,,,,,Dislikes chibi aesthetic in battle
41999997,,,,,,Daily-reset Abyss mode; skip-locked after a loss; several battles lack skip,,,,,,,,,,,,,,,,,,,,,,,-1.0,"Many monetization points and questionable rates, though still playable",-1.0,Welfare is average; F2P playable but grindy,,,,,,,,,Bug caused softlock/forced exit; slight server stutter; time-consuming due to lack of skip
41992256,,,,,,,,,,,,,,,,,,,,,,,,,,,,,,,,,,,,,,,-1.0,Severe in-game stutter; must push main stages to unlock/earn characters,
41987763,,,,,,,,,,,,,,,,,,,,,,,,,,,,,,,,,,,,,,,,,Account gone after reinstall/login
41973729,,,,,,,,,,,,,,,,,,,,,,,,,,,,,,,,,,,,,,,,,Account missing after returning; had spent money previously
41970685,,,,,,,,,,,,,,,,,,,,,,,,,,,,,-2.0,Feels like you must pay daily to play,,,,,,,,,,,
41969878,,,,,,,,,,,,,,,,,,,,,,,,,,,-2.0,Non-spenders and small spenders struggle to play/enjoy core content,-2.0,Heavy monetization; skins hard to obtain; low gacha rates,,,,,,,,,,,Skin acquisition method criticized
41958383,,,,,,,,,-1.0,Progress feels blocked without very good luck or spending,-2.0,One hero overtuned; small mobs with excessive self-heal; battle power mismatch vs outcomes,,,,,,,,,,,True,Pity exists but still goes off-banner (even at weapon pity); claimed 80% chance feels ineffective,,,,,-1.0,Luck/spending needed to raise power creates pressure,,,,,,,,,,,Misleading 80% probability for exclusive gear; power mismatch despite higher CP
41950942,,,,,,,,,-1.0,Too much waiting/time-gating; even the free ten-pull requires manual unlocking,,,,,,,,,,,,,,,,,,,,,,,,,,,,,,,Feature gating makes progression feel tedious
41908561,,,,,,,,,,,,,,,,,,,,,,,,,,,,,,,-1.0,Rewards are tiny; tasks are tedious; only the art is praised,,,,,,,,,
41869039,,,,,,,,,,,,,,,,,,,,,,,,,,,,,,,,,,,,,,,,,
41860701,,,,,,,,,,,,,,,,,,,,,,,,,,,,,,,,,,,,,,,,,Grindy but praises character and skin modeling quality
41818817,,,,,,,,,-1.0,Story is long and drags,,,,,,,,,,,,,,,-1.0,Low rates and high off-banner likelihood,,,,,,,,,,,,,,,Ten-pull pool lacks good characters
41810169,,,,,,,,,-1.0,Early progression blocked without pulling,,,,,,,,,,,,,,,,,,,-1.0,Feels forced to gacha to pass early chapters; self-select ten-pull is disappointing,,,,,,,,,,,
41803154,,,,,,,,,,,,,,,,,,,,,,,,,,,-2.0,Non-spenders can't really play; mainly a 'wallpaper' game for art,-2.0,Very grindy and pay-heavy design,,,,,,,,,,,
41797086,,,,,,,,,,,,,,,,,,,,,,,,,,,,,-2.0,Claims fake welfare with real cash-grab tactics,-2.0,Welfare described as deceptive,,,,,,,,,
41787929,,,,,,,,,,,-1.0,"In Conquest mode, enemy main character becomes effectively unkillable leading to timeout",,,,,,,,,,,,,,,,,,,,,,,,,,,,,PVP fight stalled beyond round limit due to unkillable opponent
41784309,,,,,,,,,,,,,,,,,,,,,,,,,,,,,-2.0,Passive system locked behind a 128 CNY ring purchase; no diamond option,,,,,,,,,-1.0,Stutter when returning to the main screen on both phone and PC,Requests one-tap claim for achievements; otherwise fine as a side game; skin purchases satisfactory
41783031,,,,,,,,,,,,,,,,,,,,,,,,,,,,,,,-2.0,Promised 'Leviathan' skin on login is no longer given; misleading description,,,,,,,,,
41768646,,,,,,,,,-1.0,Very long newbie tutorial; daily ten-pull locked behind Chapter 4,,,,,,,,,,,,,,,,,,,-2.0,Strong bait-and-switch monetization,,,,,,,,,,,
41739112,,,,,,,,,,,,,,,,,,,,,,,,,,,,,,,-1.0,Previously given Leviathan costume appears to be removed,,,,,,,,,
41724825,,,,,,,,,,,,,,,,,,,,,,,True,Small pity at 50 pulls but UP probability is low; frequent off-banner,-2.0,Repeated off-banner results even after many pulls,,,-2.0,Low UP odds push players toward spending,,,,,,,,,,,
41649441,,,,,,,,,,,,,,,,,,,,,,,,,,,-2.0,Non-spenders get crushed,-2.0,Predatory gacha design,,,,,,,,,,,
41647380,,,Battles use chibi/Q-style models,,,,,,,,,,,,,,,,,,,,,,,,,,,,,,,,,,,,,,Asks about character strength; questions the choice of chibi battle models
41615232,True,"Sexualized character depiction (e.g., Lilith) praised",,,,,,,,,,,,,,,,,,,,,,,,,,,,,,,,,,,,,,,
41586600,True,Lewd artwork/sexualized presentation,Stage combat is essentially idle/auto with minimal interaction,-2.0,Gameplay lacks meaningful interaction and revolves around number growth,,,,,,,,,,,,,,,,,,,,,,,,-2.0,Skins cost 128 CNY without Live2D; heavy pay-to-win number game,,,,,,,,,,,No split-screen or proper floating window support despite being an idle game
41567428,,,,,,,,,,,,,,,,,,,,,,,,,,,,,-2.0,Spent ~2000 CNY in two weeks yet found it not fun,,,,,,,,,,,
41560163,,,,,,,,,,,,,,,,,,,,,,,,,,,-2.0,Zero-spend experience is terrible; only the art is worth screenshotting,-2.0,Overly monetized design,,,,,,,,,,,
41559519,,,,,,,,,,,,,,,,,,,,,1.0,Many events run frequently,True,Reports small pity at 50 and hard pity at 80,,,,,,,-1.0,Later diamond income is meager despite many events,,,,,,,,,
41557829,,,,,,,,,,,,,,,,,,,,,,,,,,,,,-2.0,Marriage/Vow item priced at 128 CNY,,,,,,,,,,,
41553951,,,,,,,,,,,,,,,,,,,,,,,True,Only 40% chance to hit UP; must miss UP four times before a guaranteed UP,-2.0,Punishing off-banner system and low rates,,,-2.0,Extremely aggressive commercialization and shallow event content,-2.0,Very little welfare; some newbie tasks require payment to claim rewards,,,,,,,,,
41501251,,,,,,,,,-1.0,Forced tutorial; free ten-pull locked behind stage progress,,,,,,,,,,,,,,,,,,,,,,,,,,,,,,,
41495055,,,,,,,,,-1.0,"Excessive forced tutorial steps (forced pull, forced upgrade, then forced stage)",,,,,,,,,,,,,,,,,,,,,,,,,,,,,,,
41493165,,,,,,,,,,,-2.0,Power creep: new cards are always the strongest and old ones get abandoned,,,,,,,,,,,True,Mentions a 'warehouse check' system where the last slot tends to be off-banner,,,-2.0,Zero-spenders cannot full-clear events,-2.0,Monetization everywhere; gacha design baits spending with off-banners,-2.0,F2P cannot complete events; welfare overshadowed by monetization,,,,,,,,,Endless grindy growth; skins seen as the only upside
41451239,,,,,,,,,,,,,,,,,,,,,,,,,,,,,,,,,,,,,,,,,
41444118,,,,,,,,,,,,,,,,,,,,,,,,,,,,,,,,,,,,,,,,,
41434323,,,,,,,,,-1.0,Progress slows sharply around level 60 unless spending,,,,,,,,,,,,,,,,,,,-2.0,Constant recharge popups; domestic welfare worse than other servers; test server sells UP at start,,,,,,,,,,,Notes server welfare differences and intrusive recharge prompts
41430556,,,,,,,,,-1.0,Reservation rewards and self-select ten-pull locked behind chapters; daily ten-pull includes filler items,,,,,,,,,,,,,,,,,,,,,,,,,,,,,,,Too many confusing banners and gated rewards
41421379,True,Censored content (harmonized); still features suggestive art,,,,,,,,,,,,,,,,,,,,,,,,,,,,,,,,,,,,,,,
41420346,True,CN version is more censored (thicker clothing) compared to Taiwan server,,,,,,,,,,,,,,,,,,,,,,,,,,,,,,,,,,,,,,,
41411522,,,,,,,,,-1.0,Multiple gacha features/rewards locked behind late chapters,,,,,,,,,,,,,,,-2.0,Perceived absurd rates; daily ten-pull yields mostly materials; second self-select gated behind 100 pulls and very late chapter,,,,,,,,,,,,,,,
41402160,,,,,,,,,-1.0,Too time-consuming; rolling-server structure,,,,,,,,,,,,,,,,,,,,,,,,,,,,,,,Describes it as a 'rolling server' game
41311082,,,,,,,,,,,,,,,,,,,,,,,,,,,,,,,,,,,,,,,,,
41179586,,,,,,Relics/modules strongly determine strength; many battles must be manually initiated; daily 10 manual runs,,,,,,,,,,,,,,,,,,,,,-2.0,Spenders dominate via relics/modules; F2P must progress slowly,-2.0,"Highly commercialized number-driven, rolling-server game with constant monetization",,,,,,,,,,,Only Chapter 1 has voice acting; repetitive manual starts; failed to win sign-in raffle
41134837,,,,,,,,,,,,,,,,,,,,,,,,,,,,,,,,,,,,,,,,,Prior account became a new account on login (account loss issue)
41131335,,,,,,,,,-1.0,Self-select 5-star opens only at Chapter 3; progression depends heavily on artifacts,,,,,,,,,,,,,,,,,,,,,,,,,,,,,,,"Split-screen causes freeze and crash; damage mainly from artifacts, implying stat-check design"
41103792,,,,,,,,,,,,,,,,,,,,,,,,,,,,,,,,,,,,,,,,,After 100 pulls got several SSRs but formation UI bug prevents viewing team during swap
41100187,,,,,,,,,,,,,,,,,,,,,,,,,,,,,,,,,,,,,,,,,
41097266,,,,,,,,,-1.0,Progression gate feels too strict; power requirements spike around stage 47 making advancement very difficult.,,,,,,,,,,,,,,,,,,,,,,,,,,,,,,,
41094065,,,Combat feels like pure stat stacking with little meaningful interaction.,-1.0,Described as brainless number-pumping.,Focus on raw stats rather than tactics.,-2.0,Player calls it mindless stat stacking with no depth.,,,,,,,,,,,,,,,,,,,-1.0,Heavy monetization noted which likely limits non-paying access.,-2.0,Described as extremely pay-heavy.,,,,,,,,,,,Story is shallow.
41079002,,,,,,,,,-2.0,"Many systems to level (levels, badges, artifacts), hard campaign, and characters need at least 3-star plus exclusive weapons to be useful.",,,,,,,,,,,,,,,,,,,-2.0,Multiple layered upgrade and gear draws push spending.,-2.0,Resources are very scarce and gacha currency is hard to obtain.,,,,,,,,,
41068349,,,,,,,,,,,,,,,,,,,,,2.0,New banners roll out very frequently (weekly or biweekly).,True,"UP is guaranteed only after missing it 4 times; although a copy is nominally ~50 pulls, off-banner rules can push cost to ~150+ per copy.",,,,,-2.0,Frequent powercreep with fast banner cadence pressures spending.,,,,,,,,,,,
41062631,,,,,,,,,,,,,,,,,,,,,,,,,,,,,,,,,,,,,,,-2.0,In-game downloads fail over Wi-Fi and repeatedly re-download after progress; only mobile data worked intermittently.,
41061629,,,,,,,,,-2.0,"Early progress is fine after paying, but quickly hits a wall around chapter 30 despite spending.",,,,,,,,,,,,,,,,,,,-2.0,Player regrets spending because progression stalls regardless.,,,,,,,,,,,
41059488,,,,,,,,,,,,,,,,,,,,,,,,,,,,,,,-2.0,Rewards and welfare are described as too few.,,,,,,,,,
41039955,,,,,,,,,,,,,,,,,,,,,,,,,,,-2.0,Non-paying experience is not recommended; major systems feel locked behind spending.,-2.0,Perceived as a cash-grab.,,,,,,,,,,,
40966801,,,,,,,,,,,,,,,,,,,,,,,,,,,,,,,,,,,,,,,,,
40951266,,,,,,,,,,,,,,,,,,,,,,,,,,,,,,,,,,,,,,,,,Misleading advertising compared to in-game content.
40927379,,,,,,,,,,,-1.0,Role quality is inconsistent.,,,,,,,,,,,,,,,-2.0,Progression strongly tied to spending; too many monetization events.,-2.0,High degree of monetization undermines gameplay as either a main or side game.,,,,,,,,,,,Regional content split (overseas vs domestic) and missing small toggle options.
40811272,,,,,,,,,,,,,,,,,,,,,,,,,,,,,,,,,,,,,,,,,
40779009,,,,,,,,,,,,,,,,,,,,,,,,,,,,,,,,,,,,,,,,,Art style with oversized heads/feet is unappealing to the player.
40747458,,,,,,,,,,,,,,,,,,,,,,,,,,,,,,,,,,,,,,,,,"Stamina cap is low and recovery is slow, leading to early idle/gating."
40726004,,,,,,,,,,,,,,,,,,,,,,,,,,,,,,,,,,,,,,,,,Newly released character lacks a skin at launch.
40628306,,,,,,,,,,,,,,,,,,,,,,,,,,,,,,,,,,,,,,,,,Claims saved 27 pulls disappeared around a return-gift event.
40493266,,,,,,,,,,,,,,,,,,,,,,,True,Pity system exists but the player hit multiple pities without obtaining a limited unit.,-2.0,Very low perceived rates even after substantial spending.,,,,,,,,,,,,,,,
40470499,,,,,,,,,,,,,,,,,,,,,,,,,,,-2.0,Non-spenders cannot play effectively.,-2.0,Heavy paywall.,,,,,,,,,,,
40457324,,,,,,,,,,,,,,,,,,,,,,,,,,,,,,,2.0,Perceived generous rewards and many favorite characters.,,,,,,,,,
40446908,,,,,,,,,,,,,,,,,,,,,,,,,,,,,,,,,,,,,,,,,
40425260,,,,,,,,,-1.0,"If unlucky early, even basic dungeons are hard to clear without spending.",,,,,,,,,,,1.0,Many UP pools with short durations.,,,,,-2.0,Zero-spend players struggle to progress.,-2.0,Short banner windows and difficulty spikes pressure spending.,,,,,,,,,,,
40400363,,,,,,,,,,,,,,,,,,,,,,,,,,,,,,,,,,,,,,,,,Requests a one-tap task completion and higher rewards.
40395690,True,Sexualized content is censored in the CN version.,,,,,,,,,,,,,,,,,,,,,,,,,,,,,,,,,,,,,,,
40368602,,,,,,,,,,,,,,,,,,,,,,,,,,,,,,,,,,,,,,,-2.0,Large patch (800MB) downloads are slow and get stuck.,
40364196,True,Sexy imagery is a selling point.,,,,,,,,,,,,,,,,,,,,,True,"Pity tiers: small pity ~50, big pity ~250; average ~150 pulls per UP.",,,,,-2.0,Reliance on ‘human-rights’ units and PvP rewards forces spending.,-2.0,Late-game resource income is very low and depends on PvP.,,,,,,,,,
40348977,,,,,,,,,,,,,,,,,,,,,,,,,,,,,,,,,,,,,,,,,Account progress was lost upon reinstall; forced to re-register.
40328282,,,,,,,,,,,,,,,,,,,,,,,,,,,,,,,,,,,,,,,,,Free 10-pull is locked behind progression gates.
40316667,,,,,,,,,,,,,,,,,,,,,,,,,,,,,,,,,,,,,,,,,Gameplay loop feels exhausting to the player.
40314676,,,,,,,,,,,-2.0,Newly released units quickly powercreep older ones.,,,,,,,,,,,True,More than half of the time only big pity yields results.,,,,,-2.0,Heavy reliance on spending to remain competitive.,,,,,,,,,,,
40308918,,,,,,,,,,,,,,,,,,,,,,,,,,,,,,,,,,,,,,,,,Requests the addition of costumes.
40308061,,,,,,,,,,,,,,,,,,,,,,,,,,,,,,,,,,,,,,,,,
40302605,,,,,,,,,,,,,,,,,,,,,,,,,,,,,,,,,,,,,,,,,
40279450,,,,,,,,,,,,,,,,,,,,,,,,,,,,,,,,,,,,,,,,,
40270753,,,,,,,,,-1.0,Early phase is acceptable but later becomes increasingly unpleasant.,,,,,,,,,,,,,,,,,,,,,,,,,,,,,,,
40260331,,,,,,,,,,,,,,,,,,,,,,,,,,,,,,,,,,,,,,,,,
40220120,,,,,,,,,,,,,,,,,,,,,,,,,,,,,,,,,,,,,,,,,Previous account/progress is missing.
40216241,,,,,,,,,-1.0,Early progression blocked and no self-select offered.,,,,,,,,,,,,,,,-2.0,Low perceived gacha rates.,,,,,-2.0,Resources and gacha opportunities are stingy; self-select not granted.,,,,,,,,,
40214691,,,,,,,,,,,,,,,,,,,,,,,,,,,-2.0,"Many core systems (characters, weapons, artifacts, beasts, furniture) are pay/gacha-gated.",-2.0,Leaderboards and multiple monetized layers push spending.,,,,,,,,,,,Guild founder lost ownership after inactivity; extensive monetization touches most systems.
40178113,,,,,,,,,-1.0,"After the first week, progression stalls without raising stars which consumes resources and money.",,,,,,,,,,,,,True,Character pity ~50; weapon pity ~30.,,,,,-2.0,Explicitly described as resource- and spend-heavy.,,,,,,,,,,,
40177610,True,Art is described as lewd.,,,,,,,,,,,,,,,,,,,,,,,,,,,,,1.0,Mentions some early welfare.,,,,,,,,,
40165523,,,"Low-cost, turn-based combat focused on raw stats.",-1.0,Called a generic stat-check turn-based game.,,,,,,,,,,,,,,,,,,,,,,,,-2.0,Accused of being a cash-grab with poor rewards.,,,,,,,,,,,
40148407,,,,,,,,,,,,,,,,,,,,,,,,,,,,,-2.0,Sarcastically suggests only the very wealthy should play.,,,,,,,,,,,
40141032,,,,,,,,,,,,,,,,,,,,,,,,,,,,,-2.0,Perceived as a scammy pay-to-win model.,,,,,,,,,,,
40107006,,,,,,,,,,,,,,,,,,,,,,,,,-1.0,Event UP required 260 pulls for three while most pulls were off-banner.,,,,,-1.0,Resources are scarce and rates feel low.,,,,,,,,,
40104915,,,,,,,,,,,,,,,,,,,,,1.0,New characters/banners added quickly.,,,,,,,-2.0,Frequent pity hits and rapid pace increase pressure to spend.,-2.0,Poor rewards and even a newbie ten-pull disappeared due to issues.,,,,,,,,,Bug abuse led to account ban; expensive coupons; multiple bugs impacting rewards.
40097370,True,Swimsuit skins were later censored (black cloth added) compared to launch.,,,,,,,,,,,,,,,,,,,,,,,,,,,,,,,,,,,,,,,
40081902,,,,,,,,,,,,,,,,,,,,,,,,,,,,,,,,,,,,,,,,,International version perceived better; CN version rated poorly and valued mainly for art.
40050904,,,,,,,,,,,,,,,,,,,,,,,,,-1.0,150 pulls without obtaining the UP unit.,,,,,,,,,,,,,,,
40048099,,,Ultimate skill animations and VFX are underwhelming compared to genre peers.,-1.0,Effects and presentation inferior to Pride of Eden.,,,,,,,,,,,,,,,,,,,,,,,,,,,,,,,,,,,,
38697827,,,,,,,,,,,-2.0,Rapid powercreep; new cards consistently outperform old ones and become trash within a month.,,,,,,,,,2.0,New UP banner roughly every 7 days.,True,"Approx. 450 pulls for 5-star, 750–900 to fully max; packs priced so 648 CNY ~155 pulls.",-2.0,"Excessive pulls required across multiple gacha layers (characters, relics, beasts, resonance).",,,-2.0,Requires continuous spending to keep up due to weekly powercreep.,,,,,,,,,,,Account value does not hold due to fast powercreep and multiple auxiliary gacha systems.
40017695,,,,,,,,,,,,,,,,,,,,,,,,,,,,,,,,,,,,,,,,,
40005365,,,,,,,,,,,,,,,,,,,,,,,,,,,,,,,,,,,,,,,,,Only Japanese voiceover available.
39835629,,,,,,,,,,,,,,,,,,,,,,,,,,,,,,,,,,,,,,,,,Daily tasks are too tedious; requests one-tap dailies and burden reduction.
39996223,,,,,,,,,,,,,,,,,,,,,,,True,"Big pity around 200 for a copy and ~800–900 pulls to max; additional gacha layers for relics, weapons, pets.",-2.0,Perceived underreported rates and heavy multi-layer gacha.,,,-2.0,Relentless monetization with many packs and powercreep.,,,,,,,,,,,
39982612,,,,,,,,,,,,,,,,,,,,,,,,,-2.0,Frequent off-banner results ('always derails').,,,,,,,,,,,,,,,
39979927,,,,,,,,,,,-2.0,A single new character can massively outpower older setups.,,,,,,,,,,,,,,,-2.0,Non-paying users cannot keep up with power inflation.,,,,,,,,,,,,,
39929718,,,,,,,,,,,,,,,,,,,,,,,,,-2.0,Consistently hits pity and still ends up off-banner.,,,,,,,,,,,,,,,
39880738,,,,,,,,,,,,,,,,,,,,,,,,,,,,,,,,,,,,,,,,,
39876792,,,,,,,,,,,,,,,,,,,,,1.0,Frequent new server launches ('rolling servers').,,,,,,,-2.0,Strong pay-first orientation.,,,,,,,,,,,
39820952,,,Idle/auto combat with sweep; focus on building six units with level/gear inheritance when swapping.,,,,,,,,,,1.0,Level/gear inheritance allows rotating different characters more easily.,,,,,,,,,,,,,,,,,,,,,,,,,,,
39787022,,,,-1.0,Gameplay itself is not enjoyable despite good character art.,,,,,,,,,,,,,,,,,,,,,,,,,,,,,,,,,,,,
39774829,,,,,,,,,,,,,,,,,,,,,,,True,"Small pity ~50, big pity ~200; gacha currency largely from top-ups, making pity unreachable for F2P.",,,-2.0,Events not friendly to new players; draw currency mainly from spending.,-2.0,More spending leads to worse off-banner experiences per player.,,,,,,,,,,,
39748638,,,,,,,,,-1.0,Progression feels increasingly unpleasant later on.,,,,,,,,,,,,,,,,,,,,,-1.0,Resources start okay but become scarce later.,,,,,,,,,
39737503,True,Sexualized content present in global; CN version heavily censored.,,,,,,,,,,,,,,,,,,,,,,,,,,,,,,,,,,,,,,,Battle power system disliked; launching CN version viewed as a mistake due to heavy censorship.
39727404,True,Censored sexualized content in CN; art and voice are the main draws.,Turn-based stat check; AoE renders positioning like front/back rows meaningless.,,,Front/back rows exist but often negated by AoE damage.,-2.0,Strategy reduced to comparing combat power; formation choices feel irrelevant.,,,,,,,,,,,,,,,,,,,,,-2.0,Strong push toward spending throughout the game.,,,,,,,,,,,
39640581,,,,,,,,,,,,,,,,,,,,,,,,,-2.0,Gacha frequently goes off-banner; very poor experience.,,,,,,,,,,,,,,,
39592344,,,,,,,,,,,,,,,,,,,,,,,,,,,,,,,-2.0,Welfare is poor; overall quality criticized.,,,,,,,,,
39574832,True,Very lewd skins.,,,,,,,,,,,,,,,,,,,,,,,,,,,,,,,,,,,,,,,
39570820,,,,,,,,,,,,,,,,,,,,,,,,,,,,,,,,,,,,,,,,,UI lags when pressing back/home.
39567409,,,,,,,,,,,,,,,,,,,,,,,,,,,,,,,,,,,,,,,,,Recharge credited only partially.
39554195,,,,,,,,,,,,,,,,,,,,,,,,,,,,,,,,,,,,,,,,,Newbie-friendly: a 10-pull self-select appears after clearing chapter 3.
39563480,,,,,,,,,,,,,,,,,,,,,,,,,,,,,,,,,,,,,,,,,
39560357,,,,,,,,,,,,,,,,,,,,,-1.0,"Frequent reruns and reduced battle pass rewards (e.g., no skin).",,,,,,,-2.0,Power strictly tied to spending; always pull the newest.,,,,,,,,,,,
39541351,True,Sexualized characters including loli and mature archetypes.,,,,,,,,,,,,,"Dorm management and life platform: assign characters to work for hours, manage fatigue by housing and bath to recover.",False,1.0,Simple assign-and-wait management with straightforward fatigue recovery.,1.0,Work assignments provide resources over time; bath/dorm speed recovery to resume work.,,,,,,,,,,,,,,,,,,,,,
39532110,,,,,,,,,,,,,,,,,,,,,,,,,,,,,,,,,,,,,,,,,"Ten-pull reward is delayed behind chapter gates (claimable much later), perceived as stingy."
39528053,,,,,,,,,,,-1.0,"Lower power teams with skins can beat higher power ones, implying imbalances.",,,,,,,,,,,,,,,,,,,,,,,,,,,,,PvP outcomes feel inconsistent with displayed power.
39521230,,,,,,,,,,,,,,,,,,,,,,,,,,,,,-2.0,New Year event pushes spending via discount vouchers; gacha feels off-banner and pity-dependent.,,,,,,,,,,,
39514631,,,,,,,,,,,,,,,,,,,,,,,,,,,,,,,,,,,,,,,,,Severe UI/shop issues: most pages broken except recharge page.
39495267,,,,,,,,,,,,,,,,,,,,,,,,,,,,,,,-2.0,New Year welfare is poor; focused on sales over gifts.,,,,,,,,,
39492627,,,,,,,,,,,,,,,,,,,,,,,,,,,,,,,,,,,,,,,,,Gacha is nonfunctional—cannot draw.
39475440,,,,,,,,,,,,,,,,,,,,,,,,,,,-2.0,Small spenders still have poor experience due to many monetization hooks.,-2.0,Game is filled with pay mechanisms despite decent gameplay/models.,,,,,,,,,,,
39468130,,,,,,,,,,,,,,,,,,,,,,,,,,,,,,,,,,,,,,,,,
39459669,,,,,,,,,,,,,,,,,,,,,,,,,,,,,,,,,,,,,,,,,
39418270,,,,,,,,,,,,,,,,,,,,,,,,,,,,,,,,,,,,,,,,,"Ten-pull ticket requires clearing four chapters, viewed as harsh gating."
39410405,,,,,,,,,,,,,,,,,,,,,,,,,,,,,,,2.0,Short daily time commitment and accumulation of substantial premium currency.,,,,,,,,,
39402749,,,,,,,,,,,,,,,,,,,,,,,,,,,,,,,,,,,,,,,,,Character art changes/censorship after starting; refunded feeling and quit.
39395415,,,,,,,-2.0,Combat lacks depth and is overshadowed by monetization.,,,,,,,,,,,,,,,,,,,,,-2.0,"Heavy pay-to-win with everything (skins, characters, decorations) counting toward power.",,,,,,,,,,,
39364768,,,,,,,,,,,,,,,,,,,,,,,,,,,,,,,,,,,,,,,,,
39345394,,,,,,,,,,,,,,,,,,,,,,,True,Big pity at ~250 pulls; significant data inflation requires heavy spending.,,,,,-2.0,Without heavy spending there is no enjoyable experience.,,,,,,,,,,,
39343803,,,,,,,,,,,,,,,,,,,,,,,,,,,,,-2.0,Core experience is payment-driven.,,,,,,,,,,,Activity/daily task load is high; even with skip it can take up to two hours.
39318691,,,,,,,,,,,,,,,,,,,,,,,,,,,,,,,,,,,,,,,,,Later character designs perceived as garish/low quality compared to early game; otherwise little standout.
39311424,,,,,,,,,,,,,,,,,,,,,,,,,,,,,,,,,,,,,,,,,
39289196,,,,,,,,,,,,,,,,,,,,,,,,,,,,,-1.0,Felt baited into a small purchase (10 RMB).,2.0,Describes the welfare as extremely generous.,,,,,,,,,
39276137,,,,,,,,,,,,,,,,,,,,,,,,,,,,,,,,,,,,,,,,,Crashes when tapping the character 'Lingyan'.
39261993,,,,,,,,,,,,,,,,,,,,,,,,,,,,,,,,,,,,,,,,,
39259190,,,,,,,,,,,,,,,,,,,,,,,True,"Has pity, but even at pity the pull went off-banner (e.g., Jormungand pity gave another character).",-2.0,Negative value perception due to frequent off-banner outcomes despite pity.,,,,,,,,,,,,,,,
39202086,,,,,,,,,,,,,,,,,,,,,,,,,,,,,-2.0,Skins cannot be purchased with diamonds; feels cash-only.,,,,,,,,,,,
39170358,True,Sexualized artwork/fanservice is a selling point.,,,,,,,,,,,,,,,,,,,,,,,,,,,,,-1.0,Welfare is worse than competitors.,,,,,,,,,
39166101,,,,,,,,,-1.0,Too many power-up requirements and insufficient stamina/resources slow progression.,,,,,,,,,,,,,,,,,-1.0,Not friendly to F2P and low spenders; skins require payment.,-1.0,"Multiple spend points (skins, many upgrade sinks) create pressure.",,,,,,,,,,,Stamina shortage; many systems require resources to raise power.
39134288,,,,,,No meaningful strategy; pure stat checks.,-2.0,Described as having no strategy and exaggerated numbers.,,,-1.0,Exaggerated stats suggest poor balance.,,,,,,,,,,,,,,,-2.0,Heavily pay-to-win with severe monetization.,-2.0,Monetization system is described as severe.,,,,,,,,,,,
39082053,,,,,,,,,,,,,,,,,,,,,,,,,,,,,,,,,,,,,,,,,
39079735,,,,,,,,,-2.0,Rewards are locked behind many chapters; switching to different lineups requires grinding dozens of chapters.,,,-2.0,Recommended meta relies on 'Winter + Kraken'; Kraken is launch-limited and alternatives underperform.,,,,,,,,,,,,,,,,,,,,,,,,,,,"Recommended lineup uses a launch-limited unit (Kraken), making it inaccessible."
39055912,,,,,,,,,,,,,,,,,,,,,,,,,,,,,,,,,,,,,,,,,Low gacha rates and frequent off-banner pulls.
39051620,,,,,,,,,,,,,,,,,,,,,,,,,,,,,-2.0,Compares unfavorably to similar titles; extremely stingy resources increase pressure to pay.,-2.0,Very few gacha resources provided.,,,,,,,,,
39023371,,,,,,,,,-2.0,Starter roster cannot clear the newbie stage; difficulty spike early on.,,,,,,,,,,,,,,,,,,,,,,,,,,,,,,,Six simultaneous gacha pools at the same time.
38994749,,,,,,,,,,,,,,,,,,,,,,,,,,,-1.0,Strong emphasis on recharge recommendations and battle power increases.,-1.0,Monetization and progression feel like a P2W battle power game.,,,,,,,,,,,"Gameplay and systems mimic '少年三国志' (charging, push stages, events)."
38984996,True,Uses sexual suggestive marketing ('edge content').,,,,,,,-1.0,Welfare is gated behind fixed stages at launch.,,,,,,,,,,,,,,,,,,,,,-1.0,Benefits require pushing specific chapters to claim.,,,,,,,,,
38966708,True,Sexualized content; compares to NIKKE.,,,,,,,,,-1.0,CN server reportedly has nerfs relative to other regions.,,,,,,,,,,,,,,,-2.0,Heavily favoring spenders; suggests playing other regions instead.,-2.0,Described as very pay-heavy.,,,,,,,,,,,
38923781,,,,,,,,,,,,,,,,,,,,,,,True,Has pity but frequently goes off-banner; user hit pity multiple times and still missed the rate-up.,,,,,,,,,,,,,,,,,Daily 10-pull visual quality criticized as AI-like.
38923733,,,,,,,,,,,,,,,,,,,,,,,,,,,,,,,,,,,,,,,,,
38904333,,,,,,,,,,,,,,,,,,,,,,,,,,,,,,,,,,,,,,,,,Removed split-screen; some events/bosses lack skip; windowed mode buttons unclickable; 'Mist' mode lacks auto and has awkward UI placement.
38900499,,,,,,,,,,,,,,,,,,,,,,,,,,,,,,,,,,,,,,,,,Global/overseas version perceived as far superior to CN server.
38873680,,,,,,,,,,,,,,,,,,,,,,,,,,,,,,,,,,,,,,,,,Rate-up pool feels fake due to extreme off-banner outcomes.
38870356,,,,,,,,,,,,,,,,,,,,,,,,,,,-1.0,Early game feels unsatisfying without spending.,-1.0,Push to spend early to enjoy the game.,,,,,,,,,,,
38867337,,,,,,,,,,,,,,,,,,,,,,,False,,,,,,,,,,,,,,,,,,
38054307,,,,,,,,,,,,,,,,,,,,,,,,,,,,,,,,,,,,,,,,,Accuses the game of astroturfing and calls it the worst of the year.
38805569,,,,,,,,,,,,,,,,,,,,,-1.0,"New characters release every 5–6 days, creating burnout and making saving resources impossible.",,,,,,,-2.0,Perceived as a whale’s game; F2P cannot keep up.,,,,,,,,,,,
38774252,,,,,,,,,,,,,,,,,,,,,,,True,"Over time, gold rarity requires ~45+ pulls and still goes off-banner until pity.",,,,,-2.0,Progressively worse rates and rewards signal 'pay or quit' pressure.,-1.0,Early rewards felt good but became stingy later.,,,,,,,,,
38751023,,,,,,,,,-1.0,Rewards require stage clears to claim; annoying for those who prefer text/idle play.,,,,,,,,,,,,,,,,,,,,,,,,,,,,,,,
38750692,,,,,,,,,,,,,,,,,,,,,-1.0,"Events come one after another, leading to fatigue.",,,,,,,-2.0,Gacha/monetization always keeps players under pressure.,,,,,,,,,,,
38665426,,,,,,,,,,,-2.0,Severe power creep; older characters quickly invalidated.,,,,,,,,,,,,,,,-2.0,Only heavy spenders have a good experience; advises against spending.,-2.0,Constant release of stronger units pushes spending.,,,,,,,,,,,
38334596,True,Censored artwork; fewer/severely reduced features in art.,,,,,,,,,,,,,,,,,,,,,,,,,,,-1.0,Monetization emphasized ('spending makes you happy').,,,,,,,,,,,
38706776,,,,,,,,,,,,,,,,,,,,,,,,,,,,,,,,,,,,,,,,,"Clunky operations, complex progression; rewards look plentiful but feel underwhelming in practice."
38705707,,,,,,,,,,,,,,,,,,,,,,,,,,,,,,,,,,,,,,,,,
38690780,True,Censored artwork complained about.,,,,,,,,,,,,,,,,,,,,,True,Hits pity but still goes off-banner; frequent off-banner outcomes at pity.,,,,,,,,,,,,,,,,,
38676750,,,,,,,,,,,,,,,,,,,,,,,,,,,,,,,,,,,,,,,,,
38672487,,,,,,,,,,,,,,,,,,,,,,,,,,,,,,,,,,,,,,,,,Extremely poor gacha experience.
38660919,,,,,,,,,,,,,,,,,,,,,,,,,,,,,,,-1.0,Requests more welfare.,,,,,,,,,
38649484,,,,,,,,,,,,,,,,,,,,,-1.0,Very frequent updates disrupt access; cannot log in during updates.,,,,,,,,,,,,,,,,,,,Login issues due to frequent patches.
38649452,,,Described as a runner with some fighting elements.,1.0,Finds it fun and also notes generous welfare.,,,,,,,,,,,,,,,,,,,,,,,,,,2.0,Perceives welfare as very generous.,,,,,,,,,
38648238,,,,,,,,,,,,,,,,,-2.0,Excessive grind unsuitable for a side game; requires continuous manual play.,,,,,,,,,,,,,,,,,,,,,,,
38043261,,,,,,,,,,,,,,,Daily resource dungeons and repeated stage farming with resets; manual grind due to lack of sweep.,,-2.0,"Manual, repetitive resets without sweep make it tedious.",-1.0,Resource yields feel poor relative to time spent and resets.,,,,,,,,,-2.0,Multiple gacha currencies gated by events/points and scarce diamonds push spending.,-1.0,Initial welfare feels good but becomes very stingy later.,,,,,,,,,
38637789,,,,,,,,,,,,,,,,,,,,,,,,,,,,,,,,,,,,,,,,,Visuals are blurry even at max settings on tablet; ultimate animations look low-res.
38634179,,,Typical card battler gameplay.,-1.0,Gameplay is very average/ordinary despite celebrity endorsement.,,,,,,,,,,,,,,,,,,,,,,,,,,,,,,,,,,,,
37930045,True,Very sexualized art; monetization tied to skip and skins.,,,,,,,,,-1.0,"Battle power gradients are unreasonable (e.g., 'Dream' mode).",,,,,,,,,,,,,,,-2.0,Skip function gated behind payment; 5000 diamonds for many skins.,-2.0,High grind and paygating widen whale–F2P gap.,,,,,,,,,,,
38622358,,,,,,,,,,,,,,,,,,,,,,,,,,,,,,,,,,,,,,,,,
38621553,True,Sexualized marketing; 'lewd skin' wrapper.,,,,,,,-1.0,Some promised pulls are gated behind story progression.,,,,,,,,,,,,,,,,,,,,,-1.0,Promised '100 pulls' involves requirements like clearing story.,,,,,,,,,Criticizes misleading '100 pulls' claim.
38611711,,,,,,,,,,,,,,,,,-2.0,Grind is exhausting; cannot keep playing.,,,,,,,,,,,,,,,,,,,,,,,
38608923,,,,,,,,,,,,,,,,,,,,,,,,,,,,,,,-2.0,"By chapter 7, still fewer than 20 pulls; extremely stingy.",,,,,,,,,
38603164,,,Turn-based card combat with notable skill animations.,1.0,Enjoys the animations and presentation.,Not fully idle; some strategic considerations beyond simple auto.,1.0,"States it’s not a brainless idle game, implying some depth.",,,,,,,,,,,,,,,,,,,,,,,,,,,,,,,,,
38602407,,,,,,,,,,,,,,,,,,,,,,,,,,,,,,,,,,,,,,,,,
38602564,,,,,,,,,,,,,,,,,,,,,,,,,,,,,,,,,,,,,,,,,Finds the art appealing and gacha exciting.
38602443,,,,,,,,,,,,,,,,,,,,,,,,,,,-1.0,Discount coupons for charging used as 'rewards'.,-2.0,Strong emphasis on monetization (charge coupons).,,,,,,,,,,,Criticizes use of charge coupons.
38601474,,,,,,,,,-1.0,Ten-pull rewards locked behind later progression.,,,,,,,,,,,,,,,,,,,,,-1.0,Ten-pull requires reaching further stages to use.,,,,,,,,,
38593493,,,,,,,,,-1.0,Stages get much harder later; fears not reaching the next self-select.,,,,,,,,,,,,,True,Hit pity 4 times and 3 were off-banner; daily 10-pull yields only blues.,,,,,,,-1.0,Daily ten-pull gives only low-rarity results.,,,,,,,,,
38586791,,,,,,,,,-1.0,Still gets stuck despite spending.,,,,,,,,,,,,,,,,,-2.0,Advises either 0 spend or very high spend; mid-spend feels bad.,-2.0,Feels like a reskinned P2W game requiring heavy spending.,,,,,,,,,,,
38585937,True,Sexual content focus; suggests playing H-games instead.,,,,,,,,,,,,,,,,,,,,,,,,,,,,,,,,,,,,,,,Dismisses gameplay; focuses on 'sexy' appeal.
38577792,True,Censorship removed animal ears from the character.,,,,,,,,,,,,,,,,,,,,,,,,,,,,,,,,,,,,,,,Complains about missing ears on 'Jishui'.
38576317,True,Sexy outfits noted.,Auto/idle battle; mostly hands-off.,-1.0,Combat relies on auto; little engagement.,,,,,,,,,,,,,,,,,,,,,,-2.0,Cannot progress/enjoy without spending.,,,,,,,,,,,,,Says '100 pulls' is wordplay; feels misleading.
38570959,,,,,,,,,1.0,Early main stages are smooth.,,,,,,,,,,,,,,,,,,,,,1.0,Many self-select 10-pulls (even if on permanent pool); welfare feels plentiful early.,,,,,,,,,
38567463,,,,,,,,,,,,,,,,,,,,,,,,,,,,,,,,,,,,,,,,,
38380703,,,,,,,,,,,,,,,,,,,,,,,True,Limited banners have a 250-pull pity; the 'self-select construct' banner reportedly has no pity; frequent off-banner on character and weapon/artefact banners.,-2.0,Very poor value perception (200+ pulls without a gold artefact; heavy off-banner; some banners lack pity).,,,-2.0,Accuses stealth nerfs and predatory gacha design.,,,,,,,,,,,
38535346,,,,,,,,,,,,,,,,,,,,,,,,,,,-2.0,Claims you need to spend hundreds daily to keep playing.,-2.0,Heavy pay pressure plus technical issues.,,,,,,,,,,,Frequent instant crashes when entering the game.
38530363,,,,,,,,,,,,,,,,,,,,,,,,,,,,,-2.0,Heavy-spend oriented; rates allegedly worsened over time.,-2.0,Very low welfare and highly off-banner pulls.,,,,,,,,,Says 'Kraken' rate-up is unreachable; suspects rate manipulation.
38520191,True,Artwork was heavily censored/nerfed.,,,,,,,,,,,,,,,,,,,,,,,,,,,-2.0,"Pay prompt appears frequently (e.g., on server switch); gameplay is dull.",-2.0,Gives discount coupons as 'welfare' which feels stingy.,,,,,,,,,Censorship complaints; anti-consumer reward presentation.
38520171,,,,,,,,,,,,,,,,,,,,,,,,,,,,,,,,,,,,,,,,,
38502201,True,Sexual content was censored heavily.,,,,,,,,,-2.0,0-star vs 3-star gap is huge; balance heavily favors higher rarity.,,,,,,,,,,,,,,,-2.0,Resources for spenders vs non-spenders are extremely unequal.,,,,,,,,,,,,,
38499711,True,Breast reduction/censorship.,,,,,,,,,,,,,,,,,,,,,,,,,,,,,,,,,,,,,,,UP feels fake; frequent off-banner pulls; advises against spending.
38487491,True,Overly large breasts/sexualized content criticized.,,,,,,,,,,,,,,,,,,,,,,,,,,,,,,,,,,,,,,,
38470410,True,Censorship removed beast ears/tails despite not being required.,,,,,,,,,,,,,,,,,,,,,,,,,,,,,,,,,,,,,,,
38467932,,,,,,,,,,,,,,,,,,,,,,,,,,,,,,,,,,,,,,,,,Crashes on Redmi K60 device.
38461965,,,,,,,,,,,,,,,,,,,,,,,,,,,,,,,,,,,,,,,,,
38434292,True,Censorship removed beast ears; criticism of art changes.,,,,,,,-2.0,"PVE main stages are very hard (e.g., 1.2M power cannot pass).",,,,,,,,,,,,,,,,,,,,,-1.0,Welfare is stingy; pool is easy to go off-banner.,,,,,,,,,Requests main story tuning; off-banner complaints.
38430691,True,Advertised on sexual appeal; later artwork censored.,,,,,,,,,,,,,,,,,,,,,,,,,-2.0,You cannot raise power without gacha; pay-to-win.,-2.0,Monetization-first design with censored art.,,,,,,,,,,,
38415851,,,,,,,,,,,,,,,,,,,,,,,True,Hit pity on the UP pool and still went off-banner.,,,,,,,,,,,,,,,,,50 pulls to pity then off-banner.
38412652,,,Combat displays chibi/small models despite detailed character art.,-2.0,Dislikes mismatch between high-quality art and simplistic in-battle models.,,,,,,,,,,,,,,,,,,,,,,,,,,,,,,,,,,,,
38397325,,,,,,,,,-1.0,Difficulty and resource scarcity spike after stage 20; upgrade mats are hard to get.,,,,,,,,,,,,,True,SSR often requires around 50 pulls due to pity.,-1.0,"10-pull costs 1500 diamonds, but later income drops to ~300–400/day and pity is often needed.",,,,,-1.0,Early diamonds are plentiful but later rewards shrink.,,,,,,,,,
38390942,True,Sexualized fanservice ('selling meat').,,,,,,,,,,,,,,,,,,,,,,,,,,,,,,,,,,,,,,,
38387404,True,Lazy censorship by just adding cloth; criticized.,,,,,,,,,,,,,,,,,,,,,,,,,,,,,,,,,,,,,,,
38383888,True,Artwork heavily censored after updates.,,,,,,,,,,,,,,,,,,,,,,,,,-2.0,States you can't play at all without spending.,,,,,,,,,,,,,Performance worsened after update (became laggy).
38383613,True,Sexual content focus and breast size reductions.,,,,,,,,,,,,,,,,,,,,,True,Mentions each banner has a pity.,,,,,,,,,,,,,,,,,Criticizes reliance on sexual content and censorship.
38382415,,,,,,,,,,,,,,,,,,,,,,,,,,,-2.0,Claims only extremely wealthy players can play comfortably.,-2.0,Very heavy spending pressure.,,,,,,,,,,,
38381085,,,,,,,,,,,,,,,,,,,,,-1.0,Latest update content considered poor.,,,,,,,,,,,,,,,,,,,Negative reaction to the update.
38375657,,,,,,,,,-1.0,Overlong tutorial for a supposed idle/AFK game.,,,,,,,,,,,,,,,,,,,,,,,,,,,,,,,
38374516,,,,,,,,,,,,,,,,,,,,,,,,,,,,,,,,,,,,,,,,,Chapter 2 battles black screen; each fight turns the screen black.
38372557,,,Repetitive skill animations with heavy visual noise ('light pollution').,-2.0,"Combat feels unengaging due to repetitive, flashy effects.",,,,,,,,,,,,,,,,,,,,,,,,,,,,,,,,,,,,
38369819,True,Prefers uncensored visuals; requests an uncensor patch.,,,,,,,,,,,,,,,,,,,,,,,,,,,,,,,,,,,,,,,
38355825,,,,,,,,,,,,,,,,,,,,,,,,,,,,,,,,,,,,,,,,,Gacha goes off-banner heavily unless you spend a lot.
38348720,,,"Auto-battle with minimal player input (tap, watch animations, pay).",-2.0,Game largely plays itself; low interactivity.,,,,,,,,,,,,,,,,,,,,,,,,,,,,,,,,,,,,
38345935,,,,,,,,,,,,,,,,,,,,,,,,,,,,,-2.0,Official monetization feels aggressive.,-1.0,Activities' rewards are stingy.,,,,,,,,,
38344655,,,,,,,,,,,0.0,Overall balance is acceptable.,,,,,,,,,,,,,,,,,,,,,,,,,,,,,UP pool criticized due to ~60% off-banner rate.
38341701,,,,,,,,,,,,,,,,,,,,,,,,,,,-1.0,Non-lucky players are advised to pay.,-1.0,Moderate spending recommended for better experience.,,,,,,,,,,,
38341011,,,,,,Cannot view enemy attributes; high enemy evasion.,-1.0,Information opacity and RNG (evasion) limit planning.,,,,,,,,,,,,,,,,,,,,,,,,,,,,,,,,,
38339011,,,,,,,,,,,,,,,,,,,,,,,,,,,,,,,,,,,,,,,,,New player gift codes are already expired.
38338930,,,,,,,,,,,,,,,,,,,,,,,,,,,,,,,,,,,,,,,,,
38336424,,,,,,,,,-2.0,"Progression is blocked by stamina and level caps; a stamina purchase bug consumed diamonds without granting items, halting progress.",,,,,,,,,,,,,,,,,,,,,1.0,"Daily ten-pulls and many tickets can be found via forum tips, but it is grindy so it works best as a side game.",,,,,,,,,"Stamina purchase bug (diamonds deducted, no potions); first top-up hero feels weak; lacks in-game customer service."
38334865,,,,,,,,,,,-2.0,Frequent limited banners cause power creep; non-spenders get stomped.,,,,,,,,,-1.0,"Claims at least four limited characters per month, perceived as excessive.",,,,,-2.0,All PvP and pay-to-win; cannot play competitively without spending.,-2.0,Heavy pressure from frequent limited banners and PvP environment.,,,,,,,,,,,
38331359,True,Sexualized fanservice that appeals to specific fetishes.,,,,,,,,,,,,,,,,,,,,,,,,,,,,,,,,,,,,,,,
38321617,True,Censored outfits/extra clothing; sexual innuendo/fanservice mentioned.,,,,,,,,,,,,,,,,,,,,,,,,,,,,,,,,,,,,,,,
38320296,True,References to uncensoring content and ‘selling meat’ style fanservice.,,,,,,,,,,,,,,,,,,,,,,,,,,,,,-2.0,Daily/basic resources are scarce; perceived low welfare and off-rate gacha.,,,,,,,,,Repetitive tasks; few gameplay modes; felt only barely playable with uncensor active.
38316416,,,,-2.0,Calls the gameplay the dumbest they've seen.,,,,,,,,,,,,,,,,,,,,,,,,,,,,,,,,,,,,
38313415,,,,,,,,,,,,,,,,,,,,,,,,,,,,,,,,,,,,,,,,,Samsung Galaxy Z Flip4 displays only part of the screen; device compatibility issue.
38310840,,,,,,,,,-1.0,Self-select 10-pull is gated until Chapter 7; complains about numeric inflation.,-2.0,New characters reportedly invalidate older ones due to power creep.,,,,,,,,,,,,,,,,,,,,,,,,,,,,,Self-select 10-pull gating and power creep concerns.
38308443,,,,,,,,,,,,,,,,,,,,,,,,,,,,,,,-2.0,Daily/basic resources like credit and task data feel insufficient; asks for more daily premium currency.,True,Collaboration with 少年三国志2 (Youth Three Kingdoms 2).,,,,,,,
38306869,,,,,,,,,,,,,,,,,,,,,,,,,,,,,-2.0,"Too many monetization entry points, negatively impacting experience.",,,,,,,,,,,
37606802,,,,,,,,,-2.0,Speed/skip locked behind many chapters; difficulty vs. displayed power is inconsistent; relics require grinding fragments.,-2.0,PvP is dominated by spenders; perceived ‘number collapse’ where lower power can still crush you.,,,,,,,,,,,,,,,-1.0,Some content and characters are purchase-only; stamina is limited and not restored on level up.,-2.0,Frequent top-up prompts and pay-only characters create strong spending pressure.,,,,,,,,,,,Relic gacha yields mostly fragments (SSR needs 100); outfits add stats; stamina only from fixed times and friend gifts; speed/skip gated.
38305771,,,,,,,,,-1.0,Becomes monotonous later; player ends up just logging in for sign-in rewards.,,,,,,,,,,,,,,,,,,,,,1.0,Describes welfare as okay despite monotony.,,,,,,,,,
38305308,,,,,,Says no strategy is needed; pay-to-win determines strength.,-2.0,States the game requires no intelligence/strategy—spending dictates outcome.,,,,,,,,,,,,,,,,,,,-2.0,Non-paying users can hardly progress; feels like a toy for whales.,-2.0,Heavy pay-to-win pressure and poor welfare make spending feel mandatory.,-2.0,Calls the welfare extremely poor; progress feels impossible without paying.,,,,,,,,,
38299847,,,Idle auto-battle with stage skip; no positioning or strategy.,-2.0,Describes gameplay as brainless stat stacking with skip; no strategy.,Stage skip; no positioning; auto progression.,-2.0,Explicitly says there’s no strategy/positioning—just stacking stats.,,,,,,,,,,,,,,,,,,,,,-2.0,Criticizes monetization ‘eating ugly’ and new-player recharge coupons.,-2.0,Perceived as stingy; new-player benefits tied to recharge coupons.,,,,,,,,,
38294954,,,,,,,,,,,,,,,,,,,,,,,,,,,,,,,,,,,,,,,,,Account recovery/login issue—cannot access previous account without signs of theft.
38293646,True,Sexualized art is a highlight; notes heavier censorship in CN vs JP.,,,,,,,-1.0,Difficulty spikes after Chapter 30 make growth feel poor.,,,,,,,,,,,,,True,There is a pity; player often hits full pity before getting SSR.,,,,,,,-1.0,Self-select 10-pull and daily ten-pull perceived as low quality/junk.,,,,,,,,,
38292561,,,,,,,,,,,,,,,,,,,,,,,,,,,-1.0,Perceives the game as requiring spending; numerous events consume time.,-1.0,Too many events and perceived need to whale create pressure.,,,,,,,,,,,Very time-consuming clicking; feels like working due to many events.
38292044,,,,-1.0,Many dungeons but gameplay is monotonous; describes it as a numbers game.,,,,,,,,,,,,,,,,,,,,,,,,,,,,,,,,,,,,
38253418,,,,,,,,,,,,,,,,,,,,,,,,,,,-2.0,"States that without spending, the game becomes unplayable.",-2.0,Heavy paywall perceived for continued play.,,,,,,,,,,,
38252767,,,,,,,,,-2.0,Main story is very difficult; third SSR locked behind Chapter 50; significant early gating.,-2.0,Huge PvP power gaps early; whales at 1M+ power vs. new players ~100k.,,,,,,,,,,,,,,,,,-2.0,Multiple expensive contracts and low gacha rates; strong monetization push.,,,,,,,,,,,Chat limited to 10s cooldown; warnings about scammers; overpriced ‘contracts’ (98 CNY).
38248421,,,,,,,,,,,,,,,,,,,,,,,,,,,,,,,,,,,,,,,,,Tutorial is overly long and tedious; art is the only positively noted element.
38246227,,,,,,,,,-2.0,"After half a month, progression stalls without spending due to resource scarcity vs. consumption.",,,,,,,,,,,,,,,,,-2.0,Non-payers fall far behind; remaining servers feel dominated by whales/possible shills.,-2.0,Perceived as a ‘cash and run’ design with heavy monetization.,,,,,,,,,,,
38243726,,,,,,,,,,,,,,,,,,,,,,,,,,,-2.0,PvP presence forces spending; cannot keep up otherwise.,-2.0,Reskinned game with pressure to pay to remain competitive.,,,,,,,,,,,
38239363,,,,,,,,,-1.0,"Free 100 pulls are locked behind progression (e.g., Chapter 7).",,,,,,,,,,,,,,,,,,,,,-1.0,"Free pulls are gated and trickle out per chapter, frustrating new players.",,,,,,,,,
38239173,,,,,,,,,-1.0,Gates the self-select 10-pull to Chapter 7 and locks daily 10-pull behind progress.,,,,,,,,,,,,,,,,,,,,,-1.0,"Advertised daily/self-select pulls are locked behind progression, reducing perceived welfare.",,,,,,,,,
38237103,,,,,,,,,,,,,,,,,,,,,-2.0,Bug in ‘Desperate Action’ team switching persisted for over an hour; slow responsiveness to issues.,,,,,,,,,,,,,,,,,,,Unresolved bug prevents swapping teams in a key mode.
38232953,,,,-1.0,Skill animations are dizzying and unimpressive.,,,,,,,,,,,,,,,,,,,,,,,,,,-1.0,No initial 10-pull in mail; early welfare feels lacking.,,,,,,,,,"Forced, lengthy tutorial; unengaging onboarding."
38225904,,,,,,,,,,,,,,,,,,,,,,,,,,,-1.0,Either spend heavily or play casually; top ranks suspected of having ‘plants’; F2P advised to just do dailies.,-1.0,Perceived pay emphasis but can be played casually without competing.,,,,,,,,,,,
38224160,,,,,,,,,-1.0,Day 1 progression stalls due to lack of DPS until getting a specific hero.,,,,,,,,,,,,,,,,,,,,,-1.0,Daily ten-pull is in a separate pool with low-value items; welfare feels mediocre.,,,,,,,,,Typical idle gacha loop; art style polarizing.
38222307,,,,,,,,,-1.0,Later chapters are hard to 3-star; star-ups for characters/weapons are slow; progression is slow for F2P.,,,,,,,,,,,,,,,,,,,,,,,,,,,,,,,
38214797,True,‘Selling meat’ fanservice is noted.,,-2.0,Called a boring number-grind with long newbie tasks.,,,,,,,,,,,,,,,,,,,,,,,,,,,,,,,,,,,,
38214567,,,,,,,,,,,,,,,,,,,,,,,,,,,,,,,,,,,,,,,,,
38214372,,,,,,,,,,,,,,,,,,,,,,,,,,,-2.0,Key rewards in ‘Data Exchange’ are paywalled after 2000 points; stamina purchases scale for payers.,-2.0,Non-spenders face stamina shortages and paywalls in reward tracks.,,,,,,,,,,,Reward track paywall at 2000+ points blocks further claims without an 18 RMB purchase.
38214276,,,,,,,,,,,,,,,,,,,,,,,,,,,,,,,,,,,,,,,,,Weapon farming cannot be one-click cleared; quality-of-life missing.
38212930,,,,,,,,,,,,,,,,,,,,,,,,,,,,,,,,,,,,,,,,,Account reset upon reinstall using same phone number; prior purchases lost.
38210921,,,,,,,,,,,,,,,,,,,,,,,,,,,,,,,,,,,,,,,,,Overly forced story/tutorial flow with little player control early.
38210666,True,Eye-candy/sexualized imagery noted; posting images resulted in warnings.,,-1.0,Says it is mainly for eye candy and not fun to play.,,,,,,,,,,,,,,,,,,,,,,,,,,1.0,States CN has more resources than JP.,,,,,,,,,
38210634,,,,-1.0,Excessive battle animations (even on basic attacks) make combat feel tedious.,,,,,,,,,,,,,,,,,,,,,,,,,,,,,,,,,,,,Poor UI; performance issues; heavy battle presentation slows play.
38210394,,,,,,,,,,,,,,,,,,,,,,,,,,,,,,,,,,,,,,,,,Lacks Chinese voiceover and lacks 3D models.
38210219,,,,,,Territory occupation mode heavily favors strong guilds; quitting mid-battle does not consume stamina/attempts.,-1.0,"Outside strong guilds, players die quickly when leaving base in occupation mode; strategy feels limited.",-1.0,Mainline becomes hard without multiple days of play; 3-starring requires retries.,,,,,,,,,,,,,,,,,-1.0,Progress and power rely heavily on gacha and being in a strong guild.,,,0.0,Welfare is middling; not very strong nor very poor.,,,,,,,,,"Progress mostly from gacha-driven systems (dex, stars, bonds, furniture, exclusive weapons)."
38210077,,,,,,,,,,,,,,,,,,,,,,,True,Roughly SSR guaranteed at 50 pulls; UP rate 40% but off-rate can occur multiple times; 100-pull self-select exists but often yields duplicates.,,,,,,,,,,,,,,,,,Reports repeated off-rate results and frequent duplicates; claims account may be ‘locked’ to bad luck.
38208127,,,,,,,,,-1.0,Becomes boring around Chapter 40; pacing issues despite decent core quality.,,,,,,,,,,,-1.0,"CN runs a faster, messy cadence vs. international’s slower, more curated rollout.",,,,,,,,,,,,,,,,,,,Multiple power sources beyond team synergy add breadth; operations/strategy concerns reduce confidence.
38207756,,,,-1.0,Highly repetitive grind with little innovation.,,,,,,,,,,,,,,,,,,,,,,,,,,,,,,,,,,,,
38206431,,,,,,,,,,,,,,,,,,,,,,,,,,,,,-2.0,Accuses gacha of being rigged—claims UP requires several rounds and spending to obtain.,,,,,,,,,,,Alleges tampered gacha pool where UP only drops after multiple cycles.
38204368,,,,,,,,,,,,,,,,,,,,,,,,,,,,,,,1.0,Recent events and daily sign-ins considered good (though longevity is uncertain).,,,,,,,,,UP at +40% still took 100+ pulls and multiple golds to obtain; skepticism about banner timing.
38203488,True,Heavily censored CN version reduces sexualized content compared to other regions.,,,,,,,,,,,,,,,,,,,,,,,,,,,,,,,,,,,,,,,
38202759,,,,,,,,,-2.0,"Progress stalls around 1M power; resources (gold, mats) severely bottlenecked and expensive; relics are only fragments.",-1.0,Whales advance far faster; early servers show players jumping hundreds of thousands of power quickly.,,,,,,,,,,,,,,,-2.0,Multiple funds and VIP-like systems create large gaps; F2P cannot catch up.,-2.0,"Heavy monetization across diamonds, funds, relic fragments, and resource bottlenecks.",-1.0,Opening welfare feels insufficient relative to needs.,,,,,,,,,Gold scarcity; relics only dropping fragments; expensive resource sinks block advancement.
38202679,True,Described as a ‘gentleman’ (lewd) game.,,,,,,,,,,,,,,,,,,,,,,,,,,,-1.0,Complaints about stamina gating and over-complexity for a ‘harvest’ game.,,,,,,,,,,,Time sink with level gating; feels like a complex reskin.
38202338,True,Skins/visuals use sexualized appeal to monetize.,,,,,,,,,,,,,,,,,,,,,,,,,,,-1.0,"Grindy loop and cosmetic monetization, though UP characters can be obtained relatively easily.",1.0,"Welfare feels plentiful and in-game currency accrues faster than some competitors, though grindy.",,,,,,,,,
38195595,,,,,,,,,,,,,,,,,,,,,,,,,,,,,-2.0,Suggests non-spenders ‘don’t deserve’ to play due to reduced income and many banners.,-1.0,Diamonds from Data Exchange were reduced; many banners increase resource strain.,,,,,,,,,
38195208,,,,-2.0,"Uninstall within 20 minutes due to long, unskippable onboarding and tedious clicking.",,,,,,,,,,,,,,,,,,,,,,,,,,,,,,,,,,,,Onboarding is longer and less engaging than typical ‘legend’ clones.
38194993,,,,,,,,,-2.0,Mainline difficulty spikes with massive enemy heals; requests reduced difficulty.,,,,,,,,,,,,,,,,,,,,,,,,,,,,,,,"Frustration with AI healers restoring millions, blocking progression."
38189193,,,Auto-battle against AI with simple visuals; turn-based feel.,-2.0,Combat visuals considered poor and the AI is dumb; heavy level gating disrupts flow.,,,,-2.0,Frequent level caps at specific levels block further actions without grinding.,,,,,,,,,,,,,True,150 diamonds per pull; 50-pull SSR pity; four small off-rate pities before a guaranteed UP; frequent off-rate experiences.,-2.0,Pricing and pity system are seen as unfair/overpriced compared to genre leaders.,,,-2.0,Monthly card pricing and pity model compared negatively to top titles.,,,,,,,,,,,Multiple level caps (19/20/25/29/30) hinder progression.
38183477,True,CN version adds clothing/censorship reducing sexualized appeal versus international.,,-2.0,Considers gameplay non-existent and turn-based exchanges boring.,,,,,,,,,,,,,,,,,,,,,,-2.0,Removal of universal fragments and heavy censorship reduces F2P paths.,,,-1.0,CN ‘welfare’ seen as less valuable than key items like universal fragments.,,,,,,,,,
38181949,,,,,,,,,,,,,,,,,,,,,,,,,,,,,,,,,,,,,,,,,
38181506,,,,,,,,,,,,,,,,,,,,,,,,,,,,,-1.0,"Many monetization systems (stamina, speed) feel semi-forced for convenience.",1.0,Day-one welfare is attractive; resource ‘slot’ leveling is user-friendly.,,,,,,,,,Character levels tied to shared slots rather than specific units.
38181297,,,,,,,,,,,,,,,,,,,,,,,,,,,,,,,,,,,,,,,,,
38180916,,,,,,,,,,,,,,,,,,,,,,,,,,,,,,,,,,,,,,,,,
38180215,,,,,,,,,,,,,,,,,,,,,,,,,,,,,,,,,,,,,,,,,
38180114,True,Mentions erotic appeal but says it is inferior to other titles.,,,,,,,-1.0,Progression stalls early without spending.,,,,,,,,,,,,,,,,,-2.0,States non-spenders get stuck on the main story quickly.,,,,,,,,,,,,,
38178986,,,,,,"Progression sources include compendium, star-ups, bonds, furniture, and exclusive weapons; character level adds less.",0.0,Multiple systems contribute to power but do not feel deeply tactical.,-1.0,"After midgame, levels slow (about one per day without paying) and 3-starring becomes difficult.",,,,,,,,,,,,,True,Has a large-pity mechanism; hitting big pity occasionally.,,,,,-1.0,Many types of gift bundles; strength is closely tied to gacha.,,,,,,,,,,,
38178960,,,,-2.0,Labels combat and gameplay as the worst among card games tried.,,,,-2.0,Condemns the progression and systems as very poor.,,,,,,,,,,,,,,,,,,,,,,,,,,,,,,,
38178568,,,,,,,,,,,,,,,,,,,,,,,,,-2.0,"Weapon banner probability cited as 0.2%, perceived as unreasonably low.",,,,,,,,,,,,,,,Very low weapon gacha rate complaint.
38177501,,,,,,,,,,,,,,,,,,,,,,,,,,,,,,,,,,,,,,,,,No Chinese language support despite local promotion; uninstalled over localization.
38176186,,,,,,,,,,,,,,,,,,,,,,,,,,,,,,,,,,,,,,,,,Community moderation issues—sharing character art leads to mutes; hostile community management.
38174398,,,,,,,,,-1.0,Self-select 10-pull is gated too late; early game is time-consuming and can cause fatigue.,,,,,,,,,,,,,,,,,,,,,1.0,Welfare with skins and badges feels acceptable; can build an all-gold starter roster.,,,,,,,,,"Early time investment is high; praises art, audio, and chibi designs."
38173091,,,,,,,,,,,,,,,,,,,,,,,,,,,,,-2.0,Skins cannot be bought with earned premium currency; appear to be cash-only.,,,,,,,,,,,Spent ~3000 but promo stones can’t purchase skins; advises 0-spend.
38171373,,,,,,,,,,,,,,,,,,,,,,,,,,,-2.0,Level-gated event nearly ends right as the player hits the required level; zero-spenders disadvantaged.,,,,,,,,,,,,,"Event timing/claim windows tied to levels, leaving late levelers unable to participate."
38170736,True,States ‘features’ (implied sexual content) have been censored.,,,,,,,,,,,,,,,,,,,,,,,,,,,-1.0,Many monetization points and frequent off-rate pity; limited welfare.,-1.0,Notes welfare isn’t much.,,,,,,,,,
38170173,,,,,,,,,,,,,,,,,,,,,,,,,,,-2.0,"Everything costs (cards, exclusive weapons, MC weapon); stamina and materials bottleneck growth.",-2.0,Daily pop-ups and paywalls everywhere; high star/weapon upgrade demands.,,,,,,,,,,,Heavy stamina/mats gating; constant offers; advises only viewing art and leaving.
38170146,,,,,,,,,,,,,,,,,,,,,,,True,Requires four off-rates before the big guaranteed UP; gold appears around every 50 pulls but often off-rate.,-1.0,Perceived as predatory due to repeated off-rates before guarantee.,,,,,,,,,,,,,,,
38170141,,,Turn-based auto-battle; heavy gear/artifact/weapon layering; guild PvP present.,-2.0,Combat is described as boring and the progression is a numbers race.,Guild PvP; artifact/weapon systems; multiple upgrade layers.,-1.0,Depth comes from layers of progression rather than tactical richness.,,,,,,,,,,,,,,,,,,,-1.0,Either grind heavily as F2P or spend; whales dominate.,-2.0,Many monetization choices across systems.,,,,,,,,,,,
38170007,,,,,,,,,-1.0,Free SSR locked to Chapter 50; early off-rate experiences discourage progression.,,,,,,,,,,,,,,,,,,,-2.0,Accuses game of opening new servers to cash in and run; urges not to spend.,,,,,,,,,,,Multiple off-rates on Kraken; skeptical of server strategy.
38169200,,,,,,,,,-1.0,Progression is fine early but stalls later; main story cannot be pushed.,,,,,,,,,,,,,,,,,,,,,,,,,,,,,,,
38167849,,,,,,,,,-2.0,Late-game enemies hit far harder than player damage at similar/greater power; exhausting difficulty.,,,,,,,,,,,,,,,,,,,,,,,,,,,,,,,
38167562,True,Says it relies on sexualized ‘selling meat’.,,-2.0,Calls story flow and battle scenes terrible; outdated quality.,,,,,,,,,,,,,,,,,,,,,,,,,,,,,,,,,,,,
38166982,,,,,,,,,,,,,,,,,,,,,,,,,,,-2.0,International server is extremely grindy; 0-spenders are destroyed by payers.,-2.0,States money is the main resource; pay-to-win dominates.,-1.0,"International server provides few resources, making progress difficult.",,,,,,,,,
38165993,,,,,,,,,-1.0,"Free SSR/self-select and 10-pulls are gated by Chapters 4 and 7, with Chapter 4 final stage blocking progress.",,,,,,,,,,,,,,,,,,,,,-1.0,First day only one 10-pull due to progression locks.,,,,,,,,,
38165312,,,,,,Guild/point occupation event where players must hold points.,-1.0,"Without joining a strong guild, you cannot hold points and are easily killed.",,,,,,,,,,,,,,,,,,,-2.0,Event is unplayable for non-spenders who can’t join big guilds.,,,,,,,,,,,,,
38162424,,,,,,,,,,,,,,,,,,,,,,,,,,,,,-2.0,Accuses devs of buying reviews instead of giving welfare; requires diamonds for cross-server stamina recovery.,-2.0,Event rewards locked behind recharge coupons; free rewards can’t be claimed without paying later.,,,,,,,,,Introduced ‘discount coupon’ welfare requiring payment to unlock later rewards.
38161877,,,,,,,,,,,-2.0,"New characters every half month power-creep old ones; a new unit easily beats older, well-invested teams.",,,,,,,,,-1.0,Frequent new character releases with power creep degrade balance rather than adding healthy updates.,,,,,,,-2.0,High spending is needed to keep up with the power creep.,,,,,,,,,,,
38160368,,,,,,,,,,,,,,,,,,,,,,,,,,,,,,,,,,,,,,,,,Labels the game as highly deceptive and not worth trying.
38159884,,,,,,,,,-1.0,Self-select 10-pull is locked behind chapters; non-spenders will find progression unpleasant.,,,,,,,,,,,,,,,,,-1.0,Says non-spenders struggle to obtain gated rewards while spenders won’t care.,,,-1.0,Free pull marketing is perceived as bait due to progression locks.,,,,,,,,,
38157916,,,,,,,,,,,,,,,,,,,,,,,True,Approx. 3% SSR with pity at ~50 pulls; missing the featured four times stacks a big pity that guarantees the featured on the 5th pity.,,,,,,,,,,,,,,,,,
38157412,True,Sexual/suggestive character art.,,,,,,,,,,,,,,,,,,,,,,,,,,,,,1.0,Reviewer says welfare is good.,,,,,,,,,
38156578,True,"Sexual/suggestive content; CN server heavily censored (costumes/skins toned down, animal ears removed).",Idle/auto card battler with battle and exploration; most non-key fights can be skipped; paid permanent card adds 10x battle speed.,-1.0,Combat feels generic and slow even with 10x speed; mostly skipped.,,,,-2.0,Frequent roadblocks from low strength and scarce stamina/resources; self-select gacha rewards delayed to chapter 10/25/50.,,,,,,,,,,,,,True,"3% SSR; pity around 50; if you miss the featured four times, a big pity guarantees the featured on the fifth.",,,,,-2.0,"Very stingy freebies with constant pop-up paid packs; progress pushes you to buy (e.g., 4★→5★ upgrade choke points).",-2.0,Daily 10-pull mostly blues; stamina claims expire; overall free resources are very tight.,,,,,,,,,Skins expensive and some cannot use vouchers; gear/relics use shard system (100 shards per item).
38156135,True,Sexual/suggestive art with some censorship on CN server.,,,,,,,,,,,,,,,,,,,,,,,,,,,,,,,,,,,,,,,Gameplay is single-note and becomes boring later.
38155795,,,,,,,,,,,,,,,,,,,,,,,,,,,,,,,-2.0,Very stingy launch rewards/welfare.,,,,,,,,,Content is boring; feels like mass-produced low-effort game.
38154444,,,,-1.0,Tutorial spams ult animations; pacing feels draggy.,,,,,,,,,,,,,,,,,,,,,,,,,,-2.0,"Early rewards are meager (e.g., only ~20 pulls after long prologue).",,,,,,,,,
38154385,True,Large sexual/suggestive content.,,,,,,,-2.0,F2P progress stalls after two days due to resource scarcity and slow power gain.,,,,,,,,,,,,,,,,,-2.0,Reviewer says zero-spenders cannot really play; lack of stamina limits even grinding.,-1.0,Requests giving F2P a path; current resource/stamina setup pressures spending.,-2.0,Resources are hard to get; stamina too limited.,,,,,,,,,
38152885,,,,,,,,,,,,,,,,,,,,,,,,,,,,,,,1.0,Reviewer states there are many benefits/rewards.,,,,,,,,,
38151713,,,,,,"Bonds, team composition, star-up, badges, gallery, skins; many monetization entry points.",,,,,,,,,,,,,,,,,True,SSR pity around 50 per 10-pulls; off-banner is common; featured not guaranteed until big pity.,,,,,-1.0,To raise power quickly you must pay; many spend entry points; F2P advised to be casual.,,,,,,,,,,,Noted battery drain; mixed gacha luck.
38151600,,,,,,,,,,,,,,,,,,,,,,,,,,,,,,,,,,,,,,,,,Guest account cannot bind phone number; binding errors frustrate onboarding.
38151572,True,Foreign server has sexual content; CN server censored.,Old idle/AFK card RPG similar to 神仙道/闪烁之光.,,,,,,-2.0,"Daily routine of clearing stamina then hitting walls on power, gold, and resources.",,,,,,,,,,,,,,,,,,,-2.0,Described as pay-for-power and pushy monetization.,,,,,,,,,,,
38150974,,,,,,,,,,,,,,,,,,,,,,,,,,,,,,,,,,,,,,,,,Gacha screen buttons unresponsive; cannot enter summon or daily 10-pull.
38150380,,,,,,,,,,,,,-1.0,Reviewer says only SSRs matter; others are filler.,,,,,,,,,,,,,,,-1.0,Non-stop prompts to pay though F2P experience is possible.,,,,,,,,,,,
38148509,True,16+ sexualized content; CN server censored compared to other regions.,,,,,,,-2.0,Without spending many stages are unbeatable; tiny incremental power with scarce resources.,,,,,,,,,,,,,True,Typically 4 small pities before a featured; 12 copies required to max a unit; frequent rotating banners.,,,,,-2.0,Keeping up requires heavy spending due to duplicate needs and banner churn.,-2.0,Resources look decent on paper but are far from enough in practice.,,,,,,,,,
38148366,,,,,,,,,,,,,,,,,,,,,,,,,,,,,-1.0,Emails include spend-discount coupons; activities gated by level.,,,,,,,,,,,Heavy censorship of art; new event required level 55 while many active players were 52.
38148119,,,,,,,,,,,,,,,,,,,,,,,,,,,,,-2.0,Reviewer says the game is uncomfortable without very high spending and is not worth choosing even if you can spend.,,,,,,,,,,,
38147766,,,,-2.0,"Overlong, unskippable tutorial; repeated skill animations make battles take minutes per stage.",,,,,,,,,,,,,,,,,,,,,,,,,,,,,,,,,,,,
38147558,,,,,,,,,,,,,,,,,,,,,,,,,,,,,,,,,,,,,,,,,New event requires level 55 to enter; early players likely cannot participate.
38147529,,,,,,,,,,,,,,,,,,,,,,,,,,,,,,,,,,,,,,,,,Start-of-service 'rewards' were just recharge discount coupons; publisher reputation caused immediate uninstall.
38147468,,,,,,,,,,,,,,,,,,,,,,,,,,,,,,,,,,,,,,,,,
38147309,,,,,,,,,,,,,,,,,,,,,,,,,,,,,,,,,,,,,,,,,Event participation locked at level ≥55 shortly after launch.
38130539,,,,-1.0,Battles are very boring; compounded by messy UI and poor gacha/art/story.,,,,,,,,,,,,,,,,,,,,,,,,,,,,,,,,,,,,UI is cluttered; rewards confusing; story feels cliché.
38146505,,,,,,,,,,,,,,,,,,,,,,,,,,,,,-2.0,Perceived as serving whales and cash-grabbing.,-2.0,Very few ten-pulls available early; came for art but summons are scarce.,,,,,,,,,
38145709,,,,,,,,,,,,,,,,,,,,,,,,,,,,,-2.0,Feels like another reskin where paying drives power; many monetization cues; suspicion of paid shills.,,,,,,,,,,,Skins are underwhelming; fear of cash-grab then shutdown.
38143647,,,,-2.0,"Unskippable, overlong tutorial plus very poor touch responsiveness (guide taps often not registering).",,,,,,,,,,,,,,,,,,,,,,,,,,,,,,,,,,,,New player onboarding UX is frustrating.
38143607,True,Censored lewd art relied on to attract players.,,,,,,,,,,,,,,,,,,,,,,,,,,,,,-2.0,Even gifted ten-pull is gated behind clearing chapter 7.,,,,,,,,,
38142846,,,,,,,,,,,,,,,,,,,,,,,,,,,,,,,,,,,,,,,,,Action points/stamina are insufficient despite appealing art and chibi battle presentation.
38141872,,,,,,,,,,,,,,,,,,,,,,,,,,,,,,,,,,,,,,,,,"Trailer used 3D models but in-game is not, perceived as deceptive marketing."
38141097,,,,,,,,,-2.0,"After initial spike, progress stalls hard unless heavy spending; minimal daily power gains without big spend.",,,,,,,,,,,,,True,Pity around 50; miss featured four times then big pity guarantees featured (effectively ~250 pulls if unlucky); 12 copies to 7★.,,,,,-2.0,Game quickly becomes paywall-heavy; whales dominate power rankings.,,,,,,,,,,,Looks generous up front but falls into the typical rolling-server grind.
38140749,,,,,,,,,,,,,,,,,,,,,,,,,,,,,,,-2.0,"Resources perceived as trash; unclear, misleading costume voucher value (only 50 at half price).",,,,,,,,,"Broad dissatisfaction with growth, gacha, audiovisuals, and operations."
38140617,,,,,,,,,-1.0,Very low stamina cap limits play time and progress.,,,,,,,,,,,,,,,,,,,,,,,,,,,,,,,Stamina feels insufficient.
38139787,,,,,,,,,,,,,,,,,,,,,,,,,,,,,,,-2.0,No meaningful early welfare; after 4 chapters still not enough for a single ten-pull.,,,,,,,,,
38139288,,,,,,,,,,,,,,,,,,,,,,,True,Small pity ~50; big pity ~250; featured rate around 40% leading to frequent off-banner.,,,,,,,,,,,,,,,,,Extremely poor gacha experience even with microspend; still 0 constellation.
38139276,,,,,,,,,,,,,,,,,,,,,,,True,"Pool often goes off-banner; after four misses, big pity ensures the featured.",,,,,,,-2.0,Very little resource income.,,,,,,,,,
38139242,,,,,,,,,,,,,,,,,,,,,,,,,,,,,,,,,,,,,,,,,After two days felt mediocre; suggests international server might be more promising.
38138618,,,,,,,,,,,,,,,,,,,,,,,,,,,,,,,,,,,,,,,,,"Heavy spender reports many bugs, no customer support, and no compensation."
38137924,,,,,,,,,,,,,,,,,,,,,,,,,,,,,-2.0,Large gap in strength between paying users and F2P.,,,,,,,,,,,
38137916,,,,,,,,,1.0,Fast early growth with direct mainline pushes to high power.,,,,,,,,,,,,,,,,,,,,,1.0,Daily free 10-pull and a lot of early resources; saw an SSR within a few days.,,,,,,,,,
38137899,,,,,,,,,,,,,,,,,,,,,,,,,,,,,,,,,,,,,,,,,Game is boring and extremely grindy; luck was acceptable.
38135750,,,,,,,,,,,0.0,"SSR includes weak units while SR can be strong, suggesting mixed balance.",1.0,SR units can perform well and are easier to build; not necessary to field all SSRs.,,,,,,,,,,,,,,,,,,,,,,,,,,,
38135367,,,,,,,,,-1.0,"At level 48, two days of resources cannot raise six characters even one level.",,,,,,,,,,,,,,,,,,,,,,,,,,,,,,,
38135094,,,Power-check auto-battler where victories depend largely on total team power.,,,,,,-1.0,Progress tied to collecting gallery and raw power numbers.,,,,,,,,,,,,,,,,,,,,,-2.0,Reviewer says there are effectively no free resources.,,,,,,,,,
38134213,,,,,,,,,,,,,,,,,,,,,,,,,,,,,,,,,,,,,,,,,Newbie event is very grindy on a daily basis.
38134093,,,,,,,,,,,,,,,,,,,,,,,,,,,,,,,,,,,,,,,,,UP banner feels fake/off-banner; >100 pulls produced only one featured; visuals are the only highlight.
38133931,,,,,,,,,,,,,,,,,,,,,,,,,,,,,,,,,,,,,,,,,Monetization feels like 'installment payments' for copies/stars; uninstalled despite good visuals.
38133044,,,,,,,,,,,,,,,,,,,,,,,,,,,,,-1.0,Requires some spending or heavy grind; casual play recommended without comparing to whales.,,,,,,,,,,,
38132960,,,,,,,,,,,,,,,,,,,,,,,,,,,,,,,,,,,,,,,,,Praises character art and fitting voice acting; aims to collect all voice lines.
38131466,,,,,,,,,,,,,,,,,,,,,,,,,,,,,,,,,,,,,,,,,Phone binding lacks verification code; cannot bind.
38130354,,,,,,,,,-1.0,Fun may last about a week; little reason to continue afterward.,,,,,,,,,,,,,,,,,,,,,,,,,,,,,,,
38129736,True,CN server art is censored compared to other regions.,,,,,,,-1.0,Small player base makes it feel single-player; longevity is poor.,,,,,,,,,,,,,,,,,,,,,-1.0,Few stable sources of premium currency; self-select 10-pull delayed to chapter 50.,,,,,,,,,
38128879,,,,,,,,,,,,,,,,,,,,,,,,,,,,,-2.0,Aggressive push to recharge with many discount coupons; stamina refills require RMB.,-2.0,Stamina given is low; SSR rate criticized as very poor.,,,,,,,,,
38128825,,,,,,,,,-1.0,Overwhelming amount of upgrade materials leads to heavy grind; feels like work.,,,,,,,,,,,,,,,,,,,,,,,,,,,,,,,
38128509,,,,,,,,,,,,,,,,,,,,,,,,,,,,,,,,,,,,,,,-2.0,Download/update screen hangs and takes a long time without loading.,
38128250,,,,,,,,,-1.0,Perceived artificial time extension by gating rewards deep into chapters.,,,,,,,,,,,,,,,,,,,,,-1.0,"Self-select 10-pulls are delayed (e.g., start at ch.10 but claims at 25); early welfare feels low.",,,,,,,,,
38127936,,,,,,,,,,,,,,,,,,,,,,,,,,,,,,,,,,,,,,,,,Reviewer says every pull hits pity; vents at paying users.
38127734,,,,,,,,,,,,,,,,,,,,,,,,,,,,,,,1.0,Benefits are okay but require clearing stages to claim; suitable as a side game.,,,,,,,,,
38127669,,,,,,,,,-1.0,Gating early rewards to ch.5/ch.7 led to immediate drop-off.,,,,,,,,,,,,,,,,,,,,,-2.0,Reservation and 'free 100 pulls' are heavily gated behind early chapter clears and tasks.,,,,,,,,,
38127605,,,,,,,,,,,,,,,,,,,,,,,,,,,,,,,,,,,,,,,,,Recharge rebate not delivered from test to release; constant pop-up gift packs.
38127242,,,Very traditional gacha/idle gameplay from years ago.,-1.0,Feels dated and basic despite decent art.,,,,,,,,,,,,,,,,,,,,,,,,,,,,,,,,,,,,
38127068,,,,,,,,,,,,,,,,,,,,,,,,,,,,,,,,,,,,,,,,,
38125875,,,,,,,,,,,,,,,,,,,,,,,,,,,,,,,,,,,,,,,,,Finds the art cute and mood-lifting.
38125752,,,Idle/AFK number-driven combat loop with clear upgrade paths.,1.0,As a side game it feels comfortable to play with clear ways to raise power.,,,,,,,,,,,,,,,,,,,,,,,,,,,,,,,,,,,,Highly praises animation and voice acting quality.
38125725,,,,,,,,,,,,,,,,,,,,,,,,,,,,,,,,,,,,,,,,,Lucky early pull (SSR before pity).
38125698,,,,-1.0,Frequent roadblocks in chapters make combat feel frustrating; asks for mechanics tuning.,,,,,,,,,,,,,,,,,,,,,,,,,,,,,,,,,,,,
38125606,,,,,,,,,,,,,,,,,,,,,,,,,,,,,,,,,,,,,,,,,Questions the seriousness of the gameplay and modeling quality.
38125530,True,Censored characters and low SSR rates.,,,,,,,,,,,,,,,,,,,,,,,,,,,-2.0,"Perceived pay-to-win with messy, tedious progression.",,,,,,,,,,,
38125495,,,,,,,,,,,,,,,,,,,,,,,,,,,,,,,,,,,,,,,,,General distrust of the publisher based on past titles; expects poor experience.
38125076,,,,,,,,,-1.0,Few meaningful upgrades without spending.,,,,,,,,,,,,,True,SSR pity every ~50 pulls; big pity after five pities.,,,,,,,-2.0,Very hard to play F2P; resource gain is low.,,,,,,,,,
38124818,True,Censorship of lewd content; wishes for optional uncensor like other games.,,,,,,,,,,,,,,,,,,,,,,,,,,,,,,,,,,,,,,,Stamina is a bit low.
38124715,,,,,,,,,,,,,,,,,,,,,,,,,,,,,,,,,,,,,,,,,Overwhelming red-dot notifications; skip locked behind level; many traps; weaker than peer title.
38121462,,,,,,,,,,,,,,,,,,,,,,,,,,,,,,,,,,,,,,,,,
37888274,True,"Sexualized art; CN server censored, chibi battle sprites not censored.",Idle/auto combat; auto and sweep unlock only after progressing (or paying).,-1.0,Gameplay is tedious and 'jail-like' despite auto; many stages to grind.,,,,-1.0,Hits power wall versus whales; limited time/interest to continue.,,,,,,,,,,,,,,,,,,,-1.0,Emails include recharge discount coupons; some 'free' rewards require spending to unlock; monetization feels pushy.,0.0,"Daily 10-pull for ~21 days, but some bonuses are locked behind spending.",,,,,,,,,
38120024,,,,,,,,,,,,,,,,,,,,,,,,,,,,,,,,,,,,,,,,,
38119942,,,,,,,,,,,,,,,,,,,,,,,,,,,,,,,,,,,,,,,,,
38119748,,,,,,,,,,,,,,,,,,,,,,,,,,,,,,,,,,,,,,,,,Stuck on login screen; cannot enter the game.
38118329,True,Edgy sexualized 'otaku-bait' presentation.,Number-driven stage-clearing with heavy monetization.,-2.0,Half-hour forced tutorial with unskippable battles; confusing plot and combat.,,,,,,,,,,,,,,,,,,,,,,,,-1.0,Perceived as a reskinned pay-to-win number game.,,,,,,,,,,,
38118261,,,,,,,,,,,,,,,,,,,,,,,,,,,1.0,"States F2P can play, mainly as a single-player experience; PvP top rewards are negligible.",,,,,,,,,,,,,Gacha often goes off-banner.
38117385,,,,,,,,,,,,,,,,,,,,,,,,,,,,,,,,,,,,,,,,,
38116892,,,,,,,,,-2.0,UP banners often miss; pushing to chapter 50 for third SSR is tough without spending.,,,,,,,,,,,,,,,,,,,,,-2.0,Coins scarce; shop rewards poor; daily 10-pull has no pity; diamonds hard to earn; event rewards small.,,,,,,,,,
38116671,,,,,,,,,,,,,,,,,,,,,,,,,,,,,,,,,,,,,,,,,Reports very high drop rate.
38115606,,,,,,,,,-1.0,Early difficulty spike (stuck on chapter 3 with starter team).,,,,,,,,,,,,,,,,,,,,,,,,,,,,,,,
38115443,,,,,,,,,,,,,,,,,,,,,,,,,,,,,,,,,,,,,,,,,TapTap redeem codes not working in-game.
38115387,,,,,,,,,,,,,,,,,,,,,,,,,,,,,,,,,,,,,,,,,Anti-reroll measures: one guest per device; gift codes restricted to a single server; notes banners are easy to off-banner.
38115256,True,Lewd art focus.,,,,,,,,,,,,,,,,,,,,,,,,,,,,,-1.0,Self-select 10-pull requires clearing chapter 7; early given units considered weak.,,,,,,,,,Perceived as generic reskin; uninstalled.
38115162,,,,,,,,,-2.0,End-of-chapter difficulty spikes and level caps force days of waiting.,,,,,,,,,,,,,,,,,,,,,-1.0,"Daily 10-pull is a separate, weaker pool; self-select rolls tied to mainline clears.",,,,,,,,,
38114361,,,,,,,,,,,,,,,,,,,,,,,,,,,,,,,,,,,,,,,,,Pulled Audrey in 30 pulls; very lucky start.
38114293,True,Suggestive 'healing' interaction targeting sensitive points; overall lewd tone.,,-1.0,Repetitive victory voice lines and paid 10x speed hurt combat feel.,,,,,,,,,,,,,,,,,,,,,,,,-1.0,Charging for 10x battle speed; welfare underwhelming.,-1.0,Daily 10-pull is a separate pool; self-select bound to mainline progress.,,,,,,,,,
38082953,,,,-1.0,Feels like a webgame; wants all skips enabled and auto-sweep available.,,,,,,,,,,,,,,,,,,,,,,,,,,,,,,,,,,,,
38112863,,,Old Q-style chibi battles where power equals outcome.,,,,,,,,,,,,,,,,,,,,,,,,,,-2.0,All payments directly convert to power; very aggressive gift-pack promotion.,,,,,,,,,,,
38112717,,,"Power-scaling, one-hit-kill style disguised as an anime card game.",-2.0,Called it a reskinned 'one slash 999' game and uninstalled after bad pull results.,,,,,,,,,,,,,,,,,,,,-2.0,200 pulls on relics with nothing decent; very poor value and experience.,,,,,,,,,,,,,,,Feels like a browser/idle power-fantasy game under an anime skin.
38112647,,,,,,,,,,,,,,,,,,,,,,,,,,,-2.0,"Next-stage rewards are locked behind payments (e.g., need to top-up 18 RMB to claim).",-2.0,"Blatant paywalling of mission rewards; pay once to unlock, next stage 'free' bait.",,,,,,,,,,,
38112479,,,,,,,,,,,,,,,,,,,,,,,,,,,,,,,,,,,,,,,,,
38111945,,,,,,,,,,,,,,,,,,,,,,,True,Has a 'path' or targeted guarantee system; user hit the target immediately.,1.0,Positive experience with targeted guarantee ('pathing') working quickly.,,,,,,,,,,,,,,,
38111407,True,Heavy censorship of character art (suggestive content toned down).,,,,,,,,,,,,,,,,,,,,,False,,-2.0,UP banner 3% vs standard 5%; 70 pulls yielded two SSRs but none were rate-up and no visible guarantee.,,,,,,,,,,,,,,,Story pacing too fast; later chapters lack voice acting.
38091843,,,,,,,,,-2.0,Key gacha selections unlock very late (third selection at Chapter 50).,,,,,,,,,,,,,,,,,,,,,-2.0,Marketing claims like '3650 pulls' feel misleading due to extreme chapter gates.,,,,,,,,,
38110628,,,,,,,,,-2.0,"Progress padded with time-wasting tasks, pushing players to pay.",,,,,,,,,,,,,,,,,-2.0,Non-paying progression feels meaningless versus paying; heavy monetization gates.,-2.0,Constant monetization and extended grind via meaningless tasks.,-2.0,Resources described as 'garbage'; paying one day beats a year of F2P.,,,,,,,,,
38110393,,,,,,,,,-2.0,Gacha and rewards locked behind Chapter 10/20/50 milestones.,,,,,,,,,,,,,True,User reports a large pity at 300 pulls and milestone unlocks at Chapters 10/20/50.,-2.0,Very high pity cost and long tutorial; freebies are gated by deep chapter progress.,,,-2.0,Feels like a polished pay-to-win browser game with an excessively long tutorial.,,,,,,,,,,,
38109672,,,,,,,,,,,,,,,,,,,,,,,,,,,,,,,,,,,,,,,,,No auto progression/sweep; manual play feels exhausting.
38109155,,,Turn-based but heavily number-driven; rigid and dated mechanics.,-2.0,Described as a pure stats game with unclear values and poor mechanics; worse than old titles.,Mechanics light; mostly number checks; comparisons to older turn-based titles.,-2.0,States that turn-based games need mechanics but this one lacks them; strategy feels absent.,,,,,,,,,,,,,,,,,,,,,,,,,,,,,,,,,Stats are unclear; claims of probability-based nerfs.
38109128,,,,,,,,,,,,,,,,,,,,,,,,,,,-2.0,Monthly pass/low spenders get little advantage; either go whale or don't bother.,-2.0,Whales dominate; duplicates provide huge power; micro-spending feels meaningless.,-1.0,Welfare is only average; progression tied to heavy spending.,,,,,,,,,Rolling servers and pay-driven progression.
38109077,,,,,,,,,,,,,,,,,,,,,,,,,1.0,User perceives high drop rates compared to expectations.,,,,,,,,,,,,,,,
38108055,True,Censored artwork (fanservice toned down).,,,,,,,-2.0,Boring grind and frequent stuck points; poor progression even after significant spend.,,,,,,,,,,,,,,,-2.0,Multiple hard pity experiences; gacha felt very bad.,,,-2.0,Described as very pay-to-win with poor overall satisfaction.,-2.0,Welfare is poor; multiple hard pities experienced despite spending.,,,,,,,,,
38105168,,,,,,,,,,,,,,,,,,,,,,,,,,,,,-2.0,Heavy grind and spending pressure; frequent off-banner pulls.,-2.0,Stingy rewards with overwhelming task and battle volume.,,,,,,,,,Excessive number of tasks and battles.
38097240,,,,,,,,,,,,,,,,,,,,,,,,,-2.0,Perceived lowest practical drop rates and suspected stealth changes.,-2.0,Exclusive pay-only content considered unacceptable.,-2.0,Criticizes pay-exclusive advantages and poor rates.,,,,,,,,,,,Accusation of stealth rate modifications.
38107764,,,,,,,,,,,,,,,,,,,,,,,,,,,-2.0,Implied that free-to-play is unrealistic.,-2.0,Publisher known for heavy monetization; expects players to pay.,,,,,,,,,,,
38107757,True,"Sexualized character designs (e.g., stockings fetish).",,,,,,,,,,,,,,,,,,,,,,,,,,,,,,,,,,,,,,,
38107566,True,Censored fanservice art; sexualized content toned down.,Turn-based with heavy automation; skills feel auto-cast with little player control.,-2.0,Player cannot freely use skills; feels like the weakest form of turn-based.,,,,,,,,,,,,,,,,,,True,Reported 50-pull small pity and a 250-pull guarantee for limited; user claims you need four cycles to secure the limited.,-2.0,High hard pity and multiple cycles needed to secure rate-up feels punishing.,-2.0,PvP and rewards heavily favor spenders; frequent pay prompts after losses.,,,-2.0,Newbie welfare criticized; 10-chapter gate for rewards and constant pay prompts.,,,,,,,,,
38107228,,,,,,,,,,,,,,,,,,,,,,,,,,,,,,,,,,,,,,,,,
38107038,,,,,,,,,,,,,,,,,,,,,,,,,1.0,Daily free 10-pull (though non-stacking) and free hero help value perception.,,,,,1.0,Free hero and daily 10-pull give a decent amount of free content early.,,,,,,,,,Daily 10-pull cannot accumulate; must be used the same day.
38106689,True,Suggestive 'waifu' appeal is a core draw.,,,,,,,,,,,,,,,,,,,,,,,1.0,Described as a 'satisfying' gacha experience; main draw is collecting characters.,,,,,,,,,,,,,,,
37843972,True,Censorship in CN server (added clothing) and mention of a marriage system.,,,,,,,,,,,,,,,,,,,,,,,1.0,CN server has lower pull cost (150 gems vs 200 in global) and single-UP banners.,-2.0,States 0-spend is a nightmare and monetization options are overwhelming.,-2.0,"Aggressive monetization, frequent recharge prompts, and many paid bundles.",,,,,,,,,,,Marriage/oath system boosts stats; CN has high-FPS mode and single-UP banners.
38106438,True,Live2D animations and suggestive movement cause embarrassment.,,,,,,,,,,,,,,,,,,,,,,,,,,,,,,,,,,,,,,,
38106042,,,,,,,,,,,,,,,,,,,,,,,,,,,,,,,,,,,,,,,,,Overlong ultimate animations and prolonged forced tutorial reduce engagement.
38105848,,,,,,,,,,,,,,,,,,,,,,,,,,,,,-2.0,"Summarized as grindy, stingy, and monetized.",,,,,,,,,,,
38105754,,,,,,,,,-2.0,Non-spenders hit walls; dailies are manual with no one-click options.,,,,,,,,,,,,,,,,,,,-2.0,Heavily gated by spend/time; long tutorial and daily chores without convenience features.,,,,,,,,,,,Very long tutorial; device overheating; lack of auto/one-key features.
38105600,,,,,,,,,,,,,,,,,,,,,,,,,,,,,,,,,,,,,,,,,
38105462,,,"Power-based, low-interaction combat.",-2.0,Game values raw combat power; little interactivity.,Strategy is minimal; mostly power checks.,-2.0,Described as having very low strategic depth.,,,,,,,,,,,,,,,,,,,,,,,,,,,,,,,,,
38105240,,,,,,,,,,,,,,,,,,,,,,,,,1.0,Free pulls provide a satisfying early gacha experience.,,,,,1.0,Hundreds of free pulls feel good even if each selection can only be claimed once.,,,,,,,,,
38105224,True,Censored artwork; request for uncensored (FHX).,,,,,,,,,,,,,,,,,,,,,,,1.0,CN pricing felt cheaper and acceptable; micro-spend viable though pop-up bundles are intrusive.,,,-1.0,Frequent bundle pop-ups are a noted annoyance.,,,,,,,,,,,CN-exclusive 60 FPS; frequent monetization pop-ups.
38105049,,,,,,,,,1.0,No notable early walls; leveling/power-up allows continued progression.,,,,,,,,,,,,,,,,,1.0,"As a 0-spender, could progress by leveling and cultivating without obvious blocks.",,,,,,,,,,,,,
38104820,,,,,,,,,,,,,,,,,,,,,,,,,,,,,-2.0,Game spammed with monetization and heavy daily workload.,-1.0,Advertised 200 pulls require reaching Chapter 20 and are limited to two selections.,,,,,,,,,Too many daily tasks; Abyss resets daily and lacks one-click/sweep; leaderboard credibility issues.
38104123,,,,,,,,,,,,,,,,,,,,,,,,,,,,,,,,,,,,,,,,,Music perceived as similar to Punishing: Gray Raven.
38104113,True,Sexualized themes (black/white/skin-colored stockings) and 'raising daughters' vibe.,,,,,,,,,,,,,,,,,,,,,,,,,,,,,,,,,,,,,,,
38104006,,,Idle/power-fantasy 'Legend'-like combat with long animations.,0.0,Average enjoyment; pacing issues due to stamina and animation length.,,,,,,,,,,,,,,,,,,True,Small pity at 50 pulls; user mentions needing three cycles to secure a guaranteed hit.,1.0,"Despite multiple cycles to pity, 50-pull small pity felt acceptable to this user.",,,,,-2.0,Very stingy stamina; diamonds are mostly one-time from clears.,,,,,,,,,
38081488,,,,,,,,,-2.0,"Free 100-pull claims are gated deep in story (e.g., 50 chapters).",,,,,,,,,,,,,,,,,,,,,-2.0,Freebie pulls require excessive story progression; feels like bait-and-switch marketing.,,,,,,,,,
38102879,,,,,,,,,,,,,,,,,,,,,,,,,,,-2.0,Paid skins grant 10% all-stats; strong pay-only advantage.,-2.0,P2W skins providing significant permanent stat boosts.,,,,,,,,,,,
38102557,,,,,,,,,-2.0,Overall growth experience is frustrating.,,,,,,,,,,,,,,,-2.0,Gacha experience described as extremely bad.,,,,,-2.0,Resources and progression described as 'painful'.,,,,,,,,,
38102363,,,,,,,,,,,,,,,"Routine of world/raid bosses, guild bosses, towers (general and faction), daily resource dungeons, and arena.",False,1.0,Standard card-RPG loops; quick daily collection then 'idle' play.,-1.0,Secondary modes give limited resources; heavy reliance on paid bundles.,,,True,50-pull small pity and 250-pull hard pity; UP resets when off-rate; need ~12 copies to max.,-2.0,Very costly pity and duplicate requirements; low value and poor UP retention.,-2.0,Ordinary players need large spend to get acceptable experience; micro-packs are weak.,-2.0,"Multiple fund types, passes, and expensive bundles strongly push spending.",-2.0,Daily diamond income is very low; most resources locked behind paid bundles.,,,,,,,,,
38102222,,,,,,,,,,,,,,,,,,,,,,,True,"Small pity around 50 per cycle, but repeated off-banner results.",-2.0,"150 pulls, three pities, all off-rate; very poor UP reliability.",,,,,,,,,,,,,,,
38101433,,,,,,,,,,,,,,,,,,,,,,,,,,,,,,,,,,,,,,,,,
38101252,True,Heavily sexualized art in other regions; CN version censored and no anti-censor available.,"Power-based, 'one slash 999' style with minimal gameplay depth.",-2.0,Described as a flashy browser-like game relying on power stacking and fragments.,,,,,,,,,,,,,,,,,,,,,,-2.0,Many overlapping fragment systems and paywalls make non-spender progress extremely hard.,-2.0,"Aggressive monetization across weapons, gear, artifacts, and duplicates.",,,,,,,,,,,Claims of deceptive 'anti-censor' promises and heavy fragment-based progression.
38101248,,,Battles can be skipped starting at Chapter 3; PvP is limited.,1.0,Skip reduces time spent in stages; user likes this QoL.,,,,,,,,,,,,,,,,,,,,,,,,,,,,,,,,,,,,PvP content feels lacking.
38101198,,,Basic turn-based; early dungeons are easy but later are very hard.,-1.0,Early game is straightforward; later content becomes frustrating.,,,,-2.0,Difficulty spikes after Chapter 30; stringent chapter gates for self-select 10-pulls.,,,,,,,,,,,,,True,Nearly always hitting pity; small pity ~50; weapon banner requires both maxed unit and weapon.,-2.0,High cost of character and weapon dupes; frequent pity hits.,,,,,-2.0,Diamonds scarce; gold insufficient for upgrades; weapon/char dupes are costly.,,,,,,,,,
38101061,,,,,,,,,,,,,,,,,,,,,,,,,,,,,,,1.0,"Launch welfare allowed for a burst of pulls early, though interest faded quickly.",,,,,,,,,
38100355,True,Relies on sexualized art; CN version censored.,,,,,,,,,,,,,,,,,,,,,,,,,,,,,,,,,,,,,,,
38099492,,,,,,,,,-1.0,Must progress story to unlock initial SSR selection.,,,,,,,,,,,,,,,,,,,,,-1.0,Launch freebies are scarce; SSR self-select requires clearing stages.,,,,,,,,,
38099241,True,Censored character art.,,,,,,,,,,,,,,,,,,,,,,,,,,,,,,,,,,,,,,,Heavy daily routine across multiple sweep modes; high complexity in intimacy and growth systems.
38097178,,,,,,,,,,,,,,,,,,,,,,,,,,,,,,,,,,,,,,,,,
38096897,,,,,,,,,,,,,,,,,,,,,,,True,UP banner reportedly has a 250-pull hard pity.,-2.0,Very high pity threshold and heavy power gap.,-2.0,Non-spenders have no viable experience; early PvP is dominated by whales.,-2.0,Huge gap between paying and non-paying players.,,,,,,,,,,,
38096602,,,,,,,,,,,,,,,,,,,,,,,,,,,,,,,,,,,,,,,,,Proliferation of private servers within days of launch; poor enforcement.
38095957,True,Censored art; loss of fanservice appeal.,,,,,,,,,,,,,,,,,,,,,,,,,,,-2.0,"Stamina constraints, many materials, cross-server PvP, and monetized events frustrate progress.",-1.0,Event shops feel impossible to clear without spending.,,,,,,,,,Stamina stingy; too many upgrade materials; cross-server PvP increases pressure.
38095591,,,,,,,,,,,,,,,,,,,,,,,,,-2.0,Bad pull experiences with frequent off-banner results.,,,-2.0,Frequent pities or off-banners make spending feel like a donation.,-1.0,Launch welfare is low; small spend yields little benefit.,,,,,,,,,
38095239,,,,,,,,,1.0,"By level 32, can form a complete team and enter 'maintenance' mode.",,,,,,,,,,,,,,,,,,,,,,,,,,,,,,,
38095123,,,,,,,,,,,,,,,,,,,,,,,,,-2.0,Low probabilities and off-banner results hurt gacha experience.,,,,,,,,,,,,,,,
38094738,,,,,,,,,,,,,,,,,,,,,,,,,,,,,,,,,,,,,,,,,
38046815,,,"Has skip and sweep early, but many later modes cannot be skipped, increasing playtime.",-1.0,"Initially convenient, but later daily grind grows without skip options.",,,,,,,,,,,,,,,,,,,,,,,,,,-1.0,Daily income drops after the first week; takes days to save for a 10-pull.,,,,,,,,,Not suitable as a lightweight side game due to unskippable modes.
38094021,True,Censorship with no way to revert (no anti-censor).,,,,,,,,,,,,,,,,,,,,,,,,,,,,,,,,,,,,,,,
38093982,,,,,,,,,,,,,,,,,,,,,,,,,,,,,,,,,,,,,,,-2.0,Consumed ~2.9 GB of mobile data in ~2 hours; likely heavy background downloads.,
38054637,,,,,,,,,,,,,,,,,,,,,,,,,,,,,-2.0,Extremely heavy monetization; alleged paid reviews.,-2.0,Rewards are too few and hard to obtain.,,,,,,,,,Accusation of buying positive reviews.
38093901,,,,,,,,,,,,,,,,,,,,,,,,,,,,,,,,,,,,,,,,,
38093474,,,,,,,,,,,,,,,,,,,,,,,,,,,,,,,,,,,,,,,,,No skip for many actions; constant tapping makes the game feel exhausting.
38093244,,,,,,,,,-2.0,Stuck by Chapter 25 without spending.,,,,,,,,,,,,,True,User frequently hits pity on pulls.,-2.0,Always hitting pity suggests poor value; heavy fragment gating.,,,,,-2.0,"Extreme fragment requirements (e.g., 500 per piece) and heavy grind.",,,,,,,,,
38092964,,,Mostly idle and number-check gameplay with minimal manual input.,-1.0,Little operation; reliance on cumulative stat systems.,,,,,,,,,,"Stat systems (gallery, furniture, skins, intimacy) plus guild battles and arena.",False,0.0,Many systems but straightforward stat stacking.,-2.0,Event currency and secondary modes have low yields; many paid add-attempts.,,,,,,,-1.0,Skins and other systems grant stats; paying boosts progression noticeably.,-2.0,Aggressive upselling and pay-to-increase attempts.,-2.0,Event currency is low; many modes give meager rewards.,,,,,,,,,
38092817,,,,,,,,,-1.0,Main story becomes difficult around Chapter 20; frequent multi-day blocks later.,,,,,,,,,,,,,,,,,,,-1.0,Progress feels tied to spending due to stamina and difficulty.,-1.0,Diamonds trickle in small amounts; action points insufficient for all tasks.,,,,,,,,,
38092776,,,,,,,,,,,,,,,,,,,,,,,,,,,1.0,Claims zero-spend can progress with codes and early freebies by raising power.,,,1.0,Early exchange codes and free pulls enable several SSRs.,,,,,,,,,
38092638,,,,,,,,,-1.0,Self-select 10-pull unlocked at Ch.3 but redeemable only at Ch.7.,,,,,,,,,,,,,,,,,,,,,-1.0,Free 10-pull is gated and delayed behind chapter progress.,,,,,,,,,
38092230,,,,,,,,,-1.0,Must push chapters to claim welfare; rewards tied to progression.,,,,,,,,,,,,,,,,,,,,,-1.0,Freebies require chapter progression to unlock.,,,,,,,,,
38039248,True,Game's only appeal is spicy art; CN version is censored.,,,,,,,,,,,,,,,,,,,,,,,,,,,-2.0,Most resources are placed into paid bundles; must open wallet to continue.,-2.0,Event currency is scarce; no stable diamond income for F2P.,,,,,,,,,
38091885,,,,,,,,,,,,,,,,,,,,,,,,,,,,,,,,,,,,,,,,,Music/VA praised but ultimate skill CGs are very blurry; overall graphics feel poor.
38091287,,,,,,,,,,,,,,,,,,,,,,,,,,,,,,,1.0,Skins can be obtained via diamonds to skin-voucher exchange; considered fair.,,,,,,,,,
38090652,,,,,,,,,-1.0,Stuck at Chapter 25 after a day; rewards locked behind main story progress.,,,,,,,,,,,,,,,0.0,"Pull rates felt okay after small spend, but '100 pulls' claim feels misleading.",,,,,-1.0,Some email rewards require main story progression to claim.,,,,,,,,,Email rewards gated by campaign progress.
38090322,,,,,,,,,,,,,,,,,,,,,,,,,,,-2.0,Zero-spenders cannot survive; micro-spenders struggle.,-2.0,Game is filled with monetization points to ensure whales have places to spend.,,,,,,,,,,,
38090308,,,,,,,,,-1.0,"Early rewards only become claimable after several chapters (e.g., Ch.6–7).",,,,,,,,,,,,,,,,,,,,,-1.0,Initial welfare is effectively gated; '100-pull' marketing underdelivers.,,,,,,,,,Onboarding locks freebies behind chapters.
38083738,,,,,,,,,,,,,,,,,,,,,,,True,"Character UP: 50 small pity, 250 hard pity; weapon: 30-pull pity with no hard pity; artifacts: fragment-based, no pity.",-2.0,High hard pity and no hard pity on weapon/artifact systems; poor value.,,,-2.0,Many monetization hooks and account-locked redemption codes.,-2.0,Approx. 5800 gems + 10-pull per month under ideal conditions; many constraints and tasks reduce practicality.,,,,,,,,,Codes locked to account (not region); some fights intentionally block progress.
37601976,True,Censored artwork.,,,,,,,-2.0,Rewards require clearing chapters but progression is blocked without more pulls.,,,,,,,,,,,,,,,,,,,-2.0,Players feel forced to pay when stuck.,-2.0,Free pull and reward access require chapter gates.,,,,,,,,,
38088313,,,,,,,,,,,,,,,,,,,,,,,,,,,-2.0,Exclusive P2W skins/badges grant permanent % stats; ranking rewards favor spenders.,-2.0,Many monetization points and early limited banners; power is pay-driven.,,,,,,,,,,,All modes have ranking rewards with massive gaps.
38088014,,,,,,,,,-1.0,Noticeable difficulty spikes after mid-chapters for non-spenders.,,,,,,,,,,,,,,,-2.0,Repeated hard pities and few opportunities to pull.,-2.0,QoL (10x speed) gated by spending; frequent pay prompts.,-2.0,Activities and draws limited without paying; frequent pity streaks.,-1.0,Few daily pulls; many diamond sinks limit F2P experience.,,,,,,,,,
38086668,,,,,,,,,,,,,,,,,,,,,,,,,-2.0,Consistent pities and off-banners; claims of 'lock card' behavior.,,,-2.0,Perceived predatory gacha and misleading freebies.,-2.0,Self-select pulls require reaching Chapter 50 and are very limited.,,,,,,,,,Alleged 'lock card' mechanism causing constant pities and off-rate.
38086688,,,Primarily power-stacking; low gameplay depth.,-1.0,Overloaded UI and red dots; combat boils down to power checks.,,,,,,,,,,,,,,,,,,,,1.0,Pull resources feel plentiful and 'satisfying' despite design criticisms.,,,,,,,,,,,,,,,
38086435,,,,,,,,,,,,,,,,,,,,,,,,,,,,,-2.0,Forced tutorial and aggressive monetization; predicted short lifecycle.,,,,,,,,,,,Strongly forced onboarding instructions.
38085952,,,,-2.0,User found no fun at all; experience felt like torture.,,,,,,,,,,,,,,,,,,,,,,,,,,,,,,,,,,,,
38085786,,,,,,,,,-1.0,Must clear multiple chapters before receiving promised freebies.,,,,,,,,,,,,,,,,,,,,,-1.0,Rewards start being handed out only after Chapter 7.,,,,,,,,,
38085626,,,,,,,,,-1.0,Event and reward gates tied to deep progression.,,,,,,,,,,,,,,,,,-1.0,Event progression requires an 18 RMB payment to unlock later 'free' rewards.,-2.0,Very stingy diamonds and heavy gating of event rewards.,-2.0,Third self-select 10-pull locked to Chapter 50; very low generosity.,,,,,,,,,Very few active guilds early on.
38085476,,,,,,,,,,,,,,,,,,,,,,,,,,,,,-2.0,Many spending points; low free resource flow.,-2.0,Resources are hard to get; codes didn’t work; welfare decreased.,,,,,,,,,Redemption codes reportedly unusable.
38085360,,,,,,,,,,,,,,,,,,,,,,,True,Reports a 250-pull hard pity.,-2.0,Very poor gacha experience with extremely high hard pity.,,,,,-2.0,Perceived welfare downgrade in CN server.,,,,,,,,,
38033903,True,Loss of anti-censor option; censored assets.,,,,,,,,,,,,,,,,,,,,,True,Hard pity at 250 pulls.,-1.0,High hard pity reduces value; removal of anti-censor reduces appeal.,,,,,,,,,,,,,,,
38084861,,,,,,,,,-2.0,Free 100-draws are gated to chapters 7 and 20 and you can only keep one 10-pull from each batch.,,,,,,,,,,,,,,,,,,,,,-1.0,Free pulls exist but are heavily gated and subject to heavy off-rate duplicates.,,,,,,,,,
38084822,,,,,,,,,,,,,,,,,,,,,,,,,,,,,,,,,,,,,,,,,
38084819,,,,,,,,,,,,,,,,,,,,,,,,,,,,,,,,,,,,,,,,,
38084677,,,,,,,,,,,,,,,,,,,,,,,,,,,-2.0,"Farming, campaign, arena, and events require spending; F2P can only look at the poster girl.",-2.0,Heavy pay-to-win; leaderboards filled with 'official' accounts.,,,,,,,,,,,Claims of official accounts topping rankings.
38084238,,,Turn-based combat without skip early on.,-1.0,Annoyed that battles can’t be skipped.,,,,-1.0,A reward ticket can’t be used until chapter 4.,,,,,,,,,,,,,,,,,,,,,,,,,,,,,,,
38084211,,,,,,,,,,,,,,,,,,,,,,,,,,,,,,,,,,,,,,,,,"Requests: non-duplicate early 100-draw selection, pity for artifacts, limit golds per multi, reduce main pity to 3 off-rate, make protagonist switch factions, expand guild/friend caps, add (cross-server) balanced PvP modes, add SSR shards per chapter."
38084025,,,,,,,,,,,,,,,,,,,,,,,,,,,,,-1.0,Too many recharge screens.,,,,,,,,,,,Star-up progression feels too hard.
38083987,,,,,,,,,-1.0,Second 100-draw claim is gated to chapter 20.,,,,,,,,,,,,,,,,,,,,,,,,,,,,,,,Daily 10-pull uses a different pool than standard pulls.
38083377,,,,,,,,,-1.0,Free pulls are gated behind progression.,,,,,,,,,,,,,,,,,,,-2.0,Pushes discount coupons instead of substantive rewards.,-2.0,“100 draws” is just ten 10-pull chances and cannot be claimed immediately; mailbox empty; gives discount coupons.,,,,,,,,,
38083516,,,,,,,,,-2.0,Severe difficulty spikes; 300k power feels paper-thin.,,,,,,,,,,,,,,,,,-2.0,Dungeons are too hard; self-pick at chapter 50; zero-spend cannot progress.,-2.0,Feels designed to force spending.,,,,,,,,,,,
38083193,True,Sexual content/fanservice toned down (censorship) and chibi battle art.,Old-school turn-based gacha with chibi battle units.,-2.0,Worse than similar games; boring and flooded with SSRs to collect.,,,,,,,,,,,,,,,,,,,,,,,,,,-1.0,Welfare is low compared to peers.,,,,,,,,,
38082589,,,,,,,,,-1.0,Freebies locked behind early chapters.,,,,,,,,,,,,,,,,,,,-2.0,Cash-grab vibe; first screen emphasizes first top-up.,-2.0,“100 pulls” gated to chapter 10 and only one 10-pull selectable.,,,,,,,,,
38081905,,,,,,,,,,,,,,,,,,,,,,,,,,,-2.0,Non-paying players stall out; later progression feels like 'prison'.,-2.0,Many recharge entries and minimal welfare.,-2.0,Free rewards are scarce.,,,,,,,,,
38081743,,,,,,,,,,,,,,,,,,,,,,,,,,,,,-1.0,Retention tactics around tutorials/self-selects feel forced.,-2.0,Reluctant to give welfare; experience relies on pure power stacking.,,,,,,,,,
38081346,,,,,,,,,-1.0,Can’t draw characters unless you push story; feels like a power game.,,,,,,,,,,,,,,,,,,,,,,,,,,,,,,,
38080654,,,,,,,,,-1.0,You have to clear stages to claim gacha.,,,,,,,,,,,,,,,,,,,,,,,,,,,,,,,
38079529,True,Sexualized fanservice used as the selling point.,,,,,,,-1.0,Newbie self-select locked until chapter 3 and claimed at chapter 10; later repeats.,,,,,,,,,,,,,,,,,,,,,-1.0,Free draws are heavily gated.,,,,,,,,,
38079012,,,,,,,,,,,,,,,,,,,,,,,,,,,,,,,,,,,,,-2.0,Game occupies a lot of storage space.,,,
38078982,,,,,,,,,,,,,,,,,,,,,,,,,,,,,,,,,,,,,,,,,Heavy forced story early; later gacha feels low-rate.
38077339,,,,,,Codex/collection unlocks grant global stats even without deploying units.,-2.0,Progress and power tied to collection quantity over tactics.,,,,,,,,,,,,,,,,,,,,,-2.0,Design incentivizes spending to fill the codex.,,,,,,,,,,,
38077086,True,Censored sexualized parts; requests reconsideration.,,,,,,,,,,,,,,,,,,,,,,,,,,,,,-1.0,Asks for more welfare.,,,,,,,,,
38076928,,,"Old-school turn-based, stat-check-focused combat.",-2.0,Feels like pure power stacking with little gameplay.,Furniture provides attributes; systems tie everything to power.,-2.0,Focus is on raising numbers rather than tactics.,,,,,,,,,,,,,,,,,,,,,-2.0,Deceptive '100 free pulls' and heavy monetization; presence of apparent booster accounts.,-2.0,Promised freebies are gated/limited.,,,,,,,,,Reports of boosted accounts hitting max-star SSR within an hour.
38076719,,,,,,,,,-2.0,Had to push multiple stages just to draw; poor early experience.,,,,,,,,,,,,,,,,,-2.0,Early draws feel paywalled; daily ten-pull locked behind long progression.,,,-1.0,Little to nothing obtained from early pulls.,,,,,,,,,
38076195,True,Sexualized art is more covered in CN but still present.,,,,,,,,,,,,,,,,,,,,,,,,,,,,,0.0,Overall welfare isn’t tiny but is gated by thresholds.,,,,,,,,,
38075568,,,Classic auto card-battler; daily ten-pull is a low-rate friendship pool.,-2.0,Gameplay feels entirely in service of stats.,Cumulative recharge grants SSR; furniture adds power.,-2.0,"Progress tied to monetization and stat boosts, not tactics.",,,,,,,,,,,,,,,,,,,,,-2.0,Cumulative top-up rewards push spending.,-1.0,Daily ten-pull has low value.,,,,,,,,,
38075486,,,,,,,,,,,,,,,,,,,,,,,,,,,,,-2.0,“Data exchange” event locks 'free' rewards behind buying the previous tier.,-2.0,Gives discount coupons; 'free' event tiers require purchases.,,,,,,,,,Event UI mislabels paid-gated tiers as free.
38074518,,,,,,,,,,,,,,,,,,,,,,,,,,,-2.0,Many monetization points; nested resources and tedium make F2P hard.,,,,,,,,,,,,,
38074259,,,,,,,,,,,,,,,,,,,,,,,,,,,,,,,,,,,,,,,,,Customer support unreachable (phone number invalid); cannot unbind phone after spending; accuses company of scamming.
38074237,,,,,,,,,,,,,,,,,,,,,,,,,,,,,-2.0,Perceived as pure pay-to-win with no gameplay depth.,,,,,,,,,,,
38034350,,,,,,,,,,,,,,,,,,,,,,,,,,,,,,,,,,,,,,,,,Skin visibility issue: others see base art when a skin is equipped; requests dynamic art on result screens.
38007904,True,Sexual content removed in CN version (no anti-censorship).,,,,,,,,,,,,,,,,,,,,,,,,,,,,,-2.0,Welfare is sparse and inconsistent; no anti-censorship.,,,,,,,,,
38073011,True,Suggestive/sexualized art.,,,,,,,-1.0,Self-select ten-pull requires pushing to chapter milestones.,,,,,,,,,,,,,,,,,,,,,-2.0,Welfare is poor; self-select ten-pull gated to chapters 3 and 10.,,,,,,,,,
38072935,,,,,,,,,,,,,,,,,,,,,,,,,,,,,,,,,,,,,,,,,
38072869,,,,,,,,,,,,,,,,,,,,,,,,,,,1.0,Playable F2P; small spending improves comfort.,,,,,,,,,,,,,
38072851,,,,,,,,,,,,,,,,,,,,,,,True,Rate-up guarantee triggers after four off-banner SSRs; the fifth SSR is guaranteed UP.,,,,,,,,,,,,,,,,,
38072629,,,,,,,,,,,,,,,,,,,,,,,,,,,,,,,,,,,,,,,,,
38072456,,,,,,,,,,,,,,,,,,,,,,,,,,,-2.0,F2P/low spenders can’t keep up with strength.,,,,,,,,,,,,,
38071787,,,,,,,,,,,,,,,,,,,,,,,,,,,,,-2.0,Game is flooded with paid bundles; non-spenders get little from daily sources.,-2.0,Daily resource output is negligible without spending.,,,,,,,,,
38070997,True,Sexualized depiction of large breasts; anime-style dramatic dialogue.,,,,,,,,,,,,,,,,,,,,,,,,,,,,,,,,,,,,,,,
38070891,True,Art heavily censored in CN.,,,,,,,,,,,,,,,,,,,,,,,,,,,-1.0,Many monetization bundles; requires significant daily grind.,,,,,,,,,,,
38070730,,,,,,,,,,,,,,,,,,,,,,,,,,,,,,,,,,,,,,,,,
38070722,,,Primitive stat-driven gameplay.,-2.0,Only the art is decent; ladders and 'glory boards' emphasize monetization.,,,,,,,,,,,,,,,,,,,,,,,,-2.0,Multiple monetized rankings indicate P2W.,,,,,,,,,,,
38070712,,,,,,,,,-1.0,High difficulty combines with poor rewards.,,,,,,,,,,,-1.0,Few events and little welfare since launch.,,,,,,,,,-2.0,Diamonds from tasks are scarce; low pull rates.,,,,,,,,,
38070544,,,,,,,,,,,,,,,,,,,,,,,,,,,,,-2.0,Pushes real-cash discount coupons and outdated recharge UI.,,,,,,,,,,,
38070319,,,,,,,,,,,,,,,,,,,,,,,,,,,-2.0,Power gap enormous between spenders and non-spenders.,-2.0,Overt 'give me money' monetization.,,,,,,,,,,,
38070078,True,Censored art in CN; event progression locked behind payments.,,,,,,,,,,,,,,,,,,,,,,,,,,,-2.0,An event requires spending to continue progress.,,,,,,,,,,,Suggests separating paid and free tracks; sees no highlights in CN version.
38069621,,,,,,No noticeable synergistic team combos.,-1.0,Early experience feels shallow; stamina drains quickly.,,,,,,,,,,,,,,,,,,,,,,,,,,,,,,,,,
38069425,,,,,,,,,,,,,,,,,,,,,,,,,,,,,-2.0,Paywalled event by day 3; frequent off-banner pulls.,-1.0,Minimal welfare.,,,,,,,,,
38069084,,,,,,,,,,,,,,,,,,,,,,,,,,,,,,,,,,,,,,,,,
38037217,True,Censored sexual content in CN release.,Fully automated combat with one-click skip.,-2.0,Little combat engagement.,,,,-2.0,Free draws require passing stage 10 and stamina is insufficient.,,,,,,,,,,,,,,,,,,,-2.0,Numerous recharge events.,-1.0,Free pulls are gated behind progression.,,,,,,,,,
38068132,,,"Fully auto, power-check combat.",-2.0,Game plays itself; pay to progress.,,,,,,,,,,,,,,,,,,,,,,,,-2.0,Minimal welfare; monetization-first design.,-2.0,Free rewards are meager.,,,,,,,,,Low population; world chat full of ads; frequent guild kicks; poor graphics.
38067906,,,,,,Strategy depth is low; pure number checks.,-2.0,Aims for a strategic feel but lacks it compared to peers.,,,,,,,,,,,,,,,,,,,,,,,,,,,,,,,,,
38066997,,,,,,,,,,,,,,,,,,,,,,,,,,,,,,,,,,,,,,,,,
38066485,True,No anti-censorship; sexual content toned down.,,,,,,,,,,,,,,,,,,,,,True,"UP pool: target is ~40% of SSRs; small pity every 50 pulls; hard pity at 250 pulls; multiple pools (weapon, artifact, pets).",,,,,,,-2.0,Resources mainly come from monthly cards; free income is scarce.,,,,,,,,,
38066133,,,,,,,,,,,,,,,,,,,,,,,,,,,-2.0,Without paying you get very few pulls; progression tied to power.,-2.0,Designed around whales; small-spend feels powerless.,-2.0,"After the early game, F2P has almost no ticket income; daily ≤5 pulls without monthly.",,,,,,,,,
38066039,,,,,,,,,,,,,,,,,,,,,,,,,,,,,,,,,,,,,,,,,"Only a few characters have ultimate animations; most lack them, hurting feel."
38065519,,,,,,6-hero + 4-artifact + 3-beast template team-building.,,,,,,,,,,,,,,,,,,,,,,,,,,,,,,,,,,,Perceived as a reskin of 少年三国志2.
38064587,,,,,,,,,,,,,,,,,,,,,,,,,,,,,,,,,,,,,,,,,Official channels retract messages; accusations of shills; dead server within 3 days; PVP ranking inflation early.
38064540,True,Promised anti-censorship used as bait.,"Idle, power-stacking gameplay.",-2.0,"No real gameplay, just numbers.",,,,,,,,,,,,,,,,,,,,,,,,-2.0,Felt bait-and-switch on content and monetization.,,,,,,,,,,,
38064382,,,,,,,,,,,,,,,,,,,,,,,,,,,,,,,-1.0,Welfare low and resources slow; roughly one gold per ~30 pulls.,,,,,,,2.0,Fast in-map loading and good optimization.,
38064349,,,,,,,,,-1.0,Self-select draws must be claimed after more stage progress.,,,,,,,,,,,,,,,,,,,,,-1.0,Doesn’t let you draw early like most games.,,,,,,,,,
37950381,True,No anti-censorship; relies on sexualized art to attract players.,,,,,,,,,,,,,,,,,,,,,,,,,,,-2.0,Artifacts/pets layers drive monetization; minimal freebies.,-2.0,Gifts too little; pre-draw event criticized.,,,,,,,,,
38063948,True,Relies on lewd AI-like artwork; only art focus.,,,,,,,,,,,,,,,,,,,,,,,,,,,,,,,,,,,,,,,Critiques use of AI-like art for sexualized content.
38063201,True,Borderline lewd artwork; gameplay nearly zero.,,,,,,,,,,,,,,,,,,,,,,,,,,,-2.0,Feels like a cash-grab.,,,,,,,,,,,
38062763,,,,,,,,,,,,,,,,,,,,,,,,,,,,,,,,,,,,,,,,,Accusations of astroturfing/fake reviews and rating manipulation.
38062645,True,Promised anti-censorship not delivered.,,,,,,,-1.0,Self-select 10-pull placed too late to matter.,,,,,,,,,,,,,,,,,,,,,,,,,,,,,,,Ops unresponsive; overall quality low.
38062577,,,,,,,,,,,,,,,,,,,,,,,,,,,,,-2.0,Both grindy and pay-heavy.,-2.0,Welfare very low and rates low.,,,,,,,,,
38062462,,,,-1.0,Combat feels sluggish/messy; led to uninstall.,,,,-1.0,Must clear chapter 7 to get a ten-pull; battle pacing is tedious.,,,,,,,,,,,,,,,,,,,,,,,,,,,,,,,
38062356,,,,,,,,,,,,,,,,,,,,,,,,,,,,,,,,,,,,,,,,,Works as a time-killer with skip but lacks anything impressive for today’s market.
38062342,True,Harem/waifu-oriented interactions.,,,,,,,,,,,,,Casual waifu/harem companionship loop.,False,1.0,Low time investment; focus on spending time with characters.,,,,,,,,,,,,,,,,,,,,,,,
38061800,True,Characters remain somewhat sexy despite censorship.,,,,,,,-1.0,Self-select draws and chapters gated by level.,,,,,,,,,,,,,,,,,0.0,F2P is playable but grindy and frustrating.,-1.0,Obvious push to spend via events/difficulty.,0.0,Welfare is middling and gated; enough to reach pity.,,,,,,,,,Requests one-click claim for tasks; notes devs say they listen.
38040330,,,,,,,,,,,-2.0,Strength balance is poor; only by spending can you stack enough power.,,,,,,,,,,,,,,,-2.0,Resources insufficient without paying.,,,,,,,,,,,,,
38061013,,,Auto combat with 3x speed from start; mob stages can be skipped; daily one ten-pull.,1.0,"Quality-of-life like speed, skip, and lossless gear swap make it smooth.",,,,,,,,,,Daily idle check-in to collect resources and interact with waifus.,False,1.0,"After day 1, only ~20 minutes per day needed.",1.0,Steady daily income from idle/dailies.,1.0,Quick adjustments (moved chapter gates for ten-pulls) and compensation (+20 pulls).,,,,,,,-1.0,"Gates encourage spending, though micro-spend feels comfortable.",0.0,Launch welfare is gated but partially compensated.,,,,,,,,,
38060528,True,Relies on sexy art; asks for anti-censorship.,,,,,,,,,,,,,,,,,,,,,,,,,,,-1.0,Complex growth and event gates push spending.,-1.0,Welfare not much; high thresholds push pulling for power.,,,,,,,,,
38059863,,,,,,,,,,,,,,,,,,,,,,,,,,,,,,,,,,,,,,,,,
38059720,,,,2.0,Reports high gacha rates.,,,,,,,,,,,,,,,,,,,,,,,,,,,,,,,,,,,,Stamina is insufficient; requests more stamina.
38059487,True,Art edited and censored in CN.,,,,,,,,,,,,,,,,,,,,,,,,,,,-1.0,Welfare includes discount coupons rather than real rewards.,-1.0,Rewards feel stingy/ill-conceived.,,,,,,,,,
38059180,True,Removed sexual fanservice in CN.,,,,,,,,,,,,,,,,,,,,,,,,,,,,,-2.0,Welfare reduced alongside censored art; little reason to play.,,,,,,,,,
38058964,,,,-1.0,Later stages are a hard grind even at 3x speed.,,,,,,,,,,,,,,,,,,,,,,,,,,,,,,,,,,,,
38058074,,,Turn-based combat.,-1.0,Feels boring with monetization prompts.,,,,,,,,,,,,,,,,,,,,,,,,-1.0,Induces recharges.,,,,,,,,,,,
38058023,,,,,,,,,,,,,,,,,,,,,,,,,,,,,-2.0,“Data exchange” event forces buying prior tier to claim 'free' rewards.,-2.0,Event structure makes 'free' rewards effectively paid.,,,,,,,,,
38057076,,,,,,,,,,,,,,,,,,,,,,,,,,,,,-2.0,Paying a few hundred buys top rankings; spending directly boosts experience.,,,,,,,,,,,
38057024,,,,,,,,,,,,,,,,,,,,,,,,,,,,,-2.0,Everything boosts power; whales outpace; rolling servers are used.,,,,,,,,,,,
38056839,,,,,,,,,,,,,,,,,,,,,,,,,,,-2.0,"Outside of lucky players, F2P can’t play well.",,,,,,,,,,,,,
38056799,True,Overseas had lewd content; CN removed it; playability absent.,,,,,,,,,,,,,,,,,,,,,,,,,,,,,,,,,,,,,,,
38056351,,,,,,,,,-1.0,Draws are locked behind lengthy chapter progression.,,,,,,,,,,,,,,,,,,,-2.0,Feels like a cash-grab preparing to run.,-2.0,Newbies get discount coupons instead of items; 10-pull gated to later chapters.,,,,,,,,,
38055521,,,,,,Codex collection increases power.,,,,,,,,,,,,,,,,,,,,,,,,,,,,,,,,,,,Claims rates are acceptable; skins can be farmed; counters negative reviews.
38055253,,,,,,,,,,,,,,,,,,,,,,,,,,,,,,,,,,,,,,,,,
38055097,,,,,,,,,-1.0,High stage difficulty; hard to obtain the promised draws.,,,,,,,,,,,,,,,,,,,,,-1.0,Given pulls are hard to claim.,,,,,,,,,
38055071,,,,,,,,,-2.0,Progression quickly hits a wall after day one.,,,,,,,,,,,,,True,Has pity but can still yield off-banner/undesired results.,,,-2.0,Non-spenders struggle; draw items scarce; main story stalls after day 1.,,,-1.0,Rewards require stage clears to receive.,,,,,,,,,
38055067,,,,,,,,,,,,,,,,,,,,,,,,,,,,,,,,,,,,,,,,,
38054986,,,,,,,,,,,,,,,,,,,,,,,True,Has a pity system but the user reports still missing hits before pity and heavy off-banner results.,,,,,,,,,,,,,,,,,
38054691,,,Turn-based card battler with unskippable ultimate animations and emphasis on raising stats.,-2.0,"Unskippable ult animations, cheap-looking chibi models, and dull number-pushing combat.",,-2.0,Clearing stages relies on stacked stats rather than tactics.,-2.0,Key QoL like skip unlocks very late and 10x speed requires paid permanent card; many basic functions locked.,,,,,Collection/encyclopedia unlocks that directly add combat power.,False,,,2.0,Collection power gains are described as very large.,,,,,,,-2.0,Core QoL (10x speed) paywalled; meaningful strength tied to heavy spending.,-2.0,Described as a pure money sink with strong pay-to-win pressure.,,,,,,,,,,,Strong webgame vibe; models look like big-head dolls.
38054436,,,,,,,,,-1.0,"Gates the free ten-pull behind reaching Chapter 7, harming early flow.",,,,,,,,,,,,,,,,,,,,,-2.0,Launch mail only gave one 10-pull and locked it behind chapter progress; very stingy.,,,,,,,,,
38054421,True,Sexual content referenced via censorship ('harmonization').,,,,,,,-2.0,No stamina refund on level-up and multiple progression bottlenecks.,,,,,,,,,,,,,,,,,,,-2.0,Many monetization points and poor welfare; off-banner due to only 40% rate-up.,-2.0,Welfare called out as bad; many things locked or limited.,,,,,,,,,Optimization issues mentioned.
38054073,,,,,,,,,-1.0,Overlong tutorial for a familiar gameplay style.,,,,,,,,,,,,,,,,,,,,,,,,,,,,,,,
38053996,,,,,,,,,-2.0,Progress gated by stamina and level with few grind options.,,,,,,,,,,,,,,,,,,,-2.0,Perceived as deceptive monetization with tight stamina and level gates.,,,,,,,,,,,
38053898,,,,,,,,,,,,,,,"Affection, furniture, and gallery systems all contribute to combat power.",False,,,2.0,Multiple auxiliary systems directly increase battle stats.,,,,,,,,,-2.0,Too many monetization events combined with very low gacha rates.,,,,,,,,,,,
38044455,True,Sexual content toned down in CN version (added clothing/censorship).,,,,,,,-1.0,Free pulls are locked far into main story progression.,,,,,,,,,,,1.0,Operator responded post-launch and supplemented some welfare.,,,,,,,,,-2.0,Launch welfare perceived as stingy and rewards gated.,,,,,,,,,
38053838,,,,,,,,,-2.0,"Rewards are heavily progress-gated (e.g., self-select 10-pull delayed to stage 60).",,,,,,,,,,,,,,,,,,,-2.0,Free rewards require prior paid unlocks (data exchange).,-2.0,Free reward tracks locked unless earlier paid tiers are purchased.,,,,,,,,,
38053440,,,,,,,,,,,,,,,,,,,,,,,,,,,,,,,,,,,,,,,,,
38053489,,,,,,,,,,,,,,,,,,,,,,,,,,,,,,,,,,,,,,,,,
38053172,,,,,,,,,,,,,,,,,,,,,,,,,,,,,-2.0,Constant pop-up bundles; strong monetization presence.,,,,,,,,,,,Lacks social features; becomes boring quickly despite good character art.
38052738,,,Turn-based combat with little skill uniqueness; progress via stat stacking.,-2.0,Skills lack identity and stages are cleared by raw numbers.,Bond/synergy system (some bond partners unreleased).,-2.0,Strategy called very low; clearing relies on number checks.,-1.0,Limited skip options make it time-consuming.,-2.0,Non-SSR units have negligible output; only a small subset of characters are viable.,,,,,,,,,,,,,,,,,,,,,,,,,,,,,
38052680,,,,,,,,,,,,,,,,,,,,,,,,,,,,,,,,,,,,,,,,,
38052573,,,,,,,,,,,,,,,,,,,,,,,,,,,0.0,Playable without paying but becoming strong requires spending.,,,,,,,,,-2.0,User complains the app consumes too much storage.,,,
38052393,True,Sexualized aesthetics; mentions 'loli' and discomfort with sexualized visuals.,,,,,,,,,,,,,,,,,,,,,,,,,,,,,,,,,,,,,,,Art lacks beauty for the user; little novelty.
38052362,,,,,,,,,,,,,,,,,,,,,,,,,,,,,,,,,,,,,,,,,Persistent screen/display issue over multiple days.
38052341,,,Battles can be skipped in early stages; focus on progressing while managing builds.,1.0,Skippable stages and appealing characters/story improve the feel.,Resource/level inheritance and free resets.,1.0,Build flexibility via free respec and inheritance adds planning depth.,,,,,,,,,,,,,,,,,,,,,,,,,,,,,,,,,
38052289,,,Lacks skip; stage pushing difficulty feels awkward.,-2.0,Unskippable flow and poor visual scaling/resolution hurt the experience.,,,,-1.0,Progression bumps feel uncomfortable.,,,,,,,,,,,,,,,,,,,,,,,,,,,,,,,Screen resolution/scaling issues make the game look low quality.
38052142,,,,,,,,,-1.0,Many rewards locked behind later chapters; frustrating ramp.,,,,,,,,,,,,,True,Reports 50-pull pity; featured rate-up is 40% per SSR with severe off-banner; user states up to four off-banners before hitting the UP.,-2.0,Mentions 150 currency per pull as expensive.,,,-2.0,Perceived cash-grab with heavy reliance on gacha and gated rewards.,-2.0,Promised 100 pulls are pre-selected and locked behind chapter progress.,,,,,,,,,
38052078,,,,,,,,,,,,,,,,,,,,,,,,,,,,,,,,,,,,,,,,,
38052055,,,,,,,,,-1.0,Second round of 100-pull gated to Chapter 25; long cycles.,,,,,,,,,,,,,,,,,-2.0,Multiple must-buy passes (monthly/forever) to smooth experience.,-2.0,Too many monetization points; welfare cycles feel stretched.,-1.0,Welfare is described as reasonable but on a long cycle and progress-gated.,,,,,,,,,
38052039,,,,,,,,,,,-2.0,SRs are useless; SSRs without stars are weak.,,,,,,,,,,,True,Reports a hard pity around 250 pulls; still experienced consecutive pities.,,,,,-2.0,Data exchange 'free' rewards require prior paid purchases.,-2.0,Data exchange free track locked unless paid tiers are bought first.,,,,,,,,,
38051938,True,Sexual content censored in CN version.,,,,,,,-2.0,Extremely slow growth with meager chapter rewards; constant red dots but little meaningful progress.,,,,,,,,,,,,,,,,,,,-2.0,Resource gains far below costs; heavy monetization compared to overseas version.,-2.0,Chapters give less than a pull; very stingy welfare.,,,,,,,,,Aggressive red-dot prompting; rolling servers history noted.
38051802,,,,,,,,,-1.0,Grinding is heavy; limited resources by Chapter 7.,,,,,,,,,,,,,True,"Claims 50-pull weighted pseudo-pity (~3% added), ~0.8% base SSR, 40% UP share; 200-pull hard pity.",,,,,,,-2.0,Daily 10-pull likened to a low-value friendship pool; little practical value.,,,,,,,,,
38051774,True,Sexual content with clothing/censorship differences between servers.,,,,,,,,,,,,,,,,,,,,,,,,,,,,,1.0,CN server perceived as more generous than overseas (more codes and rewards).,,,,,,,,,
38051681,,,,,,,,,,,,,,,,,,,,,,,,,,,,,-2.0,Free rewards require purchasing prior paid tiers.,-2.0,Free track locked behind paid track.,,,,,,,,,
38051611,,,,,,,,,-1.0,Pure battle power race leads to players being removed from top guilds if underpowered.,,,,,,,,,,,,,,,,,-2.0,Non-paying players fall behind quickly in a raw power meta.,-2.0,Described as coercive P2W; either spend or get left behind.,,,,,,,,,,,
38051280,True,Sexual content theme; CN version censored.,Old-school numeric card battler.,-1.0,Dated number-pushing gameplay; art/music/VA unimpressive.,,-2.0,Strategy overshadowed by raw stats and difficult progression.,-1.0,Development paths are many but very difficult; limited-time events tedious.,,,,,,,,,,,,,,,,,,,-2.0,Too many monetization points with poor welfare.,-2.0,Welfare called the stingiest among peers.,,,,,,,,,
38051283,,,,,,,,,-2.0,"Level-ups do not restore stamina and stages give no currency rewards, stalling progress.",,,,,,,,,,,,,,,,,,,,,,,,,,,,,,,Stages reportedly provide no currency rewards.
38051229,True,Sexual content aesthetic; censored in CN reducing appeal.,Number inflation 'legend'-style; spend to see numbers rise.,-2.0,Gameplay and story are boring; enjoyment tied to spending-driven stat growth.,,,,,,,,,,,,,,,,,,,,,,,,-2.0,Heavily pay-driven experience.,,,,,,,,,,,Alleges many positive reviews are botted.
38051212,,,,,,,,,,,,,,,,,,,,,,,,,,,,,,,-2.0,Promised gifts feel misleading/withheld.,,,,,,,,,
38051192,,,,,,,,,-1.0,"Resource gain is slow and grindy, though early freebies help the tutorial phase.",,,,,,,,,,,,,,,,,,,,,,,,,,,,,,,"Guild event can freeze the game, requiring a restart; suggests adding sweep features."
38051105,True,CN version censored compared to overseas.,,,,,,,-1.0,"After heavy play, progress stalls with zero-star SSRs and little improvement.",-1.0,SRs upgraded still worse than 0-star SSRs; SSRs need stars to matter.,,,,,,,,,,,,,,,-2.0,Many conveniences/QoL require purchases.,-2.0,Feels coercive with poor gacha results and gating.,-2.0,Free 10-pulls require pushing story to claim.,,,,,,,,,
38051073,True,CN version censored ('cut content').,Traditional reskinned turn-based chibi card game.,-2.0,Feels generic and lacks gameplay value.,,,,,,,,,,,,,,,,,,,,,,-2.0,10x speed locked behind paid pass.,-2.0,Daily 10-pull marketed like real but akin to low-value friendship pool.,,,,,,,,,,,
38051006,,,Gameplay feels the same as 'Three Kingdoms Fantasy Continent' (turn-based stat battler).,,,,,,,,,,,,,,,,,,,,,,,,,,,,,,,,,,,,,,
38050963,,,,,,,,,-1.0,"Despite spending, pushing story is difficult; rewards like daily 10-pull feel valueless.",,,,,,,,,,,,,,,,,,,-2.0,Heavy bundle spam and low-value promotions.,-2.0,Daily 10-pull pool is full of low-value items; multiple 'choose 10x10' yielded useless picks.,,,,,,,,,Promotional claims (daily 10-pull) feel misleading.
38050584,,,,,,,,,,,,,,,,,,,,,,,,,,,,,,,,,,,,,,,,,Accuses publisher of using paid bots to inflate ratings.
38050123,,,,,,,,,,,,,,,,,,,,,,,,,,,,,,,1.0,Later game provides more gacha resources; improved after an update/package.,,,,,,,,,
38049727,,,,,,,,,,,,,,,,,,,,,,,,,,,,,-2.0,Event rewards require an 18 RMB purchase to unlock the rest.,-2.0,Data exchange event locks all subsequent rewards behind a small payment.,,,,,,,,,
38049716,,,Very similar to 少年三国志2 (turn-based stat battler).,,,,,,,,,,,,,,,,,,,,,,,,,,,,,,,,,,,,,,Frame drops persist.
38049515,,,,,,,,,,,,,,,,,,,,,,,True,Multiple banners hit pity and still went off-banner; '100 pulls' are preselected and require chapter clears to claim.,,,,,,,-2.0,Promised 100 pulls are pre-selected and locked behind progression; rewards are very stingy.,,,,,,,,,
38049471,,,,,,,,,,,,,,,,,,,,,,,True,Featured share ~40% per SSR with a system where after three off-banners the featured is guaranteed.,,,,,-2.0,Full-screen bundle spam; some rewards require payment.,-2.0,Very few freebies and some rewards are paywalled.,,,,,,,,,
38049444,,,Turn-based battles with ultimate animations; raw stats can steamroll content.,-1.0,Ultimate animation frame rate looks low.,Leveling targets positions/slots and can be reassigned without loss; star-rank is per unit; auto-fill for material farming.,0.0,"Some convenient systems, but overall combat is stat-driven.",,,,,,,,,,,,,,,,,,,,,,,,,,,,,,,,,Low perceived frame rate on ultimate animations.
38049401,,,,,,,,,,,,,,,,,,,,,,,,,,,,,,,,,,,,,,,,,
38049170,,,,,,,,,,,,,,,,,,,,,,,,,,,,,,,,,,,,,,,,,
38049138,,,Unskippable opening animation loop hurts onboarding.,-2.0,Unskippable looping animation at start leads to very poor early experience.,,,,,,,,,,,,,,,,,,,,,,,,,,-2.0,Launch mailbox gives discount coupons instead of gacha tickets.,,,,,,,,,
38049051,,,"Supports battle speed-up, story skip, and toggling animations.",2.0,Robust QoL options (speed/skip/disable animations) make it very comfortable.,,,,,,,,,,,,,,,,,,,,,,,,,,,,,,,,,,,,
38048943,,,,1.0,"Good voice acting, appealing art, simple and casual-friendly gameplay.",,,,,,,,,,,,,,,,,,,,,,,,,,,,,,,,,,,,
38048711,,,"Very simple, casual tap-through style.",0.0,Combat and systems feel just okay; nothing stands out.,,-1.0,Overly simple operation suggests low tactical depth.,,,,,,,,,,,,,,,,,,,,,,,,,,,,,,,,,
38048609,,,,,,,,,,,,,,,,,,,,,,,,,,,,,-2.0,Described as a rolling-server cash-grab; off-banner streaks magnify spending pressure.,,,,,,,,,,,
38048357,,,,,,,,,,,,,,,,,,,,,,,,,,,,,-2.0,Heavy bundle spam and misleading 'free 100 self-select' promotion.,-2.0,Promised large freebies called a trap.,,,,,,,,,
38048145,,,Routine stage grinding; straightforward loop.,0.0,Feels okay but map clearing is repetitive.,,,,,,,,,,,,,,,,,,,,,,,,,,,,,,,,,,,,
38048058,,,,,,,,,,,,,,,,,,,,,,,,,,,,,-2.0,Monetization so aggressive even whales would be wary.,,,,,,,,,,,
38048053,,,,,,,,,,,,,,,,,,,,,,,,,,,,,,,,,,,,,,,,,No Chinese voiceover in CN release; visual quality needs optimization; cluttered main UI.
38047867,,,,,,,,,,,,,,,,,,,,,,,,,,,,,,,,,,,,,,,,,Asks about release timing for a specific character; mentions strong DoT and crit synergy.
38047743,,,,,,,,,,,,,,,,,,,,,,,,,,,,,-2.0,Very low rates and perceived cash-grab focus.,,,,,,,,,,,
38047646,True,Sexualized 'boob' focus mentioned; CN version censored.,,,,,,,,,,,,,,,,,,,,,,,,,,,,,,,,,,,,,,,Suggests avoiding gacha due to bad outcomes.
38047113,,,Stat-focused 'number game' wearing an anime veneer.,-1.0,Art style inconsistency and focus on numbers reduce enjoyment.,,,,,,,,,,,,,,,,,,,,,,,,,,,,,,,,,,,,Art style variance across characters is jarring.
38047001,,,,,,,,,-1.0,"Overlong, overly hand-holding tutorial harms the opening experience.",,,,,,,,,,,,,,,,,,,,,,,,,,,,,,,
38046954,,,,,,,,,,,,,,,,,,,,,,,,,,,,,,,,,,,,,,,,,
38046799,True,Sexual content as primary draw but censored in CN.,,,,,,,,,,,,,,,,,,,,,,,,,,,,,,,,,,,,,,,Strong negative reaction to censorship and presentation.
38046584,True,Sexual/fanservice theme but toned down ('can't be lewd').,,,,,,,,,,,,,,,,,,,,,,,,,,,-2.0,Manipulative welfare framing and gated gifts.,-2.0,Promised self-select 10-pull requires clearing many chapters; voucher requires RMB exchange.,,,,,,,,,
38046471,,,,2.0,High-quality visuals/voice and engaging story for the user.,,,,,,,,,,,,,,,,,,,,,,,,,,,,,,,,,,,,
38046401,,,,,,,,,,,,,,,,,,,,,,,,,,,,,-1.0,Voucher-based rewards expire and require spending to realize value.,-1.0,"Some welfare mirrors overseas, but vouchers expire without spending and large-pull promos require progression.",,,,,,,,,
38046161,True,Sexual content noted (comments on lewdness).,,,,,,,,,,,,,,,,,,,,,,,,,,,,,,,,,,,,,,,
38045963,,,,,,,,,-2.0,No stamina refund on level-up and progress requires paying for speed; large power gaps appear quickly.,,,,,,,,,,,,,True,UP pity can still go off-banner; user reports pity then off-rate.,,,-2.0,Non-spenders cannot raise combat power competitively.,-2.0,Heavy spending required to keep up; otherwise progress stalls.,,,,,,,,,,,
38045914,,,,1.0,Simple stages and decent welfare for the user.,,,,,,,,,,,,,,,,,,,,,,,,,,1.0,Welfare perceived as acceptable.,,,,,,,,,
38016172,,,Very similar to 少年三国志2 with support and faction bonuses.,-1.0,Feels like an old design and extremely stingy early gacha access.,,,,-1.0,Early chapter clears give very few gems/tickets; daily 10-pull unhelpful.,,,,,,,,,,,,,,,,,,,-1.0,Game resists comfortable early play unless you pay.,-2.0,"Minimal gacha tickets, daily 10-pull of low value; very stingy for launch.",,,,,,,,,
38045675,True,Some character art censored in CN.,"Turn-based with team comps (e.g., burn team) and smooth 60 FPS in CN.",2.0,Smooth 60 FPS and satisfying team-building made stage pushing comfy.,"Build-focused team comps (e.g., early burn team).",1.0,Some depth in team-building and synergies.,,,,,,,,,,,,,,,,,,,,,,,1.0,Daily 10 pulls and better value on character/weapon banners benefit small spenders.,,,,,,,,,
38045184,,,,,,,,,-1.0,Very long tutorial and limited gameplay variety.,,,,,,,,,,,,,,,,,,,,,,,,,,,,,,,Cannot delete account.
38045107,,,,,,,,,,,,,,,,,,,,,,,,,,,,,,,,,,,,,,,,,
38033608,,,,,,,,,-2.0,Almost everything is progress-gated; early resources are meager.,,,,,,,,,,,,,,,,,,,,,-2.0,Self-select ten-pulls are weak and locked until Chapter 10 or later; permanent daily 10-pull unlocks late.,,,,,,,,,Accuses operator of using water army for reviews.
38044936,True,"Sexual content alluded to ('se-se', 'adult games' comparison).",,,,,,,,,,,,,,,,,,,,,,,,,,,-1.0,Welfare described as mere 'alms' and progress tuned to slow non-spenders.,-2.0,"Gives tiny, low-value welfare.",,,,,,,,,
38044686,,,Monotonous combat loop with little distinguishing features.,-1.0,Gameplay felt bland; post-tutorial flooded with discount bundles.,,,,,,,,,,,,,,,,,,,,,,,,-2.0,Aggressive bundle push immediately after tutorial.,,,,,,,,,,,
38044643,,,,1.0,Good audiovisual presentation and decent early gacha luck.,,,,,,,,,,,,,,,,,,,,,,,,,,0.0,Asks for more welfare despite acceptable start.,,,,,,,,,
38044612,,,,,,,,,,,,,,,,,,,,,,,,,,,2.0,Claims no need to pay as welfare is abundant.,,,2.0,States that freebies are plentiful.,,,,,,,,,
38044598,,,,,,,,,,,,,,,,,,,,,,,,,,,,,,,,,,,,,,,,,
38044561,,,,2.0,Highly enjoyable experience for the user.,,,,,,,,,,,,,,,,,,,,,,,,,,,,,,,,,,,,
38044421,,,Turn-based with tower and PvP; tower cannot be skipped; 10x speed gated behind monthly pass.,0.0,Standard loop; QoL like 10x speed is paywalled.,Position-based cultivation with transferable levels; star rank per unit.,1.0,Flexible cultivation via slot-based leveling; long-term star chase.,,,,,,,,,,,,,,,,,,,-1.0,Some QoL (10x speed) requires a pass.,-1.0,Resources feel tighter than in similar titles.,-1.0,Resource income lower than peers; self-select ten-pulls considered useless.,,,,,,,,,Tower mode lacks skip despite being repetitive.
38044149,,,,,,,,,,,,,,,,,,,,,,,,,,,,,-2.0,Known for aggressive monetization patterns.,,,,,,,,,,,
38044072,True,Sexual content toned down (added clothing).,,-1.0,Character actions/animation feel silly.,,,,,,,,,,,,,,,,,,,,,,,,,,-2.0,Welfare perceived as extremely stingy.,,,,,,,,,
38043941,True,Biggest draw (fanservice) was censored in CN.,,,,,,,,,,,,,,,,,,,,,,,,,0.0,With a small top-up PvE is manageable.,-1.0,Stingy welfare and low gacha luck reduce motivation.,-2.0,Welfare described as poor.,,,,,,,,,
38043595,,,,,,,,,,,,,,,,,,,,,,,,,,,,,-2.0,"Outside art/music, the focus feels heavily on monetization.",,,,,,,,,,,
38043435,,,Combat animations feel stiff; UI presentation not appealing.,-1.0,Stiff character motions in battle reduce satisfaction.,,,,,,,,,,,,,,,,,,,,,,,,,,,,,,,,,,,,
38043205,True,Sexual content censored in CN.,,,,,,,,,,,,,,,,,,,,,,,,,,,-2.0,Recharge bundles everywhere and low utility from drawn characters.,,,,,,,,,,,"Click-heavy, shallow loop."
38033276,,,Turn-based 'legend-like' stat chase; skip unlocks at Chapter 3 (battles) and 10 (ult animations).,-1.0,Daily 10-pull is negligible; SSR power far exceeds others; rolling servers vibe.,,,,,,,,,,"Affection, furniture, and gallery systems used to increase attack/HP.",False,,,2.0,Multiple side systems directly boost combat power significantly.,,,,,,,-1.0,Core skips/QoL gated by progression; SSR announcements emphasize stat chase.,-1.0,Experience centered on constant combat power growth and server rolling.,,,,,,,,,,,
38042194,,,,,,,,,,,,,,,,,,,,,,,,,,,,,,,,,,,,,,,,,Complains about off-banner pulls on the rate-up three times; double-SSR pulls briefly renewed interest.
38042188,,,,,,Affection/favor system increases combat power.,-1.0,Player finds tying power to affection progression unreasonable.,,,,,,,,,,,,,,,,,,,,,,,,,,,,,,,,,
38042042,,,,,,,,,-1.0,Rewards are gated behind clearing certain stages.,,,,,,,,,,,,,,,,,,,,,,,,,,,,,,,
38041840,,,,,,,,,,,,,,,,,,,,,,,,,,,,,,,-2.0,Benefits are poor and locked until chapters are cleared.,,,,,,,,,
38041814,,,,,,,,,,,,,,,,,,,,,,,,,,,,,,,,,,,,,,,,,Describes it as a gacha simulator with little to play.
38041804,,,,,,,,,,,,,,,Stamina-limited stage clearing; once stamina is spent there’s nothing else to do.,,2.0,Very straightforward loop that ends when stamina runs out.,,,,,,,,,-2.0,Progress and power heavily tied to spending/gacha and codex unlocks.,-2.0,Heavy pay prompts; strength primarily from gacha/codex rather than gameplay.,-2.0,Free progression feels blocked without spending; rewards perceived as stingy.,,,,,,,,,Alleges presence of paid shills and that the game pushes players to pay.
38041770,,,,,,,,,,,,,,,,,,,,,,,,,,,,,,,-2.0,Half a day of play only afforded a single 10-pull; benefits called zero.,,,,,,,,,
38041758,True,Sexual content (art) mentioned as censored.,,-1.0,Gameplay is boring; kept only as a side game for the art.,,,,,,,,,,,,,,,,,,,,,,,,,,,,,,,,,,,,
38041729,,,,,,,,,,,,,,,,,,,,,,,,,,,-2.0,Core conveniences like 10x speed are paywalled; whales get immediate power spikes.,-2.0,Numerous monetization points; very low free pulls; urges buying packs for draws.,-2.0,Free draws are scarce; suggests paying multiple 98 RMB packs for draws.,,,,,,,,,Notes early-game whales achieving full-star progress rapidly.
38041690,,,,,,,,,,,,,,,,,,,,,,,,,,,,,,,,,,,,,,,,,iOS and Android accounts/servers are not interoperable.
38041614,,,,,,,,,,,,,,,,,,,,,,,,,,,,,,,,,,,,,,,,,
38041600,,,,,,,,,,,,,,,,,,,,,,,,,,,,,-2.0,Monetization is in-your-face; suggests playing another game for similar art focus.,,,,,,,,,,,
38041586,,,,-2.0,Battle feels uninteresting; overall gameplay underwhelming; gacha feels predatory.,,,,,,,,,,,,,,,,,,,,,,,,,,,,,,,,,,,,
38041490,,,,,,,,,,,,,,,,,,,,,,,,,,,,,,,,,,,,,,,,,Feels derivative of earlier Youzu titles with similar monetization.
38041431,,,,,,,,,,,,,,,,,,,,,,,,,,,,,-2.0,"While story/battle can be skipped, monetization pressure is inescapable.",,,,,,,,,,,Notes both story and battle can be skipped.
38041414,,,,,,,,,,,,,,,,,,,,,,,,,,,,,,,,,,,,,,,,,Perceives near-guarantee gacha but unlucky; early whales reaching very high power within hours.
38034070,,,,,,,,,,,,,,,,,,,,,,,,,,,,,,,,,,,,,,,,,Server change caused redemption code already used; uninstalled due to poor first-server luck and code issues.
38041361,,,,,,,,,,,,,,,,,,,,,,,,,,,,,,,,,,,,,,,,,
38041344,,,,-1.0,Does not like the chibi big-head battle presentation and finds gameplay/visuals lacking.,,,,,,,,,,,,,,,,,,,,,,,,,,,,,,,,,,,,
38041240,True,Sexual content noted as censored.,,,,,,,,,,,,,,,,,,,,,,,,,,,,,-2.0,Resources rated extremely poor; gacha and growth experiences slammed.,,,,,,,,,"Highly negative across art, music, and operations."
38041233,,,,,,,,,,,,,,,,,,,,,,,,,,,,,-1.0,Limited-time diamond vouchers encourage small purchases early.,,,,,,,,,,,
38041075,,,,,,,,,,,,,,,,,,,,,,,,,,,,,,,,,,,,,,,,,Says nothing is good except the artwork.
38041028,,,,,,,,,,,,,,,,,,,,,,,,,,,,,,,,,,,,,,,,,Launch-day login issues; many empty servers; low population.
38041024,,,,,,,,,,,,,,,,,,,,,,,,,,,,,,,1.0,States that many welfare/rewards are given despite other issues.,,,,,,,,,Low stamina; no save in Black Abyss; high star-up demands; suspects shills; gameplay feels cobbled together.
38041000,,,,,,,,,,,,,,,,,,,,,,,,,,,-2.0,Various functions unlock only after purchasing multiple monthly cards.,-2.0,"Screen filled with packs and monetization (multiple month cards, passes, coupons).",,,,,,,,,,,
37587513,True,Sexual content (art) censored; player would have spent if uncensored.,,,,,,,,,,,,,,,,,,,,,,,,,,,,,,,,,,,,,,,
38040924,,,,,,,,,,,,,,,,,,,,,,,,,,,,,,,-2.0,Rewards and 10-pull access are gated by chapter clears with 24h expiry; had to spend diamonds to reach a 10-pull.,,,,,,,,,Uninstalled after poor draws; notes decent art/skill animation.
38037848,,,,,,,,,,,,,,,,,,,,,,,True,"Rate-up banner uses a pity/ceiling system: 50-pull pity, rate-up protection after multiple off-banner pulls, and a hard pity around 250 pulls (one spark).",-1.0,"Even at 150 gems per pull, resources are hard to save and the 250-pull ceiling is deep.",,,,,-1.0,Resources are not easy to accumulate; early SEA version was very stingy.,,,,,,,,,Advises saving 250 pulls if targeting a specific unit; mentions many SSR are weak and wonders about an Overlord collab.
38040913,,,,,,,,,,,,,,,,,,,,,,,,,,,,,,,-1.0,Feels like a less generous version of a comparable title.,,,,,,,,,
38040842,,,,,,,,,,,,,,,,,,,,,,,,,,,,,-2.0,Early limited-time vouchers requiring cash and paid rename; starter 10-pull locked behind chapter 7 with 24h limit.,-1.0,Starter ten-pull gated by progression and expires; additional costs like rename.,,,,,,,,,
38040752,,,,,,,,,,,-2.0,SSR units vastly outperform lower rarities; buffs target gold units; purple cards are unusable.,,,,,,,,,,,,,,,,,,,-2.0,Daily diamond income (~100) is insufficient relative to gacha odds and pity; limited-time vouchers push spending.,,,,,,,,,
38040389,True,Sexual content censored.,,,,,,,,,,,,,,,,,,,,,,,,,,,,,-2.0,Promised free pulls are time-limited and restricted to low-tier banners; other rewards scarce; stamina/level gating reduces fun.,,,,,,,,,Accuses review manipulation and misleading marketing; suggests no clear pity; recommends avoiding.
38039965,,,,,,,,,,,,,,,,,,,,,,,,,,,,,-2.0,Describes gameplay as monotonous with various monetization hooks.,,,,,,,,,,,Says there is no playability.
38039889,,,,-1.0,Hit animations feel like a web game; presentation underwhelming.,Resource/upgrade swap system (progression investment can be transferred between units).,1.0,Swap system increases flexibility in team building and investment.,,,,,,,,,,,,,,,,,,,,,-1.0,"UI feels cluttered and pay-heavy, evoking a P2W mini-game.",,,,,,,,,,,
38039836,,,,,,,,,,,,,,,,,,,,,,,,,,,,,,,-2.0,The touted 100 pulls are gated by chapters and other conditions; forced viewing of animations.,,,,,,,,,Poor visual quality for 4GB; alleges fast review deletions.
38039718,,,,-1.0,"Repetitive skill animations and a forced, lengthy tutorial.",,,,,,,,,,,,,,,,,,,,,,,,,,,,,,,,,,-1.0,Mid-session resource download popup with only a confirm option interrupts play.,
38039675,,,,,,"Multiple stat-boost systems (skins with stats, housing/home buffs, bond/affection buffs).",0.0,Heavily numbers-driven; many additive systems but limited tactical choices.,,,-2.0,SSR units overwhelmingly stronger than SR/R (reported ~7x gap).,,,,,,,,,,,True,Reports a spark around 200 pulls on some banners.,,,,,-1.0,Zero-spend is painful; suggests ~100 CNY/month for a comfortable experience.,0.0,Estimates ~70 pulls/month for F2P; 200–250 with light spending.,,,,,,,,,
38039568,,,Turn-based combat where turn order and outcomes are largely determined by power; higher power moves first.,-2.0,Pure numbers game with little strategy; whales dominate.,,-2.0,Combat outcome hinges on stats/power rather than tactics.,,,,,,,,,,,,,,,True,States that the rate-up is guaranteed only at 250 pulls (hard pity/spark).,,,,,-2.0,Recommends avoiding if not spending; suggests heavy pay advantage.,,,,,,,,,,,
38039400,,,,,,,,,,,,,,,,,,,,,,,,,,,,,-2.0,"Seven–eight different monetization tracks (multiple cards, passes, packs); poor draw rates and perceived bad luck when spending.",,,,,,,,,,,Claims F2P luck feels better than spender luck.
38039260,,,,,,,,,,,,,,,,,,,,,,,,,,,,,,,,,,,,,,,,,Poor graphics; new-player guide disappeared after relog; encountered an early progression block.
38035999,,,,,,,,,,,,,,,,,,,,,,,,,,,,,-2.0,"Many monetization points and events feel like bait; overwhelming and tiring, reminiscent of page-game design.",,,,,,,,,,,Feels like a web/app mini-game with heavy pay focus.
38038504,,,Turn-based combat.,-1.0,Very long tutorial; turn-based pacing can feel dull to veterans.,,,,,,,,,,,,,,,,,,,,,,,,,,,,,,,,,,,,
38037944,True,"Sexualized art (dynamic, erotic).",Auto-battle with 3x speed and battle skip options.,-1.0,Combat is overly simple due to auto/skip features.,,,,,,,,,,,,,,,,,,,,,,,,-2.0,Heavy monetization including limited-time deep discount recharge items.,,,,,,,,,,,High shard requirements for ascension; servers feel MMO-like; story/VA impressions mixed.
38037916,,,Tap-to-cast skills or fully automated; 6-unit chibi team.,-2.0,Requires little to no player input; battles feel bad.,,,,,,,,,,,,,,,,,,,,,,,,,,-2.0,"Promised 100 free pulls are gated by conditions, feeling deceptive.",,,,,,,,,
38037780,,,,,,,,,,,,,,,,,,,,,,,,,,,,,,,,,,,,,,,,,Tutorial is overly complex; rewards widely criticized; lacks novelty and core appeal.
38037410,,,,,,,,,,,,,,,,,,,,,,,,,,,,,,,-2.0,Daily and self-select pulls and pre-reg rewards are locked behind specific stage milestones.,,,,,,,,,
38037317,,,,-1.0,Cute 3D chibis but poor hit feedback; asks for improvement.,,,,,,,,,,,,,,,,,,,,,,,,,,,,,,,,,,,,
38037156,,,,-1.0,"Gameplay is boring with a long, patronizing tutorial; mentions server rolling.",,,,,,,,,,,,,,,,,,,,,,,,,,,,,,,,,,,,Cannot continue due to dull gameplay and long tutorial.
38037065,,,,,,,,,,,,,,,,,,,,,,,,,,,,,,,,,,,,,,,,,Very low drop rates; overall experience poor.
38036669,,,,,,,,,,,,,,,Idle/AFK stage grinding constrained by stamina.,,2.0,"Simple, straightforward loop suited to idle grinding.",-1.0,Low stamina limits XP/resources; leveling feels slow.,,,,,,,,,,,1.0,"Diamonds are relatively easy to obtain, though stamina is scarce.",,,,,,,,,Notes 150 diamonds per pull and frequent off-banner results.
38036554,,,,,,,,,,,,,,,,,,,,,,,,,,,,,,,-2.0,Limited-time one-day ten-pull takes a long time to unlock; feels like a ‘2D Legend’ style bait.,,,,,,,,,
38036156,True,Sexualized body features highlighted; fully voiced content noted.,,,,,,,,,,,,,,,,,,,,,,,,,,,,,,,,,,,,,,,Story is middling; gacha section left blank by user.
38036257,True,Sexual content is said to be censored.,,,,,,,,,,,,,,,,,,,,,,,,,,,,,,,,,,,,,,,Very generic and boring; too many similar games.
38036052,,,,,,,,,,,,,,,,,,,,,,,,,,,,,-2.0,Many recharge buttons and pushy monetization.,-2.0,The advertised 100 pulls are a marketing gimmick/word game.,,,,,,,,,
38035942,,,,,,,,,,,,,,,,,,,,,,,,,,,,,-1.0,Game revolves around raising power; whales favored; relic gacha rates feel low.,-1.0,"Even after the ‘hundred pulls,’ you must clear several chapters to claim rewards.",,,,,,,,,
38035907,,,,-1.0,Long unskippable new-player tutorial and unskippable skill animations waste time.,,,,,,,,,,,,,,,,,,,,,,,,,,,,,,,,,,,,
38035858,,,,,,,,,-2.0,Non-spenders get stuck in stages; welfare is scarce.,,,,,,,,,,,,,,,,,,,,,-1.0,"Benefits reported as low, contributing to progression blocks.",,,,,,,,,
38035763,,,,,,,,,,,,,,,,,,,,,,,,,,,,,,,,,,,,,,,,,Only the art style is considered an advantage.
38035752,,,,,,,,,,,,,,,,,,,,,,,,,,,,,-1.0,Heavy spending burden; will only dabble due to cost.,,,,,,,,,,,
38035608,,,,,,,,,,,,,,,,,,,,,,,,,,,,,-2.0,Requires 8 dupes to max; low rates; daily ‘free 10-pull’ used as retention bait; numerous funds to buy.,,,,,,,,,,,Claims early SSR chances are negligible and calls the game a ‘funds’ frenzy.
38035607,,,,,,,,,,,,,,,,,,,,,,,,,,,,,,,-2.0,Low draw rates and very little pull currency—only four 10-pulls in two hours.,,,,,,,,,
38035560,,,,,,,,,,,,,,,,,,,,,,,,,,,,,,,,,,,,,,,,,Entered for art and story; gameplay common but suggests exploration; praises specific characters.
38035509,,,Turn-based card-style battles with notable attack/skill animations.,1.0,Main story animation and in-battle effects are smooth and enjoyable.,,,,,,,,,,,,,,,,,,,,,,,,,,,,,,,,,,,,
38035311,,,"Main campaign stages can be skipped, indicating less focus on hands-on gameplay.",,,,,,,,,,,,,,,,,,,,,,,,,,,,,,,,,,,,,,Treats it as a side game; notes CN version is more convenient despite having fewer elements than global.
38035279,,,,,,,,,,,,,,,,,,,,,,,,,,,,,,,,,,,,,,,,,Praised art and anime-like scenes; favorite characters highlighted.
38035276,True,Sexual content is toned down/censored in CN.,,1.0,Combat feels smooth; chibi art is cute; requests more welfare.,,,,,,,,,,,,,,,,,,,,,,,,,,,,,,,,,,,,
38035275,,,,-1.0,"Ultimate animation and attack are not linked, hurting perceived flow.",,,,,,,,,,,,,,,,,,,,,,,,,,,,,,,,,,,,
38035256,,,,,,,,,,,,,,,,,,,,,,,False,,,,,,,,-1.0,Self-select 10-pull tied to chapters; questions strange up rates and lack of pity.,,,,,,,,,
38035239,True,Sexual content heavily censored.,,,,,,,,,,,,,,,,,,,,,,,,,,,,,,,,,,,,,,,Low gacha rates make it unplayable for the user.
38035111,,,,-1.0,Some SSRs lack skill animations; welfare feels worse than a comparable title.,,,,,,,,,,,,,,,,,,,,,,,,,,-1.0,Welfare not as generous as similar games.,,,,,,,,,
38035188,True,Sexualized art (‘涩涩’) noted.,,,,,,,,,,,,,,,,,,,,,,,,,,,,,1.0,"Early CN welfare praised, including a free SSR; hopes for good operations.",,,,,,,,,
38035158,,,,,,,,,,,,,,,,,,,,,,,,,,,,,,,1.0,Gives an initial ten-pull and is easy to play; classic JRPG card gameplay with CGs.,,,,,,,,,UI is polished; art has appeal.
38035148,,,,,,,,,,,,,,,,,,,,,,,,,,,,,-1.0,Feels like a ‘Legend’-style P2W; recommends only for killing time.,,,,,,,,,,,
38035131,,,,,,,,,,,,,,,,,,,,,,,,,,,,,-2.0,Onboarding guides players to the cash shop; daily 10-pull in bag is time-limited.,-2.0,First 10-pull requires clearing stages; rewards are time-limited and gated.,,,,,,,,,
38035106,,,"Turn-based strategy with planning-heavy skill usage, skill trees, and character upgrades.",2.0,Deep tactical decisions and fair difficulty curve with satisfying battles.,,2.0,Multiple build paths and planning via skill trees/upgrades; choices impact outcomes.,,,,,,,,,,,,,1.0,"Claims the team responds to feedback, fixes bugs, and adds content regularly.",,,,,,,1.0,IAP options reportedly do not break balance and feel optional.,,,,,,,,,,,
38034501,,,,,,,,,,,,,,,Daily resource dungeons via automatic sweep; collect characters and enjoy L2D/ultimate animations as a side loop.,,2.0,Auto-sweep makes daily resource collection effortless.,,,,,,,,,,,,,,,,,,,,,,,Highlights L2D and ultimate animations; relaxing routine.
38034991,,,"Stage-based ‘Legend’-style progression with sweep, speed-up, and battle skip; focuses on power stacking.",-1.0,Core loop feels shallow and repetitive; gameplay is dated.,,,,-1.0,"Fast early growth slows to a grindy, bottomless progression later.",,,,,,,,,,,,,,,,,,,,,,,,,,,,,,,
38034927,,,,,,,,,,,,,,,Idle auto-battle; set it running and wait.,,2.0,Little to do beyond letting the phone auto-play.,,,,,True,Mentions a ‘big pity’ after four off-banner pulls for the rate-up.,,,,,-2.0,Spending directly boosts power; many monetized events and server-wide purchases give a ‘Legend’ vibe.,,,,,,,,,,,Reports deeply off-banner gacha and heavy recharge prompts.
38034881,,,,,,,,,,,,,,,,,,,,,,,,,,,,,,,,,,,,,,,,,Good motion/UI and many early story animations; hopes gacha will be kind.
38034878,,,,,,,,,,,,,,,,,,,,,,,,,,,,,-2.0,Recharge windows dominate the UI; multiple expensive funds; chat filled with shills pushing spending.,,,,,,,,,,,
38034867,,,,-1.0,Gameplay didn’t click; mainly liked the art.,,,,,,,,,,,,,,,,,,,,,,,,,,-1.0,Feels there isn’t much welfare; overall playability is low for this user.,,,,,,,,,
38034843,,,,,,,,,,,,,,,,,,,,,,,,,,,,,,,,,,,,,,,,,Art and character designs highly praised; considered strong 2D fanservice.
38034840,,,,,,,,,,,,,,,,,,,,,,,,,,,,,-2.0,Claims a must-have meta card requires ~3000 RMB and PvP has high weight; decided to quit.,,,,,,,,,,,
38034670,,,,,,,,,,,,,,,,,,,,,,,,,,,,,,,,,,,,,,,,,Downloaded due to attractive ad art; praises character design.
38034784,,,,,,,,,,,,,,,,,,,,,,,,,,,,,,,,,,,,,,,,,Very enthusiastic about character designs; eager to spend due to favorites.
38034761,,,,,,,,,,,,,,,,,,,,,,,,,,,,,,,-1.0,Rewards system feels stingy; gacha experience rated negatively.,,,,,,,,,
38034743,,,,,,,,,,,,,,,,,,,,,,,,,,,,,,,,,,,,,,,,,Opening and visuals highly attractive; encourages others to download to view characters.
38034741,,,,,,,,,,,,,,,,,,,,,,,,,,,,,,,,,,,,,,,,,Requests quick buttons for every mode to save time.
38034711,,,,,,,,,,,,,,,,,,,,,,,,,,,,,,,-1.0,Rerolls for a specific unit failed across multiple accounts; early pulls felt unsatisfying.,,,,,,,,,
38034686,,,Auto turn-based battles with partial skip gating; some stages require manual interaction despite being largely automated.,-2.0,Extremely boring automated turn-based combat with limited player agency and forced unskippable segments.,Probability-based buff skills that upgrade from 50% to 100% when characters are starred up.,-2.0,Power tied heavily to rarity/star levels and automation reduces meaningful decision-making.,-2.0,"Progress gated by gacha-based star upgrades, fragment grind, stamina purchases, and time-limited events tuned against F2P.",-2.0,Character power is tightly bound to star level and rarity; many skills only become reliable at max stars.,-2.0,Team strength largely dictated by how many high-star characters you own rather than composition variety.,"Daily chores and meta progression loops: weapon/relic/furniture collection and upgrades, repetitive daily tasks.",False,-2.0,Highly repetitive daily clicking across many screens.,,,,,,,,,-2.0,"Event rewards (e.g., 7-day/14-day SSR) are difficult or impossible for non-paying players.",-2.0,"Multiple systems push spending (characters, weapons, relic fragments, furniture, even paid automation scripts).",-1.0,Initial draw welfare exists but is overshadowed by heavy fragment and star-up demands with low SSR relic rate (~0.2%).,,,,,,,,,Relics primarily drop as single fragments requiring 100 to craft; paid automation script advertised to reduce tedious dailies.
38034659,,,Retro idle/auto battler focused on numerical stat checks.,-1.0,Feels like a dated idle game with little engagement.,,-2.0,Described as a pure numbers game with strong emphasis on PvP power.,,,,,,,,,,,,,,,,,,,,,,,,,,,,,,,,,Strong PvP orientation disliked.
38034626,,,,,,,,,,,,,,,,,,,,,,,,,,,,,,,,,,,,,,,,,
38034604,,,,,,,,,,,,,,,,,,,,,,,,,,,,,,,-2.0,Launch welfare is misleading; free SSR pool excludes top-tier units and requires excessive grind to claim.,,,,,,,,,Gacha pool segmentation hides meta-relevant SSRs from free rewards.
38034565,,,,,,,,,,,,,,,,,,,,,,,,,,,,,,,2.0,Daily free 10-pull and frequent early SSR drops create a generous start.,,,,,,,,,
38034491,,,,,,,,,1.0,Progress moves along easily and growth feels light for a side game.,,,,,,,,,,,,,,,,,,,,,,,,,,,,,,,
38034502,True,"Suggestive/sexualized character designs and outfits (""sexy and cute"" freebies mentioned).",,,,,,,,,,,,,,,,,,,,,,,,,,,,,,,,,,,,,,,
38034495,,,,,,,,,,,,,,,,,,,,,,,,,,,,,,,,,,,,,,,,,
38034490,,,,,,,,,,,,,,,,,,,,,,,,,,,,,,,1.0,States there are many launch benefits.,,,,,,,,,
38034473,,,,,,,,,,,,,,,,,,,,,,,,,,,,,,,,,,,,,,,,,
38034474,True,Sexualized skins and characters explicitly desired by the player.,,,,,,,,,,,,,,,,,,,,,,,,,,,,,,,,,,,,,,,
38034470,,,Strategy card-battle/auto-battle hybrid that is easy to pick up.,1.0,Easy to learn and enjoyable for a strategy card game newcomer.,,,,,,,,,,,,,,,,,,,,,,,,,,,,,,,,,,,,
38034438,,,,,,,,,,,,,,,,,,,,,,,,,,,,,,,,,,,,,,,,,
38034418,True,Sexualized outfits criticized as too revealing; political sensitivity implied by linking in-game nation to real-world China.,,,,,,,,,,,,,,,,,,,,,,,,,,,,,,,,,,,,,,,
38034415,,,,,,,,,,,,,,,,,,,,,,,,,,,,,,,,,,,,,,,,,
38034409,,,,,,,,,,,,,,,,,,,,,,,,,,,,,,,,,,,,,,,,,
38034407,,,Idle-friendly progression; stages can be cleared while semi-AFK.,1.0,Good for work-time idling; one-click inheritance simplifies growth.,,,,,,,,,,,,,,,,,,,,,,,,,,,,,,,,,,,,Mentions CN version is censored compared to JP/overseas art.
38034404,,,,,,,,,,,,,,,Level/equipment inheritance system that lets you swap characters into slots to inherit progress.,,1.0,One-click inheritance reduces friction when changing team members.,,,,,,,,,,,,,,,,,,,,,,,
38034402,,,,,,,,,,,,,,,,,,,,,,,,,,,,,,,,,,,,,,,-1.0,"Requires additional download after a long, forced tutorial; feels inconvenient.",Unskippable ultimate animations during tutorial; PvP content appears abundant.
38034376,,,,,,,,,,,,,,,,,,,,,,,,,,,,,,,0.0,Rewards have effort gates but are achievable with grinding.,,,,,,,,,
38034377,,,,,,,,,,,,,,,,,,,,,,,,,,,,,,,,,,,,,,,-2.0,Massive data usage during updates caused mobile data overage.,
38034375,,,Fully automated battles by default.,1.0,Auto-battle feels satisfying and smooth early on.,,,,,,,,,,,,,,,,,,,,,,,,,,-1.0,"Initial resources feel scarce, requiring pushing stages to progress.",,,,,,,,,Hopes high-quality overseas skins are not heavily censored in CN.
38034372,,,"Similar to classic auto-battle card games (e.g., ""I Am MT"" style).",,,,,,,,,,,,,,,,,,,,,,,,,,,,,,,,,,,,,,
38034357,,,,,,,,,,,,,,,,,,,,,,,,,,,-1.0,"Guild creation gated by level/stamina, letting spenders capture advantages early.",-2.0,Game systems feel designed around buying stamina and spend-first advantages.,-2.0,Welfare is poor; heavy stamina costs block leveling and progress.,,,,,,,,,
38034346,,,,,,,,,,,,,,,,,,,,,,,,,,,,,,,,,,,,,,,,,"Messy, dated UI; gameplay feels like generic assembly-line card RPG."
38034323,,,,,,,,,,,,,,,,,,,,,,,,,,,,,,,-2.0,"Pre-registration and 10-pull rewards are gated/locked, resulting in a poor early experience.",,,,,,,,,
38034313,,,,,,,,,,,,,,,,,,,,,,,,,,,,,-2.0,Aggressive monetization (cash packs pop up) and leaderboards dominated by extremely higher power accounts suggest heavy spend pressure.,,,,,,,,,,,Suspected shill/whale dominance on rankings.
38034311,,,,,,,,,,,,,,,,,,,,,,,,,,,,,,,,,,,,,,,,,
38034305,,,,,,,,,,,,,,,,,,,,,,,,,,,,,,,1.0,CN version offers notably more welfare than overseas.,,,,,,,,,
38034298,,,,,,,,,,,,,,,,,,,,,,,,,,,,,,,-1.0,Generally stingy and lacks standout value.,,,,,,,,,
38034267,,,,,,,,,,,,,,,,,,,,,,,,,,,,,,,,,,,,,,,,,
38034258,,,,,,,,,,,,,,,,,,,,,,,,,,,,,,,,,,,,,,,,,
38034256,,,,,,,,,,,,,,,,,,,,,,,,,,,,,,,,,,,,,,,,,Accused of being a plagiarized game.
38034246,,,,-1.0,Gameplay feels generic and undifferentiated aside from skill animations.,,,,,,,,,,,,,,,,,,,,,,,,,,,,,,,,,,,,
38034240,,,,,,,,,,,,,,,,,,,,,,,,,,,,,,,,,,,,,,,,,Experience heavily dependent on luck; whales/lucky players enjoy it while unlucky players suffer.
38034202,,,,,,,,,,,,,,,,,,,,,,,,,,,,,,,,,,,,,,,,,Very poor early experience; long tutorial is off-putting.
38034186,,,,,,,,,,,,,,,,,,,,,,,,,,,,,,,,,,,,,,,,,
38034087,,,,,,,,,,,,,,,,,,,,,,,,,,,,,,,,,,,,,,,,,
38034077,,,Old-school turn-based combat.,1.0,"Despite being dated and pay-leaning, lucky gacha results improved the experience.",,,,,,,,,,,,,,,,,,,,,,,,-1.0,States that paying is dominant for progress.,,,,,,,,,,,
38034049,,,,,,,,,,,,,,,,,,,,,,,,,,,-2.0,Claims the game is unplayable without spending.,-2.0,Strong paywall perception.,,,,,,,,,,,
38034034,,,,,,,,,,,,,,,,,,,,,,,,,,,,,,,,,,,,,,,,,Tutorial is excessively long.
37971087,,,,,,,,,,,,,,,,,,,,,,,,,,,,,,,,,,,,,,,,,
38033998,,,,,,,,,,,,,,,,,,,,,,,,,,,,,,,,,,,,,,,,,Newbie tutorial is long and tedious.
38033979,,,,,,,,,,,,,,,,,,,,,,,,,,,,,,,,,,,,,,,,,Gacha rates feel low.
38033953,,,,,,,,,,,,,,,,,,,,,,,,,,,,,,,,,,,,,,,,,Split-screen causes black screen/crash (RedMagic 8 Pro); visuals appear blurry; voiced story is a positive.
38033850,,,,,,,,,,,,,,,,,,,,,,,,,,,,,,,-1.0,Player expects more/better gift packs at launch.,,,,,,,,,
38033812,,,,,,,,,,,,,,,,,,,,,,,,,,,,,,,,,,,,,,,,,
38033792,,,,,,,,,,,,,,,,,,,,,,,,,,,,,,,,,,,,,,,,,
38033789,,,,,,,,,,,,,,,,,,,,,,,,,,,,,,,,,,,,,,,,,
38033782,,,,,,,,,,,,,,,,,,,,,,,,,,,,,,,,,,,,,,,-2.0,Cannot complete resource downloads before launch; no clear pause; long tutorial forces using mobile data at work hours.,
38033751,,,,,,,,,,,,,,,,,,,,,,,,,,,,,,,-2.0,Same stingy approach as overseas; advises against spending; gacha feels consistently off-banner.,,,,,,,,,Complains of constant off-banner results.
38033735,,,,,,,,,,,,,,,,,,,,,,,,,,,,,,,-1.0,Stingy rewards paired with heavy-handed tutorial undermine the marketed generosity.,,,,,,,,,Overbearing tutorial.
38033734,,,,,,,,,,,,,,,,,,,,,,,,,,,,,,,,,,,,,-2.0,Initial download ~3 GB for a card turn-based game is heavy.,-1.0,Update process stalls and does not progress.,
38009742,,,,,,,,,,,,,,,,,,,,,,,,,,,,,,,,,,,,,,,,,Accused of being a reskinned anime game with frequent server rolling.
38033697,,,,,,,,,,,,,,,,,,,,,,,,,,,,,,,,,,,,,,,,,
38033693,,,,,,,,,,,,,,,,,,,,,,,,,,,,,-2.0,Feels like a 7–8-year-old reskinned cash-grab.,,,,,,,,,,,
38033692,,,,,,,,,,,,,,,,,,,,,,,,,,,,,,,,,,,,,,,,,
38033675,,,Auto battles with skip for mobs; boss fights play out automatically with character clash animations.,-2.0,Boring combat with little interaction; forced to watch animations for bosses.,,,,-1.0,Account level gates character level; meta growth lacks innovation.,,,,,,,,,,,,,,,,,,,,,,,,,,,,,,,
38033658,,,,,,,,,,,,,,,,,,,,,,,,,,,,,,,,,,,,,,,,,
38033619,,,,,,,,,,,,,,,,,,,,,,,,,,,,,,,,,,,,,,,,,Perceived as a quick cash-grab; only art stands out.
38033616,,,,,,,,,,,,,,,,,,,,,,,,,,,,,,,,,,,,,,,,,
38033605,,,,,,,,,-1.0,Too many upgrade requirements across systems feel coercive and tedious.,,,,,,,,,,,,,,,,,,,,,,,,,,,,,,,
38033503,,,,,,,,,,,,,,,,,,,,,,,True,"There is a pity system but the pity threshold is high; low base rates, frequent off-banner pulls, and high duplicate frequency.",,,,,,,,,,,,,,,,,Mentions censored art in CN version.
38033577,,,,,,,,,,,,,,,,,,,,,,,,,,,,,,,,,,,,,,,,,Operations criticized; rates may be okay but off-banner results are frequent; launch event design is poor.
38033548,,,,,,,,,,,,,,,,,,,,,,,,,,,,,,,-2.0,Pre-reg and self-select 10-pull are gated behind stage clears; feels very stingy.,,,,,,,,,
38033543,,,,,,,,,,,,,,,,,,,,,,,,,,,,,,,,,,,,,,,,,
38033399,,,,,,,,,,,,,,,,,,,,,,,,,,,,,,,,,,,,,,,,,
38033374,,,,,,,,,-2.0,Growth experience is almost absent.,,,,,,,,,,,,,,,,,,,,,-2.0,Resources nearly nonexistent; gacha experience described as disgusting.,,,,,,,,,
38033340,,,,,,,,,,,,,,,,,,,,,,,,,,,,,,,-2.0,Open beta rewards are stingy in a rolling-server model.,,,,,,,,,Censored art; formulaic gameplay; very stingy operations.
38033303,,,,,,,,,,,,,,,,,,,,,,,,,,,,,-2.0,Perceived as a generic card game that asks for money at every step.,,,,,,,,,,,
38033280,,,,,,,,,,,,,,,,,,,,,,,,,,,,,,,,,,,,,,,,,"Overly long, patronizing new player tutorial."
38033260,,,,,,,,,,,,,,,,,,,,,,,,,,,,,,,,,,,,,,,,,
38033214,True,Suggestive sexual content emphasized in overseas version; CN version is censored and considered inferior by the reviewer.,,,,,,,,,,,,,,,,,,,,,,,,,,,,,,,,,,,,,,,
38033195,,,,,,,,,,,,,,,,,,,,,,,,,,,,,,,,,,,,,,,,,
38033184,,,,,,,,,,,,,,,,,,,,,,,,,,,,,,,,,,,,,,,,,Core complaint is lack of gameplay fun; dismisses focus on censorship debates.
38033183,,,,,,,,,,,,,,,,,,,,,,,,,,,,,,,-2.0,Pre-reg and self-select gacha cannot be claimed until clearing chapters; very poor early experience.,,,,,,,,,
38033178,,,,,,,,,,,,,,,,,,,,,,,,,,,,,-1.0,"Buyer’s remorse: paid for a card that is also grindable, reducing perceived value of spending.",,,,,,,,,,,
38033175,,,"Combat features long, unskippable ultimate animations during onboarding.",-2.0,Forces watching ult animations and prevents skipping early on.,,,,,,,,,,,,,,,,,,,,,,,,,,,,,,,,,,,,New player guidance is long and tedious.
38033155,,,,,,,,,,,,,,,,,,,,,,,,,,,,,,,-1.0,Even a basic 10-pull feels stingy.,,,,,,,,,
38033151,,,,,,,,,,,,,,,,,,,,,,,,,,,,,,,-1.0,Launch mail only includes small coupons instead of standard 10-pulls; overall rewards feel cheap.,,,,,,,,,Story and gameplay are average; rewards feel miserly.
38033149,,,,,,,,,,,,,,,,,,,,,,,,,,,,,-2.0,"Heavy monetization tropes (VIP, SSR gear, multiple cash-driven systems) and power inflation cues.",-1.0,"Classic bait: allowed to draw but blocked from claiming; poor rates (1 purple, 9 blue).",,,,,,,,,
38033113,,,,,,,,,,,,,,,,,,,,,,,,,,,,,,,,,,,,,,,,,
38033109,,,,,,,,,,,,,,,,,,,,,,,,,,,,,,,,,,,,,,,,,
38033086,,,,,,,,,,,,,,,,,,,,,,,,,,,,,,,,,,,,,,,,,CN release perceived as a censored rehash aiming to cash in.
38033081,,,,,,,,,,,,,,,,,,,,,,,,,,,,,,,,,,,,,,,,,
38033080,,,,,,,,,,,,,,,,,,,,,,,,,,,,,,,,,,,,,,,-1.0,Update fails to proceed; cannot patch.,
38033075,,,,,,,,,,,,,,,,,,,,,,,,,,,,,-2.0,Heavy emphasis on recharging; low playability.,-2.0,Launch rewards are unreasonably stingy.,,,,,,,,,
38033013,,,Combat frequently showcases ultimate animations; skip ability is level-gated.,-2.0,Forced to watch frequent ult animations; skip is locked until reaching a certain level; meta growth feels cumbersome.,,,,,,,,,,,,,,,,,,,,,,,,,,,,,,,,,,,,
38032999,,,,,,,,,,,,,,,,,,,,,,,,,,,,,,,,,,,,,,,,,"Overlong, forced onboarding."
38032985,,,,,,,,,,,,,,,,,,,,,,,,,,,,,,,,,,,,,,,,,"CN version censored compared to overseas; model changes (e.g., removed beast ears)."
38032951,,,,,,,,,,,,,,,,,,,,,,,,,,,,,,,,,,,,,,,,,
38032949,,,,,,,,,,,,,,,,,,,,,,,,,,,,,,,,,,,,,,,,,Reports permanent bans for rerolling multiple starter accounts; warns against playing titles by this publisher.
38032948,,,,,,,,,,,,,,,,,,,,,,,,,,,,,,,-1.0,Self-select 10-pull implementation feels predatory/annoying.,,,,,,,,,
38032931,,,,,,,,,-2.0,Forced tutorial until level 7 and gacha/10-pull locked behind chapter progress,,,,,,,,,,,,,,,,,,,-2.0,Bombarded with discount coupons pushing spending from the start,-2.0,Launch 10-pull requires clearing chapters instead of being granted upfront,,,,,,,,,Restricted freedom until level 7; heavy gating of gacha
38032926,True,Sexualized art censored/toned down,,,,,,,,,,,,,,,,,,,,,,,,,,,-2.0,Perceived as stingy and crafty monetization,-2.0,Little to no welfare; very stingy with rewards,,,,,,,,,
38032902,,,,,,,,,,,,,,,,,,,,,,,,,,,,,-2.0,Aggressive monetization overshadowing gameplay,,,,,,,,,,,Gameplay lacks innovation
38032901,,,,,,,,,,,,,,,,,,,,,,,,,,,,,,,,,,,,,,,,,
38032897,,,Combat showcases frequent character skill animations; heavy early-stage guidance,-2.0,Boring skill animation spam and forced grinding made it unenjoyable,,,,-2.0,"Long, mandatory tutorial and continuous forced stage grinding",,,,,,,,,,,,,,,,,,,,,,,,,,,,,,,Unfinished tutorial due to poor experience; average character art
38032884,True,Sexual content expected but censored/toned down,,,,PvP present,-1.0,Focus on monetization; little mention of tactical depth,,,,,,,,,,,,,,,,,,,,,-2.0,Heavy monetization pressure and poor benefits,-2.0,Very stingy benefits,,,,,,,,,Publisher reputation concerns (Youzu)
38032877,,,,,,,,,,,,,,,,,,,,,,,True,Soft pity around 50 pulls can still be off-banner; requires multiple unique SSRs; hard pity around 200 pulls,,,,,-2.0,Frustrating pity rules and off-banner outcomes,,,,,,,,,,,
38032871,,,,,,,,,-2.0,New-player tutorial is excessively long and off-putting,,,,,,,,,,,,,,,,,,,,,,,,,,,,,,,
38032857,True,Sexual content expected but not explicit; lewd content seemingly paywalled,,,,,,,,,,,,,,,,,,,,,,,,,,,-2.0,Implied paywalling for sexualized content,,,,,,,,,,,
38032852,,,,,,,,,,,,,,,,,,,,,,,,,,,,,,,,,,,,,,,,,CN version lacks adaptation compared to global; split-screen unsupported
38032848,,,,,,,,,,,,,,,,,,,,,,,,,,,,,,,,,,,,,,,,,
38032839,,,,,,,,,,,,,,,,,,,,,,,,,,,,,,,,,,,,,,,,,Expectation mismatch with advertised gameplay
38032833,,,,,,,,,,,,,,,,,,,,,,,,,,,,,,,,,,,,,,,-2.0,"Resource download extremely slow, preventing entry into the game",
38032818,,,,,,,,,-2.0,Self-select 10-pull gated to chapter 10; rewards require deep progression,,,,,,,,,,,,,,,,,,,-2.0,Early push to recharge with discount cards; rewards designed to drive spending,-2.0,Launch rewards locked behind heavy progress and time limits,,,,,,,,,Heavily delayed welfare; sarcastic praise of monetization
38032815,,,,,,,,,,,,,,,,,,,,,,,,,,,,,,,,,,,,,,,,,Accusation of deceptive advertising
38032804,,,,,,,,,-2.0,Over 10 minutes of tutorial; player quit before finishing,,,,,,,,,,,,,,,,,,,,,,,,,,,,,,,
38032798,,,,,,,,,,,,,,,,,,,,,,,,,,,,,,,,,,,,,,,,,
38032770,,,,-1.0,Gameplay feels generic and old-fashioned; not engaging,,,,,,,,,,,,,,,,,,,,,,,,,,,,,,,,,,,,
38032762,,,,,,,,,,,,,,,,,,,,,,,,,,,,,,,,,,,,,,,,,
38032734,,,,,,,,,-2.0,Early severe difficulty spike leading to stage block within ~30 minutes,,,,,,,,,,,,,,,,,,,,,,,,,,,,,,,
38032708,,,,,,,,,-2.0,Pre-registration rewards and self-select ten-pull locked to later maps,,,,,,,,,,,,,,,,,,,,,-2.0,Rewards exist but heavily gated by progression,,,,,,,,,
38032700,,,,,,,,,,,,,,,,,,,,,,,,,,,,,,,,,,,,,,,,,
38032688,,,,,,,,,,,,,,,,,,,,,,,,,,,,,,,-2.0,Stingy rewards make the game feel exhausting,,,,,,,,,
38032675,True,Heavy censorship of character art/illustrations,,,,,,,,,,,,,,,,,,,,,,,,,,,,,,,,,,,,,,,
38032670,,,,,,,,,-2.0,Key functions and gacha options require continuous stage grinding,,,,,,,,,,,,,,,,,,,,,,,,,,,,,,,
38032667,,,,,,,,,,,,,,,,,,,,,,,,,,,,,,,-2.0,Very stingy benefits,,,,,,,,,
38032653,,,,,,,,,,,,,,,,,,,,,,,,,,,,,,,,,,,,,,,,,
38032650,,,,,,,,,,,,,,,,,,,,,,,,,,,,,,,-2.0,Both content length and welfare perceived as stingy and drawn-out,,,,,,,,,
38032645,,,,,,,,,,,,,,,,,,,,,,,,,,,,,,,,,,,,,,,,,Frequent crash on Redmi devices upon entering game
38032632,,,,,,,,,-2.0,"Newbie rewards are gated behind progression, unusual for the genre",,,,,,,,,,,,,,,,,,,,,-2.0,Newcomer rewards withheld until later,,,,,,,,,
38032626,,,,,,,,,,,,,,,,,,,,,,,,,,,,,,,,,,,,,,,,,
38032612,,,,,,,,,,,,,,,,,,,,,,,,,,,,,,,,,,,,,,,,,
38032609,True,Sexualized areas of character art are visibly covered/censored,,,,PvP ranking; VIP privileges; dual battle pass; dual UP gacha banners,,,,,,,,,,,,,,,,,True,"Pity requires multiple off-banner pulls; guarantee only after several off-banners (e.g., five); overall strict pity rules",,,-2.0,VIP privileges and multiple monetization layers limit fair access,-2.0,"Multiple monetization vectors (VIP, double passes, strict pity) create heavy pressure",-2.0,Small free rewards all have preconditions; very stingy,,,,,,,,,"Aggressive monetization stack (VIP, double pass, strict pity); censorship of art"
38032561,,,,,,,,,-2.0,Self-select 10-pull gated to chapter 10; early stages felt overtuned in other servers,,,,,,,,,,,,,,,,,,,-2.0,Low gacha rates and perceived poor welfare; publisher reputation concerns,-1.0,Fewer benefits than expected,,,,,,,,,Early-game difficulty high in other regions; CN version likely adjusted
38032600,True,Censorship of sexualized art (notably the 'cow' character),,,,,,,-2.0,Self-select SSR 10-pull requires clearing chapter 10,,,,,,,,,,,,,,,,,,,,,,,,,,,,,,,
38032596,True,Censored character art/illustrations,,,,,,,-2.0,Self-select ten-pull has many restrictions,,,,,,,,,,,,,,,,,,,,,-2.0,Advertised rewards are heavily restricted,,,,,,,,,
38032589,True,"Game relies on lewd art; CN server censored (e.g., maid/cow character changed)",,,,,,,,,,,,,,,,,,,,,,,,,,,,,,,,,,,,,,,
38032588,,,Auto-battle/idle-style combat focus,-1.0,Combat perceived as idle/boring despite good models,,,,,,,,,,Idle/AFK resource accumulation and leveling,False,1.0,Idle/AFK loop is straightforward,,,,,True,First ten-pull sets guarantee one gold; inconsistent rarity outcomes across pulls,,,,,,,,,,,,,,,,,Poor gacha rates despite multiple free ten-pulls
38032581,,,,-1.0,Overly common gameplay loop,,,,,,,,,,,,,,,,,,,,,,,,,,-2.0,Very stingy despite generic gameplay,,,,,,,,,
38032551,,,,-2.0,Combat felt hollow with no meaningful mechanics,,,,-2.0,No pulls granted after tutorial; ten-pull only after clearing chapter 3,,,,,,,,,,,,,,,,,,,,,-2.0,Rewards withheld until later,,,,,,,,,
38032530,True,Sexual content expected by players but not present/visible,,-2.0,Low playability,,,,,,,,,,,,,,,,,,,,,,,,,,,,,,,,,,,,
38032513,,,,,,,,,,,,,,,,,,,,,,,,,,,,,,,,,,,,,,,,,Stages can be skipped without first clear
38032512,,,,,,,,,,,,,,,,,,,,,,,,,,,,,,,,,,,,,,,,,Does not support account deletion
38032509,,,,-2.0,Rough visuals/effects and low frame rate; unfun combat,,,,-2.0,Self-select ten-pull requires deep progress; player quit early,,,,,,,,,,,,,,,,,,,-2.0,Perceived as cash-grabby,,,,,,,,,,,
38032502,,,,,,,,,,,,,,,,,,,,,,,,,,,,,,,-2.0,Extremely stingy welfare,,,,,,,,,
38032497,,,,,,,,,-1.0,Newbie tutorial feels long,,,,,,,,,,,,,,,,,,,,,,,,,,,,,,,Good 2D art but poor 3D models; modeling quality criticized
37416269,,,2D ultimate animations; story presented via animations,-1.0,Art praised but gameplay lacking after launch,,,,,,,,,,,,,,,,,,,,,,,,,,,,,,,,,,,,
38032489,,,,,,,,,-2.0,Must push mainline to unlock gacha use,,,,,,,,,,,,,,,,,,,-2.0,Gives recharge discount coupons; monetization-first impression,-2.0,Mailbox rewards not immediately usable (ten-pull locked by progress),,,,,,,,,
38032488,,,,,,,,,,,,,,,,,,,,,,,,,,,,,,,,,,,,,,,,,
38032486,,,,,,,,,-2.0,New players lack resources to progress; ten-pull requires chapter 10,,,,,,,,,,,,,,,,,,,,,-2.0,Launch welfare is difficult to obtain,,,,,,,,,
38032465,,,,,,,,,-2.0,Visible but inaccessible rewards until pushing mainline,,,,,,,,,,,,,,,,,,,-2.0,Perceived bait-and-switch on rewards,-2.0,Rewards shown early but locked,,,,,,,,,
38032451,,,Q-style turn-based 6-character team for stage push; tower; PvP; number-heavy progression,-1.0,"Old, derivative loop with no highlights",Tower mode; PvP; resource inheritance across characters,-1.0,Focus on stats stacking; little tactical novelty,-1.0,Access to welfare gated by progression,,,,,,,,,,,,,,,,,,,,,-2.0,Launch welfare restricted with many conditions,,,,,,,,,Positive: all invested resources are fully inheritable
38032439,,,,,,,,,,,,,,,,,,,,,,,,,,,,,,,,,,,,,,,,,
38032422,,,,,,,,,,,,,,,,,,,,,,,,,,,,,,,,,,,,,,,,,
38032408,True,Sexualized character discussion in chat; frequent profanity in chat,,,,,,,,,,,,,,,,,,,,,,,,,,,,,,,,,,,,,,,Toxic in-game chat environment; discomfort with sexualized art tone
38032370,,,,,,,,,,,,,,,,,,,,,,,,,,,,,,,,,,,,,,,,,Low gacha output rates and awkward progression flow
38032362,,,Frequent big/ultimate skill animations during early story,-1.0,"Ultimate animations okay but excessive, hurting pacing",,,,,,,,,,,,,,,,,,,,,,,,,,,,,,,,,,,,
38032356,,,,,,,,,,,,,,,,,,,,,,,,,,,-2.0,10x speed locked behind payment,-2.0,Coupons require spending to get premium currency,-2.0,Given coupons tied to pay-to-claim conditions,,,,,,,,,
38032355,,,,,,,,,,,,,,,,,,,,,,,,,,,,,,,,,,,,,,,,,
38032330,,,"Long, empty-feeling battles mitigated by high-speed mode",-2.0,Combat feels hollow and is band-aided by speed-up,,,,-2.0,Delayed rewards ('draw first then claim') harm progression pacing,,,,,,,,,,,,,,,,,,,-2.0,"High monetization ceiling (e.g., 7-star system) increases pressure",-2.0,Delayed/locked welfare distribution,,,,,,,,,
38032327,,,,,,,,,,,,,,,,,,,,,,,,,,,,,,,,,,,,,,,,,Negative perception due to publisher (Youzu) and its prior titles
38032279,,,,,,,,,-2.0,Required to push to chapter 3+ for rewards; overly time-consuming early progression,,,,,,,,,,,,,,,,,,,,,,,,,,,,,,,
38032299,,,,,,,,,-2.0,Gacha draws and claims heavily locked behind long mainline push,,,,,,,,,,,,,True,First banner guarantees SSR but can be off-banner; daily ten-pull and self-select ten-pull gated by mainline progress,,,,,,,-2.0,Free pulls require significant progression before claim/use,,,,,,,,,
38032280,,,Skill animations persist even when toggled off,-2.0,No SSR after ~30 pulls; animation toggle not respected,,,,,,,,,,,,,,,,,,,,,,,,,,,,,,,,,,,,Settings bug where skill animations don't disable
38032276,,,,,,,,,,,,,,,,,,,,,,,,,,,,,,,,,,,,,,,,,Blurry visuals; leveling up does not restore stamina
38032271,,,,,,,,,-2.0,Rewards dangled behind prolonged stage clearing; ten-pull at chapter 10,,,,,,,,,,,,,,,,,,,-1.0,Perceived as manipulative reward gating,-2.0,Rewards delayed to the point of frustration,,,,,,,,,
38032250,,,,-1.0,Generic anime gacha with no novelty fails to spark interest,,,,,,,,,,,,,,,,,,,,,,,,,,,,,,,,,,,,
38032241,,,,,,,,,-2.0,Must clear mainline to access even small rewards,,,,,,,,,,,,,,,,,,,,,-2.0,Stingy rewards require mainline progression to claim,,,,,,,,,
38032218,,,Cinematic animations frequently play; skip options limited or absent,-2.0,Forced to repeatedly watch animations; unable to skip,,,,,,,,,,,,,,,,,,,,,,,,,,,,,,,,,,,,
38032212,,,,,,,,,,,,,,,,,,,,,,,,,,,,,,,,,,,,,,,,,
38032197,,,,-2.0,Very boring with little gameplay depth,,,,,,,,,,,,,,,,,,,,,,,,-2.0,Main UI saturated with monetization and gift packs,,,,,,,,,,,Cluttered home screen full of monetization; many stages to clear
38032166,,,,,,,,,,,,,,,,,,,,,,,,,,,,,-2.0,"Pre-registration gives recharge discount coupons, emphasizing spending",,,,,,,,,,,
38032161,,,,,,,,,-2.0,Crash at end of chapter 2 causes tutorial to never finish,,,,,,,,,,,,,,,,,,,,,,,,,,,,,,,Frequent crash during tutorial (end of chapter 2)
38032148,,,,,,,,,-2.0,"Newbie guidance lasts over ten minutes, causing drop-off",,,,,,,,,,,,,,,,,,,,,,,,,,,,,,,
38032144,,,,,,,,,,,,,,,,,,,,,,,,,,,,,,,,,,,,,,,,,Audio corruption after receiving a phone call; reinstall did not fix
38032137,True,Political/cultural sensitivity: CN release uses Japanese voice-over only; criticism amid domestic anti-Japanese sentiment,,,,,,,,,,,,,,,,,,,,,,,,,,,,,,,,,,,,,,,
38032112,,,,,,,,,,,,,,,,,,,,,,,,,,,,,,,,,,,,,,,,,
38032111,,,Auto-battle with battle skip available,1.0,Appreciates automation and skip features,,,,,,,,,,,,,,,,,,,,,,,,,,,,,,,,,,,,
38032078,True,Severe censorship of sexualized skins in CN; recommends playing JP/global,,,,,,,,,,,,,,,,,,,,,,,,,,,,,,,,,,,,,,,
38032062,,,,,,,,,,,,,,,,,,,,,,,,,,,,,,,,,,,,,,,,,
38032053,,,,,,,,,,,,,,,,,,,,,,,,,,,,,,,,,,,,,,,,,Frequent lagging/stuttering
38032049,,,,-1.0,Both visuals and gameplay feel average,,,,,,,,,,,,,,,,,,,,,,,,,,,,,,,,,,,,
38032029,True,Censorship much heavier than advertised (thin veil vs. heavy coverage),,,,,,,,,,,,,,,,,,,,,,,,,,,,,,,,,,,,,,,
38032027,,,,,,,,,-2.0,Forced tutorial; gacha and rewards locked behind progression and time limits,,,,,,,,,,,,,,,,,,,-2.0,Early push of gift packs and recharge coupons; monetization-first design,-2.0,Ten-pull vouchers limited-time and progress-gated,,,,,,,,,Heavy forced guidance and gift-pack spam
38032018,,,,,,,,,,,,,,,,,,,,,,,,,,,,,-2.0,Aggressively stingy reward design,-2.0,Poor or absent early gacha experience and stingy benefits,,,,,,,,,
38031998,,,,,,,,,,,,,,,,,,,,,,,,,,,,,,,-2.0,Perceived lack of obtainable resources and growth,,,,,,,,,
38031997,True,CN server censored sexualized art; differs from uncensored global versions,"Chibi-style, turn-based auto-battle driven by power",-1.0,Generic auto-battle with little novelty,,,,-2.0,Promised ‘100 pulls’ locked behind significant progress,,,,,,,,,,,,,,,,,,,-1.0,Monetization emphasis despite derivative gameplay,-2.0,Launch welfare is heavily gated,,,,,,,,,
38031956,,,,,,,,,-2.0,Forced stage pushing immediately on entry; generic card game loop,,,,,,,,,,,,,,,,,,,,,,,,,,,,,,,
38031949,,,,,,,,,,,,,,,,,,,,,,,,,,,,,,,,,,,,,,,,,Self-select 10-pull appears to repeat/bug
38031943,,,,,,,,,,,,,,,,,,,,,,,,,,,,,,,-2.0,Very stingy,,,,,,,,,
38031941,True,Censorship removed the game's main appeal (lewd art),,,,,,,,,,,,,,,,,,,,,,,,,,,,,,,,,,,,,,,
38031936,,,,,,,,,-2.0,Login ten-pull usable only at chapter 7; self-select ten-pull only claimable at chapter 10; early stages hard with starter auto team,,,,,,,,,,,,,,,,,-2.0,Non-payers struggle to clear early stages and access key features,-2.0,Strong pay incentive to bypass early progression walls,-2.0,Free pulls time-limited and locked behind late progression,,,,,,,,,
38031907,,,,,,,,,,,,,,,,,,,,,,,,,,,,,-2.0,Perceived as heavily profit-driven,,,,,,,,,,,
38020012,,,Traditional stage-pushing gameplay; core appeal mainly the character artwork,-1.0,Described as a generic push-map game where only the artwork stands out,,,,,,,,,,,,,,,,,,,,,,,,,,,,,,,,,,,,
38019393,,,,,,Has PvP focus/modes,,,,,,,,,,,,,,,,,,,,,,,,,,,,,,,,,,,Reviewer dislikes that it’s PvP
38019330,,,,,,,,,,,,,,,,,,,,,,,,,,,,,,,,,,,,,,,,,
38019036,,,,,,,,,,,,,,,,,,,,,,,,,,,,,,,,,,,,,,,,,Attracted by the artwork; hopes story and gameplay improve
38019036,,,,,,,,,,,,,,,,,,,,,,,,,,,,,,,,,,,,,,,,,Attracted by the artwork; hopes story and gameplay improve
38017378,,,,,,,,,,,,,,,,,,,,,,,,,,,1.0,F2P reached ~20M power; events provide OK benefits,,,0.0,Daily income is low but event rewards are decent; some skins can be obtained free,,,,,,,,,Level-gated events are annoying; banners are very off-rate; chasing bond double-UP is painful
38015478,True,Sexualized outfits/partial nudity; concern about censorship,,,,,,,,,,,,,,,,,,,,,,,,,,,,,,,,,,,,,,,Wants CN version to keep revealing outfits similar to overseas
38014804,True,Sexualized cover art,,,,,,,,,,,,,,,,,,,,,,,,,,,,,,,,,,,,,,,
38014650,True,Sexual content subject to censorship,,,,,,,,,,,,,,,,,,,,,,,,,,,,,,,,,,,,,,,Curious how much will be censored
38013127,,,,,,,,,,,,,,,,,,,,,,,,,,,,,,,,,,,,,,,,,
38012810,,,,,,,,,,,,,,,,,,,,,,,,,,,,,,,,,,,,,,,,,
38012744,,,,,,,,,,,,,,,,,,,,,,,,,,,,,,,-2.0,Pre-registration pre-pull event called a joke,,,,,,,,,
38012636,,,,,,,,,,,,,,,,,,,,,,,,,,,,,,,,,,,,,,,,,
38011933,,,,,,,,,,,,,,,,,,,,,,,,,,,,,,,,,,,,,,,,,
38011562,,,,,,,,,,,,,,,,,,,,,,,,,,,,,,,,,,,,,,,,,
38010944,,,,,,,,,,,,,,,,,,,,,,,,,,,,,,,,,,,,,,,,,
38009738,,,,,,,,,,,,,,,,,,,,,,,,,,,,,,,,,,,,,,,,,
38008968,,,,,,,,,,,,,,,,,,,,,,,,,,,,,,,,,,,,,,,,,
38008592,True,Sexual content likely censored in CN version,,,,,,,,,,,,,,,,,,,,,,,,,,,,,,,,,,,,,,,Low expectations due to anticipated censorship
38008511,,,,,,,,,,,,,,,,,,,,,,,,,,,,,,,,,,,,,,,,,
37814938,True,Sexualized artwork; complains about heavy censorship on later versions,,,,Guild choice matters for PvP ‘Outpost Shadow Hunt’ with rich rewards; actively join events,,,-1.0,Playable as F2P but described as grindy; comfort improves with light spending,,,,,,,,,,,,,True,Newbie 10-pull guarantees SSR; rotating UP banners with pity but frequent off-banner results,,,1.0,Zero-spend recommended yet grindy; can play without paying,-2.0,Reviewer states it’s for big spenders despite being playable F2P,,,,,,,,,,,Story is weak; requests anti-censorship; gacha feels very off-rate
38008350,,,,,,,,,,,,,,,,,,,,,,,True,Frequent pity triggers yet still off-banner; CN CBT experience had constant pity hits,,,,,,,,,,,,,,,,,"Aside from gacha pity/off-rate issues, other aspects were fine"
38008101,,,,,,,,,,,,,,,,,,,,,,,,,,,,,,,,,,,,,,,,,
38008076,True,Sexualized content; CN expected to censor many assets,,,,,,,-1.0,Progression/raising is described as grindy,,,,,,,,,,,,,,,,,,,,,1.0,"Welfare ‘quite good’, includes three SSR self-selects; but banners are off-rate",,,,,,,,,
38007945,True,Sexual content; desire for anti-censorship,,,,,,,,,,,,,,,,,,,,,,,,,,,,,,,,,,,,,,,Would rate 5 stars if anti-censorship available
38007846,,,,,,,,,,,,,,,,,,,,,,,,,,,,,,,,,,,,,,,,,
38007752,,,,,,,,,,,,,,,,,,,,,,,,,,,,,,,,,,,,,,,,,
38006803,True,Sexualized artwork; CN version expected to censor,,,,,,,,,,,,,,,,,,,,,,,,,,,,,,,,,,,,,,,Says game has nothing besides artwork and advises not to spend
38004742,,,,,,,,,,,,,,,,,,,,,,,,,,,,,,,,,,,,,,,,,
38004166,True,Sexual visuals censored in CN; skins with stat bonuses,,,,,,,,,-2.0,"SSR vastly stronger than SR/R (e.g., SSR normals > SR ult; SSR ult > SR by 10x); heavy stat jumps per star",,,Dorm/furniture and affection systems that increase team-wide stats; skins also grant team stats,False,1.0,"Straightforward: buy/unlock items, place furniture, raise affection to boost stats",-1.0,Stat boosts tied to furniture/skins imply spend to gain power; not a generous resource source,,,True,Character pity can take up to 250 pulls; weapons lack hard pity but can be exchanged via stones earned per 5 pulls; star-ups to 7 require many dupes with large stat increases,-2.0,"Weapon exchange needs substantial currency (e.g., ~7,500 gems) and many dupes for stars",,,-2.0,Skins and furniture add stats; skip locked behind high clear; heavy dupe/star dependence,,,,,,,,,,,Skip requires clearing hardest difficulties; skins add team attributes; dorm furniture boosts power; heavy duplication requirements
37999508,True,Sexualized/censored cover art,,,,,,,,,,,,,,,,,,,,,,,,,,,,,,,,,,,,,,,
37998741,,,,,,,,,,,,,,,,,,,,,,,,,,,,,,,,,,,,,,,,,
37996478,,,,,,,,,,,,,,,,,,,,,,,,,,,,,,,,,,,,,,,,,Negative sentiment toward publisher (Youzu)
37996150,,,,,,,,,,,,,,,,,,,,,,,,,,,,,,,,,,,,,,,,,
37995201,,,,,,,,,-1.0,Concerns that event battle power requirements may keep increasing,,,,,,,,,,,,,,,,,,,,,,,,,,,,,,,
37993693,True,Sexualized artwork (‘lewd’ art),Fully auto-battle card game; flashy animations,-1.0,Combat is too simple and fully automated; animations nice but gets old,,,,,,,,,,,,,,,,,,,,,,,,,,,,,,,,,,,,
37992414,True,Sexual content; fears of censorship,,,,,,,,,,,,,,,,,,,,,,,,,,,,,,,,,,,,,,,Requests no censorship in CN
37991993,True,Censored cover (white fog); sexualized art,,,,,,,,,,,,,,,,,,,,,,,,,,,,,,,,,,,,,,,Critiques that only art is good; suggests ‘go into adult content’ if gameplay is weak
37987711,True,Advertisements with ‘holy light’ censorship,,,,,,,,,,,,,,,,,,,,,,,,,,,,,,,,,,,,,,,
37987658,True,Sexualized artwork likely censored in CN,,,,,,,,,,,,,,,,,,,,,,,,,,,,,,,,,,,,,,,Overseas version felt OK after two days
37985338,,,,,,Team of six units plus Relics (Ancients) and Pets (Origin Beasts); level ‘slots’ instead of individual characters; one-click inheritance,,,1.0,Slot-based growth and inherit system is described as friendly to grinding,,,,,,,,,,,,,,,,,,,,,,,,,,,,,,,
37985003,,,,,,,,,,,,,,,,,,,,,,,,,,,,,,,,,,,,,,,,,
37983568,,,,,,,,,,,,,,,,,,,,,,,,,,,,,,,,,,,,,,,,,
37981179,,,,,,,,,,,,,,,,,,,,,,,,,,,,,,,,,,,,,,,,,Dislikes chibi/mini models
37980764,,,,,,,,,,,,,,,,,,,,,,,,,,,,,,,-2.0,"Mailbox empty, very stingy; after about 18 pulls decided to uninstall",,,,,,,,,QoL locked late (skip/fastforward around Ch10); only one summon pool early; time-wasting design
37979350,,,,,,,,,,,,,,,,,,,,,,,,,,,,,,,-1.0,Invite-based pre-registration activity is off-putting,,,,,,,,,Dislikes invitation reservation activity
37979131,True,Sexualized ‘waifu collector’; CN expected to add more clothing,,,,,,,,,,,,,,,,,,,,,,,,,,,,,,,,,,,,,,,
37977432,,,,,,,,,,,,,,,,,,,,,,,,,,,,,,,-2.0,Called the stingiest anime-style mobile game,,,,,,,,,
37977104,,,,,,,,,,,,,,,,,,,,,,,,,,,,,,,,,,,,,,,,,
37975898,,,,,,,,,,,,,,,,,,,,,,,,,,,,,,,,,,,,,,,,,
37974248,,,,,,,,,,,,,,,,,,,,,,,,,,,,,,,,,,,,,,,,,Hopes gameplay can be further polished before launch
37973474,,,,,,,,,,,,,,,,,,,,,,,,,,,,,,,,,,,,,,,,,
37964511,True,Sexualized/‘generous’ character artwork; ‘welfare game’ due to lewd art focus,,,,,,,,,,,,,,,,,,,,,,,,,,,,,,,,,,,,,,,
37971502,True,Concern over sexual content being covered up in CN,,,,,,,,,,,,,,,,,,,,,,,,,,,,,,,,,,,,,,,
37964670,True,Sexualized art expected to be censored in CN,,,,,,,,,,,,,,,,,,,,,,,,,-1.0,Recommends F2P to play international server instead; CN seen as offering few advantages,,,-2.0,States welfare is basically nonexistent,,,,,,,,,
37961747,,,,,,,,,,,,,,,,,,,,,,,,,,,,,,,,,,,,,,,,,
37955756,,,,,,,,,,,,,,,,,,,,,,,,,,,,,,,,,,,,,,,,,Player avatar/protagonist presentation hurts immersion (clear self-insert stored in ‘warehouse’)
37955450,,,,,,,,,,,,,,,,,,,,,,,,,,,,,,,-2.0,Pre-pull requires sharing with two people for SSR; sharing didn’t grant pulls; very stingy,,,,,,,,,Frustration with broken/conditional pre-pull event
37953399,,,,,,,,,,,,,,,,,,,,,,,,,,,,,,,-1.0,Pre-draw event turned them off from playing,,,,,,,,,
37950925,,,,,,,,,,,,,,,,,,,,,,,,,,,,,,,-2.0,Reservation draw is very stingy; overall benefits called too tightfisted,,,,,,,,,
37950513,,,,,,"6-unit team + 4 Relics + 3 Pets; slot-based growth; many PvP modes (Faith Liberation, Beast/King, Outpost, Instant Raid, Radiance Festival), high-difficulty towers and co-op",,,-1.0,Many time-consuming daily/weekly PvP tasks; some high-end modes require manual play and high power,-1.0,UP units often power-crept quickly; investing in a unit can be invalidated by next banner,,,Skins and furniture systems; some skins are event/paid and furniture sets add attributes/comfort bonuses,False,,,-1.0,"Skins/furniture contribute stats, often tied to paid/event acquisition",2.0,Limited events run roughly every two weeks with no breaks,True,"Characters: 3% SSR, 50-pull pity, 40% UP, weighted pity guarantees after several off-banners; Weapons: 5% SSR, 30-pull pity, 80% UP; Pets: ~2% SSR, ~80-pull pity; Relics: 0.2% full, shards 2.6%, no hard pity, shards from pulls (500 to exchange)",-1.0,Multiple independent pools with pity/shards; Relic pool is a ‘no bottom’ sink,-1.0,F2P can play but many high-difficulty/PvP modes favor spenders; numerous monetization hooks,-2.0,Heavy dupe/star needs and multiple gacha pools; many paid bundles and PvP emphasis increase pressure,-1.0,Perceived welfare reduced over time (fewer sign-ins/freebies); playerbase shrinking,,,,,,,,,Low player retention; no server merges; suspicion of worse gacha luck after heavy spending
37947748,,,,,,,,,,,,,,,,,,,,,,,,,,,,,,,,,,,,,,,,,Initially avoided due to chibi look; wants clearer feature communication
37945063,,,,,,,,,,,,,,,,,,,,,,,,,,,,,,,,,,,,,,,,,
37943655,True,Sexual content expected to be censored in CN,,,,,,,,,,,,,,,,,,,,,,,,,,,,,,,,,,,,,,,Warns players to avoid; no expectations for CN
37941460,True,Sexualized art is main draw; CN will censor,,,,,,,-2.0,High grind; non-spenders struggle with events; PvP is very competitive and time-consuming,-2.0,Most units need 3 copies to be usable and 5 to ‘graduate’; strong units needed for main/story,,,,,,,,,,,True,Remembers pity as 60/80 with 3 small pities leading to a large pity (~180 total); low gem income and frequent off-banner,,,,,-2.0,Requires multiple constellations/copies to meet difficulty; events and PvP demand power,-2.0,Welfare is ‘pitiful’; gems mainly from events; daily/weekly give very little,,,,,,,,,Negative view on publisher (Youzu) and heavy censorship concerns
37939869,True,Adult/sexual content expectation; requests 18+ or separate version,,,,,,,,,,,,,,,,,,,,,,,,,,,,,,,,,,,,,,,Suggests separate versions (with/without identity checks) for adult content
37939165,,,,,,,,,,,,,,,,,,,,,,,,,,,,,,,,,,,,,,,,,Downvotes due to publisher (Youzu); mistrust of monetization/behavior
37938374,True,Sexualized character designs fitting user’s fetishes,,,,,,,,,,,,,,,,,,,,,,,,,,,,,,,,,,,,,,,
37938139,,,,,,,,,,,,,,,,,,,,,,,,,,,,,,,,,,,,,,,,,
37932618,,,,,,,,,,,,,,,,,,,,,,,,,,,,,,,,,,,,,,,,,
37931704,,,,,,,,,,,,,,,,,,,,,,,,,,,,,,,,,,,,,,,,,
37931321,,,,,,,,,,,,,,,,,,,,,,,,,,,,,,,,,,,,,,,,,
37928943,,,,,,,,,,,,,,,,,,,,,,,,,,,,,,,,,,,,,,,,,Negative perception of publisher (Youzu)
37928469,,,,,,,,,,,,,,,,,,,,,,,,,,,,,,,,,,,,,,,,,
37927891,,,,,,,,,,,,,,,,,,,,,,,,,,,,,,,,,,,,,,,,,Hopes launch is stable and doesn’t crash like other recent titles
37927549,,,,,,,,,,,,,,,,,,,,,,,,,,,,,,,,,,,,,,,,,Publisher’s overseas version ‘already scolded badly’
37800584,,,,,,,,,,,,,,,,,,,,,,,,,,,,,,,,,,,,,,,,,Played on OPPO channel; felt not good
37066891,True,Sexualized artwork as main draw; CN expected to censor,Auto-battle only; minimal strategy; stat-check battles; many fights can be skipped,1.0,"Enjoys low-cognition, skip-friendly gameplay for a sub game",Slot-based ‘three-phantom’ growth; raise slots not individual characters,-2.0,States ‘almost no strategy’; power check decides outcomes,1.0,One-click dailies; late-game daily time under 10 minutes,,,,,,,,,,,,,True,"200 gems per pull; 50-pull pity; 4 small pities to big; worst-case ~250 pulls; separate pools for characters, weapons, relics, pets",,,1.0,Suitable as a sub game; can save enough for one pity per ~23-day banner,1.0,Low gameplay demands and decent accrual make spending optional,1.0,Welfare ‘quite high’ vs peers; can save a pity per banner; skins (non-limited) redeemable with gems,,,,,,,,,
37922197,,,,,,,,,-2.0,Progression gated by resources and victory conditions; new player events are very hard,,,,,,,,,,,,,,,,,,,-2.0,Forces pulling strong characters due to strict victory conditions; UP rate feels deceptive,,,,,,,,,,,Complains that 40% UP still off-banners; calls game manipulative
37921258,True,Sexual/‘borderline’ content discussion; suggests playing uncensored overseas version,,,,,,,,,,,,,,,,,,,,,,,,,,,,,,,,,,,,,,,
37920416,,,,,,,,,,,,,,,,,,,,,,,,,,,,,,,,,,,,,,,,,
37918291,True,Sexualized art comparable to Azur Lane,,,,,,,-1.0,"Grindier than peers (e.g., Azur Lane)",,,,,,,,,,,,,,,,,,,-2.0,States spending and grind demands far exceed comparable titles,,,,,,,,,,,
37911322,True,Sexualized content is main feature; concerns about CN censorship,,,,,,,,,,,,,,,,,,,,,,,,,,,,,-1.0,Welfare not high and banners are off-rate; suggests waiting and watching,,,,,,,,,
37905293,,,,,,,,,,,,,,,,,,,,,,,,,,,,,,,,,,,,,,,,,
37900460,True,Sexualized artwork will be censored in CN,,,,,,,,,,,,,,,,,,,,,,,,,,,,,,,,,,,,,,,Notes gameplay is average; main appeal is art
37900353,True,Promotional image uses censorship (mosaic),,,,,,,,,,,,,,,,,,,,,,,,,,,,,,,,,,,,,,,
37896722,True,Sexual content censored in CN; criticizes low gameplay quality and poor ops,,,,,,,,,,,,,,,,,,,,,,,,,,,,,,,,,,,,,,,Questions playing CN given censorship and perceived poor gameplay/operations
37895797,True,Anticipated censorship of sexual content,,,,,,,,,,,,,,,,,,,,,,,,,,,,,,,,,,,,,,,Hopes it won’t be pay-to-win/heavy monetization
37895594,True,‘Holy light’ censorship in promotional images,,,,,,,,,,,,,,,,,,,,,,,,,,,,,,,,,,,,,,,
37894843,,,,,,,,,,,,,,,,,,,,,,,,,,,,,,,,,,,,,,,,,
37890367,,,,,,,,,,,,,,,,,,,,,,,True,"The game has a pity system; the reviewer says they always hit pity while others got multiple SSRs in 10-pulls, as shown by server broadcasts.",,,,,,,,,,,,,,,,,
37889650,,,,,,,,,,,,,,,,,,,,,,,,,,,,,,,2.0,Promotional claim of 3560 pulls and daily sign-in rewards suggests very generous freebies.,,,,,,,,,
37888904,,,,,,,,,,,,,,,,,,,,,,,,,,,,,,,,,,,,,,,,,
37888087,True,Sexual content/fanservice implied; user asks if it is a lewd game.,,,,,,,,,,,,,,,,,,,,,,,,,,,,,,,,,,,,,,,
37885431,,,,,,,,,,,,,,,,,,,,,,,,,,,,,,,,,,,,,,,,,
37878917,,,,,,,,,,,,,,,,,,,,,,,,,,,,,,,,,,,,,,,,,
37878385,,,,,,,,,,,,,,,,,,,,,,,,,,,,,,,,,,,,,,,,,
37584734,True,Sexual fanservice/censorship; user complains test version removed revealing content.,,,,,,,,,,,,,,,,,,,,,,,,,,,,,,,,,,,,,,,Claims content was censored/removed after test and canceled reservation.
37869034,,,,,,,,,,,,,,,,,,,,,,,,,,,,,,,,,,,,,,,,,Confusion about identical game under a different name (possibly test vs. official server).
37868677,True,Sexualized character art/fanservice.,,,,,,,-2.0,Severe stat walls; progression stalls around 1/3 into story unless heavily paid 7-star units; F2P can be stuck for weeks.,,,,,,,,,,,2.0,New banners reportedly every 14 days (two per month).,True,Reported 50-pull soft pity (can off-rate) and 250-pull hard pity.,-2.0,High cost to max units (needs multiple copies; thousands of RMB per banner) and low daily income (1–2 pulls/day).,-2.0,Only heavy spenders can push content smoothly; F2P/monthly-card players get stuck.,-2.0,"Many cash pop-ups, numerous funds/passes, high duplicate requirements.",-2.0,Reviewer says welfare is poor and progress relies on spending.,,,,,,,,,
37867249,,,,,,,,,,,,,,,,,,,,,,,,,,,,,,,,,,,,,,,,,
37863879,,,,,,,,,,,,,,,,,,,,,,,,,,,,,,,,,,,,,,,,,
37861904,True,"Sexual content/fanservice with heavy CN censorship (covered up), bunny outfits/EX animations mentioned.","Card RPG with daily ‘point-and-click’ chores; includes a red tower (Abyss) to clear daily, conditional stages (e.g., team HP >50%), and a 2D exploration mode; lacks one-tap sweep.",-2.0,"Repetitive, time-consuming chores and forced conditions; no sweep; intrusive monetization pop-ups.","Conditional clear requirements (e.g., maintain team HP threshold) that affect lineup/sustain choices.",-1.0,Stage conditions add constraints but feel artificial and frustrating.,-1.0,Daily grind with stamina limits; repetitive modes increase fatigue.,-2.0,"SR units are effectively useless; SSR dominate; many non-combat systems (skins, bonds, furniture) add power.",-2.0,Team building funnels into SSR-only choices; lower rarities mainly for bonds.,Housing/home decoration and character interaction (affection); furniture contributes to combat power.,False,1.0,Simple decorate-and-interact loop focused on cozy immersion.,1.0,"Furniture and affinity boost combat power, providing tangible benefits.",,,,,,,-1.0,QoL like sweep tied to a VIP/permanent card; non-payers face more chores.,-2.0,"Frequent cash pop-up ads and many monetization hooks (funds, VIP privileges).",,,,,,,,,,,Skin EX animations reportedly unchanged after purchase; VIP card policy changed from monthly to permanent post-purchase.
37859601,,,,,,,,,,,,,,,,,,,,,,,,,,,,,,,,,,,,,,,,,
37858883,,,,,,,,,,,,,,,,,,,,,,,,,,,,,,,,,,,,,,,,,
37858187,,,,,,,,,,,,,,,,,,,,,,,,,,,,,,,2.0,Claimed 3650 pulls and good welfare alongside high-quality art.,,,,,,,,,
37850316,,,,,,,,,,,,,,,,,,,,,,,,,,,,,,,,,,,,,,,,,
37845954,,,Combat features flashy ultimate/EX animations and interactive elements.,1.0,Praised ultimate animations and immersion.,,,,,,,,,,,,,,,,,,,,,,,,,,,,,,,,,,,,
37845498,True,Anticipated censorship of sexual content.,,,,,,,,,,,,,,,,,,,,,,,,,,,,,,,,,,,,,,,
37843719,,,,,,,,,,,,,,,,,,,,,,,,,,,,,,,,,,,,,,,,,
37843075,True,Mentions censorship (content already toned down) and hopes it won’t be too severe.,,,,,,,,,,,,,,,,,,,,,,,,,,,,,,,,,,,,,,,Notes CN version appears censored compared to promo.
37841964,,,,,,,,,,,,,,,,,,,,,,,,,,,,,,,,,,,,,,,,,
37841548,,,,,,,,,,,,,,,Home design/decoration and dressing up characters; collecting and interacting with ‘wives’.,,,,,,,,,,,,,,,,,,,,,,,,,,
37841525,,,,,,,,,,,,,,,,,,,,,,,,,,,,,,,,,,,,,,,,,
37840502,,,,,,,,,,,,,,,Home decoration and slice-of-life interactions with favorite characters.,,,,,,,,,,,,,,,,,,,,,,,,,,
37839533,,,,,,,,,,,,,,,,,,,,,,,,,,,,,,,,,,,,,,,,,
37838626,,,,,,,,,,,,,,,,,,,,,,,,,,,,,,,,,,,,,,,,,
37837208,,,,,,,,,,,,,,,,,,,,,,,,,,,,,,,,,,,,,,,,,
37831769,True,"Sexualized skin (e.g., black stockings) desired.",,,,,,,,,,,,,,,,,,,,,,,,,,,,,,,,,,,,,,,
37830681,,,"Simple, low-effort operation suitable for casual play.",1.0,Appreciates simplicity when tired.,,,,,,,,,,,,,,,,,,,,,,,,,,,,,,,,,,,,
37829297,,,"Simple, casual operation requiring little thinking.",1.0,"Enjoys easy, low-effort gameplay after work.",,,,,,,,,,,,,,,,,,,,,,,,,,,,,,,,,,,,
37828369,,,,,,,,,,,,,,,,,,,,,,,,,,,,,,,,,,,,,,,,,
37826902,,,,,,,,,,,,,,,Character interaction for mood-lifting; bonding with ‘wives’ outside combat.,,,,,,,,,,,,,,,,,,,,,,,,,,
37826635,,,,,,,,,,,,,,,,,,,,,,,,,,,,,,,,,,,,,,,,,
37825960,,,,,,,,,,,,,,,,,,,,,,,,,,,,,,,,,,,,,,,,,
37825694,,,,,,,,,,,,,,,,,,,,,,,,,,,,,,,,,,,,,,,,,
37823645,,,Simple operation; battles currently cannot be skipped.,-1.0,Requests skip function for battles to improve experience.,,,,,,,,,,,,,,,,,,,,,,,,,,,,,,,,,,,,
37821187,,,,,,,,,,,,,,,,,,,,,,,,,,,,,,,,,,,,,,,,,
37820556,,,,,,,,,,,,,,,,,,,,,,,,,,,,,,,,,,,,,,,,,
37820289,,,,,,,,,,,,,,,,,,,,,,,,,,,,,,,,,,,,,,,,,
37820053,,,Skill/ultimate animations are appealing.,1.0,Praised art and skill animations.,,,,,,,,,,,,,,,,,,,,,,,,,,,,,,,,,,,,
37819114,,,,,,,,,,,,,,,,,,,,,,,,,,,,,,,,,,,,,,,,,
37817072,,,,,,,,,,,,,,,,,,,,,,,,,,,,,,,,,,,,,,,,,
37817066,True,"Sexualized themes (bunny girl, black stockings, flirtatious behavior).",,,,,,,,,,,,,,,,,,,,,,,,,,,,,,,,,,,,,,,
37816532,True,Sexualized focus on large breasts.,,,,,,,,,,,,,,,,,,,,,,,,,,,,,,,,,,,,,,,
37816442,,,,,,,,,,,,,,,,,,,,,,,,,,,,,,,,,,,,,,,,,
37815832,,,,,,,,,,,,,,,,,,,,,,,,,,,,,,,,,,,,,,,,,
37815376,,,,,,,,,,,,,,,,,,,,,,,,,,,,,,,,,,,,,,,,,
37814771,,,,,,Reports that strategy depth needs improvement.,-1.0,Heard feedback that tactical depth is weak.,,,,,,,,,,,,,,,,,,,,,,,,,,,,,,,,,
37814460,True,Mentions censorship of art in CN version.,,,,,,,,,,,,,,,,,,,,,,,,,,,,,,,,,,,,,,,
37813885,,,,,,,,,,,,,,,,,,,,,,,,,,,,,,,,,,,,,,,,,
37813490,True,Sexual content focus on stockings and feet.,,,,,,,,,,,,,,,,,,,,,,,,,,,,,,,,,,,,,,,
37812234,True,Anticipated added ‘cloth’ (censorship) for CN version.,,,,,,,,,,,,,,,,,,,,,,,,,,,,,,,,,,,,,,,Speculates launch timing avoids sensitive periods; expects localized CN-only characters.
37812207,True,Hopes censorship won’t be too heavy compared to international version.,,,,,,,,,,,,,,,,,,,,,,,,,,,,,,,,,,,,,,,
37804293,True,Implies the game contains explicit/lewd content obscured by censorship outside the game.,,,,,,,,,,,,,,,,,,,,,,,,,,,,,,,,,,,,,,,
37800427,,,,,,,,,-1.0,Described as overly long and time-wasting.,,,,,,,,,,,,,,,,,,,,,,,,,,,,,,,
37800271,,,,,,,,,,,,,,,,,,,,,,,,,,,,,,,,,,,,,,,,,
37798924,,,,,,,,,,,,,,,,,,,,,,,,,,,,,,,,,,,,,,,,,
37791411,,,,,,,,,,,,,,,,,,,,,,,,,,,,,,,,,,,,,,,,,
37789589,True,Described as very lewd.,,,,,,,,,,,,,,,,,,,,,,,,,,,,,,,,,,,,,,,
37789399,,,,,,,,,,,,,,,,,,,,,,,,,,,,,,,,,,,,,,,,,
37785631,,,,,,,,,,,,,,,,,,,,,,,,,,,,,,,1.0,"Premium currency (diamonds) obtainable from daily activity, modes, and events.",,,,,,,,,
37784163,,,,,,,,,,,,,,,,,,,,,,,,,,,,,,,,,,,,,,,,,
37783277,,,,,,,,,,,,,,,,,,,,,,,,,,,,,,,,,,,,,,,,,
37783119,,,,,,,,,,,,,,,,,,,,,,,,,,,,,,,,,,,,,,,,,Asks whether rewards from another test (Absolute Hero Record) relate to this game; spent 2000+ in that test.
37776254,,,,,,,,,,,,,,,,,,,,,,,,,,,,,,,,,,,,,,,,,
37763913,,,Includes a 2D exploration map mode with multiple interactive nodes.,,,,,,,,,,,,,,,,,,,,,,,,,,,,,,,,,,,,,,
37761727,,,,,,,,,,,,,,,,,,,,,,,,,,,,,,,,,,,,,,,,,
37761543,,,,,,,,,,,,,,,,,,,,,,,,,,,,,,,,,,,,,,,,,
37742676,,,,,,,,,,,,,,,,,,,,,,,,,,,,,,,1.0,Closed beta welfare was good and SSR drop rate felt high.,,,,,,,,,
37737087,,,,,,,,,,,,,,,,,,,,,,,,,,,,,,,,,,,,,,,,,
37736856,,,,,,,,,,,,,,,,,,,,,,,,,,,,,,,,,,,,,,,,,
37731555,,,,,,Progression is bound to positions/slots so you can swap characters at zero cost.,1.0,Flexible roster changes support broader team options.,,,,,,,,,,,,,,,,,,,,,,,,,,,,,,,,,
37731199,,,,,,,,,,,,,,,,,,,,,,,,,,,,,,,,,,,,,,,,,
37730626,,,,,,,,,,,,,,,,,,,,,,,,,,,,,,,,,,,,,,,,,
37724309,,,,,,,,,,,,,,,,,,,,,,,,,,,,,,,,,,,,,,,,,
37721495,,,,,,,,,,,,,,,,,,,,,,,,,,,,,,,,,,,,,,,,,
37720999,,,Good L2D art; gameplay feels old-school.,,,,,,,,,,,,,,,,,,,,,,,,,,,,,,,,,,,,,,Core gameplay described as dated.
37718572,,,,,,,,,,,,,,,,,,,,,,,,,,,,,,,,,,,,,,,,,
37717510,,,,,,,,,,,,,,,,,,,,,,,,,,,,,,,,,,,,,,,,,
37717273,,,,,,,,,,,,,,,,,,,,,,,,,,,,,,,,,,,,,,,,,
37715906,,,,,,,,,,,,,,,,,,,,,,,,,,,,,,,,,,,,,,,,,Only two protagonist gender options (male/female); strong JP voice cast; wonders about CN voiceover.
37710599,,,,,,,,,,,,,,,,,,,,,,,,,,,,,,,,,,,,,,,,,
37705801,,,Beautiful art; gameplay lacks innovation; story needs improvement.,0.0,Overall experience good but notes limited innovation and weaker story.,,,,,,,,,,,,,,,,,,,,,,,,,,,,,,,,,,,,
37705417,,,,,,,,,,,,,,,,,,,,,,,,,,,,,,,,,,,,,,,,,
37705111,,,,,,,,,-1.0,Low stamina cap leads to overflow; limited-time events unfriendly to working players.,,,,,,,,,,,,,,,,,,,,,,,,,,,,,,,Requests increasing stamina cap and avoiding limited-time events.
37701391,,,,,,,,,,,,,,,,,,,,,,,,,,,,,,,,,,,,,,,,,Mentions closed beta spending and hoping for launch rebate; worries prolonged wait will drain hype.
37696323,,,Cannot disable/skip ultimate animations until after stage 10.,-1.0,Long unskippable animations early on feel inconvenient.,,,,,,,,,,,,,,,,,,,,,,,,,,,,,,,,,,,,
37683707,True,Large amount of sexual fanservice; reviewer was surprised it appears in CN build.,,,,,,,,,,,,,,,,,,,,,,,,,,,,,,,,,,,,,,,
37681105,,,Skill animations are cute; battles cannot be skipped.,1.0,"Despite no skip, the appealing animations make it enjoyable.",,,,,,,,,,,,,,,,,,,,,,,,,,,,,,,,,,,,
37676521,True,Sexualized art even on minor enemies; many attractive R cards.,,,,,,,,,,,,,,,,,,,,,,,,,,,,,,,,,,,,,,,
37673383,,,,,,,,,,,,,,,,,,,,,,,,,,,,,,,,,,,,,,,,,Mentions full recharge rebate; plans to return for launch.
37673164,,,,,,,,,,,,,,,,,,,,,,,,,,,,,,,,,,,,,,,,,Suspects many 5-star reviews are paid/astroturfed (accounts with zero activity).
37670418,True,Sexual content/fanservice; suggestive touching during treatment interactions,,,,,,,,,,,,,Waifu interaction/treatment minigame where you tap character body parts for reactions,False,1.0,Enjoyable surprise click responses during treatment,,,,,,,,,,,,,,,,,,,,,,,
37668044,,,,,,,,,,,,,,,,,,,,,,,,,,,,,,,,,,,,,,,,,High-quality graphics cause performance stutter; needs optimization
37666885,,,,,,,,,,,,,,,,,,,,,,,,,,,,,,,,,,,,,,,,,
37666563,,,,-1.0,Cannot skip battles,,,,,,,,,,,,,,,,,,,,,,,,,,,,,,,,,,,,Main story is mediocre
37661563,,,,,,,,,,,,,,,,,,,,,,,,,,,,,,,,,,,,,,,,,
37661104,True,Sexual content/fanservice with Live2D reactions on touch,,,,,,,,,,,,,Interactive Live2D character screen with tap-triggered motions and shy reactions,False,1.0,Touch feedback and animations are well done,,,,,,,,,,,,,,,,,,,,,,,
37660823,,,,,,,,,,,,,,,,,,,,,,,,,,,,,,,2.0,Events and sign-in give skins; daily free ten-pull,,,,,,,,,
37658710,,,,,,,,,,,,,,,,,,,,,,,,,,,,,,,,,,,,,,,,,
37657556,,,,,,,,,,,,,,,,,,,,,,,,,,,,,,,2.0,Perceived high drop rate; daily free ten-pull,,,,,,,,,
37652166,True,Sexual content/fanservice; skins have special touch interactions,,,,,,,,,,,,,Live2D with skin-specific touch triggers,False,1.0,Dynamic animations and touch events feel polished,,,,,,,,,,,,,,,,,,,,,,,
37651743,,,,,,,,,,,,,,,,,,,,,,,,,,,,,,,,,,,,,,,,,
37648496,,,,,,,,,,,,,,,,,,,,,,,,,,,,,,,,,,,,,,,,,Negative perception of publisher (Yoozoo)
37647542,,,,,,,,,,,,,,,,,,,,,,,,,,,,,,,,,,,,,,,,,
37647089,,,,,,,,,,,,,,,,,,,,,,,,,,,,,,,,,,,,,,,,,
37639694,,,,,,,,,,,,,,,,,,,,,,,,,,,,,-1.0,Heavy PvP focus and low welfare increase pressure,-1.0,"Low welfare, high grind",,,,,,,,,Events/story feel perfunctory; heavy PvP orientation
37638815,,,,,,,,,,,,,,,Customizable main menu character and background,False,,,,,,,,,,,,,,,,,,,,,,,,,"Wants more, brighter main-menu backgrounds; some color/background combos clash"
37636409,,,,,,Position/slot-based leveling with inheritance so upgrades carry over,1.0,Flexible and cost-effective development via level slots,1.0,Progress feels efficient because upgrades transfer between characters,,,,,,,,,,,,,,,,,,,,,,,,,,,,,,,
37636250,,,,,,,,,,,,,,,,,,,,,,,,,,,,,,,,,,,,,,,,,
37636135,,,Auto-battle with no manual skill timing; some modes cannot be skipped; furniture and skins contribute to combat power,-2.0,"Boring, little to no player agency; forced watching in unskippable modes",Account power inflated by furniture; star/constellation upgrades; skins grant stackable stat bonuses,-2.0,Outcome driven by stats and upgrades rather than tactics,-1.0,Slow progress and forced viewing due to unskippable modes,-2.0,SSR vastly out-damage R/SR at equal investment (basic attacks stronger than R/SR ults),-1.0,R/SR unusable even at equal or higher investment reduces viable team choices,Housing/furniture system that adds combat power; skins with stat buffs,False,,,,,,,True,Claims 50-pull pity with featured guarantee only after 4 off-banner hits (hard pity ~250 pulls),,,,,-2.0,"Poor welfare, pay-boosted skins, and excessive stat gaps create heavy pressure",-2.0,Very stingy—clearing a big chapter barely yields one pull,,,,,,,,,Auto-cast ultimates; some modes lack skip; perceived as shallow number game
37634440,True,Sexual content/fanservice (bathing with characters),,,,,,,,,,,,,Dorm decoration and character interaction (including bathing scenes),False,,,,,,,,,,,,,,,,,,,,,,,,,
37628960,,,,,,,,,,,,,,,,,,,,,,,True,Claims very generous pity/guarantee system in CN version,,,,,,,,,,,,,,,,,
37619792,,,,,,,,,,,-1.0,SR units underperform vs SSR even at max breakthrough; SSR breakthrough is hard,-1.0,"SR rarely viable, limiting team options",,,,,,,,,,,,,,,,,1.0,Events give free skins,,,,,,,,,
37615453,,,,,,,,,,,,,,,,,,,,,,,True,50-pull pity; only after four off-banner hits does hard pity guarantee the UP,,,,,-1.0,Hard for F2P to obtain featured units under current pity and low income,-1.0,Rewards feel stingy and pull currency hard to get,,,,,,,,,Requests sweep feature for daily stages; tutorial/first-play animations should be skippable
37615098,,,,,,,,,-1.0,"Early tasks demand high PvP rankings in newbie event, too competitive for new players",,,,,,,,,,,,,,,,,,,,,,,,,,,,,,,Remove first-run animation skip restrictions; better early-game pacing
37614768,,,,,,,,,,,,,,,Main screen allows changing character and background,False,,,,,,,,,,,,,,,,,,,,,,,,,Requests more background images
37612505,,,,,,,,,,,,,,,Skins include unique full-scene backgrounds,False,,,,,,,,,,,,,,,,,,,,,,,,,Wants base skins to also have full backgrounds
37612123,,,,,,,,,,,,,,,,,,,,,,,,,,,,,,,1.0,Free SSR and SSR skin; daily free pulls (not via mail),,,,,,,,,
37609287,,,,,,,,,1.0,"No notably scarce upgrade materials early, so growth is smooth",,,,,,,,,,,,,,,,,1.0,SSR shards obtainable over time from shop,,,,,,,,,,,,,
37605384,True,Sexual content/fanservice likely censored in CN version,,,,,,,,,,,,,,,,,,,,,,,,,,,,,,,,,,,,,,,Questions the appeal if lewd elements are censored
37604008,,,Character-based skills dealing damage to multiple random enemies,1.0,"Finds several characters strong and appealing (e.g., Set, Fenrir); good collection appeal",,,,,,,,,,,,,,,,,,,,,,,,,,,,,,,,,,,,
37600944,,,,,,,,,,,,,,,,,,,,,,,,,,,,,,,,,,,,,,,,,
37600333,True,Sexual content/fanservice likely censored in CN version,,,,,,,,,,,,,,,,,,,,,,,,,,,,,-1.0,Welfare is stingy,,,,,,,,,
37598878,,,,,,,,,-1.0,"Event tasks require PvP participation/ranking, forcing casual players into PvP",,,,,,,,,,,,,,,,,,,,,,,,,,,,,,,Suggests removing PvP ranking requirements from events
37597993,,,,,,Roguelike deckbuilding-style mode (Deep Abyss),1.0,Adds variety with roguelike card elements,-1.0,High three-star requirements in main story,,,,,,,,,,,,,,,,,,,,,,,,,,,,,,,
37597599,,,,,,,,,,,,,,,,,,,,,,,,,,,,,,,,,,,,,,,,,
37595743,True,Sexual content/fanservice needs added censorship to pass review,,,,,,,,,,,,,,,,,,,,,,,,,,,,,,,,,,,,,,,
37595145,,,,,,,,,,,,,,,,,,,,,,,,,,,,,,,-1.0,CN test feels as stingy as other regions,,,,,,,,,Distrust due to publisher (Yoozoo)
37589350,,,,,,,,,,,,,,,,,,,,,,,,,,,,,,,,,,,,,,,,,
37585927,,,,,,,,,,,,,,,,,,,,,,,,,,,,,,,,,,,,,,,,,
37585786,True,Sexual content/fanservice; expects CN censorship,,,,,,,,,,,,,,,,,,,,,,,,,,,,,,,,,,,,,,,Wants optional censorship toggle like some games; would spend if uncensored option exists
37584602,,,,,,,,,,,,,,,,,,,,,,,,,,,,,,,,,,,,,,,,,
37584461,True,"Sexual content/fanservice likely censored, hurting appeal",,,,,,,,,,,,,,,,,,,,,,,,,,,,,,,,,,,,,,,
37584263,,,Highly automated number-driven gameplay with extensive skipping,-2.0,"Brainless tap-to-progress, little engagement",,-2.0,"Outcomes depend on stats, not tactics",,,,,,,,,,,,,,,,,,,,,-1.0,Weak rewards and ‘toxic’ gacha increase pressure,-1.0,Welfare is poor,,,,,,,,,Annoying autoplay/skip emphasis; shallow design; offensive chat marquee
37583641,,,,,,,,,,,,,,,,,,,,,,,,,,,,,,,1.0,CN welfare slightly better than JP/TW/MY; free skin and early self-pick reroll,,,,,,,,,
37583379,,,,,,,,,,,,,,,,,,,,,,,,,,,,,,,,,,,,,,,,,Perceived low frame rate/lag; asks for high-FPS option
37583358,True,Sexual content/fanservice; likely censored in CN,,,,,,,,,,,,,,,,,,,,,,,,,,,,,,,,,,,,,,,Will spend if not censored; currently cautious with small monthly
37583212,,,Idle/auto gameplay,-1.0,Finds it boring and interrupted by scrolling marquee,,,,,,,,,,,,,,,,,,,,,,,,,,,,,,,,,,,,Scrolling marquee is intrusive
37583135,,,,,,,,,-1.0,"Basic settings (e.g., disable CG) are locked behind main progression (Warzone 10)",,,,,,,,,,,,,,,,,,,,,,,,,,,,,,,Odd to gate settings by story progress
37583013,,,,,,,,,,,,,,,,,,,,,,,,,,,,,,,,,,,,,,,,,
37582878,,,,,,,,,,,,,,,,,,,,,,,,,,,,,,,,,,,,,,,,,Cannot input ID number during registration
37582222,True,Sexual content/fanservice (Leviathan skin) potentially censored,,,,,,,,,,,,,,,,,,,,,,,,,,,,,,,,,,,,,,,
37573837,True,Sexual content/fanservice; CN censorship uses ‘half-cover’ approach,,,,,,,,,,,,,,,,,,,,,,,,,,,,,,,,,,,,,,,Feels censorship is cleverly done though less impactful
37571801,True,Sexual content/fanservice; CN likely censored,,,,,,,-1.0,New-account 7-day tasks hard to complete without heavy grind,,,,,,,,,,,,,,,,,,,-1.0,Game is grindy and pay-heavy (又肝又氪),,,,,,,,,,,
37569382,True,Sexual content/fanservice; some censored versions look similar to original,,,,,,,,,,,,,,,,,,,,,,,,,,,,,,,,,,,,,,,Censorship may be acceptable if differences small
37566006,,,,,,,,,,,,,,,,,,,,,,,,,,,,,,,,,,,,,,,,,Recommends playing foreign version; perceives big differences vs CN
37564009,True,"Sexual content/fanservice (Leviathan, swimsuits) likely to be censored",,,,,,,,,,,,,,,,,,,,,,,,,,,,,,,,,,,,,,,Requests tasteful swimsuit designs with minimal extra coverage
37563496,,,,,,,,,,,,,,,,,,,,,,,,,,,,,,,,,,,,,,,,,Hopes for 3650 free pulls; desires swimsuit skins and specific character
36816267,,,,,,,,,,,,,,,,,,,,,,,,,,,,,-2.0,Perceived as cash grab; skins add stats; review manipulation concerns,-2.0,Per-chapter rewards below one pull; low rates,,,,,,,,,Skins have attribute bonuses; alleges controlled reviews; up rate only ~40%
37554106,,,,,,,,,,,,,,,,,,,,,,,,,,,,,,,,,,,,,,,,,Intl server story translation feels off; expects better CN writing
37553378,True,Sexual content/fanservice; says nothing else is good and CN will censor,,,,,,,,,,,,,,,,,,,,,,,,,,,,,,,,,,,,,,,
37552757,,,,,,,,,,,,,,,,,,,,,,,,,,,,,,,,,,,,,,,,,
37551821,,,,-1.0,Wants more detailed/appealing in-battle character models/visuals,,,,,,,,,,,,,,,,,,,,,,,,,,,,,,,,,,,,
37550511,,,,,,,,,,,,,,,,,,,,,,,,,,,,,,,2.0,CN promises 3650 pulls and daily self-select 10-pull,,,,,,,,,
37550479,,,Low-FPS chibi auto-battle with long forced tutorial,-2.0,Very low frame rate and half-hour forced tutorial,,,,-1.0,Must clear six large maps before unlocking gacha,,,,,,,,,,,,,,,,,,,,,,,,,,,,,,,Frustrated by mandatory left-right clicking tutorial
37547144,True,Sexual content/fanservice (beastgirl designs),,,,,,,,,,,,,,,,,,,,,,,,,,,,,,,,,,,,,,,
37546233,True,Sexual content/fanservice; ‘gentlemen’s game’,,,,,,,,,,,,,,,,,,,,,,,,,,,,,,,,,,,,,,,
37537957,True,Heavy censorship of sexual content,,,,,,,,,,,,,,,,,,,,,,,,,,,,,,,,,,,,,,,Excessive censorship
37527422,True,Sexual content/fanservice; CN version heavily censored,,,,,,,,,,,,,,,,,,,,,,,,,,,,,,,,,,,,,,,CN censorship compared to foreign uncensored version
37526730,,,,,,,,,,,,,,,,,,,,,,,,,,,,,,,,,,,,,,,,,
37524347,,,,,,,,,,,,,,,,,,,,,,,,,,,,,,,,,,,,,,,,,
37522704,,,,,,,,,,,,,,,,,,,,,,,,,,,,,,,,,,,,,,,,,
37517864,,,Turn-based combat,,,,,,,,,,,,,,,,,,,,,,,,,,,,,,,,,,,,,,
37510880,,,,,,,,,,,,,,,,,,,,,,,,,,,,,,,,,,,,,,,,,
37491233,,,,,,,,,,,,,,,,,,,,,,,,,,,,,,,,,,,,,,,,,
37490630,,,,,,,,,,,,,,,,,,,,,,,,,,,,,,,,,,,,,,,,,
37490218,,,,,,,,,,,,,,,,,,,,,,,,,,,,,,,,,,,,,,,,,
37487621,,,,,,,,,,,,,,,,,,,,,,,,,,,,,,,,,,,,,,,,,
37485601,,,,,,,,,,,,,,,,,,,,,,,,,,,,,,,2.0,Daily free ten-pull at launch,,,,,,,,,
37484926,True,Sexual content/fanservice toned down (censorship),,,,,,,,,,,,,,,,,,,,,,,,,,,,,,,,,,,,,,,Still looking forward despite some censorship
37469535,,,,,,,,,,,,,,,,,,,,,,,,,,,,,,,,,,,,,,,,,
37468638,,,,,,,,,,,,,,,,,,,,,,,,,,,,,,,,,,,,,,,,,
37467229,,,,,,,,,,,,,,,,,,,,,,,,,,,,,,,,,,,,,,,,,
37466200,,,,,,,,,,,,,,,,,,,,,,,,,,,,,-1.0,Advises non-whales to think twice,-1.0,Welfare not good; gacha/progression are expensive/punishing,,,,,,,,,Art/skins are the only real highlight; CN over-censorship could remove it
37462564,,,Auto-battle oriented; collection/idle focus,,,,,,,,,,,,,,,,,,,,,,,,,,,,,,,,,,,,,,
37458981,,,,,,,,,,,,,,,,,,,,,,,,,,,,,,,,,,,,,,,,,
37456708,,,,,,,,,,,,,,,,,,,,,,,,,,,,,,,,,,,,,,,,,
37455921,True,Sexual content/fanservice focus,,,,,,,,,,,,,,,,,,,,,,,,,,,,,,,,,,,,,,,
37448063,,,,,,,,,,,,,,,,,,,,,,,,,,,,,,,,,,,,,,,,,
37447733,,,,,,"Position/slot-based leveling (upgrades apply to slot, not specific card)",1.0,Forgiving for players who avoid guides,,,,,,,,,,,,,,,,,,,,,,,,,,,,,,,,,
37433554,,,,,,,,,,,,,,,,,,,,,,,,,,,,,,,,,,,,,,,,,
37433163,,,,,,,,,,,,,,,,,,,,,,,,,,,,,,,,,,,,,,,,,
37432598,,,,,,,,,,,,,,,,,,,,,,,,,,,,,,,,,,,,,,,,,
37430135,,,,,,,,,,,,,,,,,,,,,,,,,,,,,,,,,,,,,,,,,
37429191,,,,,,,,,,,,,,,,,,,,,,,,,,,,,,,,,,,,,,,,,
37416638,,,,,,,,,,,,,,,,,,,,,,,,,,,,,,,,,,,,,,,,,
37416104,,,,,,,,,,,-1.0,"Asks to buff the Winter faction (Kraken), implying that faction feels weak.",,,,,,,,,,,,,,,,,,,,,,,,,,,,,
37413297,,,,,,,,,,,,,,,,,,,,,,,,,,,,,,,,,,,,,,,,,
37411164,,,,,,,,,,,,,,,,,,,,,,,,,,,,,,,,,,,,,,,,,
37409793,,,,,,,,,,,,,,,,,,,,,,,,,,,,,,,,,,,,,,,,,
37367451,,,,,,,,,,,,,,,,,,,,,,,,,,,,,,,,,,,,,,,,,Hears story is mediocre; wants better narrative to match attractive characters.
37363912,,,"Idle/gacha RPG with stage pushing; several modes can’t be skipped (e.g., Absolute Crisis), and some runs must be fully watched.",-2.0,"Time-consuming dailies, unskippable/exitless modes, difficulty spikes; overall frustrating combat flow.",,,,-2.0,Constant resource shortages and low daily rewards block level/breakthrough progress.,,,,,,,,,,,,,True,SSR pity every 50 pulls; banner rate-up only guaranteed after up to 3 off-banner SSRs; 10-pull costs 1500 diamonds; free tickets are scarce.,-2.0,High number of pulls to secure banner units and limited free pulls make cost feel unreasonable.,-2.0,Non-spenders struggle to obtain featured units; friend spent thousands without maxing stars.,-2.0,Heavy reliance on spending to get desired characters; low free currency.,-2.0,Daily/weekly rewards and free tickets are very limited.,,,,,,,,,Absolute Crisis cannot be exited; co-op carry needed; skip unlocks are limited; recommended power doesn’t match actual difficulty.
37352304,,,,,,,,,,,,,,,,,,,,,,,,,,,,,,,,,,,,,,,,,Looks pleasing but gameplay offers no surprises.
37350244,,,,,,,,,,,,,,,,,,,,,,,,,,,,,,,,,,,,,,,,,Gameplay feels ordinary; visuals are strong and target audience is clear.
37343234,,,,,,,,,,,,,,,,,,,,,,,,,,,,,,,,,,,,,,,,,Appeals to art lovers; gameplay is easy.
37342624,,,,,,,,,,,,,,,,,,,,,,,,,,,,,,,,,,,,,,,,,High visual appeal; seems suited for casual/light play.
37342397,True,Sexual/fanservice art likely censored in CN server.,,,,,,,,,,,,,,,,,,,,,,,,,-2.0,F2P can play casually but can’t compete in rankings without spending.,-2.0,Heavy spending required to be competitive.,,,,,,,,,,,
37340170,,,Auto-battle supported.,-1.0,Fun is just average even though the art is a highlight.,,,,,,,,,,,,,,,,,,,,,,,,,,,,,,,,,,,,
37330396,,,,,,,,,,,,,,,,,,,,,,,,,,,,,,,,,,,,,,,,,
37323377,True,Will only play if sexual/fanservice art isn’t censored.,,,,,,,,,,,,,,,,,,,,,,,,,,,,,,,,,,,,,,,
37303028,True,Sexy/fanservice art; skill animations.,Battles with skill-release animations; standard gacha RPG combat.,,,PvP arena (JJC).,-1.0,Rarity dominates performance; stacking high-rarity units beats tactics.,,,,,,,,,,,,,,,,,,,,,-1.0,"Pull resources feel insufficient, pushing towards spending.",-1.0,Not enough gacha resources for comfortable pulling.,,,,,,,,,
37285596,,,,,,,,,,,,,,,,,,,,,,,,,,,,,,,,,,,,,,,,,
37284591,,,,,,,,,,,,,,,Home/dorm decoration and light customization alongside viewing character art.,False,1.0,"Simple, casual decorate-and-chill loop.",,,,,,,,,,,,,,,,,,,,,,,
37281520,,,,,,,,,,,,,,,,,,,,,,,,,,,,,,,,,,,,,,,,,Controls are simple; wants to unlock more modes/features.
37280921,,,,,,,,,,,,,,,,,,,,,,,,,,,,,,,,,,,,,,,,,Gameplay needs upgrades; relying on art alone won’t retain players.
37279866,True,Expects heavy censorship of sexual/fanservice art in CN server.,,,,,,,,,,,,,,,,,,,,,,,,,,,,,,,,,,,,,,,
37276329,,,,,,,,,,,,,,,,,,,,,,,,,,,,,,,-2.0,JP server welfare feels too low despite great art and voice acting.,,,,,,,,,
37259905,,,,,,,,,,,,,,,,,,,,,,,,,,,,,,,,,,,,,,,,,
37259221,,,,,,,,,,,,,,,,,,,,,,,,,,,,,,,,,,,,,,,,,
37259029,True,JP server art is very explicit; hopes CN can preserve it or at least increase rewards.,,,,,,,,,,,,,,,,,,,,,,,,,,,,,,,,,,,,,,,
37257177,,,,,,,,,,,,,,,,,,,,,,,,,,,,,,,,,,,,,,,,,
37256840,,,,,,,,,,,,,,,,,,,,,,,,,,,,,,,,,,,,,,,,,
37256259,,,,,,,,,,,,,,,,,,,,,,,,,,,,,-2.0,Foreign versions feel both grindy and monetized with many pay points.,,,,,,,,,,,
37254285,,,,,,,,,,,,,,,,,,,,,,,,,,,,,,,,,,,,,,,,,
37253303,,,,,,,,,,,,,,,,,,,,,,,,,,,,,,,,,,,,,,,,,
37240821,,,,,,,,,,,,,,,,,,,,,,,,,,,,,,,2.0,Claim that CN server offers permanent daily ten-pull.,,,,,,,,,
37238660,,,,,,,,,,,,,,,,,,,,,,,,,,,,,,,,,,,,,,,,,Worldbuilding seems flavorful; worried about writing quality and clarity.
37238339,,,Needs a battle skip option.,-1.0,No skip wastes limited daily time.,,,,,,,,,,,,,,,,,,,,,,,,,,,,,,,,,,,,Requests a skip-battle feature.
37237455,,,Skill animations look good.,,,,,,,,,,,,,,,,,,,,,,,,,,,,,,,,,,,,,,Hopes monetization won’t be too heavy.
37235615,,,,,,,,,,,,,,,,,,,,,,,,,,,,,,,,,,,,,,,,,
37235042,True,Core appeal is sexual/fanservice art; expects CN censorship.,,,,,,,,,,,,,,,,,,,,,,,,,,,,,,,,,,,,,,,
37223898,True,Very erotic art/CGs.,Stage-based combat with 2D ultimate animations and story CGs.,,,,,,-2.0,Severe stamina gating and level-gated features/banners; unlocks tied to account level.,,,,,,,,,,,,,,,,,,,,,-1.0,Welfare is average.,,,,,,,,,Limited banners require reaching a certain level; daily stamina purchase capped.
37230431,,,,,,,,,,,,,,,,,,,,,,,,,,,,,,,,,,,,,,,,,
37224547,,,,,,,,,,,,,,,,,,,,,,,,,,,,,,,,,,,,,,,,,
37222624,True,CN release has ‘full coverage’ outfits implying added censorship.,,,,,,,,,,,,,,,,,,,,,,,,,,,,,,,,,,,,,,,
37221332,True,Wants overseas uncensored art collection before potential CN censorship.,,,,,,,,,,,,,,,,,,,,,,,,,,,,,,,,,,,,,,,
37220396,True,Censorship is inevitable; pleads to minimize it.,,,,,,,,,,,,,,,,,,,,,,,,,,,,,,,,,,,,,,,
37217707,True,Asks how to view overseas (less censored) art in CN.,,,,,,,,,,,,,,,,,,,,,,,,,,,,,,,,,,,,,,,
37214255,True,Censorship expected; hopes it’s minimal.,,,,,,,,,,,,,,,,,,,,,,,,,,,,,,,,,,,,,,,
37211617,,,,,,,,,,,,,,,,,,,,,,,,,,,,,,,,,,,,,,,,,Avatar art looks very similar to another game (Possible reskin concern).
37207009,,,Turn-based card game; feels like a reskin.,-1.0,"Perceived as a reskinned, generic turn-based card battler.",,,,,,,,,,,,,,,,,,,,,,,,,,,,,,,,,,,,
37203794,,,,,,,,,,,,,,,,,,,,,,,,,,,,,,,,,,,,,,,,,International version is fine for killing time; art/VO good; story acceptable.
37203734,True,"Promotional images appear censored (e.g., black drape covering).",,,,,,,,,,,,,,,,,,,,,,,,,,,,,,,,,,,,,,,
37201456,True,Asks not to censor sexual/fanservice content.,,,,,,,,,,,,,,,,,,,,,,,,,,,,,,,,,,,,,,,
37200697,True,Hopes CN version keeps overseas art; otherwise loses appeal.,,,,,,,,,,,,,,,,,,,,,,,,,,,,,,,,,,,,,,,
37199567,True,Overseas art is very explicit; asks about uncensor mods.,,,,,,,,,,,,,,,,,,,,,,,,,,,,,,,,,,,,,,,
37193227,,,,,,,,,,,,,,,,,,,,,,,,,,,,,,,,,,,,,,,,,Accuses game of being art-only cash grab; wishes failure at launch.
37182219,True,Expects CN censorship of sexy art.,Chibi auto-battle; initially no skip.,-1.0,Very grindy with no early skip and lots of content to farm.,,,,-1.0,Hits brick walls later on (‘invincible’ stages).,,,,,,,,,,,,,,,,,,,,,,,,,,,,,,,
37178848,,,,,,,,,,,,,,,,,,,,,,,,,,,,,,,-2.0,Almost no welfare; same on international servers.,,,,,,,,,
37171292,True,CN version expected to censor large-chested characters.,,,,PvP presence.,,,,,,,,,,,,,,,,,,,,,-2.0,Extremely low pull resources make it unplayable for F2P.,-2.0,Very heavy monetization and PvP pressure.,-2.0,Pull resources are extremely scarce.,,,,,,,,,
37168592,,,,,,,,,,,,,,,,,,,,,,,,,,,,,,,,,,,,,,,,,
37166456,,,,,,,,,,,,,,,,,,,,,,,,,,,,,,,,,,,,,,,,,Daily and event tasks are grindy; quit after a week.
37163086,,,,,,,,,,,,,,,,,,,,,,,,,,,,,-2.0,Very low gacha rates; high-star limiteds require spending; weapon star-up is costly.,-1.0,Good launch rewards but drop off sharply later.,,,,,,,,,
37155265,,,,,,,,,,,,,,,,,,,,,,,,,,,,,,,,,,,,,,,,,
37151568,,,,,,,,,,,,,,,,,,,,,,,,,,,,,,,,,,,,,,,,,
37149466,,,Fully auto skill casting; optional manual weapon skill (often unimportant).,-1.0,Combat feels very hands-off and lackluster.,,,,,,,,,,,,,,,,,,,,,,,,,,,,,,,,,,,,
37148483,,,,,,,,,,,,,,,,,,,,,,,True,50 or 60-pull SSR pity; rate-up guaranteed after 4 off-banners; disabling ultimate animations is locked until ~level 40.,,,,,-2.0,Aggressive bundles/red dots; monetization feels in-your-face.,,,,,,,,,,,Dorm/dispatch systems feel useless; ultimate animation skip is locked behind level.
37144106,True,CN server’s art is censored vs. international.,Classic idle stage-push with card level gating.,,,,,,,,,,,,,,,,,,,,,,,,,,,,-1.0,Welfare appears plentiful but is actually average.,,,,,,,,,
37142771,True,Worried about heavy censorship of the main selling point (art).,,,,,,,,,,,,,,,,,,,,,,,,,,,,,,,,,,,,,,,Only standout compared to other anime gachas is the art.
37141859,,,,,,,,,,,,,,,,,,,,,,,,,,,-2.0,Star/rarity progression punishes F2P; hard to get desired units.,-2.0,Classic monetized card-RPG with many sinks and stingy rewards.,-2.0,Welfare is stingy; white-knighting art can’t hide issues.,,,,,,,,,
37141818,,,,,,,,,,,,,,,,,,,,,,,,,,,,,,,-2.0,"Besides erotic art, welfare is very poor; CN server expected to be similar.",,,,,,,,,
37141346,,,"Turn-based combat with autoplay; some skips locked (e.g., daily battles gated by VIP).",-1.0,Combat is boring despite decent art.,Position-based leveling: 6 slots inherit level/gear/skills so you can swap characters into leveled slots.,1.0,Slot inheritance is a useful twist that streamlines team changes.,,,,,,,,,,,,,,,,,,,,,,,,,,,,,,,,,Very grindy dailies; some skip functions locked behind VIP.
37140802,,,,,,,,,,,,,,,,,,,,,,,,,,,,,,,,,,,,,,,,,
37140033,True,CN censorship expected; art is the only standout.,,,,PvP focus and frequent new servers.,,,,,,,,,,,,,,,,,,,,,,,-2.0,Heavy spending expected for a PvP-leaning game.,-2.0,Don’t expect generous welfare.,,,,,,,,,
37139136,,,Has 2x speed but still slow; new-player rewards tied to pushing specific stages.,,,,,,-2.0,Stamina and power gates; must clear many stages to claim time-limited rewards.,,,,,,,,,,,,,,,,,,,,,-2.0,Promised rewards are slow and grind-heavy; beginner SSR event is time-limited and difficult; low rates force pity.,,,,,,,,,
37134682,,,,,,,,,,,,,,,,,,,,,,,,,,,,,,,,,,,,,,,,,
37134325,,,,,,,,,,,,,,,,,,,,,,,,,,,,,,,1.0,Welfare felt decent; could pull dozens of times per week when saving.,,,,,,,,,
37130546,,,,,,,,,,,,,,,,,,,,,,,,,,,,,,,,,,,,,,,,,Game is positioned as art/voice-first; gameplay is secondary.
37130059,,,,,,,,,,,,,,,,,,,,,,,,,,,,,,,,,,,,,,,,,
37128788,,,,,,,,,,,,,,,,,,,,,,,,,,,,,,,,,,,,,,,,,
37116465,True,Lewd fanservice focus; expects CN ‘nerfs’.,"Traditional Japanese-style card battler; easy to learn, little innovation.",,,,,,,,,,,,,,,,,,,,,,,,,,,,,,,,,,,,,,
37092414,True,Main selling point is sexual content; expects censorship in CN.,"Turn-based card combat with auto, skill-skip and sweep (desired for QoL).",,,,,,,,,,,,,,,,,,,,,,,,,,,,,,,,,,,,,,
37089463,True,Sexy art is the primary attraction.,Auto combat; can skip trash fights and sweep after clear; leveling inheritance makes swapping units easy.,-1.0,Low gameplay depth but acceptable as a sub-game due to QoL and art.,Level/gear inheritance system for team slots.,1.0,Inheritance reduces resource pressure and makes team changes convenient.,,,,,,,Dorm/home decoration and base building.,False,1.0,"Simple, casual decoration-focused loop.",,,,,,,,,,,,,,,,,,,,,,,
37090316,True,Sexy art likely to be censored in CN.,Auto-battle; clears if power is sufficient.,1.0,Relaxing and not grindy; auto suffices for progression.,,,,,,,,,,,,,,,,,,,,,,,,,,,,,,,,,,,,
37075774,,,Requests a skip-battle feature.,-1.0,Wants skip to reduce time cost.,,,,,,,,,,,,,,,,,,,,,,,,,,,,,,,,,,,,
37038035,,,,,,,,,,,,,,,,,,,,,,,,,,,,,,,,,,,,,,,,,
37036091,,,,,,,,,,,,,,,,,,,,,,,,,,,,,,,,,,,,,,,,,
37027365,,,,,,,,,,,,,,,,,,,,,,,,,,,,,,,,,,,,,,,,,
37017528,,,,,,,,,,,,,,,,,,,,,,,,,,,,,,,,,,,,,,,,,
37005693,,,,,,,,,,,,,,,,,,,,,,,,,,,,,,,,,,,,,,,,,
36925871,,,,,,,,,,,,,,,,,,,,,,,,,,,,,,,,,,,,,,,,,
36884018,,,,,,,,,,,,,,,,,,,,,,,,,,,,,,,,,,,,,,,,,
36876319,,,,,,,,,,,,,,,,,,,,,,,,,,,,,,,,,,,,,,,,,
36875917,True,Very large/busty character art (sexualized).,,,,,,,,,,,,,,,,,,,,,,,,,,,,,,,,,,,,,,,
36831025,True,Very erotic art is the main highlight; expects full censorship in CN.,,,,,,,,,,,,,,,,,,,,,,,,,,,,,,,,,,,,,,,
36817669,True,Sexual content/lewd art,,,,,,,-2.0,Daily tasks are lengthy with meager rewards; progression and rewards are gated by power and gacha reliance.,,,,,,,,,,,1.0,"Mentions a biweekly rotating event cycle (14-day ""double-week"" event).",,,,,-2.0,"High-benefit dailies, strong guilds, and PvP rewards require high power, locking out weaker players.",-2.0,"Power mainly comes from gacha and even unused pulls add power; competitive rewards tie to power, pressuring spending.",-2.0,Rewards from dailies are few even at high rank; biweekly event yields more only with high power.,,,,,,,,,Tedious daily routine; strong guilds reject low-power players; biweekly event heavily favors high-power/whales.
36806067,True,Sexual content; CN version likely censored/covered art.,,,,,,,-2.0,Progress often stalls due to gacha RNG and account variance; event banner access gated behind main story.,,,,,,,,,,,,,,,,,,,-2.0,States there is basically no welfare (about 10 pulls then nothing) while progress pushes pulls in the standard pool.,-2.0,Very poor free rewards: essentially only around 10 pulls early on.,,,,,,,,,Grindy dailies even with sweep; event gacha access locked behind story; expects heavier censorship in CN version.
36803200,,,,,,,,,,,,,,,,,,,,,,,,,,,,,,,,,,,,,,,,,
36802334,,,,,,,,,,,,,,,,,,,,,,,,,,,,,,,,,,,,,,,,,
36760711,True,Sexual content/lewd art; CN version expected to be censored.,Turn-based gacha combat with build systems such as Artifacts and Engravings.,-2.0,Reviewer calls the game mode bad and says it relies on lewd art rather than engaging combat.,Artifacts and Engravings as build systems.,-1.0,"Despite systems, overall design is described as shallow and grindy.",-2.0,Low gem income vs. high pull costs; heavy grind; month card seen as essential.,,,,,,,,,,,,,True,"Approx. 50-pull pity; in standard pool, after 100 pulls you can select a character to increase its rate; still prone to off-banner results.",-2.0,Pulls are costly (200/150 premium currency per pull; 2000 for 10-pull) while income is stingy; skins also expensive.,-1.0,Core content is accessible but advancement is grindy and strongly incentivizes purchasing a monthly pass.,-2.0,Skins grant 1% all-stat bonus and are pricey; low welfare pushes spending and feels pay-to-win.,-2.0,"Welfare is stingy: e.g., perfect-clearing a chapter yields 170 gems vs. 2000 needed for a 10-pull.",,,,,,,,,Publisher reputation concerns (Youzu); skins provide stat bonuses; anticipates censorship in CN release.
36778363,,,,,,,,,,,,,,,,,,,,,,,,,,,,,,,,,,,,,,,,,
36760013,,,,,,,,,,,,,,,,,,,,,,,,,,,,,,,,,,,,,,,,,
36750464,,,,,,,,,,,,,,,,,,,,,,,,,,,,,,,,,,,,,,,,,
36747719,,,,,,,,,,,,,,,,,,,,,,,,,,,,,,,,,,,,,,,,,
36707474,,,,,,,,,,,,,,,,,,,,,,,,,,,,,,,,,,,,,,,,,
36675700,,,,,,,,,,,,,,,,,,,,,,,,,,,,,,,,,,,,,,,,,
