q0,q1,q2,q3,q4,q5,q6,q7,q8,q9,q10,q11,q12,q13,q14,q15,q16,q17,q18,q19,q20,q21,q22,q23,q24,q25,q26,q27,q28,q29,q30,q31,q32,q33,q34,q35,q36,q37,q38,q39,q40,q41
45790830,,,,,,,,,,,,,,,,,,,,,,,,,,,,,-1.0,Reduced sign-in and event shop welfare increases pressure on players.,-2.0,"Cut sign-in rewards, nerfed event shop rewards; stingy exchange materials (20-cost item gives only 2); counting main story rewards as version welfare.",,,,,,,,,
45552974,,,,,,,,,,,,,,,,,,,,,,,,,,,,,,,,,,,,,,,,,Account lost after deleting/reinstalling (Bilibili version); asks what's going on.
44702185,,,,,,,,,,,,,,,,,,,,,,,,,,,,,,,,,,,,,,,,,Believes rating is being brigaded down despite the game being fun.
43475258,,,,,,,,,,,,,,,,,,,,,,,,,,,,,,,,,,,,,,,,,Praised UI/art style but found some character illustrations odd; limited playtime during CBT.
42929067,,,,,,,,,,,,,,,,,,,,,,,,,,,2.0,Most content playable with auto-battle; light progression; skins can be exchanged for free; high gacha rates.,1.0,Plenty of free pulls; light growth; small-studio but generous approach.,2.0,Many free pulls; skins can be obtained for free; overall generous.,,,,,,,,,Likes snow scene and Bird Zun; worries the small studio may not survive; notes many bugs.
39662533,,,Turn-based grid (war chess) battles with classes; some skills/movement feel cramped.,-1.0,Tactical design feels cramped/odd; not enjoyable compared to peers.,"Class roles, movement and skills in a grid-based tactical system.",-1.0,Skills/movement feel weird; overall tactics feel subpar.,-1.0,High stamina cost and expensive/tedious character growth cause early grind.,,,,,,,,,,,,,True,Test banner used double UP; frequent off-rate results; effectively only a ~180-pull spark to guarantee one copy.,,,,,-1.0,Weak welfare and grind increase pressure.,-1.0,Stingy feeling in test: few high-rarity pulls and poor welfare; cluttered UI with many red dots.,,,,,,,,,UI has tiny icons and clutter; inconsistent voice-over; confusing story pacing and exposition.
39662956,,,,,,,,,,,,,,,,,,,,,1.0,"Since CBT to launch, most pain points were addressed; devs are responsive.",,,,,,,,,1.0,Welfare is good at launch.,,,,,,,,,Weapon affix/roll farming is still painful.
39657781,,,,,,,,,-1.0,"Difficulty high; even at recommended level, auto cannot clear, causing frustration.",,,,,,,,,,,,,,,,,,,,,,,,,,,,,,,
39655757,,,,,,,,,,,,,,,,,,,,,,,,,,,,,,,,,,,,,,,,,
40394555,,,,,,,,,-1.0,Stamina system feels punishing.,,,,,,,,,,,,,,,,,,,,,,,,,,,,,,,
40372067,,,,,,,,,,,,,,,,,,,,,,,,,,,,,,,,,,,,,,,,,Thinks malicious downrating explains low score.
40360032,,,,-1.0,Finds the game boring; art becomes tiring quickly.,,,,,,,,,,,,,,,,,,,,,,,,,,,,,,,,,,,,
39657407,,,,,,,,,,,,,,,,,,,,,,,,,,,,,,,,,,,,,,,,,Not as educational as expected; disliked story; test access required抢 (rushing) for slots even with qualification.
39655953,,,"Turn-based grid (SRPG) with auto-battle; battles can be long; includes puzzle-like mechanics (e.g., four-in-a-row).",0.0,High drop rates but auto AI plays poorly and stages feel lengthy.,,,,,,,,,,,,,,,,,,True,No small UP guarantee; around 160 pulls lets you select one of the UPs. Newbie/standard/UP use the same ticket.,,,,,,,1.0,Resource income felt sufficient from early gameplay.,,,,,,,,,Initial test access/network issues; gacha often off-rate; auto AI causes frustration.
40328409,,,War-chess tactical battles with 6-unit squads; rewards careful play or overleveling.,,,Players can clear by planning or by leveling; materials are craftable; can progress with as few as 3 well-built units.,1.0,Requires thought/route planning when underpowered; guides help.,1.0,"Multiple progression paths (brainplay or grind); generous newbie/event support, including a free red unit.",,,,,Material synthesis/crafting system to convert materials.,True,1.0,Crafting is straightforward and supportive.,1.0,Crafting helps bridge resource gaps without heavy spending.,1.0,Dev team adjusted trial event quickly after feedback (listens to players).,True,Approx. 70 small pity and 160 big pity; not necessary to chase UP to progress.,,,2.0,Newbies receive about 200 pulls; event grants a free red character; gold units can fill roles.,1.0,Generous pulls and a free event 6-star reduce pressure to spend.,2.0,Around 200 newbie pulls; event grants a usable red; long-term activity gives 160 skin tickets (one free skin).,,,,,,,,,
40322043,,,,,,,,,,,,,,,,,,,,,,,,,,,,,,,,,,,,,,,,,Could not find a specific item after obtaining it; customer service unresponsive/unhelpful; suspects data padding.
40295147,,,,,,,,,,,,,,,,,,,,,,,,,,,,,,,,,,,,,,,,,Accuses use of AI in splash art; calls core gameplay very poor.
40287315,,,,-1.0,Gameplay feels bland and torturous; CN voice acting is repetitive/awkward despite decent drop rates.,,,,,,,,,,,,,,,,,,,,,,,,,,,,,,,,,,,,Art quality varies; considers gacha rate high but the game boring.
40287121,,,,,,,,,,,,,,,,,,,,,,,,,,,,,,,,,,,,,,,,,
40269583,,,,-1.0,War-chess pace/speed feels uncomfortable; overall combat lacks appeal.,,,,,,,,,,,,,,,,,,,,,,,,,,,,,,,,,,,,Loading screen design is unappealing.
40258541,,,,,,,,,,,,,,,,,,,,,,,,,,,,,,,,,,,,,,,,,"Below expectations; apart from some art/music, finds little of value or fun."
40258247,,,,,,,,,,,,,,,,,,,,,,,,,,,,,,,,,,,,,,,,,Gameplay is acceptable with some novelty; concerned about Bilibili publishing and long-term survival.
40251889,,,Classic tactics/war-chess layered with Chinese aesthetic.,-2.0,Battle visuals and animations are crude and off-putting; quickly skipped story/voice due to cringe.,,,,,,,,,,,,,,,,,,,,,,,,,,,,,,,,,,,,Harsh art/UI critique; claims low rates and poor welfare (anecdotal).
40250553,,,,-1.0,"Combat animations, dialogue, and forced tutorials are draggy; UI is tiring to use.",,,,,,,,,,,,,,,,,,,,,,,,,,,,,,,,,,,,
40248901,,,,,,,-1.0,"As a strategy SRPG it feels insufficient versus competitors (e.g., Tiandi Jie).",,,,,,,,,,,,,,,,,,,,,,,,,,,,,,,,,
40167939,,,,,,,,,,,,,,,,,,,,,,,,,,,,,,,,,,,,,,,,,Enjoys browsing artifact-related lore in-game.
39722624,,,,,,,-1.0,Tactics are mediocre; relies on randomization and systems borrowed from Arknights; insufficient strategic depth to retain fans.,,,,,,,"Randomized gear/stat growth and multi-layered progression (e.g., constellations, gear rolls).",,,,,,,,,,,,,,,,,,,,,,,,,,Critiques market viability of war-chess subgenre; dislikes randomized progression.
40092893,,,,,,,,,,,,,,,,,,,,,,,,,,,,,,,,,,,,,,,,,Spent ~¥40–50; fears low popularity; mistakenly pulled on the wrong limited; wants certain commemorative/limited items to remain exclusive.
40058506,,,,,,,,,,,,,,,,,,,,,,,,,,,,,,,,,,,,,,,,,
40043749,,,,,,,,,,,,,,,,,,,,,,,,,,,,,,,,,,,,,,,,,
40037150,,,,,,,,,,,,,,,,,,,,,,,,,,,,,,,,,,,,,,,,,Requests AI auto-battle optimization.
39998008,,,,,,,,,,,,,,,,,,,,,,,,,,,,,,,,,,,,,,,,,Limited test required post-download registration; lost test qualification; negative test operations experience.
39656852,,,,,,,,,,,,,,,,,,,,,,,,,,,,,,,,,,,,,,,,,Bilibili dubbed a 'mobile graveyard'; test qualification mishandled; anxious about post-launch ops.
39988469,,,,-1.0,Battles and screen transitions take too long; wastes time.,,,,-1.0,Time-consuming grind and UI friction reduce patience.,,,,,,,,,,,,,,,,,,,,,,,,,,,,,,,UI flow not smooth; suggests shortening animations and transitions.
39981935,,,,-1.0,Ultimate animations are weak and gameplay lacks fun despite good art/style.,,,,,,,,,,,,,,,,,,,,,,,,,,,,,,,,,,,,Likes chibi art; hopes for system optimization.
39669734,,,,1.0,Combat is acceptable with no overly complex mechanics or difficulty spikes.,,-1.0,Mechanics are simple; lacks complexity.,1.0,No level or stage blocks encountered; difficulty acceptable.,,,,,,,,,,,,,,,,,,,,,,,,,,,,,,,
39972388,,,,,,,,,,,,,,,,,,,,,,,,,,,2.0,"As a F2P, gacha rates feel high and stages are passable without spending; overall experience good.",,,,,,,,,,,,,
39889753,,,,,,,,,,,,,,,,,,,,,,,,,,,,,,,,,,,,,,,,,Hopes the game can survive long-term.
39885891,,,,,,,,,-1.0,"Too many separate dungeons, early level caps require multiple farms; stamina micromanagement becomes tedious.",,,,,,,,,,,,,,,,,,,-1.0,Skins are attractive but require payment; hard to grind enough tickets for them.,,,,,,,,,,,Flow feels too long and repetitive.
39867148,,,,,,,,,,,,,,,,,,,,,,,,,,,,,,,,,,,,,,,,,
39865402,,,,,,,,,,,,,,,,,,,,,,,,,,,,,,,,,,,,,,,,,Failed to get a test account/slot.
39860336,,,"Simple, accessible war-chess combat.",0.0,Playable and easy to pick up but not very compelling.,,,,,,,,,,,,,,,,,,,,,,,,,,,,,,,,,,,,
39851195,,,,-1.0,"Aside from illustrations, little is compelling.",,,,,,,,,,,,,,,,,,,,,,,,,,,,,,,,,,,,
39849706,,,,,,,,,,,,,,,,,,,,,,,,,,,,,,,-1.0,Wants more generous welfare/rewards.,,,,,,,,,
39665239,,,War-chess tactics; initially confusing for newcomers but fun after familiarity.,1.0,Found the combat enjoyable once learned; left wanting more after test ended.,,,,,,,,,,,,,,,,,,,,,,,,,,,,,,,,,,,,
39837747,,,,-2.0,Poor hand-feel with frequent mis-taps; auto AI behaves oddly; leveling and shop dependency make fights feel bad.,,,,,,-1.0,Healers/shields feel underpowered; tankiness and healing numbers don't match roles.,,,,,,,,,,,,,,,,,,,,,,,,,,,,,Art proportions sometimes feel AI-like; rough scene transitions; mis-taps due to small touch targets; auto units stop instead of engaging; leveling is hard and shop-dependent.
39837716,,,,,,,,,,,,,,,,,,,,,,,,,,,,,,,,,,,,,,,,,
39825268,,,War-chess with boss mechanics that demand understanding and tailored teams.,1.0,Playable and enjoyable after learning mechanics; specific units shine in boss fights.,"Boss-specific mechanics; unit recommendations/synergies (e.g., rabbit for boss, Tea sister as F2P carry, Jin'ou Cup as strong but fragile).",,,-1.0,Boss fights can hard-gate progress for newcomers; progress lags peers despite active play.,,,,,,,,,,,,,,,,,,,,,,,,,,,,,,,Requests resource sweep function; notes officials plan changes; recommends certain units.
39823790,,,,,,,,,,,,,,,,,,,,,,,,,,,,,,,,,,,,,,,,,Thinks the main character's illustration is unattractive.
39822151,,,,,,,,,,,,,,,,,,,,,,,,,,,,,,,,,,,,,,,,,Detailed story/worldbuilding feedback: likes dialects and ideas but feels the 'Qujie' origin and emotional impact are weak; suggests time-travel-like storytelling to witness artifact origins.
39816735,,,,,,,,,,,,,,,,,,,,,,,,,,,,,,,,,,,,,,,,,Cannot log in.
39814193,,,,1.0,"Early game dull but later team-building adds fun; however, terrain can restrict unit choices.",,,,-1.0,Early progression requires some grind; events can be painful without it.,-1.0,Six-star units are broadly overtuned; 'just raise 6-stars' mentality hurts balance.,0.0,Terrain differences and 6-star dominance limit team variety.,,,,,,,,,,,,,,,,,,,,,,,,,,,High-tier art quality with lower-tier mismatch; detailed chibi models; side stories show promise.
39807474,,,,1.0,Enjoys thinking-oriented war-chess; finds difficulty manageable and fun.,,1.0,Requires planning/brainwork which the reviewer likes.,,,,,,,,,,,,,,,,,,,,,,,,,,,,,,,,,
39804550,,,,-2.0,Considers the core gameplay very bad despite some standout art.,,,,,,,,,,,,,,,,,,,,,,,,,,,,,,,,,,,,
39804318,,,,-1.0,Damage formula/mechanics feel inexplicable; gameplay not enjoyable though art is appealing.,,,,,,,,,,,,,,,,,,,,,,,,,,,,,,,,,,,,
39796602,,,,-1.0,War-chess battles take several minutes and feel tiring despite strong theme/art.,,,,,,,,,,,,,,,,,,,,,,,,,,,,,,,,,,,,Notes the subgenre is niche.
39795198,,,,,,,,,-2.0,"Severe material scarcity, level caps, and forced formation restrictions block progress.",,,,,,,,,,,,,True,"Small pity can reset on off-rate; hard pity around 180; limited banners are short, making sparking difficult without spending.",,,,,-2.0,"Low rates, frequent off-rate pulls, short banner durations, and expensive skins create heavy pressure.",-1.0,Resource and material shortages; skin requires 1500 currency; overall stingy.,,,,,,,,,"Requests skip options for big moves; hidden mission constraints (e.g., required melee units) feel unfair."
39793698,,,,,,,,,,,,,,,,,,,,,,,,,,,,,,,,,,,,,,,,,
39791969,,,,,,,,,-1.0,Overall fun but difficulty feels a bit high.,,,,,,,,,,,,,,,,,,,,,,,,,,,,,,,
39791680,,,,-1.0,Battle system feels poor.,,,,-1.0,Stamina consumption is excessive.,,,,,,,,,,,,,,,,,,,,,,,,,,,,,,,
39789353,,,Classic war-chess/tactical gameplay.,0.0,Overall acceptable experience; models are average.,,,,,,,,,,,,,,,,,,,,,,,,,,,,,,,,,,,,
39786123,,,,,,,,,,,,,,,,,,,,,,,,,,,,,,,,,,,,,,,,,
39783168,,,,1.0,Finds the game very playable.,,,,,,0.0,Stats feel averaged with limited differentiation.,,,,,,,,,1.0,Rates operations/service as good.,,,,,,,,,,,,,,,,,,,Requests a sweep function; praises art/music and setting.
39780632,,,,,,,,,,,,,,,,,,,,,,,,,,,,,,,,,,,,,,,,,Reports relatively high drop rate.
39780193,,,,,,,,,-1.0,Growth is cumbersome; auto AI is dumb; off-rate gacha is frustrating.,,,,,,,,,,,,,,,,,,,,,,,,,,,,,,,Won't spend; plans to focus only on units pulled; questions banner rotation cadence.
39775374,,,,,,,,,,,,,,,,,,,,,,,,,,,,,,,,,,,,,,,,,Says combat mode and story need improvement; praises art and music.
39770358,,,,,,,,,-1.0,Cumbersome growth with many daily materials and no sweep; feels grindy.,-1.0,Six-star units feel underwhelming/low numbers.,,,,,,,,,,,,,,,,,-1.0,Scarce pull resources and no pity carryover increase pressure.,-1.0,Pull resources feel scarce; no pity inheritance.,,,,,,,,,
39769884,,,,-1.0,Says gameplay is weak; story is poor.,,,,,,,,,,,,,,,,,,,,,,,,,,,,,,,,,,,,
39768357,,,,1.0,Battle experience is okay.,,,,,,,,,,,,,,,,,,,,,,,,,,1.0,"Pulls accumulate quickly, though banners can be very off-rate.",,,,,,,,,Growth is cumbersome; story lacks surprises; gacha can off-rate multiple times; skin purchased was attractive.
39760902,,,,,,Rich class taxonomy with limited intra-class differentiation.,0.0,Strategy feels middling; most roles feel similar within classes.,,,,,,,Weapon system with random affixes requiring repeated farming; constellation-like system for units.,,-1.0,Randomized weapon affixes make the loop grindy and opaque.,-1.0,High stamina cost and RNG make gear farming low-yield.,,,,,,,,,-1.0,Constellation splits and randomized gear are unfriendly to low spenders.,,,,,,,,,,,Weapon models feel cheap; good-will leveling feels slow.
39655639,,,,,,,,,,,,,,,,,,,,,,,,,,,,,,,,,,,,,,,,,"Praises inclusion of a sweep feature, contrasting with competitors."
39756258,,,War-chess combat with Q-models and ult animations; currently a bit monotonous.,0.0,Core play is serviceable but somewhat monotonous; effects could be stronger.,,,,,,,,,,,,,,,,,,,,,,,,,,,,,,,,,,,,Music quality varies; growth UI is convoluted; too many material dungeons; hopes for consolidation.
39752947,,,,,,,,,,,,,,,,,,,,,,,,,,,,,,,1.0,Welfare feels good for new players.,,,,,,,,,New-player tutorial lacks detail; some systems require self-discovery.
39752219,,,,,,,,,-1.0,Too grindy.,,,,,,,,,,,,,,,,,,,,,,,,,,,,,,,
39751886,,,,,,,,,,,,,,,,,,,,,,,,,,,,,,,,,,,,,,,,,Drop rates feel high but often off-rate.
39750814,,,,,,,,,,,,,,,,,,,,,,,,,,,,,,,,,,,,,,,,,Art is excellent; story is average and a bit fragmented; overall positive on '破局' test.
39748742,,,,,,,,,,,,,,,,,,,,,,,,,,,,,,,,,,,,,,,,,Notes official server is Bilibili; implies concern.
39741840,,,,-1.0,Finds the game not fun.,,,,,,,,,,,,,,,,,,,,,,,,,,,,,,,,,,,,Mentions registration issues.
39739839,,,,-1.0,Skills feel copy-pasted across roles; overlapping attack/wait buttons cause frequent misclicks.,,,,,,,,,,,,,,,,,,,,,,,,,,,,,,,,,,,,Activity times tight; gacha is high-rate but very off-rate; some art/UI dislike.
39739032,,,,,,,,,,,,,,,,,,,,,,,,,,,,,,,,,,,,,,,,,Requests further optimization of in-battle models.
39738490,,,,,,,,,,,,,,,,,,,,,,,,,,,,,,,,,,,,,,,,,Regional dialect VO is distinctive; UI similar to Arknights; gacha experience okay; requests more androgynous male designs.
39738340,,,,,,,,,,,,,,,,,,,,,,,,,,,,,,,,,,,,,,,,,Requests full-auto for every stage; UI feels gaudy; reports extremely off-rate gacha (six consecutive off-rate).
39737756,,,,,,,,,,,-1.0,Without a red T0 unit the experience suffers; most gold units feel weak; nerfs to free units perceived as pushing spending.,,,,,,,,,,,True,No soft pity guaranteeing the current UP; can off-rate multiple times before hitting the target.,,,,,-1.0,Reliance on top-tier reds and nerfing free units increases pressure on non-spenders.,,,,,,,,,,,
39736855,,,,2.0,Loves the gameplay/combat.,,,,,,,,,,,,,,,,,,,,,,,,,,,,,,,,,,,,Thinks the story is terrible and should replace the writer.
39735026,,,War-chess with boss fights; tutorial is brief so players learn by exploration.,1.0,Enjoys the strategic gameplay though boss fights can be tough.,,1.0,Strategy feels strong; boss stages can require multiple attempts.,-1.0,Leveling and material drops feel tiring; some tasks are too difficult; auto AI feels dumb.,,,,,,,,,,,,,,,,,,,,,,,,,,,,,,,Bug with enemy display; wants clearer tutorials; UI/red-dot clutter; suggests simpler UI and better dressing preview; wants higher UP rate.
39732859,,,"Turn-based grid tactics with a six-unit squad; manual play and auto AI available; potential team synergies (e.g., Li Gui + Jin'ou Yonggu Cup/Yue King Sword).",1.0,"Feels thoughtful to play with room for squad synergy, but auto AI and hidden-task tuning need improvement.","Six-member formations, synergy combos, hidden objectives, auto AI.",1.0,"Framework for coordination exists, but units often act independently and auto AI underperforms.",0.0,Progress should be fine if materials aren’t too stingy; hidden tasks currently feel overtuned.,1.0,States balance is generally OK with few weak high-rarity units.,1.0,Six-person team and combo potential imply multiple viable builds even if not fully realized yet.,Base/building system with upgrade timers and UI management (red dot notifications).,False,-1.0,Upgrade timers and UI clutter make it feel cumbersome.,,,,,,,,,,,,,,,,,,,,,,,Art/style inconsistency among skins; UI clutter; wants auto AI optimization and easier hidden objectives; raise UP rate.
39655711,,,,,,,,,,,,,,,,,,,,,,,,,,,,,,,,,,,,,,,,,
39733555,,,,,,,,,-1.0,Level and material gating slow progression; stamina dependence makes sustaining play difficult.,,,,,,,,,,,,,,,,,,,,,,,,,,,,,,,Tutorial/story reappeared and soft-locked extra challenge (bug); recommend lowering cultivation cost and reliance on stamina items.
39733227,,,"War-chess tactical battles with roles (e.g., sniper, guard, caster, strategic).",1.0,"Enjoys turn-based tactics and class variety, though some class mechanics feel unsatisfying.",Class differentiation; sniper-focused squads; melee vs. large bosses counting damage oddly.,1.0,"Room for planning and team comp, but mage range/mobility and melee vs. large boss interactions need work.",,,-1.0,Mages feel weak due to range/mobility; melee damage counting vs. big bosses feels unfair.,,,,,,,,,,,,,,,,,,,,,,,,,,,,,Character personality/dialogue needs polishing despite some standouts.
39732974,,,,,,,,,-2.0,Overly complex growth systems with severe stamina shortages gate progress.,,,,,,,,,,,,,,,,,,,,,,,,,,,,,,,"Red weapon access is scarce and substats are random, increasing grind."
39732765,,,Turn-based tactics; heavy emphasis on manual control and strategy; auto is limited.,,,High strategic and execution demand; skins obtainable via gameplay.,1.0,Requires planning and control; not fully free-command but rewards skillful play.,,,,,,,,,,,,,,,,,,,,,,,,,,,,,,,,,Voice lines incomplete and desynced; tapping cancels voice; hopes high test gacha rate remains.
39732679,,,,,,,,,1.0,Main story difficulty is reasonable with no hard walls reported.,,,,,,,,,,,,,,,,,1.0,Played through events and story without spending; hopes to avoid paywalls at launch.,,,,,,,,,,,,,Occasional voice cutoff; some skins feel stylistically inconsistent; requests a story memory/recap feature.
39732677,,,"War-chess battles; first clears are manual, subsequent clears can use auto-commission after viewing a replay.",1.0,Core loop is solid and convenient with the auto commission system.,"Auto commission/unlock after first clear, replay-based automation.",1.0,Automation reduces grind after initial manual learning.,,,,,,,,,,,,,,,,,,,,,,,,,,,,,,,,,Launch-day operations were frustrating; test pool drop rate was very high.
39732644,,,War-chess tactics with role variety and a weekly equalized-level mode.,,,‘Winter Valley Competition’ where owned characters are normalized to level 50; public recruitment feature.,1.0,Modes encourage experimentation without heavy growth reliance.,,,,,,,,,,,,,,,True,Approx. 2% top rarity with soft pity ramp from ~50 pulls; small pity at ~70; hard pity at ~180 for a top rarity; public recruitment exists.,,,,,,,,,,,,,,,,,Dialect+Mandarin voice mix feels inconsistent; occasional missing voice; some audio timing quirks.
39732296,,,Turn-based with fixed round order; players cannot customize action sequence.,-1.0,Lack of control over action order feels restrictive.,,,,,,,,,,,,,,,,,,,,,,,,,,,,,,,,,,,,
39731558,,,,-1.0,Core gameplay feels weak.,,,,-1.0,Growth systems are tough and slow.,,,,,,,,,,,,,,,,,,,,,,,,,,,,,,,Perceived very high gacha hit rate.
39731600,,,,,,,,,,,,,,,,,,,,,,,,,,,,,,,,,,,,,,,,,
39731067,,,Turn-based grid battles with long later maps; death forces restarts; hidden score conditions.,-1.0,Later stages are lengthy and punishing; hidden conditions feel frustrating.,"Distinct unit behaviors (e.g., heal over time, summons, burst, multi-hit dispersion); positional play; hidden objectives.",1.0,"Unit kits allow varied tactics, but map length and punishment reduce enjoyment.",-1.0,Steep map difficulty increase and hidden scoring make progression tiring.,,,,,,,,,,,,,,,,,,,-1.0,Purchased level packs to ease progression pressure.,-1.0,Stamina costly and rewards feel stingy.,,,,,,,,,Standard pool felt worse than rate-up; off-rate duplicates; hidden conditions feel unfair.
39731204,,,War-chess tactics with story and side tales.,1.0,Enjoys the gameplay loop and vignettes; requests sweep feature.,,,,,,,,,,,,,,,,,,,,,,,,,,,,,,,,,,,,
39655767,,,War-chess tactics; auto exists; post-clear commission system.,,,Replay-based auto commission; high-burst units and terrain use.,1.0,Convenient automation and strong unit kits create tactical variety.,,,,,,,,,,,,,,,True,Small pity ~70 and hard pity ~180; a ‘newcomer market’ 40-pull guarantee that disappears if hit early.,-1.0,Estimated ~15–16 RMB per pull; acceptable but still pricey for F2P.,,,,,1.0,Early rewards felt plentiful in test.,,,,,,,-1.0,Frequent ‘network unstable’ prompts and long loading; accidental double-ten-pull due to lag.,Early registration rush was chaotic; weapon cap feels low vs. character cap; stamina limits early on.
39731043,,,,,,,,,,,,,,,,,,,,,,,,,,,-2.0,Claims non-spenders can’t really play; constant resource shortage.,-2.0,High pressure from resources/stamina scarcity.,-2.0,Persistent lack of stamina and materials.,,,,,,,,,
39730963,,,,,,,,,,,,,,,,,,,,,,,,,,,,,,,,,,,,,,,,,Story has flaws; gacha felt fair with little off-rate.
39730378,,,,,,,,,-1.0,"Stamina feels insufficient, hampering growth and progress.",,,,,,,,,,,,,,,,,,,,,,,,,,,,,,,"Wants pity exchange improved (e.g., dual-pool UP select); hopes for social and competitive modes."
39729477,,,"War-chess with role-based kits, hidden conditions, and boss mechanics.",1.0,"Tactical play is engaging, but stamina demands and speed system issues detract.",Hidden objectives; boss mechanics; speed/turn order system; two challenge modes (debuff gauntlet; equalized roster with non-reuse); class synergies.,1.0,Multiple modes and mechanics support planning; speed control limitations hinder deeper synergies.,-1.0,Heavy stamina needs and event pacing make it hard to keep up after day 6.,,,,,,,,,,,,,True,Approx. 70-pull pity and 180-pull hard pity; perceived high top-rarity hit rate.,,,,,,,-1.0,Requests higher stamina cap or more free stamina to sustain play.,,,,,,,,,Later-region story clarity drops; speed system lacks player-adjustable tools.
39729517,,,"War-chess, but auto AI and lack of zoom hurt usability.",-1.0,Gameplay feels dated; misclicks and weak auto raise frustration.,Auto battle; daily task load; multiple growth currencies.,-1.0,Strategy doesn’t shine due to clunky controls and poor auto AI.,-1.0,Overloaded daily/upgrade systems and timed mechanics slow progress.,,,,,Weapon crafting with timers; character recruitment; daily task loops.,False,-1.0,Too many systems and timers create friction.,-1.0,Crafting and recruitment feel stingy for the time investment.,,,,,,,,,,,,,,,,,,,,,Cannot zoom; frequent misclicks; suggests simplifying gameplay and growth systems.
39729181,,,,,,,,,,,,,,,,,,,,,,,,,,,,,,,,,,,,,,,,,
39728451,,,,,,,,,,,,,,,,,,,,,,,,,,,,,,,,,,,,,,,-2.0,Stuck at 1-1 cutscene and couldn’t proceed despite claimed fix.,Severe early blocking bug prevented any testing.
39727991,,,War-chess tactics appealing to fans of the genre.,1.0,Genre fans will likely enjoy the core combat.,,,,,,,,,,,,,,,,,,,,,,,,,,,,,,,,,,,,
39727826,,,,,,,,,,,,,,,,,,,,,,,,,,,,,,,,,,,,,,,,,
39727721,,,War-chess with hidden conditions and boss telegraphs; mobile controls prone to mis-taps.,1.0,Finds tactical puzzles interesting despite flaws.,"Hidden objectives; boss delayed attacks; UI aids requested (enemy count, buff icons, danger indicators).",0.0,Potential is there but current UI/telegraphing hurts tactical clarity.,-1.0,Large difficulty spikes gate main story progress.,,,,,Weapon manufacturing/orders; base/dispatch systems; UI meta loops.,False,-1.0,Systems feel complex and visually noisy.,-1.0,Manufacturing/dispatch rewards feel underwhelming.,,,,,,,,,,,,,,,,,,,,,UI clutter; red-dot spam; story feels weak/AI-like; wants clearer combat indicators and simplified systems.
39727718,,,,,,,,,,,,,,,,,,,,,,,,,,,,,,,,,,,,,,,,,High framerate toggle delay; BGM transitions abrupt; voice/text pacing mismatch and tap cancels voice; touch feedback too large; multi-screen forces pause.
39727099,,,War-chess; auto pauses with split-screen; unclear action order; some stages require zone capture to win.,-1.0,"Combat flow is clunky and unclear, especially with auto and turn order.",,,,-2.0,"High resource costs, low drops (20 stamina per run for 1 item) cause early gating.",,,,,,,,,,,,,,,,,,,,,-2.0,Stamina recovery is slow with no extra time windows; low resource yields.,,,,,,,,,Male/female art quality disparity; some voices unfitting; many bugs; minigames (Connect Four/2048) more engaging than core loop.
39726994,,,,,,,,,-1.0,Upgrading is tedious and battles take too long.,,,,,,,,,,,,,True,Pity progress does not carry between pools; hitting two top-rarity pulls can still miss the UP.,,,,,,,,,,,,,,,,,Wants pity changes and faster gacha flow despite decent rates.
39726693,,,,-1.0,War-chess combat felt boring to the reviewer.,,,,,,,,,,,,,,,,,,,,,,,,,,,,,,,,,,,,Frequent off-rate pulls and many pity hits; wants skippable battle animations and lower main story numbers.
39725933,,,,,,,,,,,,,,,,,,,,,,,,,,,,,,,,,,,,,,,,,Story underwhelming but art/music are appealing; may play as a light side game.
39725928,,,,,,,,,,,,,,,,,,,,,,,False,"Reviewer states there is no common large/small pity, and rate-ups are brief.",,,,,,,,,,,,,,,,,UI feels like ‘refined clutter’; desires larger character focus on home; many skins less appealing than base.
39725468,,,,,,,,,-2.0,Very grindy with low material income.,,,,,,,,,,,,,,,,,,,,,-2.0,Material income is low; feels stingy.,,,,,,,-2.0,Frequent disconnections and unstable service.,
39725421,,,War-chess tactics with manual control and skill selection.,1.0,Good tactical potential with a learning curve.,,,,,,,,,,,,,,,,,,,,,,,,,,,,,,,,,,,,Tap detection issues for basic attacks; reward/obtained animations feel slow; mainline UI overloaded; early story pacing is slow.
39724635,,,,,,,,,-1.0,Hidden conditions and boss designs feel anti-player.,,,,,,,,,,,,,,,,,,,,,,,,,,,,,,,Suggests optimizing hidden conditions and boss mechanics.
39724253,,,,,,,,,,,,,,,,,,,,,,,,,,,1.0,"Reports generous rewards, multiple top-rarity pulls, and manageable difficulty.",,,1.0,Felt the test rewards were plentiful.,,,,,,,,,Launch day was very laggy; story needs polish; more dialect voice lines requested; wants growth refund feature.
39724208,,,,,,,,,,,,,,,,,,,,,,,,,,,,,,,,,,,,,,,,,Difficulty acceptable; gacha probability felt fine.
39655819,,,,,,,,,,,,,,,,,,,,,,,,,,,,,,,1.0,Perceived good welfare during test; higher drop rate than some competitors.,,,,,,,-1.0,Launch-day network and new-player issues noted.,
28770756,,,,,,,,,,,,,,,,,,,,,,,True,Dual currencies; small/large pity; public recruitment; 5-pick-1 forced UP; planned hard pity reduced to 160 and pity shared between dual-UP pools; non-inherited ‘定轨’ with pity converted to shop tokens.,,,,,1.0,States acquisition pressure is lighter due to multiple safety nets and token conversions.,1.0,Pool changes during test granted two ten-pulls; generally felt generous.,,,,,,,,,AI improved but still makes odd choices; weekly tasks feel heavy; unclear weapon vendor outputs; PVE ‘Winter Valley’ equalizes level/constellations and offers red/gold token exchange.
39722097,,,,,,,,,-1.0,Slow stamina recovery and many growth dimensions/mats gate progress.,,,,,,,,,,,,,,,,,,,,,,,,,,,,,,,Combat UI prone to mis-taps; overlays obscure targets causing accidental backs and reselects.
39721732,,,,,,,,,,,,,,,,,,,,,,,,,,,,,,,,,,,,,,,-1.0,Frequent ‘network unstable’ prompts harmed experience.,Gameplay not to taste despite attractive art.
39721640,,,,,,,,,,,,,,,,,,,,,,,,,,,,,,,,,,,,,,,,,Home screen is noisy; wants 3x auto speed; notes many small sub-modes.
39721498,,,Tower-defense-like tactical stages; auto not recommended.,1.0,Finds stage design interesting when played manually.,,,,-1.0,Resource gating: Ch3 suggests level 70+ but key mats open in Ch4; synthesis needs multiple ingredients.,,,,,,,,,,,,,True,Pity does not carry between pools; pool progress converts to shop currency.,,,,,,,,,,,,,,,,,
39721201,,,"Retro, low-stress tactical combat.",1.0,Described as not brain-taxing and approachable.,,,,,,,,,,,,,,,,,,,,,,,,,,,,,,,,,,,,
39720251,,,,-2.0,Auto-battle described as terrible.,,,,,,,,,,,,,,,,,,,,,,,,-2.0,Non-stop off-rate pulls and resource scarcity create heavy pressure.,-2.0,Stamina and resource income feel very low.,,,,,,,,,
39719814,,,,,,,,,,,-1.0,Perceives male characters’ kits as stronger than female characters.,,,,,,,,,,,,,,,,,,,,,,,,,,,,,Requests original-skin model preview; wants pity shared across UP pools; clearer next-wave spawn cues; green-heavy UI; red-dot logic inconsistent.
39719728,True,Many young-looking (‘loli’) character designs; reviewer felt uncomfortable.,,,,,,,,,,,,,,,,,,,,,,,,,,,,,,,,,,,,,,,UI inconvenient; in-battle feature set incomplete; prefers competitor in same genre.
39719268,,,,,,,,,,,,,,,,,,,,,,,,,,,,,,,,,,,,,,,,,
39719178,,,,,,,,,,,,,,,,,,,,,,,,,,,,,,,,,,,,,,,,,
39664438,,,,-1.0,Doesn’t enjoy combat; auto sometimes forgets to basic attack; perfect clears feel tedious.,,,,,,,,,,Music player; dispatch; production/crafting with timers; teahouse minigames (Connect Four/2048).,False,-1.0,Production times are long; minigames and tasks feel like chores.,-1.0,Crafting/dispatch rewards feel too low for time spent.,,,,,,,,,,,,,,,,,,,,,"Voice pacing lags; some art inconsistency; wants sweep, voice replay, smarter auto, clearer special mechanics; reduce task difficulty and extend event time."
39718397,,,,,,,,,,,,,,,,,,,,,,,,,,,,,,,,,,,,,,,,,Quick recruitment yielded top rarity twice in a row (noted as lucky).
39717334,,,War-chess; limited terrain/kit variety; many hazards benefit only enemies; maps often funnel into cramped brawls.,-1.0,Homogenized kits and enemy-favored mechanics make combat feel stale and unfair.,Terrain hazards mostly enemy-favored; limited environmental interactions; mini-games gated rewards.,-1.0,Strategic depth is undercut by one-sided mechanics and limited map variety.,,,,,,,Base systems with limited utility; two minigames each holding 3 pulls to lure engagement.,False,-1.0,Base loops feel bloated without meaningful payoff.,-1.0,Weekly/base loops provide modest rewards relative to time.,,,,,,,,,,,-1.0,Initial welfare OK but ongoing income feels weak; weekly mode yields few pulls.,,,,,,,,,Skins released too many at once; recommends capping per cycle.
39716894,,,War-chess with movement and skill range constraints; distant skill casts force moving forward.,-2.0,Skill design forces awkward movement; boss fight lasted 13 minutes with immunities and terrain RNG.,,,,-2.0,Severe early difficulty spike (1-15) despite high levels relative to recommendation.,,,,,,,,,,,,,,,,,,,,,,,,,,,,,-1.0,Network hiccups at launch caused stuck onboarding steps.,Art style inconsistency; survey gated behind 2-1 despite being blocked earlier.
39716714,,,,,,,,,,,,,,,,,,,,,,,,,,,,,,,,,,,,,,,,,Music praised.
39716616,,,,-1.0,Auto-battle issues reduce combat satisfaction.,,,,,,,,,,,,,,,,,,,,,,,,,,-1.0,Newbie event/resource setup felt problematic.,,,,,,,,,Concerns about gacha probabilities and auto behavior.
39716016,,,,,,,,,-2.0,Frequent level caps and multi-step unlocks make growth tedious and discouraging.,,,,,,,,,,,,,,,,,,,,,-1.0,Materials have low yields vs. high costs; many breakthrough items needed.,,,,,,,,,Wants simplified growth; compares unfavorably to peers’ streamlined systems.
39715525,,,,,,,,,-1.0,Forming a functional 6–8 unit roster is resource-heavy during a short test window.,,,,,,,,,,,,,,,,,,,,,,,,,,,,,,,Map small on mobile causing mis-taps; wants double-tap confirmations; micro-stutters on multi-level-up; critique of a character illustration detail.
39715424,,,,,,,,,,,,,,,,,,,,,,,,,,,,,,,,,,,,,,,,,Sweep feature feels indirect; wants a more straightforward implementation.
39700478,,,,,,,,,,,,,,,,,,,,,,,,,,,,,,,,,,,,,,,,,UP off-rate occurs frequently; received duplicate high-rarity; requests gacha mechanism changes.
39657497,,,,,,,,,,,,,,,,,,,,,,,,,,,,,,,,,,,,,,,-1.0,Minimized window auto-paused gameplay (was later improved).,Perceived high overall drop rate but specific banner felt worse; auto-pause annoyance; continues playing despite issues.
39714159,,,,,,,,,-2.0,Difficulty spikes early; stamina recovery slow; event design reduces effective combat strength.,,,,,,,,,,,,,,,,,,,,,-1.0,Few extra stamina opportunities; runs are time-consuming.,,,,,,,-1.0,Persistent ‘connecting to HQ’ and lag.,Rarity doesn’t match perceived artifact value; some character designs acceptable; mileage varies.
39712713,,,,,,,,,-1.0,Events consume too much stamina.,,,,,,,,,,,,,,,,,,,,,,,,,,,,,-1.0,Network lag spikes; cumbersome startup announcements.,Frequent off-rate duplicates; wants ultimate animation toggle and targeted hard pity in standard pool.
39655749,,,,,,,,,,,,,,,,,,,,,,,,,,,,,,,,,,,,,,,,,Ground effect VFX unclear; hidden chests and event cost design feel punishing; story fully voiced early; UI/visuals strong; 3rd/6th dup power spikes notable.
39711733,,,,,,,,,,,,,,,,,,,,,,,,,,,,,,,,,,,,,,,,,Multiple ten-pulls yielded top rarity during test (notes high test rates).
39711256,,,,,,,,,,,,,,,,,,,,,,,,,,,,,,,,,,,,,,,,,Strong personal attachment to T-shaped Silk Painting character motivates continued play.
39710722,,,,,,,,,-1.0,"Newcomer advancement requires specific solutions, feeling restrictive and unfriendly.",,,,,,,,,,,,,,,,,,,,,,,,,,,,,,,Tutorial design perceived as overly prescriptive.
39656291,,,,,,,,,,,,,,,,,,,,,,,,,,,,,,,,,,,,,,,,,Found one character voice grating; only first chapter fully voiced; 2048 minigame too long; story writing feels disconnected from reality and awkward.
39710247,,,,,,,,,,,,,,,,,,,,,,,,,,,,,,,,,,,,,,,,,Some male character art looks odd; music good; gacha luck good for UPs.
28726082,,,,,,,,,,,,,,,,,,,,,,,,,,,,,,,,,,,,,,,,,CV change for Tianwang Gui disliked; likes UI/art; perceives drop rate slightly low.
39657649,,,,,,,,,,,,,,,,,,,,,,,True,Small pity ~70; hard pity 180 (planned to 160); UP share across dual UP pools planned; UP rate share suggested to increase; pity converts between pools via tokens.,,,,,,,,,,,,,,,,,"Wants sweep, lower main difficulty, lighter dailies, higher rates, reduced growth cost; many QoL asks (skip enemy turn, repeat craft, growth refund, pity pooling)."
39679260,,,War-chess with role separation; strategic but can feel monotonous if autoed.,0.0,Neutral on combat; enjoys art more than gameplay.,,,,,,,,,,,,,,,,,,True,70-pull pity and 180-pull hard pity; pity does not carry; leftover pity converts to low-value points mainly for generic mats.,,,,,-2.0,Gacha design (non-carrying pity and low-value pity points) feels punishing and expensive long-term.,,,,,,,,,,,Outstanding art; growth is long due to extensive skill trees and mat/time costs; UI/UX feels awkward.
39708876,,,,,,,,,-1.0,Weak sense of power growth; progression feels dull over time.,,,,,,,,,,,,,,,,,,,,,-1.0,Test welfare felt stingy; weapon drops are chance-based and can miss.,,,,,,,,,Weapon system requires farming with RNG and reinforcement; overall core loop feels middling unless you love the theme.
39708139,,,,-1.0,Core gameplay feels a bit too single-note; requests more varied modes.,,,,,,,,,,,,,,,,,,,,,,,,,,,,,,,,,,,,Art/theme well-liked.
39707884,,,,,,Commission/agent system with 3x speed but early cap on proxy runs.,0.0,Proxy system exists but pathing/logic issues reduce value.,,,,,,,,,,,,,,,,,,,,,,,1.0,Early rewards and activities felt generous.,,,,,,,,,Early bugs and lag; agent pathing misbehaves; wants ultimate animation toggle.
39649818,,,,,,,,,,,,,,,,,,,,,,,,,-1.0,"Without first-purchase double, ~18 RMB per pull (or ~15 RMB with large pack) feels pricey.",,,,,,,,,,,,,-2.0,Black screen crash and hangs; overall instability.,UI colors dark and busy; no sweep; many auto stages but core loop feels boring; daily reward claims feel unsatisfying.
39707391,,,Turn-based tactical (war chess) battles that feel number-driven with harsh hidden objectives; weapon system with random affixes adds complexity.,-2.0,Combat feels boring and overly stat-dependent; hidden achievements are punitive and neither reward planning nor power fantasy.,Hidden objectives; weapon system with random substats; character trait dependence.,-2.0,Little need to think beyond stats; hidden goals feel punishing rather than strategic.,-1.0,Resource scarcity and heavy upgrade costs limit how many characters can be raised.,,,,,,,,,,,,,,,,,,,,,,,,,,,,,,,Character modeling looks awkward; weapon system feels unnecessary and clunky.
39707310,,,War chess/tactical gameplay; overall mode reminiscent of Arknights-style structure.,0.0,Finds the war chess angle novel but dislikes the Arknights-like mode integration.,,,,,,,,,,,,,,,,,,,,,,,,,,,,,,,,,,,,
39707023,,,,-1.0,Operations feel cumbersome with frequent mis-taps and slow pacing.,,,,-1.0,"Resources feel limited, slowing progression.",1.0,Perceived small difference between high-star and low-star characters.,-1.0,Character skills feel too similar across the roster.,,,,,,,,,,,,,,,,,,,,,,,,,,,Targeting/attack misclicks due to UI interaction issues.
39707009,,,,,,,,,-1.0,Main story difficulty feels too high.,,,,,,,,,,,,,,,,,,,,,,,,,,,,,,,
39706504,,,,,,,,,,,,,,,,,,,,,,,,,,,,,,,,,,,,,,,,,
39706205,,,,,,,,,,,,,,,,,,,,,,,,,,,,,,,,,,,,,,,,,
39666689,,,Tactical war chess with low synergy and stat-check feel; a weekly equalized ‘competition’ mode where each character can be used once and levels are normalized but not maxed.,-1.0,Core stages feel low on strategy and high on stats; weekly equalized mode undermines raising characters.,Hidden challenges; equalized weekly competition where each unit is used once; weapon system with random substats.,-1.0,Core tactics feel shallow with heavy reliance on stats; some strategy in weekly mode but design conflicts with progression.,-1.0,"Skill upgrades and level caps require many materials with low stamina, making growth slow.",,,,,,,,,,,,,True,"Has a 180-pull hard pity exchange for the featured unit, but no ‘lose guarantee’ carryover to the next banner.",-1.0,Exchange pity exists but no loss streak guarantee; event demanded premium currency for rewards.,,,,,-1.0,Welfare feels low; events consume premium pull currency; limited ongoing sources after first clears.,True,Personification of real Chinese cultural relics (museum artifacts).,-1.0,Characterization sometimes deviates from historical context; main plot feels generic ‘save the world’.,,,,,Voice lines sometimes missing on fast-forward; high power drain; art excellent but some UI/voice line repetition issues.
39706000,,,,,,,,,,,,,,,,,,,,,,,,,,,,,,,,,,,,,,,-2.0,Frequent server crashes; otherwise acceptable.,
39656720,,,Speed-bar turn order tactical battles using 2D chibi units; attack effects feel weak.,-1.0,Doesn’t enjoy speed-tuning war chess; performance issues and weak VFX further hurt feel.,,,,,,,,,,,,,,,,,,,,,,,,,,,,,,,,,,-1.0,"Black screens entering first battle, network instability, voice desync with slow delivery; tutorial auto-closes unexpectedly.",BGM feels abrupt; tutorial flow issues.
39705368,,,,-2.0,Combat is exhausting; dumb auto-battle; heavy time cost; many stages and hidden objectives require re-runs.,,,,-2.0,Multiple replays to meet ‘perfect’/hidden conditions; high difficulty; event/extra stages keep piling up.,,,,,,,,,,,,,True,70-pull small pity for an SSR that resets each hit; repeated off-banner results.,-2.0,Frequent off-banner pulls despite pity; high frustration.,,,,,,,,,,,,,-2.0,Frequent network instability and black screens; server crashes at peak times.,Auto-battle struggles to finish conditional goals; gacha frustration compounds fatigue.
39705261,,,,,,,,,,,,,,,,,,,,,,,,,,,,,,,,,,,,,,,,,Event hidden chests are placed far and unclearly; missing them forces full re-runs for small rewards.
39705201,,,War chess with unit roles; targeting can be finicky when units cluster; must monitor active/passive skills and positioning.,1.0,As a first-time player found it enjoyable overall despite targeting issues.,"Distinct roles (e.g., two different healer types) and passives/actives require attention.",1.0,Role variety encourages planning and skill synergy awareness.,,,,,,,,,,,,,,,True,No pity carryover; pulls convert to vouchers; 180 pulls guarantee the banner unit.,,,,,,,,,,,,,,,,,Random weapon substats are anxiety-inducing; touch targeting can select wrong tile/enemy.
39705196,,,,,,,,,,,,,,,,,,,,,,,,,,,,,,,,,,,,,,,,,Requests a sweep feature.
39705161,,,,,,,,,,,,,,,,,,,,,,,,,,,,,,,,,,,,,-1.0,Downloaded several gigabytes of updates only to be blocked by registration caps.,,,Limited registration not clearly communicated; frustration after large downloads.
39704546,,,,,,,,,-1.0,Upgrade resources feel scarce; suggests a reset/refund feature.,,,,,,,,,,,,,,,,,,,,,,,,,,,,,,,
39704379,,,,,,Some stages enforce turn-limit conditions that auto-battle cannot satisfy.,0.0,Auto-chess style not familiar; mixed experience with auto failing turn constraints.,-1.0,Daily rewards feel small and starting stamina low amid simultaneous events and multiple limited banners.,,,,,,,,,,,,,,,,,,,-1.0,Multiple concurrent limited banners and events create resource pressure.,-1.0,Daily rewards perceived as modest; resource tightness early.,,,,,,,,,UI feels cluttered; auto sometimes unavailable.
39655608,,,,-1.0,Auto-battle underperforms compared to manual play.,,,,,,,,,,,,,,,,,,True,Event pool pity does not carry over across pools and off-banners occur easily.,,,,,,,,,,,,,,,-1.0,Crashes/black screens observed.,Some voice lines feel odd; very long tutorial; strong theme and atmosphere.
39655675,,,"Traditional Japanese-style war chess framework but lacking depth: no counterattacks, back/side attacks, height, or type advantage; RNG (block/dodge/crit) plays a role.",-1.0,Has some war chess flavor but limited tactical depth and heavy stat collision.,Linear stat-builds with low extension; hidden challenges like no-HP-drop overlap with no-death; unclear enemy AI targeting logic.,-1.0,Missing core tactical mechanics; challenges feel repetitive/unreasonable; AI rules not transparent.,-2.0,Very early high HP enemies and strict turn-limit challenges push number checks and grind.,,,,,,,,,,,,,,,-1.0,Pricing feels a bit high; monthly card doesn’t give paid currency.,,,-1.0,"Monetization feels slightly overpriced and lacking value (e.g., monthly card benefits).",,,,,,,,,-2.0,Wifi sometimes can’t enter the game while mobile data works; severe stability issues.,UI too small; repeated voice lines; skipping text stops voice playback; random weapon substats criticized; perceived stat-heavy design.
39702961,,,,,,,,,,,,,,,,,,,,,,,False,,,,,,,,,,,,,,,,,,
39702439,,,,,,,,,-1.0,Enemy stat growth feels too fast; suggests tuning.,,,,,,,,,,,,,True,Has a hard pity ‘well’; suggestion to reduce required pulls while retaining the well.,-1.0,Current pity requires too many pulls considering constellation demands.,,,,,,,,,,,,,,,
39702154,,,,,,,,,,,,,,,,,,,,,,,,,,,,,,,,,,,,,,,,,
39679695,,,War chess with many small enemies acting slowly and only 2x speed; hidden/conditional objectives often conflict with natural play; event maps use hidden chest placements.,-1.0,Playable core but hidden goals and slow enemy turns make it tedious; auto cannot achieve many conditions.,"Hidden objectives (e.g., simultaneous kills, target order constraints); event hidden chests requiring pathing detours; limited speed options.",-1.0,Conditional goals add friction without strategic satisfaction; low battle speed increases time cost.,,,,,,,,,,,,,,,True,"Dual-feature banners each require 180-pull wells, wells don’t share across banners, and only SSRs are featured.",-2.0,Parallel banners with separate wells and high pull requirements feel very unfriendly.,,,,,,,,,,,,,,,Concerns about server stability at launch.
39701518,,,,-2.0,Event enemy with 50% evasion and self-hit on dodge feels frustrating.,High-evasion event mechanic (50% dodge) causing self-damage.,,,-1.0,High training difficulty and limited new-player resources amplify frustration.,,,,,,,,,,,,,,,,,,,,,,,,,,,,,,,
26880466,,,"Speed-bar-based war chess with long, drawn-out battles; auto-AI is weak and erratic; fixed action order with little control early.",-2.0,2x speed too slow; AI wastes time and makes poor choices; multi-wave fights feel tedious.,Emphasis on action bar order and auto-play; theater-like ‘performance’ pacing slows play.,-1.0,Limited strategic control over turn order; small maps and clustering reduce tactics.,-2.0,"Early levels require high investment (e.g., ~50) with scarce materials and low stamina caps, killing push motivation.",,,,,,,,,,,,,,,,,,,,,,,,,,,,,-1.0,Open-test server stability issues and UI/auto-play pauses when multitasking.,Auto-battle pause in small window; heavy resource/skill book costs; server readiness concerns; UI interaction misclicks.
39700955,,,,,,,,,-2.0,No respec for characters or gear means costly mistakes and wasted stamina.,,,,,,,,,,,,,,,,,,,,,,,,,,,,,,,Requests respec (‘wash points’) for characters and equipment.
39700824,,,,-1.0,Targeting during battles is inconvenient.,,,,,,,,,,,,,,,,,,,,,,,,,,,,,,,,,,,,Requests sweep function; otherwise praises art and music.
39699931,,,,,,,,,-1.0,High trial-and-error cost due to long skill trees and weak inter-skill synergy.,,,-1.0,Skill/mechanic synergies feel weak; progression focuses on raw strength rather than combos.,,,,,,,,,,,,,,,,,,,,,,,,,,,Story feels generic (amnesia/save-the-world) for a relic personification theme.
39699787,,,,,,,,,,,,,,,,,,,,,,,,,,,,,,,,,,,,,,,,,
39699606,,,,,,,,,,,,,,,,,,,,,,,,,,,,,,,,,,,,,,,,,
39680248,,,War chess heavily influenced by stats; minimal terrain/position advantages; limited synergy felt.,-1.0,Tactics feel weak and number-heavy; little sense of positional strategy.,Low terrain/position impact; limited perceived synergy.,-1.0,Strategy feels overshadowed by numbers; positional play not rewarding.,-2.0,Too many overlapping upgrade systems and heavy grind likely lead to stat inflation.,,,,,,,,,,,,,,,,,,,,,,,,,,,,,,,Gacha felt very stingy; limited female collection preference unfulfilled.
39699059,,,,-1.0,Tactical battles are engaging but too time-consuming.,,,,,,,,,,,,,,,,,,,,,,,,,,,,,,,,,,,,Excellent detail and atmosphere; ‘Dream of Chang’an’ story praised.
39698853,,,,,,,-1.0,Character skills are interesting but inter-character synergy is weaker than expected; separated placements hinder combo testing.,-1.0,Repetitive resource grinding to meet level needs leads to boredom.,,,,,,,,,,,,,,,,,,,,,,,,,,,,,,,Suggests more varied non-combat activities or innovative twists on war chess.
39698533,,,,-1.0,Slow-paced gameplay not appealing despite strong UI/art.,,,,,,,,,,,,,,,,,,,,,,,,,,,,,,,,,,,,
39697988,,,,2.0,Finds it very engaging; appreciates 3x auto and multi-run automation.,,,,,,,,,,,,,,,,,,,,,,,,,,2.0,Free skin from 16 stages 3-star; hidden-task reruns don’t cost stamina; skins currently free.,,,,,,,,,
39661166,,,,,,,,,,,,,,,,,,,,,,,,,,,,,-2.0,"Constellation (命座) bonuses feel too strong, implying pay pressure.",,,,,,,,,,,"UI feels messy; no sweep function, must watch replays."
39697537,,,,1.0,Gameplay is fun overall.,,,,-1.0,Difficulty is on the high side.,,,,,,,,,,,,,,,,,,,,,,,,,,,,,,,
39697524,,,,,,,,,-1.0,"Early chapter difficulty spikes (e.g., chapter 1) feel too harsh.",,,,,,,,,,,,,,,,,,,,,,,,,,,,,,,
39697358,,,,-1.0,War chess feels mediocre; story not gripping.,,,,,,,,,,,,,,,,,,,,,,,,,,,,,,,,,,-1.0,Server lag issues.,UI overly flashy; story not engaging.
39696607,,,,,,,,,,,-1.0,Perception that male characters are fewer and generally weaker.,,,,,,,,,,,,,,,,,,,,,,,,,,,,,
39696528,,,,,,,,,,,,,,,,,,,,,,,,,,,,,,,,,,,,,,,,,Gameplay feels cumbersome and not newbie-friendly; rarity distinctions unclear.
39695823,,,,,,,,,,,,,,,,,,,,,,,,,,,,,,,,,,,,,,,,,
39656663,,,,,,,,,,,,,,,,,,,,,,,,,,,,,,,,,,,,,,,,,Test access reissued; customer service attitude praised.
39695112,,,,,,,,,-1.0,"Main story enemies feel too strong; upgrade materials used earlier cannot be refunded, increasing pressure.",,,,,,,,,,,,,,,,,,,,,,,,,,,,,,,Suggests material refund; gacha has high apparent rates but easily goes off-banner.
39656064,,,,,,,,,-2.0,New-player tasks push too far while stamina and resources are tight; mainline is overly difficult early.,,,,,,,,,,,,,,,,,,,,,,,,,,,,,-1.0,Frequent network issues at test; visual/UI noise increases fatigue.,Visual design can cause aesthetic fatigue over time.
39693817,,,,,,,,,,,,,,,,,,,,,,,,,,,,,,,,,,,,,,,,,
39693796,,,,,,,,,,,,,,,,,,,,,,,,,,,,,,,,,,,,,,,,,Early cutscenes look like PPT with low-res video; voice is choppy; random weapon substats criticized; stamina too stingy; requests staying away from suggestive content.
39693237,,,,,,,,,,,,,,,"Dorm/mini-games (2048, connect-four) alongside core stages; basic materials shortcut navigation.",False,1.0,Mini-games are simple and straightforward.,,,,,,,,,,,,,,,,,,,,,,,Battle music praised; early stamina drains fast but can be managed.
39692965,,,,,,,,,,,,,,,,,,,,,,,,,,,,,,,,,,,,,,,,,
39692377,,,,-1.0,Some stages cannot be automated and require manual planning; passive skills not visible in-battle.,Weekly ‘Winter Valley’ mode where each unit can only be used once; strict conditions on some stages; many upgrade layers.,-1.0,"High strategic demands without adequate tools (e.g., passive visibility) and strict conditions.",,,,,,,Dorm mini-games (2048 and connect-four) and simple base (manufacturing/favor).,False,2.0,"Very simple, classic mini-games with low complexity.",-1.0,Mini-game rewards are one-time and limited.,,,True,70-pull small pity for SSR; 180-pull hard pity exchange; pity does not carry over and resets per banner.,-2.0,Multiple wells with resets and frequent off-banners feel predatory.,,,-1.0,Growth plan priced at 128 is considered expensive; weekly modes restrictive.,,,,,,,,,,,Cannot view passives in-battle; some modes require excessive roster depth; cannot multitask without pausing.
39691908,,,,,,,,,,,,,,,,,,,,,,,True,Hard pity (180) resets when the banner ends; repeated off-banners; no pity carryover.,-2.0,Over 100 pulls with two off-banners and no featured; pity reset on banner change feels punishing.,,,,,,,,,,,,,,,
39691555,,,,,,,,,,,,,,,,,,,,,,,,,,,,,,,,,,,,,,,-2.0,Severely unstable servers during test.,
39691517,,,,,,,,,,,,,,,,,,,,,,,True,Pity exists but users still report frequent off-banners over 100+ pulls.,-2.0,Excessive off-banner results despite significant pulls.,,,,,,,,,,,,,,,
39691156,,,,,,,,,,,,,,,Mini-games (2048 and connect-four) exist in addition to core gameplay.,False,0.0,Mini-games are simple but feel a bit difficult.,,,,,,,,,,,,,,,,,,,,,,,
39690804,,,,,,,,,,,,,,,,,,,,,,,,,,,,,,,,,,,,,,,,,‘Piece assembly’ system (拼尸块) criticized; concerns about publisher’s operation history.
39690775,,,,-1.0,Event boss (year beast) lacks strategy; stands still and is a straightforward DPS check.,,,,,,,,,,,,,,,,,,,,,,,,,,,,,,,,,,,,Limited banner off-banners; gameplay lacks novelty.
39683946,,,,,,,,,,,,,,,,,,,,,,,,,,,,,,,,,,,,,,,,,Perceives the game as relatively fair if you grind; core gameplay feels traditional.
39690127,,,Appears as war chess but plays like stat checks; large maps with limited movement; long fights; hidden challenges like no death and no HP drop; heavy linear power growth required.,-2.0,Excessively long fights with high enemy damage and weak tactical payoff; hidden challenges demand high stats.,Hidden challenges (turn-limit/no-death/no-HP-drop); multiple upgrade layers; class restrictions on some stages.,-2.0,Emphasis on stats rather than tactics; conditional challenges add grind rather than depth.,-2.0,Five-stage breakthroughs to 100 plus many skill/attribute nodes across a six-unit team create a heavy grind.,,,,,"Minimal base (manufacturing/favor) and simple mini-games (2048, connect-four).",False,2.0,Very simple mini-games with minimal complexity.,-1.0,"One-time, limited rewards; little ongoing value.",,,True,70-pull small pity for SSR; 180-pull hard pity exchange; monthly welfare around 27 pulls; frequent off-banners.,-2.0,"Low welfare, frequent off-banners, and resettable pity make it feel punitive.",,,,,-2.0,Tight stamina caps and low welfare; even mini-games award only one-time small bonuses.,,,,,,,,,Cannot multitask during stages (pauses on overlay); many unmentioned UX pain points.
39690139,,,,,,,,,,,,,,,,,,,,,,,True,70 pulls guarantee an SSR and reset; 180 pulls grant the featured unit. Pity progress is lost if the banner expires.,-2.0,Pity reset on banner end feels unfair; near-expiry progress can be wasted.,,,,,,,,,,,,,,,
39690126,,,,-1.0,War chess lacks unique tactical hooks; ‘perfect’ within limited turns is tough and grindy.,"Strict turn-limit ‘perfect’ conditions; multi-layered growth (levels, skills, gear with substats).",-1.0,Strategy constrained by turn conditions and growth demands.,-1.0,Growth systems are complex and require heavy grinding.,,,,,,,,,,,,,True,No big pity carryover; 70-pull small pity SSR; 180 pulls to exchange featured; dual-ups don’t share pity; frequent off-banners.,-2.0,Multiple non-sharing pities and frequent off-banners create poor experience.,,,,,,,,,,,,,,,
39689325,,,,,,,,,,,,,,,,,,,,,,,,,,,,,,,,,,,,,,,,,
39689223,,,,,,,,,-1.0,Early mainline 3-star difficulty is too high.,,,,,,,,,,,,,True,180-pull ‘well’ per event; pity doesn’t carry/merge; suggests adding 5-star ups.,-1.0,Separate wells and limited featured tiers reduce perceived value.,,,,,,,,,,,,,,,UI feels flashy over function; art quality varies; test operations were poor.
39675386,,,,,,,,,,,,,,,,,,,,,,,,,,,,,,,,,,,,,,,,,UI is too small on some devices; story/tutorial fights feel forced; no split-screen support makes play cumbersome.
39688457,,,,,,,,,,,,,,,,,,,,,,,,,,,,,,,,,,,,,,,,,
39688143,,,,,,,,,-1.0,"High time commitment and heavy material requirements, even at the first breakthrough.",,,,,,,,,,,,,False,,,,,,,,,,,,,,,,,,
39687593,,,"War chess stripped of key tactics (e.g., counterattack, synergy, class advantage), resulting in number-centric play.",-2.0,"Strategic depth feels removed, making battles dull and repetitive.",Missing counterattacks/cooperative mechanics/type advantage; minimal terrain influence.,-2.0,"Core tactical pillars are absent, reducing strategic depth.",-1.0,Overly redundant systems and many grind nodes slow progression.,,,,,,,,,,,,,,,,,,,,,,,,,,,,,,,UI complex; rarity gaps feel large; repetitive gameplay loop.
39687432,,,,,,,,,-1.0,Multiple mandatory conditions for perfect clears force repetitive re-runs.,,,,,,,,,,,,,,,,,,,,,-1.0,Event/test welfare feels mediocre.,,,,,,,,,Requests an undo/‘rewind’ (悔棋); too many conditional clear requirements.
39687275,,,,-1.0,Misclicks from ‘Wait’ and ‘Confirm’ being too close cause unintended end-turns.,,,,,,,,,,,,,,,,,,,,,,,,,,,,,,,,,,,,UI control layout leads to accidental ‘Wait’ actions.
39686586,,,,,,,,,,,,,,,,,,,,,,,,,,,,,,,,,,,,,,,,,Gameplay pauses when using picture-in-picture; audio persists even after muting all sounds.
39655626,,,,,,,,,,,,,,,,,,,,,,,,,,,,,,,,,,,,,,,,,Lost prior test’s fun; heavy bundling of packs dampens experience.
39685954,,,,,,,,,,,,,,,,,,,,,,,,,,,,,,,,,,,,,,,,,
39685700,,,,-1.0,Core loop feels a bit monotonous; ultimate animations cut background music making moments feel empty.,,,,,,,,,,,,,,,,,,,,,,,,,,,,,,,,,,,,Audio mixing issue: music disappears during ultimates; visuals a bit too busy.
39685500,,,War chess with predetermined action order (speed-based).,-1.0,Gameplay feels constrained by fixed action order; story bland.,,,,-1.0,Raising one character quickly drains stamina.,,,,,,,,,,,,,,,,,,,,,,,,,,,,,,,UP banner perceived as ‘toxic’; story/setting mismatch (ancient-modern).
39685645,,,,,,,,,,,,,,,,,,,,,,,,,,,,,,,,,,,,,,,-2.0,Server crashes at launch.,
39669068,,,Speed-bar tactical battles with limited control over turn order; small maps cause unit clumping and low positioning play; skills feel similar aside from ult damage.,-2.0,Little strategic agency due to fixed speeds and small maps; abilities feel same-y.,Action bar speed system; limited map size; indistinct non-ult skills.,-2.0,Design choices limit meaningful tactics; build/skill diversity feels low.,,,,,,,Dorm mini-games (2048/five-in-a-row) unlocked later; weekly mode requires four teams with one-time unit usage.,False,2.0,Very simple classic mini-games.,-1.0,Mini-games can take a long time for very small one-time rewards.,,,,,,,,,,,,,,,,,,,,,Weekly ‘Winter Valley’ requires deep rosters and may be impossible early; weekly tasks hard to complete.
39685252,,,,1.0,Enjoyable with some challenge; clear tutorials and cute chibi units.,,,,,,,,,,,,,,,,,,,,,,,,,,,,,,,,,,,,Server instability (disconnects); cannot auto mainline which hurts convenience.
39684873,,,,,,,,,-1.0,Stamina cap feels too low for material farming.,,,,,,,,,,,,,True,Repeated off-banners lead to relying on 180-pull exchange for featured.,-1.0,Three consecutive off-banners; hard pity often required.,,,,,,,,,,,,,,,
39684755,,,,,,,,,,,,,,,,,,,,,,,,,,,,,,,,,,,,,,,,,Turn indicator and active-unit cues are not prominent enough.
39684266,,,,-1.0,Forced ultimate animations and slow AI make battles feel time-consuming.,,,,-2.0,Progression stalls into grind walls; raising levels/weapons required to push.,,,,,,,,,,,,,True,Featured pity at 180; perceived low rates; not friendly to non-spenders/non-luckies.,-2.0,Low perceived rates and reliance on hard pity frustrate.,,,,,,,,,,,,,,,Requests faster/skip options for ult animations; AI feels slow.
39684096,,,,,,,,,-1.0,Early difficulty spikes and low stamina make progression painful.,,,,,,,,,,,,,,,,,,,,,,,,,,,,,,,Event BGM is too loud; large level gaps between adjacent stages.
39656686,,,"Turn-based grid tactics (war chess); main story disables auto; AI auto chooses poor skills (e.g., uses 3-cost AoE on a single target instead of 1-cost single-target).",-2.0,Combat feels like a chore with strict perfect-clear conditions and weak AI; little sense of clever tactical design.,Hidden challenges per stage; manual-only in main; auto-battle AI logic issues.,-2.0,Success hinges on constraints and bad AI rather than meaningful strategy.,-1.0,Strict hidden objectives and manual-only stages make perfect clears frustrating.,,,,,,,,,,,,,,,,,,,,,,,,,,,,,,,Art/skins feel cheap; UI is overcrowded and confusing; activity UI text is too small.
39683620,,,,,,,,,-1.0,Very low stamina cap and slow early leveling cause frequent overcap and idle time.,,,,,Mini-games like Connect Four.,False,1.0,Connect Four is fun and easy to play.,,,,,,,,,,,,,,,,,,,,,,,Red-dot guidance prioritizes leveling over constellations; special tasks only visible after pausing in-battle; suggests showing tasks on stage entry.
39683512,,,War chess with auto-battle and 2x speed (3x sweep); undo is unavailable; each stage has two hidden challenges.,1.0,Early tasks are easy; auto and speed options improve comfort.,Hidden challenges; auto-battle; speed control.,0.0,Basic tactical play but mistakes force restarts due to no undo.,1.0,Newbie 8-day tasks (first 3 days) are easy to complete.,,,,,,,,,,,,,,,,,,,,,,,,,,,,,,,Requests enabling an undo feature.
39683472,,,,,,,,,-2.0,"Severe shortages of exp, breakthrough materials, proofs, and weapon mats with low stamina; stuck at 2-7.",,,,,Dispatch missions to earn stamps/materials.,,-1.0,Dispatch feels weak and progression-gated with low returns.,-1.0,Dispatch income insufficient; materials mostly require stamina-consuming stages.,,,,,,,,,,,,,,,,,,,,,Equipment uses random substats like Genshin; boss tile effects lack clarity; dispatch unlocks tied to first clears.
39682966,,,,,,,,,-1.0,Stamina scarcity and slow leveling; XP can be farmed but is energy-limited; difficulty spikes vs recommended level.,,,,,,,,,,,,,,,,,,,,,,,,,,,,,,,Repetitive voice lines; lacks attribute-specific sorting; no in-game feedback channel; cannot mute home screen voice.
39683051,,,,,,,,,,,,,,,,,,,,,,,,,,,,,,,,,,,,,,,,,Server/login issues on day 1 prevented access.
39662088,,,War chess battles.,-2.0,"Tactics feel boring and stages tedious; hidden goals overtuned (e.g., 2-7 in 5 turns at recommended level).",Hidden objectives; level/material gates on main progression.,-1.0,Strategy is overshadowed by strict turn limits and stat checks.,-2.0,Main story requires farming material stages early; second chapter already demands high levels.,,,,,,,,,,,,,True,"Soft pity around 70 and a 180-pull spark exist, but there's no guaranteed featured and pity is per-banner, so you can miss rate-up multiple times.",,,,,,,,,,,,,,,,,Messy UI; tapping dialogue cuts off VO; small-window play pauses the game; dialect VO insertion feels awkward.
39682624,,,,,,,,,,,,,,,,,,,,,,,,,,,,,,,,,,,,,,,,,Test access was promised but not granted.
28733034,,,,,,,,,-2.0,"Recommended-level stages still fail; big difficulty spikes (e.g., 2-15 and 3-4) despite high levels and healer.",,,,,,,,,,,,,,,,,,,,,,,,,,,,,,,
39682584,,,,,,,,,,,,,,,,,,,,,,,,,,,,,,,,,,,,,,,,,Art style liked; character designs align with artifacts; VO reflects artifact origin regions.
39681667,,,,,,,,,,,,,,,,,,,,,,,,,,,,,,,,,,,,,,,,,Post-battle tutorial/achievement flow caused a freeze.
39681459,,,,,,Terrain can block movement and trap summons; classes with fixed profession skills; energy-based openers.,-1.0,"Terrain blocking and summoning can produce awkward, non-intuitive situations.",-1.0,Resource nodes and enemy level curves outpace player growth; early economy is tight.,,,,,Home/mini-game events like Connect Four and a synthesis puzzle that award single-pull tickets.,,-1.0,Mini-game difficulty tuning feels off and frustrating.,-1.0,"Event tasks require a 10-pull on day 2 and a one-try boss to unlock day 3, forcing extra grind.",,,,,,,,,,,,,,,,,,,,,Challenge conditions are hard to spot pre-battle; illogical event task sequence; T-shaped Bo painting underperforms; summons can be stuck during boss map-wide attacks.
39681411,,,War chess combat.,-2.0,Implementation feels poor and combat is not fun.,,,,,,,,,,,,,,,,,,,,,,,,,,,,,,,,,,,,Overly complex progression; generic 'save the world' plot.
39681229,,,,,,,,,-1.0,"Overly complex, multi-material progression and low exp acquisition create friction and desire to quit.",,,,,,,,,,,,,,,,,,,,,,,,,,,,,,,Plot and character writing feel bland; day-by-day event tasks (10-pull then boss) show poor planning.
39680912,,,,,,,,,,,,,,,,,,,,,,,,,,,,,,,,,,,,,,,,,Art liked but weak link to artifacts; UI praised; hopes game sparks interest in real artifacts.
39659259,,,War chess combat.,1.0,Battles feel satisfying.,,,,,,,,,,,,,,,,,,,,,,,,,,,,,,,,,,,,Occasional missing voice lines during story.
39677074,,,,,,,,,-2.0,Very low stamina cap and high material costs stall progress; mid-chapter level checks impede advancement.,,,,,Mini-games like Connect Four and a synthesis puzzle that grant gacha tickets.,,1.0,"Simple, time-killing mini-games.",1.0,Mini-games award pull tickets.,,,True,No big guarantee; soft pity ~70 and featured can be missed multiple times; pity not shared across banners.,,,-1.0,Healer scarcity and resource gates hinder F2P progression.,-1.0,Low stamina and heavy material needs create pressure to spend.,,,,,,,,,,,Random-substat equipment system is punishing.
39680254,,,,,,,,,-1.0,Resource hunger across currency/exp/mats with layered systems.,,,,,,,,,,,,,True,Only an 180-pull spark; pity is not shared or cumulative across banners; monthly F2P income is under ~30 pulls.,-1.0,Low monthly income and non-shared pity make pulling feel expensive.,,,,,,,,,,,,,,,Story feels cringey; equipment uses random substats with many tiers.
39680219,,,War chess with optional AI autoplay; some stages have special mechanics.,0.0,Autoplay is faster but sometimes dumb; some bosses/hiddens need thought.,Hidden achievements; boss-specific mechanics; buff/debuff management.,1.0,Early content requires planning for hidden goals and bosses.,,,,,,,,,,,,,,,,,,,,,,,,,,,,,,,,,Some skills feel thematically off; key status prompts lack clarity.
39680103,,,,,,,,,,,,,,,,,,,,,,,,,,,,,,,,,,,,,,,,,
39680018,,,,,,,,,,,,,,,,,,,,,,,,,,,,,,,,,,,,,,,,,Specific skin VFX (deer-bird) feels weak; requests optimization.
39679978,,,,,,,,,,,,,,,,,,,,,,,,,,,,,,,,,,,,,,,,,Event boss limited to one attempt per day and task-gated unlocking creates progress bottlenecks.
39679702,,,War chess on small grids; auto AI is poor; tile effects hard to read.,-2.0,Tiny grids cause mis-taps; auto is frustrating; combat feels like 'jail'.,Hazard tile effects lack readability.,-1.0,Poor visual feedback reduces tactical clarity.,,,,,,,,,,,,,,,,,,,,,,,,,,,,,,,,,Server instability; UI is busy and hard to navigate; gacha rates felt good in test.
39664871,,,,,,Hazard tile effects too subtle; missing stone HP and kill prompts; wants accessible undo.,-1.0,Poor feedback and visibility impair planning.,,,,,,,,,,,,,,,,,,,,,,,,,,,,,,,,,Cluttered UI; frequent forced voice on screen entry; healer feels weak; event asks to kill the 'year beast' again the next day.
39657462,,,War chess with a speed/turn bar similar to Honkai: Star Rail.,,,,,,,,,,,,,,,,,,,,,,,,,,,,,,,,,,,,,,2D chibi looks cheap; server/qualification issues; pricing complaints (monthly card parity with higher-budget games); monetization likened to selling shards.
39679221,,,,,,,,,-1.0,Too many resources to farm; UI is messy; random gear stats; small gains from constellation-like system.,,,,,,,,,,,,,,,,,,,,,,,,,,,,,,,Plot feels like cliché fanfic; dialogue pacing is awkward; guide inconsistencies due to enemy behavior; art is strong.
39679199,,,,,,,,,,,,,,,,,,,,,,,,,,,,,,,,,,,,,,,,,
39679183,,,,,,,,,,,,,,,,,,,,,,,,,,,,,,,,,,,,,,,,,Network issue caused an unnamed account; gameplay unappealing; setting is fresh but story lacks highlights.
39678646,,,War chess with optional AI autoplay.,-1.0,AI is dumb; manual play feels grindy; ability ranges are unclear.,Skill area/range indicators lack clarity.,-1.0,Unclear skill coverage increases frustration.,,,,,,,,,,,,,,,,,,,,,,,,,,,,,,,,,Main story is boring despite strong art and music.
39678037,,,,,,,,,,,-1.0,Higher-rarity 'red' unit underperforms compared to 'yellow' rarity.,,,,,,,,,,,,,,,,,,,,,,,,,,,,,
39677882,,,,,,,,,,,,,,,,,,,,,,,True,180-pull spark exists but pity does not carry across banners.,,,,,,,-1.0,Welfare feels poor.,,,,,,,,,Some character art lacks identifiable artifact features.
39677658,,,,,,,,,,,,,,,,,,,,,,,,,,,,,,,,,,,,,,,,,
39677604,,,,,,,,,,,,,,,,,,,,,,,True,No UP guarantee; rate-up can be missed multiple times.,,,,,,,,,,,,,,,,,Server crashed at start; pulled two off-rate reds in test.
39677434,,,War chess.,,,,-1.0,Overly complex systems and unclear UI reduce tactical accessibility.,-1.0,Upgrading is hard due to low stamina and many layered systems.,-1.0,"Player units feel mostly melee single-target while enemies use ranged AoE, creating imbalance.",,,,,,,,,,,,,,,,,,,,,,,,,,,,,Obtrusive red-dot notifications; difficulty feels overtuned.
39677320,,,,,,,,,,,,,,,,,,,,,,,,,,,,,,,,,,,,,,,,,Download finished but servers full; could not play.
39677244,,,,,,,,,,,,,,,,,,,,,,,,,,,,,,,,,,,,,,,,,Likes the flashy art style but dislikes the war-chess genre.
39661285,,,War chess; easy to pick up compared to peers.,0.0,Gameplay is average versus other war-chess titles.,,,,,,,,,,,,,,,,,,True,No weapon banner; 70 soft pity with 180 spark.,1.0,Light-spend friendly with shallow pity and no weapon pool.,,,,,,,,,,,,,,,UI is flashy/cluttered; lacks dialogue log/replay.
39676720,,,,,,,,,,,,,,,,,,,,,,,,,,,,,,,,,,,,,,,,,
39676667,,,,,,,,,,,,,,,,,,,,,,,,,,,,,,,,,,,,,,,,,
39676245,,,,,,,,,-1.0,Progression steps are complex and material-hungry; chapter difficulty ramps too fast; low stamina blocks content.,,,,,,,,,,,,,,,,,,,,,,,,,,,,,,,Prep UI hides star/bonus conditions; suggests showing challenge goals; test had server issues; could work as a side game.
39676212,,,,,,,,,,,,,,,,,,,,,,,,,,,,,,,,,,,,,,,,,
39676115,,,War chess with movement and skill selection; positioning matters.,1.0,Perfect clears need correct unit choices and positioning.,Emphasis on positioning and team selection.,1.0,Good play speeds clears; mistakes risk failure.,,,,,,,,,,,,,,,,,,,,,,,,,,,,,,,,,
39675842,,,,,,,,,,,,,,,,,,,,,,,,,,,,,,,,,,,,,,,,,Could not get test slot despite reservation; auto-prompted to review.
39675643,,,,,,,,,-2.0,"Resource stages are locked behind main story, causing a loop: can't pass main -> need mats -> mats locked behind main.",,,,,,,,,,,,,,,,,,,,,,,,,,,,,,,
39658469,,,War chess; manual play engaging; AI auto is weak.,0.0,Manual is enjoyable but auto underperforms.,,,,-2.0,Excessive material variety and high stamina costs with large difficulty jumps in material tiers.,,,,,,,,,,,,,True,Pity does not carry across banners; can lose rate-up multiple times; effectively pushes toward 180 spark.,,,,,,,,,,,,,,,,,Network instability at start; random-substat weapon system; default low graphics; overbearing tutorials; limited battle speed options; no undo.
39675369,,,,,,,,,,,,,,,,,,,,,,,,,,,,,,,,,,,,,,,,,
39675289,,,,,,Hidden sub-missions per stage.,-1.0,Extra objectives raise difficulty.,-1.0,Progression and upgrades feel cumbersome.,,,,,,,,,,,,,,,,,,,,,,,,,,,,,,,
39675015,,,,,,,,,,,,,,,,,,,,,,,,,,,,,,,,,,,,,,,,,Test required抢号; login issues prevented play.
39674856,,,,,,,,,,,,,,,,,,,,,,,,,,,,,,,,,,,,,,,,,Shown as qualified but then denied access; feels like download-bait.
39674796,,,,,,,,,,,,,,,,,,,,,,,,,,,,,,,,,,,,,,,,,Dislikes the new main character art style compared to black silhouette.
39674695,,,,,,,,,,,,,,,,,,,,,,,,,,,,,,,,,,,,,,,,,Poor click response/feel; cannot keep running in floating window (auto pauses); slow reward animations and tutorials; some skins not better than base but are grindable; auto AI acceptable; multi-run sweep available.
39660056,,,War chess with a speed bar; no undo; limited speed-up during tutorial.,-1.0,Speed system makes turn order awkward; lack of redo; heavy animations.,,,,,,,,,,,,,,,,,,,,,,,,,,,,,,,,,,-1.0,Long in-game resource download (~30 minutes).,Defaults to low graphics; excessive tutorials; enemy-turn speed locked; wants skip for battle animations.
39674415,,,,,,,,,,,,,,,,,,,,,,,,,,,,,,,,,,,,,,,,,
39674296,,,Grid-based tactics (move and attack).,0.0,Standard 'walk-and-attack' loop; some may not enjoy the genre.,,,,,,,,,,,,,,,,,,,,,,,,,,,,,,,,,,,,Music volume high; hopes for more mini-games; urges not to exploit artifact theme for cash-grab.
39674182,,,,,,,,,,,,,,,,,,,,,,,,,,,,,,,,,,,,,,,,,
39674151,,,,,,,,,,,,,,,,,,,,,,,,,,,,,,,,,,,,,,,,,
39674101,True,"Sexualization/skimpy female outfits (""less and less clothing"").",,,,,,,,,,,,,,,,,,,,,,,,,,,,,,,,,,,,,,,Finds gameplay not fun; dislikes artifact anthropomorphism.
39673930,,,"War chess maps with narrow, linear lanes.",-2.0,Map layout feels frustrating; stuck early in chapter 2.,,,,-1.0,Early map design hampers progress.,,,,,,,,,,,,,,,,,,,,,,,,,,,,,,,
39673557,,,,,,,,,,,,,,,,,,,,,,,,,,,,,,,,,,,,,,,,,Received a slot but then blocked by full registration; wasted download.
39673163,,,,,,,,,,,,,,,,,,,,,,,,,,,,,,,,,,,,,,,,,Bilibili support/attitude criticized; had qualification but could not enter; claims TapTap display error excuse.
26828884,,,War chess with auto; mis-taps on grid cause portrait flashing; wants faster modes.,0.0,Playable but cumbersome for non-war-chess players; auto helps.,,,,,,,,,,,,,,,,,,,,,,,,,,,,,,,,,,,,Tapping can cut off VO; mis-tap UX when selecting targets; lacks fast-forward; difficulty high without auto; early test felt similar; narrative pacing/VO issues.
39672872,,,,,,,,,,,,,,,,,,,,,,,True,"70 soft pity and 180 spark exist, but pulls often hit late pity; pity not generous.",-1.0,Pulls frequently feel forced to late pity.,,,,,,,,,,,,,,,Overly flashy UI; attack-range/readability issues; mis-sent qualifications hurt goodwill.
39672863,,,,,,,,,,,,,,,,,,,,,,,,,,,,,,,,,,,,,,,,,UI is complex/flashy; floating-window mode pauses the game automatically.
39672733,,,War chess.,0.0,Feels tedious; requests 3x speed; manual-only stages and hidden goals force replays.,,,,,,,,,,,,,,,,,,True,Approximately 15 RMB per pull; 70 soft pity; 180 spark; can miss UP twice; about 30 pulls/month from routine play.,0.0,Average generosity; not great nor terrible.,,,,,,,,,,,,,,,Tapping dialogue skips VO; event dialogue pacing slow; tutorial flow is choppy; UI too bright; hidden-goal display needs clarity.
39672703,,,War chess.,-1.0,Difficulty feels high and battles are cumbersome.,,,,-1.0,Early progression is heavily gated; leveling yields small power increases.,,,,,,,,,,,,,,,,,,,,,,,,,,,,,,,Poor UI hierarchy; hard-to-find in-battle info; resource grind feels unrewarding; abrupt narrative tone shifts and weak VO.
39672469,,,,,,,,,,,,,,,,,,,,,,,,,,,,,,,,,,,,,,,,,Download available but access blocked; could not play.
39672432,,,,,,,,,,,,,,,,,,,,,,,,,,,,,,,,,,,,,,,,,Auto pauses when app is in small-window mode; activity loop is simple (story + fights + idle + rewards); art liked; rates felt decent in test.
39665027,,,,,,Hazard tile visibility issues.,-1.0,Hard-to-see tile states hinder planning.,-1.0,Systems feel overcomplicated; monthly card requires manual claims.,,,,,,,,,,,,,True,70 soft pity and 180 spark exist; skins purchasable via first-clear currency.,,,,,,,,,,,,,,,,,Reward claim UX is slow; combat feels stat-check heavy; story pacing awkward.
39672098,,,,,,,,,,,,,,,,,,,,,,,,,,,,,,,,,,,,,,,,,Activity entry buttons are too small; did not encounter mainline gating.
39669819,,,,,,,,,,,,,,,,,,,,,,,,,,,,,,,,,,,,,,,,,Shop UI feedback after purchases is unclear.
39671925,,,,,,,,,-1.0,No sweeping; many required materials with few giveaways; only 100 stamina granted; relies on stats and equal-level comps.,,,,,,,,,,,,,,,,,,,-1.0,Low giveaways and many material sinks create pressure.,-1.0,Free rewards feel scarce.,,,,,,,,,Server lag; story pacing feels slow; perfect clears easy with certain comps at equal level.
39671738,,,,,,,,,,,,,,,,,,,,,,,,,,,,,,,,,,,,,,,,,Could not enter the game; nothing but visuals to see.
39671626,,,,,,,,,,,,,,,,,,,,,,,,,-2.0,Extremely bad draw experience.,,,,,,,,,,,,,,,"Short, frustrated gacha complaint."
39671584,,,,,,,,,,,,,,,Dispatch system that can yield high-rarity drops.,,1.0,Simple passive loop.,1.0,Dispatch can produce gold-tier items.,,,,,,,,,,,,,,,,,,,,,Servers and qualification issues hurt impression; otherwise views game positively.
39656779,,,,,,,,,,,,,,,,,,,,,,,,,,,,,,,,,,,,,,,,,Uses a shard-like character system and draws feel hard.
39671250,,,War chess.,,,,,,,,,,,,,,,,,,,,True,2.5% base; soft pity ramps after 50 with 70 guarantee; 180-pull spark; no weapon banner.,1.0,Comparatively generous pity and no weapon pool.,,,,,1.0,Skins purchasable using free premium currency from first clears.,,,,,,,,,UI stylish; some bugs present; calls out community toxicity.
39671146,,,,,,,,,,,,,,,,,,,,,,,True,Limited banner with non-shared pity; pull-currency sources are narrow.,,,,,,,-1.0,Sources for pull currency feel limited.,,,,,,,,,Expects it to be a sub-game; suggests monetizing via skins and museum collaborations.
39671129,,,,,,,,,,,,,,,,,,,,,,,,,,,,,,,,,,,,,,,,,Notes bugs and alleges moderation/controlled reviews; waiting for launch to judge.
39671076,,,,,,,,,,,,,,,,,,,,,,,,,,,,,,,,,,,,,,,,,
39670777,,,,,,,,,,,,,,,,,,,,,,,,,,,,,,,,,,,,,,,,,Test access/qualification confusion; players asked to grab registration despite seeing test eligibility.
39670312,,,,,,,,,,,,,,,,,,,,,,,,,,,,,,,-1.0,Test welfare not great; rewards feel stingy compared to complexity.,,,,,,,,,Artwork quality uneven; systems feel overcomplicated.
39669781,,,,,,,,,-1.0,"Early game progression is gated by very low stamina, causing shortages during the initial grind.",,,,,,,,,,,,,,,,,,,,,,,,,,,,,,,
39669482,,,,,,,,,,,,,,,,,,,,,,,,,,,,,-1.0,Requests overall burden reduction and positioning as a side game imply current grind/pressure is high.,-1.0,Wants bigger starting welfare; current freebies feel small.,,,,,,,,,
39669333,,,,,,,,,,,,,,,,,,,,,,,,,,,,,,,,,,,,,,,,,Publisher reputation concerns (called a 'mobile graveyard').
39669238,,,Grid-based war chess with an action/initiative bar; manual targeting; auto battle available.,-1.0,"Controls feel clumsy (frequent misclicks, attack range not visible), and auto AI behaves poorly.",Action order bar; turn-based grid positioning; auto-battle; no sweep function.,-1.0,Lack of attack range display and unreliable targeting/AI undermine tactical play.,-2.0,"Heavy stamina costs, slow growth, no sweep, and early difficulty spikes (e.g., Ch2 level recommendations) stall progress.",,,,,,,,,,,,,True,Hard pity around 180 pulls for the featured SSR; 10-pull reportedly guarantees at least 2 SR; multiple concurrent UP banners in test with unclear standard pool entry.,-1.0,"High pity and frequent off-banner results feel bad, especially with simultaneous UP banners.",,,,,-1.0,Overall benefits feel normal-to-stingy; New Year event seemed generous but may not reflect regular events.,,,,,,,,,Weapon stat lines are RNG; affection contributes to combat power; concerns about multiple UP banners at launch.
39668892,,,,,,,,,-2.0,Resources and stamina are too scarce; steep material and level demands create early grind walls.,,,,,"Side minigames (Gomoku-like board game), tea brewing system with limited tea leaf income.",False,-2.0,"Gomoku variant is very hard and unintuitive (described as feeling like Tetris), causing frequent losses.",-1.0,"Tea leaves are scarce (e.g., ~1 from dailies), limiting tea-related gains.",,,,,,,,,,,0.0,Welfare is barely acceptable; New Year 'Nian Beast' event shop felt good with clear exchanges.,,,,,,,,,"Server instability and registration waves, small tap targets/UI issues, classification of roles is overly complex and hard to learn."
39669045,,,,,,,,,,,,,,,,,,,,,,,,,,,,,,,,,,,,,,,,,Players feel misled by testing/registration handling; strong negativity toward publisher.
39656611,,,,,,,,,,,,,,,,,,,,,,,,,,,,,,,,,,,,,,,,,Frustration over added registration quotas after download; perceived bait to inflate downloads.
39668911,,,,,,,,,,,,,,,,,,,,,,,,,,,,,,,,,,,,,,,,,Severe lag and sluggish controls; gacha luck frustration despite praising artwork and cultural info.
39668814,,,War chess/tactics with clear skill descriptions; smooth operation; flashy ult animations present.,1.0,"Controls feel responsive and readable, though ultimations look a bit awkward.",,,,,,,,,,,,,,,,,,True,70-pity carries over; banner has an additional hard pity around 180 pulls granting the featured SSR (separate from the 70 soft pity).,,,,,,,,,,,,,,,,,
39668755,,,War chess; moderate learning curve; auto available; has a 'commission' system acting like fast multi-rewards runs.,0.0,"As a newcomer to the subgenre, it feels serviceable with some room to study.",,,,0.0,Early material demands up to level 30 seem reasonable from the reviewer's limited scope.,,,,,,,,,,,,,,,,,,,,,,,,,,,,,,,
39668602,,,,,,,,,,,,,,,,,,,,,,,,,,,,,,,,,,,,,,,,,
39668581,,,Traditional war chess with chibi units; combat feels like bland 'units bumping into each other.',-2.0,Combat presentation and feel are underwhelming relative to time/money investment.,,,,,,,,,,,,,,,,,,True,SSR rate ~2.5%; hard pity reportedly at 180 pulls.,-2.0,High hard pity and variance cause severe frustration; paying players still go off-banner; poor value perception.,,,-1.0,Gacha variance and high dupe demands create discouraging spend pressure.,-1.0,Welfare perceived as insufficient to support a 180-pity system.,,,,,,,,,
39668486,,,War chess battles with early tutorial/training restrictions.,-1.0,Early fights feel overtuned and training limits levels; boss HP pools are very high.,,,,-2.0,1-15 difficulty spike with low damage vs. high-HP bosses stalls progress.,,,,,,,,,,,,,,,,,,,,,,,,,,,,,,,
39668435,,,War chess incorporating an action speed/initiative element.,0.0,Noted as an innovation but reviewer played little.,,,,,,,,,,,,,,,,,,,,,,,,,,,,,,,,,,,,Blurry story portraits even on high settings; characters render small; dialogue UI is overly large and intrusive.
39668362,,,,,,,,,,,,,,,,,,,,,,,,,,,,,,,,,,,,,,,,,Very blurry visuals when running on an emulator.
39668161,,,,,,,,,,,,,,,,,,,,,,,,,,,,,,,,,,,,,,,,,Story feels like a generic 'save the world' template with weak cultural relic integration; skepticism toward publisher.
39668078,,,War chess with a speed/initiative track affecting turn order.,-1.0,Speed system feels superfluous and worsens experience compared to free-order turn systems.,,,,,,,,,,,,,,,,,,,,,,,,,,,,,,,,,,,,
39668012,,,,,,,,,,,,,,,,,,,,,,,,,,,,,,,-1.0,Current welfare does not look promising.,,,,,,,,,
39667910,,,,,,,,,,,,,,,,,,,,,,,,,,,,,,,,,,,,,,,,,Negative about fun factor; voice acting feels odd; story heavily criticized.
39655882,,,,,,,,,,,,,,,,,,,,,,,True,Hard pity reportedly at 180 pulls.,-2.0,A 180-pull pity is viewed as excessive.,,,,,,,,,,,,,,,
39667726,,,,,,,,,,,,,,,,,,,,,,,,,,,,,,,,,,,,,,,,,Very unlucky gacha experience led to uninstall despite liking the art.
39667681,,,,,,,,,,,,,,,,,,,,,,,,,,,,,,,,,,,,,,,,,Perceived as download bait; test eligibility shown but registration required/limited.
39667647,,,,,,,,,,,,,,,,,,,,,,,,,,,,,,,,,,,,,,,,,
39667078,,,Basic war chess with 2D chibi units; auto and 2x speed exist but feel slow; occasional mis-taps.,-1.0,Combat loop feels dull over time; speed too low; input reliability issues.,,,,,,,,,,,,,,,,,,,,-1.0,Pull pricing feels high for the perceived content quality.,,,,,,,,,,,,,,,Frequent 'network unstable' prompts harm experience.
39665804,,,,,,,,,,,,,,,,,,,,,,,,,,,,,,,,,,,,,,,,,Newbie tutorial soft-lock/freeze when a character uses a skill; unable to progress.
39666952,,,,,,,,,,,,,,,,,,,,,,,,,,,,,,,,,,,,,,,,,Map visuals downgrade immersion; environment looks low quality compared to UI/portraits.
39666935,,,,,,,,,-1.0,"Stamina is insufficient, limiting play sessions.",,,,,,,,,,,,,,,,,1.0,"Skins are earnable via grindable currency (e.g., stones converted to skin coupons), improving non-payer access.",,,,,,,,,,,,,
39666908,,,,,,,,,,,-2.0,"Material costs and growth seem illogical (e.g., lower rarity requiring equal/more mats than highest rarity yet providing lower gains).",,,,,,,,,,,,,,,,,-1.0,Skin pricing perceived as high with poor preview (no Live2D preview); monetization feels heavy-handed.,,,,,,,,,,,"No sweep: farming replays the same animations, increasing tedium."
39666915,,,,,,,,,,,,,,,,,,,,,,,,,,,,,,,,,,,,,,,,,Complaints about gacha bad luck ('I don't want to be unlucky').
39666915,,,,,,,,,,,,,,,,,,,,,,,,,,,,,,,,,,,,,,,,,Complaints about gacha bad luck ('I don't want to be unlucky').
39666897,,,,,,,,,,,,,,,,,,,,,,,,,,,,,,,,,,,,,,,,,Significant network connection issues overshadow gameplay impressions.
39666896,,,,,,,,,,,,,,,,,,,,,,,,,,,,,,,,,,,,,,,,,Theme-first players may be disappointed; suggests visiting real artifacts instead.
39666867,,,,,,,,,,,,,,,,,,,,,,,,,,,,,,,,,,,,,,,,,
39666828,,,,,,,,,,,,,,,,,,,,,,,,,,,,,,,,,,,,,,,,,UI font size is too small to read comfortably.
39666774,,,,,,,,,,,,,,,,,,,,,,,,,,,,,,,,,,,,,,,,,Black screen and crash at early stage; unable to re-enter afterward.
39666744,,,,,,,,,,,,,,,,,,,,,,,,,,,,,,,,,,,,,,,,,Cannot enter the game.
39666720,,,War chess with a fixed action timeline; many units can block each other’s paths; limited control over who acts first.,-1.0,Unit congestion and action order frustrations (buffers acting after DPS) make battles feel bad.,Fixed action timeline; turn order constraints; positional blocking affecting pathing.,-1.0,Lack of player control over action order reduces tactical options.,,,,,,,,,,,,,,,,,,,,,,,,,,,,,,,,,Requests higher SSR rate; reports eating both small and big pities.
39666685,,,War chess implementation is simple and lacks innovation.,-1.0,Gameplay feels basic compared to strong art and cultural content.,,,,,,,,,,,,,,,,,,,,,,,,,,,,,,,,,,,,
39666662,,,Turn-based tactics that require some thinking; no sweep for farming.,1.0,"Battles feel engaging enough to think through, though QoL is lacking.",,,,,,,,,,,,,,,,,,,,,,,,,,,,,,,,,,,,Downloaded yet sometimes can’t play; server issues and various bugs reported.
39666654,,,,,,,,,,,,,,,,,,,,,,,,,,,,,,,,,,,,,,,,,Granted qualification still required limited registration; perceived unfair access.
39666631,,,,,,,,,,,,,,,,,,,,,,,,,,,,,,,,,,,,,,,,,Had qualification but faced 'network unstable' then 'server full' lockout.
39666567,,,,,,,,,,,,,,,,,,,,,,,True,Hard pity reportedly at 180 pulls; small pities can still lose.,-2.0,High pity makes the game feel unaffordable to play.,,,,,,,,,,,,,,,
39666495,,,War chess with awkward controls; team roles feel disconnected.,-1.0,Poor team synergy and unclear role impact reduce battle satisfaction.,,,,,,,,,,,,,,,,,,,,,,,,,,,,,,,,,,,,
39666477,,,War chess feels shallow; needs more stage and system mechanisms to study.,-1.0,Current tactical variety is limited; reviewer wants more depth.,,-1.0,Calls for additional mechanics and clearer red dot indicators; current depth feels thin.,,,,,,,,,,,,,,,,,,,,,-1.0,Requires seven copies for full build; suggests stronger pity or more free awakening mats.,-1.0,Free materials for awakenings feel low and dupe demand is high.,,,,,,,,,
39656441,,,Standard war chess; early difficulty depends on roster; auto unlocks quickly; farming replays the battle after clears.,0.0,Playable overall but some loops feel tedious (replaying clear videos).,,,,-1.0,Low stamina and repetitive farming make progression feel grindy.,,,,,,,,,,,,,,,,,,,,,-1.0,Test rewards/welfare feel on the low side.,,,,,,,,,Zoom/angle limitations in battle; small activity icon; registration scramble was an operations misstep.
39666428,,,,,,,,,-1.0,Severe stamina shortage; repeated requests for more stamina.,,,,,,,,,,,,,,,,,,,,,,,,,,,,,,,
39666399,,,,,,,,,-1.0,Suggests increasing stamina cap and QoL; current cap causes overflow issues and friction.,,,,,,,,,,,,,,,,,,,,,,,,,,,,,,,"Comprehensive UI/UX suggestions (team setup, sorting, red dot logic, etc.)."
39666336,,,,,,,,,,,,,,,,,,,,,,,,,,,,,,,,,,,,,,,,,Players accuse ops of tricking for downloads due to registration handling.
39666272,,,,-1.0,Skill/ultimate animations feel plain or ugly; story is dull.,,,,,,,,,,,,,,,,,,,,,,,,,,,,,,,,,,,,
39656331,,,,,,,,,,,,,,,,,,,,,,,,,,,,,,,,,,,,,,,,,Download eligibility but still needed to grab registration; blamed on 'Tap bug'—players see it as ops wanting both.
39666193,,,War chess with danger-zone toggles; basic attack/auto skill behavior feels odd.,0.0,"Aside from server issues, combat is okay but danger range and auto basic feel awkward.",Enemy danger range indicator.,,,,,,,,,,,,,,,,,,,,,,,,,,,,,,,,,,,
39666183,,,War chess with an initiative bar; manual targeting prone to misclicks; unclear skill ranges.,-1.0,Frequent mis-taps and unclear targeting ranges frustrate battles.,,,,,,,,,,,,,,,,,,,,,,,,,,-1.0,Freebies feel scarce and hard to locate; server load failures hinder access.,,,,,,,,,Ops added extra slots later; server loading failures and confusing benefit sourcing.
39666122,,,,,,,,,,,,,,,,,,,,,,,,,,,,,,,,,,,,,,,,,Granted qualification but still blocked from entering the game.
39658743,,,,,,,,,,,,,,,,,,,,,,,,,,,,,,,,,,,,,,,,,Network instability significantly hurts experience.
39666032,,,,,,,,,,,,,,,,,,,,,,,,,,,,,,,,,,,,,,,,,Portrait quality did not meet expectations.
39666010,,,"Very traditional war chess with lengthy, unskippable tutorials and weak auto AI.",-1.0,Dated design with long tutorials and dumb AI undermines enjoyment.,,,,,,,,,,,,,,,,,,,,,,,,,,,,,,,,,,,,Tutorial cannot be disabled or shortened.
39665993,,,,,,,,,,,,,,,,,,,,,,,,,,,,,,,,,,,,,,,,,Mixed messaging on eligibility and registration; players want clarity up front.
39656497,,,2D war chess; AI performs poorly; farming replays battles; backgrounding pauses runs.,-1.0,Dumb AI and time-wasting farming flows; background pause wastes time.,,,,-1.0,Low stamina and stamina-gated progression.,,,,,,,,,,,,,,,,,,,,,,,,,,,,,,,Server issues at launch; intrusive tutorial popups; QoL needs improvement.
39665977,,,"War chess with auto and fast mode; hidden objectives present; multiple unit roles (tank, assassin, caster, support, ranged).",1.0,Combat is acceptable with variety in roles and optional hidden challenges.,Hidden stage conditions; auto-play; fast mode; class variety (tank/assassin/caster/healer/ranged).,,,-1.0,High stamina costs per stage/resource and slow regen limit playtime.,,,,,"Four-in-a-row minigame for cosmetic rewards (e.g., avatar frame).",False,-1.0,"Minigame AI is strong and difficulty is high, making it frustrating.",0.0,Primarily yields cosmetics rather than core resources.,,,,,,,,,,,1.0,Many sources of stones/tickets; monthly shops; cosmetic currency convertible to skins; overall feels generous.,,,,,,,,,
39665948,,,War chess with small movement ranges and no auto-move; limited team synergy; weak healing.,-1.0,Battles drag on with many manual moves and little synergy; healing feels underpowered.,Focus on individual unit actions with limited combo/synergy.,-1.0,Teams feel like 'each fights alone'; lack of synergy reduces tactical depth.,-1.0,Stamina is too low; when gated there’s little else to do; suggests additional roguelike-like modes.,,,,,,,,,,,,,,,,,,,,,,,,,,,,,,,
39665934,,,,,,,,,,,,,,,,,,,,,,,,,,,,,,,,,,,,,,,,,
39665906,,,,,,,,,,,,,,,,,,,,,,,,,,,,,,,,,,,,,-2.0,Very large downloads consumed several GB of data.,,,"After heavy downloads, still could not enter the game."
39665886,,,Auto-battle available in war chess.,-1.0,Auto AI needs optimization; performance not satisfying.,,,,,,,,,,,,,,,,,,,,,,,,,,,,,,,,,,,,Hidden challenge indicators are not obvious.
39665864,,,,,,,,,,,,,,,,,,,,,,,,,,,,,,,,,,,,,,,,,Too many bugs prevented experiencing core gameplay.
39664045,,,,,,,,,,,,,,,,,,,,,,,,,,,,,,,,,,,,,,,,,Downloaded but not allowed to play; time wasted; felt misled.
39665817,,,War chess aiming for depth but skills feel repetitive and number-driven with little unique design.,-2.0,Skill kits lack distinctiveness; many feel like repeats; combat feels bland.,"Attempts at layered skills, but execution results in repetitive, number-only effects.",-2.0,Lack of unique mechanics/skills undermines strategic depth.,,,,,,,,,,,,,,,,,,,,,,,,,,,,,,,,,
39665802,,,,,,,,,,,,,,,,,,,,,,,,,,,,,,,,,,,,,,,,,Clarifies 'test qualification ≠ registration qualification'; players still locked out.
39665794,,,,,,,,,,,,,,,,,,,,,,,,,,,,,,,,,,,,,,,,,"Shown as qualified, downloaded/updated, but registration was full; perceived as deceptive."
39665792,,,,,,,,,,,,,,,,,,,,,,,,,,,,,,,,,,,,,,,,,Chibi 'big-head' art style criticized as ruining the game.
39665736,,,War chess with auto AI.,-1.0,Auto AI is not smart; subgenre not appealing to the player.,,,,,,,,,,,,,,,,,,,,,,,,,,,,,,,,,,,,
39665734,,,,,,,,,,,,,,,,,,,,,,,,,,,,,,,,,,,,,,,,,Heavy grind and frequent off-banner gacha outcomes noted.
39665723,,,,,,,,,,,,,,,,,,,,,,,,,,,,,,,,,,,,,,,,,No test qualification received; negative sentiment.
39665715,,,,,,,,,,,,,,,,,,,,,,,,,,,,,,,,,,,,,,,,,Long waiting times to enter or get qualification.
39665706,,,,,,,,,,,,,,,,,,,,,,,,,,,,,,,,,,,,,,,,,"Launch-day issues: unclear testing rules, registration scramble, server crash, and a critical tutorial bug; asks for a 'skip tutorial' failsafe."
39665660,,,,,,,,,,,,,,,,,,,,,,,,,,,,,,,,,,,,,,,,,"Outside of art, player felt the rest of the game lacked quality."
39665647,,,,,,,,,,,,,,,,,,,,,,,,,,,,,,,,,,,,,,,,,Downloaded on multiple platforms but could not get qualification; feels tricked.
39665628,,,War chess that feels engaging with a manageable difficulty curve.,1.0,Consistent challenge where raising power lets you clear the next stage; enjoyable loop.,,,,1.0,Progression feels steady: upgrading aligns with next-stage requirements.,,,,,,,,,,,,,,,,,,,,,,,,,,,,,,,
39663058,,,2D war chess without counterattacks; you act then enemies act; AI is weak; manual play preferred.,0.0,Combat is serviceable but simplified (no counters) and relies on manual play due to AI.,,,,-1.0,Low stamina and time-wasting loops (replaying farming) slow progress.,,,,,,,,,,,,,True,"SSR rate ~2.5%; after ~50 pulls, rate-up increases per pull; at ~180 pulls you can claim the featured SSR; pity is inheritable across attempts.",,,,,0.0,Spending pressure feels moderate thanks to multiple free sources and shops.,1.0,Monthly shops yield ~30+ pulls; daily/weekly income and cosmetics currency; not a 'prison' experience before paying.,,,,,,,,,Intrusive tutorial popups; small UI elements; older visual assets/effects; server instability at test start.
39665561,,,Generic personal war chess with little innovation.,-1.0,Subgenre implementation feels formulaic.,,,,,,,,,,,,,,,,,,,,,,,,-1.0,"Monetization mirrors Arknights-style but feels like a weaker, less compelling version.",,,,,,,,,,,Cultural content feels shallow; little meaningful integration beyond aesthetics.
39665547,,,,,,,,,,,,,,,,,,,,,,,,,,,,,,,,,,,,,,,,,Stuck indefinitely in the tutorial stage.
39665543,,,,,,,,,,,,,,,,,,,,,,,,,,,,,,,,,,,,,,,,,Pre-downloaded and waited for opening; hit 'network unstable' at start and later found registration full.
39665510,,,,,,,,,,,,,,,,,,,,,,,,,,,,,,,,,,,,,,,,,"Outside of art, everything else is criticized as very poor."
39665487,,,,,,,,,,,,,,,,,,,,,,,,,,,,,,,,,True,Chinese cultural relics/antiquities anthropomorphized as characters (museum/artefact IP).,-1.0,IP exists but linkage feels superficial; some characters seem generic with relic elements pasted on; reviewer suspects AI art for non-core characters.,,,,,Art quality inconsistency and suspected AI-generated illustrations; hesitation to spend due to perceived AI use.
39665445,,,,,,,,,,,,,,,,,,,,,,,,,,,,,,,,,,,,,,,,,Very limited test eligibility; frustration at being asked to rate despite not getting access.
39665429,,,,,,,,,,,,,,,,,,,,,,,,,,,,,,,,,,,,,,,-1.0,Long update process before login followed by no available slots.,Reserved for test but no quota on login; disappointment after long anticipation.
39665397,,,Turn-based SRPG/tactics with ult animations.,1.0,Overall fine visuals and portraits; ult animations need polish.,,,,-1.0,Character growth resources feel scarce.,,,,,,,,,,,,,,,,,,,,,,,,,,,,,,,
39665292,,,Turn-based tactics with stage star conditions and turn limits.,-2.0,"Star conditions are harsh, stage pacing wastes time, and some stages cannot be autoed.","Turn-limit clears, split enemy spawns, manual-only stages.",-1.0,Objectives feel punitive rather than strategic.,-2.0,Stages require tight clears; progress gated by design frustrations.,,,,,,,,,,,,,,,,,,,-1.0,Frustrating UP experience and harsh objectives increase pressure.,-2.0,Reviewer calls the welfare bad despite decent gold drop rate.,,,,,,,,,
39665240,,,Turn-based tactics with skill animations and auto battle.,1.0,Overall positive; rough skill animations and some UI hints unclear.,,,,,,,,,,,,,,,,,,,,,,,,,,,,,,,,,,,,Frequent network instability; hidden challenge prompts and activity red dots not obvious; gifted skin visual change too subtle.
39665224,,,Turn-based SRPG with summoner-style units.,-1.0,Summons are slow and awkward; ranged UP character forced to play close; poor feel.,"Summoned units, positioning constraints for ranged, level-recommended stages overly hard.",-1.0,Design makes ranged clustering mandatory; mechanics fight intended roles.,-2.0,Needs higher levels to clear recommended stages; extends progression timeline.,-2.0,UP red feels underpowered vs orange cards at same level; balance feels untested.,,,,,,,,,,,,,,,,,,,,,,,,,,,,,"Creature aesthetics (e.g., Xuanwu, Golden Crow) look unappealing; low visual polish."
39665176,,,Turn-based war chess with auto-battle.,-1.0,Not into the genre and auto AI is dumb; ultimate VFX underwhelming.,,,,,,,,,,,,,,,,,,True,Hard pity around 180 pulls for featured unit.,-1.0,180 pulls feels too high to guarantee favorite character.,,,,,,,,,,,,,,,
39665173,,,Turn-based war chess SRPG.,,,,,,-1.0,Growth systems are very resource hungry (level caps plus talent-like nodes and gear grind).,,,,,Post-clear idle/auto with increasing multipliers (6x–8x) to farm stages.,False,1.0,Straightforward automated farming once unlocked.,,,,,True,No universal soft pity; only a 180-pull spark/selector; off-banner can happen multiple times.,,,-1.0,Core features available but pull currency acquisition is limited.,-1.0,Limited currency and heavy growth encourage planning or spending.,-1.0,Pull resources seen as not much; welfare only okay.,,,,,,,,,UI flashy and cluttered; weapon system uses random substats reminiscent of relic grinding.
39665120,,,Turn-based tactics; slow battle pacing with ult repeats.,-1.0,Pacing too slow; needs higher speed and reduced repeated ult animations; lacks sweep.,,,,,,,,,,,,,,,,,,True,Only a 180-pull hard pity; no smaller pity mentioned.,,,,,-1.0,"Monthly F2P pulls ~20+, too little to keep up with event cycles; lack of pity variety hurts non-spenders.",-2.0,Very low monthly free pulls; events don’t compensate; requests small/large pity.,,,,,,,,,Some cards lack voice; new player guidance weak (missed better shop bundles); wants more character interactions; certain ult animations feel perfunctory.
39665072,,,,,,,,,,,,,,,,,,,,,,,,,,,,,,,,,,,,,,,,,Test qualification confusion; asks where their test access is.
39665066,,,Classic SRPG (war chess) with auto AI and multi-speed.,-1.0,In-battle presentation feels old and rough versus peers.,"Auto AI assistance, multiple battle speeds.",0.0,Basic SRPG toolkit; nothing novel but functional.,,,,,,,,,,,,,,,True,Hard pity around 180; small pity exists; can convert high rarity (gold to rainbow) akin to Arknights mechanics.,,,,,,,,,,,,,,,,,Launch server stability concerns; recommends planning PR for potential outage.
39665043,,,Turn-based war chess with auto and various star conditions.,-1.0,Auto AI often idle/no skills; star conditions feel punishing.,"Protect hostage, specific-turn kills, immunity mechanics affecting stars.",-1.0,Objectives increase frustration more than strategy.,-1.0,Very grindy; stamina tight; many systems to raise.,,,,,Logistics/back-end assignments; gear crafting with random substats.,False,0.0,Logistics simple but capacity limited; gear RNG adds complexity.,,,,,,,,,,,,,,,,,,,,,,,No daily stamina meals; logistics slots few; gear RNG may be discouraging.
39664988,,,Turn-based SRPG with auto and limited sweep.,0.0,"Overall okay but some UX complaints (skill targeting flow, stamina low, descriptions inaccurate).","Auto battle, sweep with limits.",0.0,Standard features; nothing standout.,,,,,,,,,,,,,,,True,180-pull hard pity; acceptable if rates stay as observed.,0.0,Pity acceptable to reviewer given current rates; would be a downside if worsened.,,,,,,,,,,,,,,,"Low stamina; inaccurate skill range descriptions; lost a 10-pull due to launch lag; limited filtering (e.g., by healer)."
39664986,,,Turn-based tactics with grid movement.,-2.0,"Frequent mis-taps (e.g., stage 1-12) ruin experience.",,,,,,,,,,,,,,,,,,,,,,,,,,,,,,,,,,,,
39664949,,,,,,,,,,,,,,,,,,,,,,,,,,,,,,,,,,,,,,,-2.0,Small-windowing pauses game; loading stuck at ~84% after story-to-battle transition if interacting in PiP.,Game pauses in background/PiP; blocking bug on transition.
39664928,,,Turn-based SRPG with speed turn-order system.,-1.0,Reliance on stats and stars; star conditions and speed system create frustration.,"8-unit team compositions, speed stat affects turn order, HP>50% full-star checks, replay-to-claim sweeps.",-1.0,Strategy overshadowed by stat checks and punitive star conditions.,-2.0,"Extremely resource hungry across many systems (skills, base stats, constellations, gear RNG).",-1.0,"Constellation (dupe) power spikes are large, making duplicates too important.",,,,,,,,,,,,,,,,,-1.0,Heavy resource demands and star checks push grinding/spending.,,,,,,,,,,,Replay watching for sweeps feels like padding; environment hazards and fast enemies punish full-star attempts.
39664050,,,Classic SRPG; no unique combat ideas cited.,,,,,,,,,,,,,,,,,,,,True,SSR 2.5% with ~1.25% rate-up; soft pity around 70 for any SSR; 180-pull hard pity for banner unit; progress not shared between banners; no guaranteed 50/50 mechanic.,-2.0,About 10 RMB per pull perceived as expensive; pity non-shared and off-banner risk remains.,,,,,,,True,Cultural relics/antiquities IP; heavy national-style packaging.,1.0,"Strong cultural wrapping and intent to introduce artifacts, though reviewer dislikes didactic feel.",,,,,UI overly ornate and unreadable; concern project might be under-resourced; many features unfinished for a paid test.
39664851,,,Turn-based tactics; easy to pick up.,1.0,"Light, accessible feel; strong art and VA enhance battles.",,,,,,,,,,,,,,,,,,,,,,,,,,,,,,,,,,,,Server instability and frequent reconnects; some missing voice lines; text readability issues in story; unclear auto/speed toggles in story.
39664731,,,,,,,,,,,,,,,,,,,,,,,,,,,,,,,,,,,,,,,,,Overall gameplay experience described as very poor.
39664657,,,,,,,,,,,,,-1.0,Currently little synergy between characters.,,,,,,,,,,,,,,,-1.0,No fixed source of gacha currency; stamina low; growth costs high.,-1.0,No stable gacha income and high costs reduce perceived generosity.,,,,,,,,,Gacha can off-rate multiple times in one banner; weapon substats are random (though no random substat leveling).
39664526,,,,,,,,,,,,,,,,,,,,,,,True,Hard pity via spark/‘well’ at 180 pulls; progress not carried between banners.,,,,,,,-1.0,Welfare perceived worse than other recent tactics games.,,,,,,,,,No sweep feature; concerns that if unchanged for release the game may fail.
39664574,,,Turn-based tactics (misnamed as auto chess by reviewer).,-1.0,Gameplay feels ordinary; only art/BGM stand out.,,,,,,,,,,,,,,,,,,,,,,,,,,,,,,,,,,,,Server meltdown and poor PR; cluttered UI; minimal tutorials; lack of sweep; Live2D feels low quality for the price.
39664553,,,,,,,,,,,,,,,,,,,,,,,,,,,,,,,,,,,,,,,,,Notified of test qualification but access required separate registration; perceived as download bait.
39658972,,,,,,,,,,,,,,,,,,,,,,,,,,,,,,,,,True,Cultural relics theme; characters embody artifacts.,-1.0,Story feels only loosely related to specific relics; could be any object anthropomorphism.,,,,,"Cluttered, headache-inducing UI; qualification gating after prompting downloads."
39664462,,,,,,,,,,,,,,,,,,,,,,,True,Around 180 pulls for multiple SSRs with at least one UP guaranteed; no separate weapon banner.,0.0,Described as middle-of-the-road within the genre.,,,,,-1.0,Opening-event rewards considered insufficient.,,,,,,,,,Requests richer challenge modes and better battle cut-ins; suggests more regional dialect VOs and varied music.
39664448,,,,,,,,,,,,,,,,,,,,,,,,,,,,,,,,,,,,,,,,,Prompted with 'You have test qualification' then told registration is at capacity after downloading.
39664428,,,,,,,,,,,,,,,,,,,,,,,,,,,,,,,,,,,,,,,,,Low interaction with characters despite appealing art; gameplay ordinary but acceptable.
39664427,,,War chess-style tactics.,1.0,Reviewer enjoys this gameplay type.,,,,-1.0,Difficulty spikes sharply from chapter 2; level-gating feels severe.,,,,,,,,,,,,,,,,,,,,,,,,,,,,,,,
39658437,,,Old-school turn-based combat.,0.0,Feels conventional; nothing standout.,,,,,,,,,,,,,,,,,,,,,,,,,,,,,,,,,,,,Network issues; preferences for more mature female models and less clothing; requests more stable service.
28724797,,,,,,,,,,,,,,,Higher battle speeds and multi-multipliers partially offset lack of sweep.,False,1.0,Simple speed/multiplier system makes farming tolerable.,,,,,,,,,,,,,,,,,,,,,,,Defends against 1-star spam due to qualification; notes full Chinese VO per nationality; acknowledges no sweep and small niche appeal.
39664319,,,,,,,,,-1.0,Feels grindy without clear positioning (neither fully casual nor deep).,,,,,,,,,,,,,,,,,,,,,,,,,,,,,,,Art looks oddly off on closer look; story integration feels stiff.
39656950,,,,,,,,,,,,,,,,,,,,,,,True,Hard pity at 180; rising soft pity from ~50; off-banner possible; UP ~1.25% within 2.5% SSR.,-2.0,About 18 RMB per pull perceived as expensive; pity still allows off-banner; banner progress not shared.,,,,,,,,,,,,,,,Voice lines have long initial silence; repeated qualification/download confusion.
39664212,,,Turn-based SRPG with auto option.,1.0,Strong art/music; generally positive experience.,"Auto battle, star condition requiring 50% HP+ at end.",-1.0,Star conditions hinder auto-friendly play.,-1.0,Some main stages full-star requirements are too strict.,,,,,,,,,,,,,,,,,,,,,,,,,,,,,,,
39664150,,,,,,,,,,,,,,,,,,,,,,,,,,,,,,,,,,,,,,,,,Auto battle pauses when app is in small-window mode; requests change.
39663987,,,Turn-based tactics.,-2.0,Gameplay called boring and overly difficult.,,,,-2.0,Very grindy; progression feels punishing.,,,,,,,,,,,,,,,,,,,,,,,,,,,,,,,Art quality uneven; some paid skins worse than base; music is the only praised aspect.
39663770,,,,,,,,,-1.0,Resource income feels low; gameplay mentally taxing.,,,,,,,,,,,,,,,,,,,,,,,,,,,,,,,
39663730,,,War chess battles; no sweep yet.,1.0,Finds it playable and suitable as a side game; service responses timely.,,,,,,,,,,,,,,,,,,,,,,,,,,,,,,,,,,,,Requests sweep to further reduce time cost.
39663679,,,,,,,,,,,,,,,,,,,,,,,,,,,,,,,,,,,,,,,,,Unable to enter the game; no evaluation possible.
39663599,,,,,,,,,,,,,,,,,,,,,,,,,,,,,,,,,,,,,,,,,Downloaded and registered prior day but missed 11:00 slot; strong dissatisfaction with qualification process and bugs.
39663549,,,,-1.0,Gameplay feels uncomfortable despite good art and creative artifact theme.,,,,,,,,,,,,,,,,,,,,,,,,,,,,,,,,,,,,
39663547,,,,-1.0,Story boring; gameplay average; no Live2D/dynamic home animations at time of test.,,,,,,,,,,,,,,,,,,,,,,,,,,,,,,,,,,,,Main screen only shows static illustration; lack of Live2D.
39663511,,,Turn-based SRPG.,0.0,Initial wow from art/UI; combat design okay but nothing special.,,,,-1.0,Difficulty jumps noticeably even within chapter 1.,,,,,,,,,,,,,,,,,,,,,,,,,,,,,,,
39663451,,,,,,,,,,,,,,,,,,,,,,,,,,,,,,,,,,,,,-2.0,Large download size (~7 GB) perceived as waste after failing to get access.,,,Network/qualification timing issues; repeated re-openings caused frustration.
39663447,,,,,,,,,,,,,,,,,,,,,,,,,,,,,,,,,,,,,,,,,Testing locked by registration despite open download; perceived as misleading operations.
39655598,,,,,,,,,,,,,,,,,,,,,,,,,,,,,,,,,,,,,,,-2.0,Stuck after second story video; background auto pauses in small window; frequent network errors.,Network instability; small-window auto pause criticized; battle pacing slow for war chess.
39663393,,,Turn-based tactics with AI auto and post-clear entrust.,1.0,Simple to auto for clears; manual for perfect stars when needed.,,,,-1.0,Early resources limited; advises focusing upgrades.,,,,,Post-clear entrust/AI with buffs to farm stages.,False,1.0,Entrust system is straightforward once unlocked.,,,,,,,,,,,,,,,,,,,,,,,Some chibi animations look odd; story playback lacks auto/voice replay controls.
39663250,,,Turn-based SRPG with environmental tiles and hidden objectives.,0.0,Core loop okay but several pain points reduce fun.,"Hidden achievements, environmental hazards (e.g., lightning tiles, high ground), surprise enemy drops.",-1.0,UI/telegraphing unclear; hidden challenges feel annoying.,-1.0,Overly complex growth (multiple advancements per unit; gear with rarity/upgrade/star) slows progress.,,,,,,,,,,,,,,,,,,,,,,,,,,,,,,,Requests simplifying growth like Arknights; clearer telegraphs for tiles and spawns.
39656805,,,,,,,,,,,,,,,,,,,,,,,,,,,,,,,,,,,,,,,,,Qualification/backstab perception; stuck at loading after card draw; lost promised 10-pull due to lag; later optimization improved.
39663175,,,Turn-based tactics.,2.0,Reviewer calls both art and gameplay full marks.,,,,,,,,,,,,,,,,,,,,,,,,,,,,,,,,,,,,
39663156,,,,,,,,,,,,,,,,,,,,,,,,,,,,,,,2.0,Claims 50 free pulls as a non-spender.,,,,,,,,,
39663107,,,,,,,,,,,,,,,,,,,,,,,,,,,,,,,,,,,,,,,,,Test slots opened at 11:00 on a workday; suggests opening qualification at more accessible times.
39663104,,,,,,,,,,,,,,,,,,,,,,,,,,,,,,,,,,,,,,,,,Requests a more thematically appropriate font to match the ancient theme.
39662928,,,,,,,,,,,,,,,,,,,,,,,,,,,,,,,-1.0,Perceived as stingy with welfare.,,,,,,,,,Modeling/art criticized as ugly; calls for remake.
39662884,,,,,,,,,,,,,,,Logistics assignments and gear crafting; stage “sweep” plays a single battle animation then pays multi-run rewards.,False,0.0,Logistics is straightforward; ‘watch-to-sweep’ adds time friction.,,,,,,,,,,,,,,,,,,,,,,,Growth materials and systems feel complex and time-consuming.
39662894,,,,,,,,,,,,,,,,,,,,,,,,,,,,,,,,,,,,,,,,,Stability issues; positive note that failed hidden challenges can be retried without stamina.
39662888,,,War chess with small maps and hidden conditions.,-1.0,Hand-feel worse than peers and high early difficulty; hidden conditions add pressure.,,,,-1.0,Must grind materials to raise stats to perfect-clear; progress based on numbers.,,,,,,,,,,,,,,,,,,,-1.0,Pull rewards and experience not generous; duplicates provide notable power (between Arknights and Genshin).,,,,,,,,,,,
39662722,,,Turn-based SRPG; long boss fights.,-1.0,"Prolonged, repetitive fights feel exhausting.",,,,-1.0,Many materials to grind; even with entrust you must wait through battle scenes.,,,,,Replay-once-to-claim multi-battle rewards style sweep/entrust.,False,-1.0,Time-consuming to watch/execute despite being a ‘sweep’.,,,,,,,,,,,-1.0,High time cost and grindiness create pressure.,,,,,,,,,,,
39662715,,,,,,,,,,,,,,,,,,,,,,,,,-1.0,Criticizes gacha/monetization model and pricing for a tactics game.,,,,,,,,,,,,,,,Dislikes adopting ‘Genshin-like’ monetization in a war chess game.
39662624,,,Turn-based tactics.,-1.0,Too time-consuming and difficult for the reviewer.,,,,-1.0,Progress hampered by hard clears and time cost.,,,,,,,,,,,,,,,,,,,,,,,,,,,,,,,
39662517,,,,,,,,,,,,,,,,,,,,,,,,,,,,,,,,,,,,,,,,,Dislikes outfit choice for a young male character.
39662444,,,,,,,,,,,-1.0,Star level boosts are too large; 6-star blue surpasses 1-star red; unclear source of star-up materials.,,,‘Sweep’ runs one battle and awards multi-run loot; acceptable time cost.,False,0.0,Approach is tolerable but still takes some time.,,,,,,,,,,,,,,,,,,,,,,,All SSRs off-banner in 60 pulls; up rate feels low; story voice lines skip too easily; each stage first clear gives premium currency good for skins.
39656143,,,,,,,,,,,,,,,,,,,,,,,,,,,,,,,,,,,,,,,,,Persistent network instability; unable to return during tutorial; negative impression of publisher’s track record.
39662435,,,,,,,,,,,,,,,,,,,,,,,,,,,,,,,,,,,,,,,,,Poor communication on fixes; Tap page lacked clear test markers; immediate network instability upon entry.
39655740,,,,,,,,,,,,,,,,,,,,,,,True,No reliable UP guarantee aside from hard pity; off-rate can occur repeatedly; no soft UP guarantee.,,,,,-1.0,Repeated off-banner hits reduce desire to continue.,,,,,,,,,,,Event BGM too noisy; after five hours lost interest.
39662334,,,Turn-based tactics; mis-tap prone UI.,-2.0,Very easy to mis-tap; calls combat awful.,,,,,,,,,,,,,,,,,,False,,,,,,-2.0,Low resources and perceived lack of pity make spending pressure feel heavy.,-2.0,Resources are very scarce; perceived no-pity increases frustration.,,,,,,,,,Overly busy UI design; frequent off-rate pulls.
39662269,,,,,,,,,,,,,,,,,,,,,,,,,,,,,,,,,,,,,,,,,Unimpressed by art and gameplay; expresses concern about male character treatment and targeting.
39662232,,,,,,,,,-1.0,Complex growth and limited stamina potions (time-limited) impede progress.,,,,,,,,,,,,,True,Pity does not carry or share across banners.,,,,,-1.0,Arknights-like monetization with non-shared pity and time-limited stamina items discourages continued play.,,,,,,,,,,,
39662215,,,,,,,,,,,,,,,,,,,,,,,,,,,,,,,,,,,,,,,,,"Told ‘test qualification obtained’ after downloading 4GB, then unable to log in; strong frustration with ops."
39656723,,,,,,,,,,,,,,,,,,,,,,,,,,,,,,,,,,,,,,,,,Download/update completed but no access due to lack of qualification; perceived as chasing download numbers.
39662167,,,,,,,,,,,,,,,,,,,,,,,,,,,,,,,,,,,,,,,,,Message shows qualification acquired but still cannot play; repeated ‘additional slots’ announcements feel like download bait.
39662145,,,,,,,,,,,,,,,,,,,,,,,,,,,,,,,,,,,,,,,,,Toggled between ‘qualified’ and ‘registration full’ after repeated downloads; suggests closing download when slots are full.
39662071,,,First-time war chess experience; turn-based tactics.,1.0,Finds the mode interesting; art/UI appealing despite some onboarding clutter.,,,,,,,,,,,,,,,,,,True,180-pull pity; reviewer got UP at 21 pulls.,0.0,Neutral on pity given early luck.,,,,,,,,,,,,,,,Newcomer UI overlays blend into background; tasks are hard to find.
39662051,,,Turn-based tactics.,1.0,"Art, visuals, music, and story meet expectations; combat still being learned.",,,,,,,,,,,,,,,,,,,,,,,,,,,,,,,,,,,,
39661992,,,,,,,,,,,,,,,,,,,,,,,,,,,,,,,,,,,,,,,,,Launch-day server/connectivity issues; pre-drawing breaks tutorial; promised 20 pulls bugged (lost one 10-pull).
39661969,,,Turn-based tactics with meaningful strategy.,1.0,Good look and feel; sufficient strategy; only a bit tiring over time.,Strategic positioning and planning.,1.0,Strategy depth perceived as adequate.,,,,,,,,,,,,,,,,,,,,,,,,,,,,,,,,,
39661929,,,,,,,,,,,,,,,,,,,,,,,,,,,,,,,,,,,,,,,,,Notes war chess is niche; suggests alternate gameplay style would be more popular.
39661898,,,,-1.0,Attractive art but gameplay not engaging; squandered potential.,,,,,,,,,,,,,,,,,,,,,,,,,,,,,,,,,,,,
39661835,,,,,,,,,,,,,,,,,,,,,,,,,,,,,,,,,,,,,,,,,Obtained qualification but still told no qualification after download.
39661796,,,,,,,,,,,,,,,,,,,,,,,,,,,,,,,,,,,,,,,,,Felt misled to download; registration gate wastes time.
39661749,,,,,,,,,,,,,,,,,,,,,,,,,,,,,,,,,,,,,,,,,Unable to enter; registration limit reached despite attempts.
39661519,,,Hybrid SRPG with fixed turn order; no counterattacks; grid movement with ultimate animations.,-2.0,Actions feel constrained by fixed order and no counter; hybrid design feels awkward; low-quality 'paper cutout' ult animations.,Fixed initiative order; no counterattack,-2.0,"Half turn-based, half SRPG mix feels incoherent and restrictive.",,,,,,,,,,,,,,,,,,,,,,,,,,,,,,,,,Ultimate/skill animations look like paper cutouts despite good portraits/music.
39661440,,,Turn-based tactics with auto-battle available.,1.0,,Auto-battle,,,,,,,,,,,,,,,,,,,,,,,,,,,,,,,,,,,Launch server instability noted but expected to be compensated.
39661418,,,,,,,,,,,,,,,,,,,,,,,,,,,,,,,,,,,,,,,-1.0,"Long in-game update/download, then server crash and registration cap prevented play.",Server exploded at launch; later blocked by full registration quota after downloading.
39661347,,,,,,,,,,,,,,,,,,,,,,,,,,,,,,,,,,,,,,,,,Operations criticized; players ask for an apology after test-day server failure.
39661334,,,,,,,,,,,,,,,,,,,,,,,,,,,,,,,,,,,,,,,,,Voice-over bug: rapid tapping continues text but cuts off voice.
39661122,,,,,,,1.0,Tactical layer has depth but shows no clear advantage over other SRPGs.,,,,,,,,,,,,,,,,,,,,,,,,,,,,,,,,,UI interaction feels cheap; portrait quality is inconsistent; overall polish below older peers.
39661107,,,,,,,,,,,,,,,,,,,,,,,,,,,,,,,,,,,,,,,,,Portrait quality inconsistency; some artifact characterizations feel disrespectful.
39661095,,,"SRPG with grid movement, speed-up and auto-battle.",-1.0,Pacing feels slow and manual play clumsy; auto and acceleration help but combat still feels cumbersome.,,,,,,,,,,,,,,,,,,,,,,,,,,,,,,,,,,,,Gacha tends to off-banner; story immersion weak; good voice work with regional accents.
39661077,,,,,,,,,,,,,,,,,,,,,,,,,,,,,,,,,,,,,,,,,High grind concern; equipment system disliked; external sentiment about platform lowers confidence.
39656815,,,,,,,,,,,,,,,,,,,,,,,,,1.0,Gacha pulls cheaper than Arknights (but skins are pricier); overall grind feels manageable.,,,,,,,,,,,,,,,UI colors are overly bright/glary; art blends traditional and modern well.
39660826,,,Speed-influenced SRPG (turn order by speed) with auto; simple early game.,0.0,Combat is simple but feels ‘sticky’ with accidental turn skips; needs enemy info and input polish.,Speed-based initiative; auto-battle; stage premium-currency rewards,-1.0,Early difficulty is low; lacks enemy info pop-ups and has input mis-ops.,,,,,,,,,,,,,,,True,"Base 2.5% SSR; soft pity after 50 pulls; guaranteed SSR by 70 pulls (50% featured, can off-banner); hard pity/spark at 180.",0.0,Costing similar to Arknights: 3 stones per pull; stones better saved for skins (16 stones) while pulls have other sources.,1.0,Free pulls per month (~26) and stages grant premium currency; skins optional.,-1.0,"Constellation-like system gives large power spikes, creating pressure to pull dupes.",1.0,Monthly free pulls and stage currency feel decent during test.,,,,,,,,,Registration fiasco and launch network issues; accidental turn-skip; missing enemy info pop-ups.
39660533,,,,,,Random-substat equipment progression; fixed turn order by speed; 3-star perfect-clear conditions,-1.0,SRPG rules are rigid and randomness in gear undercuts planning.,-1.0,High difficulty for perfect clears; materials gated by commission currency; many unlocks tied to main story.,,,,,,,,,,,,,True,50% featured rate on SSR; can off-banner; hard pity/spark at 180.,,,,,-2.0,Needing ~3 dupes for ‘full’ character plus random-substat gear and high pity increase spending pressure.,-1.0,Monthly pull income feels low relative to pity and dupe demands.,,,,,,,,,Unclear if speed is adjustable; rigid action order; material acquisition relies on exchange currency.
39660913,,,,,,,,,,,,,,,,,,,,,,,,,,,,,,,,,,,,,,,,,Marketing overlong; gameplay/characters/story/raising feel average; server crash on qualification grab.
39660892,,,,,,,,,-1.0,Stage difficulty is high; hard to 3-star stages.,,,,,,,,,,,,,,,,,,,,,,,,,,,,,,,
39656752,,,Traditional turn-based/SRPG combat.,0.0,,,,,,,,,,,,,,,,,,,,,,,,,,,1.0,Stages grant premium currency (1 stone per stage; 3 stones per pull); skins purchasable with earned currency.,,,,,,,,,"Network instability, black screens, and voice-character mismatch; early gameplay can feel monotonous."
39660881,,,,,,,,,,,,,,,,,,,,,,,,,,,,,,,,,,,,,,,,,Has test qualification but cannot register/log in.
39656235,,,,,,,,,,,,,,,,,,,,,,,,,,,,,,,,,,,,,,,,,Qualification distribution adjusted post-issue; art and backstories considered decent.
39660797,,,,,,,,,-1.0,Low resource income and stamina shortages stall progress; main stages feel time-consuming; touch/misinput and network issues waste runs.,,,,,,,,,,,,,,,,,,,,,,,,,,,,,,,Frequent mis-taps in battle; network errors trigger failures; server instability; localization includes Traditional Chinese names.
39660822,,,,,,,,,,,,,,,,,,,,,,,,,,,,,,,1.0,Test feels generous with pull resources.,,,,,,,,,Lacks an undo (undo/rewind) feature in battles.
39660759,,,,,,,,,,,,,,,,,,,,,,,,,,,,,,,,,,,,,,,,,Constant ‘network unstable’ pop-ups make the game unplayable.
39660695,,,,,,,,,,,,,,,,,,,,,,,,,,,,,,,,,,,,,,,,,Could not secure registration despite prior attempts; TapTap shows qualified but servers block entry.
39649704,,,,,,,,,,,,,,,,,,,,,,,,,,,,,,,,,,,,,,,,,
39660611,,,,,,,,,,,,,,,,,,,,,,,,,,,,,,,,,,,,,,,,,Initial menu/UI is cluttered; emulator compatibility issues; chat/dialog bubbles appear as long black bars; needs clearer menu hierarchy.
39660584,,,,,,,,,,,,,,,,,,,,,,,,,,,,,,,,,,,,,,,,,Cannot mute studio splash audio; cutscenes ignore in-game volume; severe aliasing on dynamic portraits; progression friction: sweep locked behind level requirements.
39657139,,,,,,,,,,,,,,,,,,,,,,,,,,,,,,,,,,,,,,,,,
39660478,,,,-2.0,Combat is confusing and boring with unclear mechanics.,,,,,,,,,,,,,,,,,,,,,,,,,,,,,,,,,,,,Inconsistent voice presence in story; disliked free skin design; activity UI too small/hard to find.
39660412,,,Grid-based SRPG; slightly higher onboarding complexity than classic turn-based but approachable.,1.0,Enjoys SRPG; easy enough to learn by reading skills and practicing.,,,,,,,,,,,,,,,,,,,,,,,,,,,,,,,,,,,,Severe launch server issues (login stuck at 100%); tutorial soft-lock if changing required unit; improved stability later.
39660391,,,,-2.0,Gameplay feels dull and overly ordinary with low engagement.,,,,,,,,,,,,,,,,,,,,,,,,,,,,,,,,,,,,Story delivery pacing interrupts flow; art/modeling quality varies greatly; test access/ops issues.
39656488,,,,-1.0,Gameplay feels too generic and repetitive.,,,,,,,,,,,,,,,,,,,,,,,,,,,,,,,,,,,,Unlimited download but limited test access; gacha off-banners easily.
39660339,,,Classic SRPG (grid/turn-based) with straightforward tactics.,0.0,,Movement/attack range management; positional planning,0.0,Core tactics are serviceable but not outstanding; suggests UI improvements for range clarity.,,,,,,,,,,,,,,,,,,,,,1.0,Generous welfare reduces pressure to spend.,2.0,Very generous test welfare; hopes it’s maintained at launch.,,,,,,,,,Skill VFX/animations look cheap; battle scenes lack standout visuals; Q-chibi models need more detail; several UI usability issues noted.
39660282,,,,,,,,,,,,,,,,,,,,,,,,,,,,,,,,,,,,,,,,,
39655973,,,,,,,,,,,,,,,,,,,,,,,,,,,,,,,,,,,,,,,,,Severe lag throughout early play; visuals/artifacts are pleasant once playable.
39655961,,,Traditional SRPG combat.,-1.0,"UI is chaotic, tutorial lacks value, and play feels tiring; network instability.",,,,,,,,,,,,,,,,,,,,,,,,,,,,,,,,,,,,Frequent ‘network unstable’ warnings; early gacha luck did not translate to perceived power.
39660168,,,Turn-based with basic attacks to build energy for skills; character-specific traits.,0.0,Combat lacks innovation but is competent; gacha animation lacks impact.,,,,,,,,,,,,,,,,,,,,,,,,,,,,,,,,,,,,Gacha animation feels underwhelming.
39657881,,,,,,,,,,,,,,,,,,,,,,,,,,,,,,,,,,,,,-1.0,Initial download around 4+ GB.,,,Likes world/art; cannot understand combat yet; test required separate registration despite TapTap qualification.
39655997,,,,,,,,,,,,,,,,,,,,,,,,,,,,,,,,,,,,,,,,,Suggests focusing on Chinese cultural promotion and partnering with national cultural institutions; de-emphasize foreign artifacts.
39660101,,,,,,,,,,,,,,,,,,,,,,,,,,,,,,,,,,,,,,,,,Server/network issues; overly complex leveling (many taps); additional gear layer; small-screen ‘mini-player’ behavior causes UI freeze during story.
39660047,,,,,,,,,,,,,,,,,,,,,,,,,,,,,,,,,,,,,,,,,Public relations criticized: capped qualifications then closed downloads; reopened qualifications later.
39660025,,,,,,,,,,,,,,,,,,,,,,,,,,,,,,,,,,,,,,,,,Bug caused game to restart after stage clear; dislikes HP bar style; not suited for heavy-strategy fans.
39660002,,,,,,,,,,,,,,,,,,,,,,,,,,,,,,,,,,,,,,,,,Repeated downloads without clear qualification messaging; TapTap shows qualified while official says otherwise.
39657019,,,,,,,,,,,,,,,,,,,,,,,,,,,,,,,,,,,,,,,,,Reported additional qualification slots opened later in the day.
39656827,,,,,,,,,,,,,,,,,,,,,,,,,,,,,,,2.0,Perceived very generous rewards during test.,,,,,,,,,
39659928,,,,-2.0,Tap targeting is frustrating—often opens enemy details or cancels attack when surrounded.,,,,,,,,,,,,,,,,,,,,,,,,,,,,,,,,,,,,Frequent network instability; appreciates artifact-themed learning and art.
39659913,,,,,,,,,,,,,,,,,,,,,,,,,,,,,,,,,,,,,,,,,UI is overly busy and visually fatiguing; portraits and UI elements compete for attention.
39659818,,,,,,,,,,,,,,,,,,,,,,,,,,,,,,,,,,,,,,,,,
39659786,,,Standard SRPG/war-chess gameplay.,0.0,,,,,,,,,,,,,,,,,,,,,,,,,,,,,,,,,,,,,Visuals are attractive but a bit too flashy.
39659773,,,,,,,,,,,,,,,,,,,,,,,,,,,,,,,,,,,,,,,,,Operations criticized for capping test slots then increasing later; perceived as antagonizing players.
39659759,,,,,,,,,,,,,,,,,,,,,,,,,,,,,,,,,,,,,,,,,
39659712,,,,,,,,,,,,,,,,,,,,,,,,,,,2.0,Low pay requirements; friendly to non-spenders; skippable story reduces friction.,1.0,Perceived low monetization pressure and F2P-friendliness.,1.0,Compared favorably to other titles in generosity.,,,,,,,,,
39659654,,,,,,,,,,,,,,,,,,,,,,,True,Base 2.5% SSR with 50% featured; no small pity guarantee; hard pity/spark at 180.,,,,,-1.0,"No soft pity; often must rely on 180 spark, which feels punishing.",,,,,,,,,,,Severe launch/server issues; highly inconsistent portrait styles; cluttered UI; music mix feels noisy.
39656513,,,,1.0,SRPG requires some thinking to perfect stages; replaying for full clears felt satisfying.,,,,,,,,,,,,,,,,,,,,,,,,,,1.0,Test provided many tickets; frequent golds in newbie pulls.,,,,,,,,,
39659677,,,,,,,,,,,,,,,,,,,,,,,,,,,,,,,,,,,,,,,,,
39659671,,,,,,,,,,,,,,,,,,,,,,,,,,,,,-1.0,‘Plan’ priced at 128 is high; expects better server capacity; test gave decent pulls but wants more at launch.,,,,,,,,,,,Server capacity concerns; some awkward lines/wordplay in script.
39659643,,,,-1.0,Gameplay/design feels off compared to peers like TTK; disappointing after long wait.,,,,,,,,,,,,,,,,,,,,,,,,,,,,,,,,,,,,
39655593,,,,,,,,,,,,,,,,,,,,,,,,,,,,,,,,,,,,,,,,,Requests auto-sweep for commissions; auto-battle pauses when split-screening video; ‘network poor’ on entry; event music too loud; certain ult text is immersion-breaking.
39659563,,,,,,,,,,,,,,,,,,,,,,,,,,,,,,,,,,,,,,,,,Two early blocking bugs: tutorial froze when trying ultimate; stuck on post-battle screen.
39659551,,,SRPG with auto-battle; standard resource/gear/exp farming.,,,,,,,,,,,,,,,,,,,,,,,,,,,,-1.0,"Welfare feels low in test (about 50 pulls, only one SSR).",,,,,,,,,Female voice timbres sound too similar; not distinctive.
39659468,,,,,,Emphasis on collection/raising over tactical play,-1.0,Strategy feels shallow; outcomes hinge on unit quality more than tactics.,,,,,,,,,,,,,,,,,,,,,,,,,,,,,,,,,Enemy/skill clarity is lacking; frequent disconnects; story acceptable.
39659456,,,,,,,,,,,,,,,,,,,,,,,,,,,,,,,,,,,,,,,,,Registered early but still blocked by later qualification gating.
39651732,,,,,,,,,,,,,,,,,,,,,,,,,,,,,,,,,,,,,,,,,"After getting afternoon access, overall quality felt poor relative to expectations over years."
39658992,,,,,,,,,,,,,,,,,,,,,,,,,,,,,,,,,,,,,,,,,Could log in then got stuck afterwards; demands bug fix or rating stays low.
39659345,,,,,,,,,-1.0,Many extra conditions to max stage rewards; progression/cultivation lacks novelty.,,,,,,,,,,,,,True,Hard pity/spark at 180.,,,,,,,-1.0,Welfare perceived as low; difficult to obtain units.,,,,,,,,,
39659284,,,,,,,,,,,,,,,,,,,,,,,,,-2.0,A single pack only yielded ~40 pulls; shop feels saturated with monetization options.,,,-2.0,Heavy monetization presence creates strong spending pressure.,,,,,,,,,,,
39659239,,,,,,,,,-1.0,Progress stalls due to high raising difficulty and no sweep; newcomers to SRPG feel lost.,,,,,,,,,,,,,,,,,,,,,,,,,,,,,,,
39659235,,,,,,,,,,,,,,,,,,,,,,,,,,,,,,,,,,,,,,,,,
39659224,,,,,,,,,,,,,,,,,,,,,,,,,,,,,,,,,,,,,,,,,
39659221,,,,,,,,,,,,,,,,,,,,,,,,,,,,,,,,,,,,,,,,,Downloaded and updated but blocked by full test slots later; suggests not allowing downloads without access.
39659184,,,"Simple, easy SRPG/war-chess.",,,,,,,,,,,,,,,,,,,,True,2.5% SSR; guaranteed SSR by 70; 180 spark for featured.,,,,,,,,,,,,,,,,,Launch network instability; hopes for optimization by release.
39659182,,,,,,,,,,,,,,,,,,,,,,,,,,,,,,,,,,,,,-2.0,Large download size wasted due to access issues.,,,
39655732,,,Time-consuming SRPG; some ult animations are slow.,0.0,Gameplay is okay but drags due to slow animations.,,,,,,,,,,,,,,,,,,,,,,,,,,1.0,Test welfare good; frequent SSRs during test.,,,,,,,,,Server instability and odd UI cues; criticism of certain artifact-to-character depictions; guidance inconsistencies.
39659091,,,,,,,,,,,,,,,,,,,,,,,,,,,,,,,,,,,,,,,,,Persistent bugs prevent entering the game.
39659060,,,,,,,,,,,,,,,,,,,,,,,,,,,,,,,,,,,,,,,,,Great art and music; everything else feels lacking.
39659046,,,Standard war-chess SRPG.,-1.0,Gameplay feels very ordinary and dull.,,,,,,,,,,,,,,,,,,,,,,,,,,,,,,,,,,,,Launch servers poor; certain home screen art elements trigger trypophobia.
39655719,,,SRPG similar to Arknights style.,-2.0,Gameplay and story feel boring; persistent network issues.,,,,,,,,,,,,,,,,,,,,,,,,,,,,,,,,,,,,Stuck on login; constant ‘network unstable’ after entry.
39658966,,,,,,,,,,,,,,,,,,,,,,,,,,,,,,,,,,,,,,,,,Access gating makes ‘with/without qualification’ feel the same to players.
39658921,,,,,,,,,,,,,,,,,,,,,,,,,,,,,,,,,,,,,,,,,Stuck at 100% login; lack of timely official communication.
39658895,,,,,,,,,,,,,,,,,,,,,,,,,,,,,,,,,,,,,,,,,‘Emergency maintenance’ extended with minimal additional slots; many stuck at 100% for hours.
39657058,,,,,,,,,,,,,,,,,,,,,,,,,,,,,,,,,,,,,,,,,"Wasted data due to ‘network unstable’; UI buttons too close to screen edge, need margin."
39658611,,,,,,,,,,,,,,,,,,,,,,,,,,,,,,,,,,,,,,,,,Failed to secure promised extra slots; later logged in; UI hitboxes hard to tap; operations rated very poorly.
39658272,,,,,,,,,,,,,,,,,,,,,,,,,,,,,,,,,,,,,,,,,Couldn’t enter at open; later blocked by full slots; network error caused repeated replays of 1-2.
39658859,,,,,,,,,,,,,,,,,,,,,,,,,,,,,,,,,,,,,,,,,Players feel the team shows poor attitude during issues.
39658848,,,,1.0,"As a first-time SRPG player, combat felt good.",,,,,,,,,,,,,,,,,,,,,,,,,,,,,,,,,,,,Clicking dialogue again mutes voice; lacks auto-advance for story.
39658823,,,,,,,,,,,,,,,,,,,,,,,,,,,,,,,,,,,,,,,,,
39658817,,,,,,,,,,,,,,,,,,,,,,,,,,,,,,,,,,,,,,,,,Server quality slammed; UI overly busy; access opened despite unresolved server issues.
39658780,,,,,,,,,,,,,,,,,,,,,,,,,,,,,,,,,,,,,,,-2.0,Network error prevents login,Server instability/login failures
39656466,,,Chibi big-head battle presentation,-1.0,Dislikes the chibi big-head battle visuals,,,,,,,,,,,,,,,,,,,,,,,,,,,,,,,,,,,,Confusing qualification/announcement messaging
39658769,,,,,,,,,,,,,,,,,,,,,,,,,,,,,-1.0,Prices feel high; mentions in-game currency to RMB ~5:1,,,,,,,,,,,Server instability; class/role icons poorly explained; gacha UI feels plain
28808204,,,Grid-based tactics with speed bar turn order; movement range heavily constrained; attack ranges not clearly indicated; no damage preview,-1.0,Combat feels unclear and clunky with blind attacks and limited movement feedback,"Archetyped classes (healer, shield, etc.); speed-based turn order; tank/shield and healer roles",-1.0,Role definitions unclear and some kits feel nonsensical; shield presence weak,-1.0,Difficulty spike outpaces growth; high development cost with limited stamina/resources makes switching characters hard,-2.0,Reports many SSRs performing worse than SRs; red healer underwhelming; shields not functioning as taught,-1.0,High respec cost limits trying alternative builds; roles feel blurred,,,,,,,,,,,,,,,,,,,,,,,,,,,Story feels generic; auto-play/voice UX issues; good art and cultural info but wishes deeper integration of relic history
39656564,,,,,,,,,,,,,,,,,,,,,,,,,,,,,,,,,,,,,,,-2.0,Client shows qualification confusion and cannot enter; likely server not opened,Download vs play qualification mismatch
39658715,,,,,,,,,,,,,,,,,,,,,,,,,,,,,,,,,,,,,,,-2.0,Game reports no network while other games work,Server/login connectivity issues
39658690,,,,,,,,,,,,,,,,,,,,,-1.0,Bugs remain unfixed for hours after launch,,,,,,,,,,,,,,,,,,,Launch bugs not promptly addressed
39658635,,,,,,,,,,,,,,,,,,,,,,,,,,,,,,,,,,,,,,,,,Controversial test flow: pre-download then抢注 (registration race)
39658592,,,,,,,,,,,,,,,,,,,,,,,,,,,,,,,,,,,,,,,-2.0,Network errors at login then registration cap reached; capacity expansion announced late and still first-come,Capacity/communication timing frustration
39658600,,,Turn-based grid tactics with speed bar order; limited movement; unclear attack ranges; no damage preview,-1.0,Poor feedback and clarity lead to a fatiguing experience,Arknights-like class icons; speed-based turn order,-1.0,Unclear range/preview reduces planning; roles feel derivative,,,,,,,,,,,,,,,,,,,,,,,,,,,,,,,,,Story generic with awkward auto/voice UX; good art and relic info pages
39658571,,,,,,,,,,,,,,,,,,,,,,,,,,,,,,,,,,,,,,,,,Download qualification separate from play/test qualification
39658534,,,,,,,,,,,,,,,,,,,,,,,,,,,,,,,,,,,,,,,,,Registration qualification separate from test qualification; push messages felt spammy
39658524,,,,-1.0,Onboarding feels hard; systems and flow not user-friendly,Complex card development and many combat categories lacking clear explanations,-1.0,Poor clarity on roles and upgrades; weak functional guidance,,,,,,,,,,,,,,,,,,,,,,,,,,,,,,,,,Slow dialogue skipping and must rewatch story when retrying challenges
39658512,,,,,,,,,,,,,,,,,,,,,,,,,,,,,,,,,,,,,,,,,Requires抢注 despite showing qualification; download data wasted
39658504,,,,,,,,,,,,,,,,,,,,,,,,,,,,,,,,,,,,,,,-2.0,Stuck in tutorial repeatedly,Tutorial soft-lock bug
39658485,,,,,,,,,,,,,,,,,,,,,,,,,,,,,,,,,,,,,,,,,Download completed without actual test qualification; registration capped
39658463,,,,,,,,,-1.0,"High difficulty spikes, especially boss fights",,,,,,,,,,,,,,,,,,,,,,,,,,,,,,,Server issues at test start; art and story praised
39658455,,,,,,,,,,,,,,,,,,,,,,,,,,,,,,,,,,,,,,,-2.0,Large download then cannot enter test,Gatekept test access after download
39655681,,,,-1.0,Described as not fun/difficult to enjoy,,,,,,,,,,,,,,,,,,,,,,,,,,,,,,,,,,-1.0,Network unstable at launch,
39658428,,,,,,,,,,,,,,,,,,,,,-1.0,Slow operational response to launch issues,,,,,,,,,,,,,,,,,-1.0,Progress stuck at 100% fixing too slow,Wants compensation applied to full release
39658427,,,,,,,,,,,,,,,,,,,,,,,,,,,,,,,,,,,,,,,,,Tap showed qualification but in-game said none
39658423,,,,,,,,,,,,,,,,,,,,,,,,,,,,,,,,,,,,,,,,,"Shown as qualified, then hit registration cap; long-time follower disappointed"
39658416,,,,,,,,,,,,,,,,,,,,,,,,,,,,,,,,,,,,,,,,,
39658402,,,,,,,,,,,,,,,,,,,,,,,,,,,,,,,,,,,,,,,,,
39658395,,,,,,,,,,,,,,,,,,,,,,,,,,,,,,,,,,,,,,,-2.0,Server too unstable to enter; later shows cap reached,Server capacity and stability issues
39652828,,,,,,,,,,,,,,,,,,,,,,,,,-2.0,Gacha rates feel very off for a tactics game,,,,,,,,,,,,,,,
39658379,,,,,,,,,,,,,,,,,,,,,,,,,,,,,,,,,,,,,,,,,Pre-download and qualification notice followed by registration full; perceived bait-and-switch
39658358,,,,,,,,,,,,,,,,,,,,,,,,,,,,,,,,,,,,,,,,,Missed noon抢注 then later says capacity will be added; confusing operations
39658331,,,,,,,,,,,,,,,,,,,,,,,,,,,,,,,,,,,,,,,,,"Told qualified to download, then registration full upon login"
39658319,,,,,,,,,,,,,,,,,,,,,,,,,,,,,,,,,,,,,,,,,Redownload prompted; perceived download bait
39658311,,,,,,,,,,,,,,,,,,,,,,,,,,,,,,,,,,,,,,,,,Qualification confusion; wasted mobile data; poor operations
39658305,,,,,,,,,,,,,,,,,,,,,,,,,,,,,,,,,,,,,,,,,Wasted data due to inaccessible test
39658302,,,,,,,,,,,,,,,,,,,,,,,,,,,,,,,,,,,,,,,,,Poor operations; uninstalled after wasted download
39658297,,,,,,,,,,,,,,,,,,,,,,,,,-2.0,Prices high across the board,,,-2.0,High prices and stingy compensation create heavy pressure,-2.0,Very few free rewards and minimal launch compensation,,,,,,,-1.0,Network quality poor,Server issues and stingy launch compensation
39658288,,,,-1.0,Does not recommend the gameplay despite liking the art,,,,,,,,,,,,,,,,,,,,,,,,,,,,,,,,,,-1.0,Server problems at launch,Art good but some portraits feel dated
39655662,,,Tactical battle with auto-battle option,1.0,Combat feels okay and gacha experience acceptable,,,,,,,,,,,,,,,,,,,,,,,,,,,,,,,,,,-1.0,Launch congestion; server bomb at 11:00 schedule,Not target audience for tactics; suggests staggering launch time
39658281,,,,,,,,,,,,,,,,,,,,,,,,,,,,,,,,,,,,,,,,,
39658279,,,,,,,,,,,,,,,,,,,,,,,,,,,,,,,,,,,,,,,,,Qualification notice followed by cap reached after long update
39658277,,,,,,,,,,,,,,,,,,,,,,,,,,,,,,,,,,,,,,,-2.0,Black screen and unstable network,Early stability issues discourage play
39658251,,,,,,,,,,,,,,,,,,,,,,,,,,,,,,,,,,,,,,,,,"Told qualified during download, then ineligible after download; perceived download bait"
39658239,,,,,,,,,,,,,,,,,,,,,,,,,,,,,,,,,,,,,,,,,"Busy until later, then told test quota full; perceived download padding"
39658238,,,,,,,,,,,,,,,,,,,,,,,,,,,,,,,,,,,,,,,,,Positive early impression of visuals
39658228,,,,,,,,,,,,,,,,,,,,,,,,,,,,,,,,,,,,,,,-2.0,Repeated network errors at start; later test slot gone,Server instability led to missing registration
39658225,,,,,,,,,,,,,,,,,,,,,,,,,,,,,,,,,,,,,,,,,Pre-download showed qualification but still required抢注
39657270,,,,,,,,,,,,,,,,,,,,,,,True,"Pity/guarantee reported as 180 pulls for featured (UP); duplicate system requires 4 red passes per constellation, with 1 red pass from 23 shards and a monthly cap on exchanges",-2.0,Very high cost to progress constellations; expensive pull economics,,,-2.0,Design favors heavy spenders with costly dupe/‘命’ progression; monthly caps push spending,,,,,,,,,,,
39658209,,,,,,,,,,,,,,,,,,,,,,,,,,,,,,,,,,,,,,,-2.0,Downloaded several GB but cannot enter,Wasted data due to inaccessible test
39658191,,,,,,,,,,,,,,,,,,,,,,,,,,,,,,,,,,,,,,,-2.0,Severe lag including gacha animation and progress stuck at 100%,UI/art praised but operations/server rated poorly
39658181,,,,,,,,,,,,,,,,,,,,,,,,,,,,,,,,,,,,,,,,,Tap shows qualification; login limited and then quota full; wasted data
39658167,,,,,,,,,,,,,,,,,,,,,,,,,,,,,,,,,,,,,,,,,Operations management criticized
39658142,,,,,,,,,,,,,,,,,,,,,,,,,,,,,,,,,,,,,,,,,Tap shows test qualification but game requires抢注
39658139,,,,,,,,,,,,,,,,,,,,,,,,,,,,,,,,,,,,,,,,,Data-heavy download before confirming play access
39658136,,,,,,,,,,,,,,,,,,,,,,,,,,,,,,,,,,,,,,,-2.0,Network error then client ‘repair’ forced a 3GB redownload,Lost registration while redownloading; uninstalled
39658133,,,,,,,,,,,,,,,,,,,,,,,,,,,,,,,,,,,,,,,,,Mismatch between issued test qualifications and available registrations
39658127,,,,,,,,,,,,,,,,,,,,,,,,,,,,,,,,,,,,,,,,,Highlights test qualification ≠ registration qualification
39658125,,,,,,,,,,,,,,,,,,,,,,,,,,,,,,,,,,,,,,,,,Frustration with test access process
39658120,,,,,,,,,,,,,,,,,,,,,,,,,,,,,,,,,,,,,,,,,Questions why not use survey/lottery for qualification; doubts server capacity
39658113,,,,,,,,,,,,,,,,,,,,,,,,,,,,,,,,,,,,,,,,,Clarifies test qualification does not equal registration qualification
39658102,,,,,,,,,,,,,,,,,,,,,,,,,,,,,,,,,,,,,,,-2.0,Long-term lockups and still cannot play after抢注,Severely frustrating access experience
39658079,,,,,,,,,,,,,,,,,,,,,,,,,,,,,,,,,,,,,-2.0,Had to clear significant storage and free ~6GB to install,-2.0,Repeated login failures then registration cap,Highly frustrating qualification/registration flow
39658070,,,Turn-based tactics with auto-battle; AI behavior is poor,-2.0,Combat feels boring and auto AI ‘plays dumb’,,,,,,,,,,,,,,,,,,,,,,,,,,,,,,,,,,-1.0,Severe initial lag that improved later,
39658068,,,,,,,,,,,,,,,,,,,,,,,,,,,,,,,,,,,,,-2.0,Consumed ~10GB data for minimal playable content,,,Only reached tutorial after heavy downloads
39658035,,,,,,,,,,,,,,,,,,,,,,,,,,,,,,,,,,,,,,,,,Voice lines out of sync with text; sometimes cut off
39658024,,,Tactical battle with only up to 2x speed,-2.0,Monotonous pacing and limited speed options make it tedious,,,,,,,,,,,,,,,,,,,,,,,,,,,,,,,,,,,,Likes art/music/theme but not gameplay
39658012,,,,,,,,,,,,,,,,,,,,,,,,,,,,,,,,,,,,,,,-1.0,Tutorial can soft-lock if gacha currency spent before guided pull,Blocking tutorial bug in gacha onboarding
39658009,,,,,,,,,,,,,,,,,,,,,,,,,,,,,,,,,,,,,,,,,Registration quota issue
39657999,,,,,,,,,,,,,,,,,,,,,,,True,Reports 180-pull pity for featured (UP) unit,-2.0,"Very expensive: ~15 RMB per pull, 180 pity; limited-time pack pricing also high",,,-2.0,High prices and high pity create heavy spending pressure,,,,,,,,,,,Notes gender ratio skew; story feels disjointed; many cards lack voice; weak function onboarding
39657988,,,,,,,,,,,,,,,,,,,,,,,,,,,,,,,,,,,,,,,,,Large pre-download and update then told registration full; perceived as odd operation
39657977,,,,,,,,,,,,,,,,,,,,,,,,,,,,,,,,,,,,,,,,,"Launch instability (crash/black screen); story unengaging; mixed voice; portrait quality issues (e.g., feet on SSR)"
39657973,,,,,,,,,,,,,,,,,,,,,,,,,,,,,,,,,,,,,,,,,Separate download and registration qualifications criticized
39657968,,,,,,,,,,,,,,,,,,,,,,,,,,,,,,,,,,,,,,,,,Open download despite lacking qualification; perceived bait
39657967,,,,,,,,,,,,,,,,,,,,,,,,,,,,,,,,,,,,,,,,,Suggests activation codes instead of Tap-based抢注; criticizes operational use of platform features
39657961,,,,,,,,,,,,,,,,,,,,,,,,,,,,,,,,,,,,,,,,,Perceives the test as ‘monkey show’ (unfair teasing of players)
39657957,,,,,,,,,,,,,,,,,,,,,,,,,,,,,,,,,,,,,,,-2.0,Persistent network errors; finally enters only to find no qualification,Access gating after technical issues
39657942,,,,,,,,,,,,,,,,,,,,,,,,,,,,,,,,,,,,,,,,,Download finished but test access still gated
39657939,,,,,,,,,,,,,,,,,,,,,,,,,,,,,,,,,,,,,,,-2.0,Network instability at launch; later shows no slots,Tap’s ‘qualification’ felt misleading
39657936,,,Fully automatic option; standard turn-based flow,0.0,"Average, similar to typical turn-based games",,,,,,,,,,,,,,,,,,,,,,,,,,,,,,,,,,,,
39657929,,,,,,,,,,,,,,,,,,,,,,,,,,,,,,,,,,,,,-1.0,Requires ~5GB download before discovering registration cap,,,Site message claimed qualification but game said full; perceived download padding
39657926,,,,0.0,Gameplay feels standard but playable,,,,,,,,,,,,,,,,,,,,,,,,,,,,,,,,,,-1.0,Servers a bit bad at launch,UI praised; indifferent to story
39657922,,,,,,,,,,,,,,,,,,,,,,,,,,,,,,,,,,,,,,,,,Perceived download bait to inflate metrics
39657921,,,,,,,,,,,,,,,,,,,,,,,,,,,,,,,,,,,,,,,,,States test should not open if cannot handle capacity; qualification yet still抢注
39657918,,,,,,,,,,,,,,,,,,,,,,,,,,,,,,,,,,,,,,,,,Calls out using players’ download data then denying test qualification
39657914,,,,,,,,,,,,,,,,,,,,,,,,,,,,,,,,,,,,,,,-2.0,"Couldn’t enter for a long time; when able, shows no qualification",Suggests continuing to voice complaints at release
39655614,,,,,,,,,,,,,,,,,,,,,,,,,,,,,,,,,,,,,,,,,First pull off-banner (‘歪’)
39657885,,,,,,,,,,,,,,,,,,,,,,,,,,,,,,,,,,,,,,,-2.0,Network errors at start; later told no registration slots,Requires抢注 after pre-download; very negative reception
39657875,,,,,,,,,,,,,,,,,,,,,,,,,,,,,,,,,,,,,,,,,Shown qualified before download; ineligible after download
39656355,,,,,,,,,,,,,,,,,,,,,,,,,,,,,,,,,,,,,,,,,Art praised; early gameplay average; reports high personal gacha luck
39657861,,,,,,,,,,,,,,,,,,,,,,,,,,,,,,,,,,,,,,,,,Says qualified; after download told registration full; perceived download bait
39657858,,,,,,,,,,,,,,,,,,,,,,,,,,,,,,,,,,,,,,,-2.0,"Couldn’t enter at 11:00; when able, registration cap reached",Frustration with access gating
39657845,,,,,,,,,,,,,,,,,,,,,,,,,,,,,,,,,,,,,,,,,Claimed qualification then told quota full after download
39657842,,,,,,,,,,,,,,,,,,,,,,,,,,,,,,,,,,,,,,,,,
39657839,,,,-1.0,Effects underwhelm; gameplay feels mediocre,,,,,,-1.0,Reports some red-rarity ultimates worse than yellow-rarity ones,,,,,,,,,,,,,,,,,,,,,,,,,,,,,Facial models inconsistent; visual effects feel dated
39657829,,,,,,,,,,,,,,,,,,,,,,,,,,,,,,,,,,,,,,,,,Baiting downloads/traffic; user feels misled.
39657827,,,,,,,,,,,,,,,,,,,,,,,,,,,,,,,,,,,,,,,,,Advertised test qualification but not allowed to enter; feels like bait download.
39657787,,,,,,,,,,,,,,,,,,,,,,,,,,,,,,,,,,,,,,,,,
39657822,,,,,,,,,,,,,,,,,,,,,,,,,,,,,,,,,,,,,,,,,Claims test qualification but login blocked due to server full/registration cap.
39657820,,,,,,,,,,,,,,,,,,,,,,,,,,,,,,,,,,,,,,,,,Getting test qualification does not equal getting a playable slot; misleading system.
39657452,,,Turn-based combat; tap inputs often unresponsive.,-1.0,Tap/clicks during turns frequently do not register.,,,,-1.0,"Newbie tasks are numerous, difficult, and time-consuming.",,,,,,,,,,,,,,,,,,,,,,,,,,,,,,,Art/modeling issues (proportions off; faces/arms look misaligned).
39657777,,,,,,,,,,,,,,,,,,,,,,,,,,,,,,,,,,,,,,,-2.0,Stuck at 100% loading; server crash; cannot enter.,Severe server instability.
39657779,,,,,,,,,,,,,,,,,,,,,,,,,,,,,,,,,,,,,-2.0,"Roughly 4 GB mobile data spent; after download/update, registration cap prevents entry.",,,Bait download despite limited registration slots.
39657772,,,,,,,,,,,,,,,,,,,,,,,,,,,,,,,,,,,,,,,,,TapTap showed qualification but game reports test full; feels like bait for downloads.
39657755,,,,,,,,,,,,,,,,,,,,,,,,,,,,,,,,,,,,,,,,,"No prior notice of slot limits; after downloading, shows full."
39657742,,,,,,,,,,,,,,,,,,,,,,,,,,,,,,,,,,,,,,,,,Baiting downloads.
39657735,,,,,,,,,,,,,,,,,,,,,,,,,,,,,,,,,,,,,,,,,Registration full yet still driving downloads; misleading.
39657297,,,,,,,,,,,,,,,,,,,,,,,,,,,,,,,,,,,,,,,,,Heavy lag/crashes and swallowed rewards; tech quality poor and falling behind competition.
39657687,,,,,,,,,,,,,,,,,,,,,,,,,,,,,,,,,,,,,,,,,Shows 'acquired test qualification' but blocked by 'registration cap reached'.
39657473,,,,,,,,,,,,,,,,,,,,,,,,,,,,,,,,,,,,,,,,,Opened download without ensuring qualification; wasted time and data; user very upset.
39657671,,,,,,,,,,,,,,,,,,,,,,,True,Approx. 70-pull pity for highest rarity with a 50/50 chance to miss the rate-up; user reports 80–90 pulls still missing target.,,,,,,,,,,,,,,,-2.0,Launch-day access issues; cannot enter.,"Notes pity behavior (70 pity, 50/50) and poor launch accessibility."
39657667,,,,,,,,,,,,,,,,,,,,,,,,,,,,,,,,,,,,,,,,,Bait download.
39657661,,,,,,,,,,,,,,,,,,,,,,,,,,,,,,,,,,,,,,,,,Requests gating downloads behind confirmed qualification; current approach feels like traffic/heat baiting.
39657653,,,Combat lacks impact/feedback; feels dull.,-2.0,No hit/impact feeling during battles.,,-2.0,User felt there was no strategy at all; unengaging.,,,,,,,,,,,,,,,,,,,,,,,,,,,,,,,,,Character models/visuals not appealing.
39657627,,,,,,,,,,,,,,,,,,,,,,,,,,,,,,,,,,,,,,,,,"After downloading, told no qualification; frustrating."
39657620,,,,,,,,,,,,,,,,,,,,,,,,,,,,,,,,,,,,,,,,,Accuses game of baiting downloads.
39657605,,,,,,,,,,,,,,,,,,,,,,,,,,,,,,,,,,,,,,,,,Questions the legitimacy and process of test qualification distribution.
39657597,,,,,,,,,,,,,,,,,,,,,,,,,,,,,,,,,,,,,,,,,Bait download; negative rating.
39657590,,,,,,,,,,,,,,,,,,,,,,,,,,,,,,,,,,,,,,,,,Granted qualification and downloaded but cannot play; wasted time and emotion.
39657583,,,,,,,,,,,,,,,,,,,,,,,True,Gacha follows a Genshin-like pity/50-50 system.,,,,,,,,,,,,,,,-2.0,Loading stuck at 100%; server issues unresolved.,Qualification also required separate registration; server instability.
39657579,,,,,,,,,,,,,,,,,,,,,,,,,,,,,,,,,,,,,,,,,Got qualification but told downloads/slots are full.
39657553,,,,-2.0,Gameplay described as boring.,,,,,,,,,,,,,,,,,,,,,,,,,,,,,,,,,,,,Server quality criticized as very poor.
39657552,,,,,,,,,,,,,,,,,,,,,,,,,,,,,,,,,,,,,,,,,Asks to stop baiting downloads; frustration with TapTap usage.
39657545,,,,,,,,,,,,,,,,,,,,,,,,,,,,,,,,,,,,,,,,,Bait download; poor operations/management.
39657536,,,,,,,,,,,,,,,,,,,,,,,,,,,,,,,,,,,,,,,,,Bait download; wasted data; immediate uninstall.
39657533,,,,,,,,,,,,,,,,,,,,,,,,,,,,,,,,,,,,,,,,,Feels like a fishing/baiting operation.
39657530,,,,,,,,,,,,,,,,,,,,,,,,,,,,,,,,,,,,,,,,,Pre-downloaded after getting qualification; later blocked by registration cap; 'qualification' still required separate registration.
39657528,,,,,,,,,,,,,,,,,,,,,,,,,,,,,,,,,,,,,,,,,Download qualification is not the same as registration qualification.
39657522,,,,,,,,,,,,,,,,,,,,,,,,,,,,,,,,,,,,,,,,,Qualification appears 'swallowed' and not recognized.
39657513,,,,,,,,,,,,,,,,,,,,,,,,,,,,,,,,,,,,,,,,,"Network instability; various narrative/UI polish concerns (unclear prompts, unnatural lines); limited character greeting lines."
39657503,,,,,,,,,,,,,,,,,,,,,,,,,,,,,,,,,,,,,,,,,Got test qualification and downloaded; then told registration reached cap.
39657488,,,,,,,,,,,,,,,,,,,,,,,,,,,,,,,,,,,,,,,,,Wasted data and time; suspects low-quality reskin relying on tricks.
39657487,,,,,,,,,,,,,,,,,,,,,,,,,,,,,,,,,,,,,,,,,Still advertising downloads despite no test slots; seen as deceptive.
39657477,,,,,,,,,,,,,,,,,,,,,,,,,,,,,,,,,,,,,,,,,Accuses devs of wordplay and blaming 'display errors'; calls game low quality.
39657475,,,,,,,,,,,,,,,,,,,,,,,,,,,,,,,,,,,,,,,,,"After giving qualification, app shows registration full; later messaging reframed as 'first-come registration'."
39657472,,,,,,,,,,,,,,,,,,,,,,,,,,,,,,,,,,,,,,,-2.0,"Initial entry attempt OK, then subsequent logins fail; cannot get back in.",Stability issues despite having qualification.
39657471,,,,,,,,,,,,,,,,,,,,,,,,,,,,,,,,,,,,,,,,,
39657467,,,,,,,,,,,,,,,,,,,,,,,,,,,,,,,,,,,,,,,,,Bait-and-switch: downloaded but not allowed to play.
39657460,,,,,,,,,,,,,,,,,,,,,,,,,,,,,,,,,,,,,,,-2.0,Stuck on loading; cannot proceed.,Mentions gacha luck felt good.
39657406,,,,,,,,,,,,,,,,,,,,,,,,,,,,,,,,,,,,,,,,,Shows test qualification but then says registration cap; wasted 4+ GB; vows to skip launch.
39657443,,,,,,,,,,,,,,,,,,,,,,,,,,,,,,,,,,,,,,,,,Shown as qualified yet cannot enter; wasted time downloading.
39657436,,,,,,,,,,,,,,,,,,,,,,,,,,,,,,,,,,,,,,,,,Slot cap message is frustrating though user remains cautiously optimistic.
39657435,,,,,,,,,,,,,,,,,,,,,,,,,,,,,,,,,,,,,,,,,Network errors at opening time; later shows registration full.
39657428,,,,,,,,,,,,,,,,,,,,,,,,,,,,,,,,,,,,,,,,,Bait download accusation.
39657422,,,,,,,,,,,,,,,,,,,,,,,,,,,,,,,,,,,,,,,,,Baiting downloads/traffic.
39657418,,,,,,,,,,,,,,,,,,,,,,,,,,,,,,,,,,,,,,,,,Registered early yet told no slots; feels deceived.
39657414,,,,,,,,,,,,,,,,,,,,,,,,,,,,,,,,,,,,,,,,,Long-term anticipation wasted; disappointment.
39657408,,,,,,,,,,,,,,,,,,,,,,,True,Reports 70 soft pity and 180 hard pity; dual limited banners; 50/50 style; 'constellation/shard' system requiring multiple dupes.,,,,,-2.0,Constellation/shard system increases stats with dupes; whales can brute force content.,-2.0,Only about 20 pulls granted in test despite issues.,,,,,,,-2.0,Server crashes and stutter even in limited test; story segments also lag.,Very negative view of progression/payment meta and launch stability.
39657397,,,,,,,,,,,,,,,,,,,,,,,,,,,,,,,,,,,,,,,,,Tried to log in at the open; server crash and no qualification; frustration.
39657396,,,,,,,,,,,,,,,,,,,,,,,,,,,,,,,,,,,,,,,,,Played earlier tests; after long time only UI changed; overall still poor.
39657394,,,,,,,,,,,,,,,,,,,,,,,,,,,,,,,,,,,,,,,,,"At open time app was laggy; when it worked, showed slots full."
39657390,,,,,,,,,,,,,,,,,,,,,,,,,,,,,,,,,,,,,,,,,Launch-day server crash; gave test qualification but blocked by cap; feels malicious.
39657378,,,,,,,,,,,,,,,,,,,,,,,,,,,,,,,,,,,,,,,,,Test qualification is not equivalent to registration; wasted download time.
39657367,,,,,,,,,,,,,,,,,,,,,,,,,,,,,,,,,,,,,,,,,Wasted mobile data; angry.
39657365,,,,,,,,,,,,,,,,,,,,,,,,,,,,,,,,,,,,,,,,,Complains about wasted data costs.
39657356,,,,,,,,,,,,,,,,,,,,,,,,,,,,,,,,,,,,,,,,,Questions TapTap's 'test qualification' as misleading.
39657332,,,"Turn-based tactics; presentation is weak (basic hits, minimal impact).",-1.0,Battle visuals/UI feel like a mini-game; mismatch with fancy intro.,,0.0,"Some tactical playability exists, but overall feels half-finished.",,,,,,,,,,,,,,,,,,,,,,,,,,,,,,,,,Server crash; store/asset/UI visuals resemble low-quality mini-games.
39657326,,,Turn-based tactics (war chess).,,,,,,,,,,,,,,,,,,,,,,,,,,,,,,,,,,,,,,
39657325,,,,,,,,,,,,,,,,,,,,,,,,,,,,,,,,,,,,,,,,,UI too ornate and cluttered; difficult to navigate.
39657319,,,,,,,,,,,,,,,,,,,,,,,,,,,,,,,,,,,,,,,,,Couldn't enter at 11:00; later hit slot cap; requires both download and registration grabs; server crash.
39657318,,,,,,,,,,,,,,,,,,,,,,,,,,,,,,,,,,,,,,,,,Warns others not to play; calls operations trash; claims it wastes data and money.
39657316,,,War chess/tactics; feels cumbersome and boring.,-2.0,Tactical gameplay perceived as tedious and dull.,,,,,,,,,,,,,,,,,,,,,,,,,,,,,,,,,,,,Network issues; art/portraits not appealing.
39657315,,,,,,,,,,,,,,,,,,,,,,,,,,,,,,,,,,,,,,,,,Given test qualification but still forced to re-grab slots; very off-putting.
39657287,,,,,,,,,,,,,,,,,,,,,,,,,,,,,,,,,,,,,,,,,Tutorial frequently freezes; must relaunch.
39657309,,,,,,,,,,,,,,,,,,,,,,,True,Genshin-like system with six dupes ('constellations') needed for full power.,,,,,-2.0,"Requires multiple dupes (six) to maximize characters, driving spending pressure.",,,,,,,,,,,Character naming/theme feel awkward and inconsistent with guofeng positioning.
39657298,,,,,,,,,,,,,,,,,,,,,,,,,,,,,,,,,,,,,-1.0,Roughly 3 GB download wasted due to registration cap.,,,Test qualification still required separate registration; many users trapped by this.
39657292,,,,,,,-1.0,AI system criticized as poor; undermines tactical depth.,-1.0,Challenge rewards are hard to obtain.,,,,,,,,,,,,,,,,,,,,,,,,,,,,,,,Visuals acceptable but AI is weak.
39657282,,,"War chess gameplay, simpler than typical titles.",,,,-1.0,Simplified tactics; better suited as a casual game.,,,,,,,,,,,,,,,,,,,,,,,,,,,,,,,,,UI is confusing with poor information hierarchy; hard to find buttons.
39655634,,,,,,,,,-2.0,Progress blocked (cannot pass 1-2) with repeated instability.,,,,,,,,,,,,,,,,,,,,,,,,,,,,,,,Feels odd to play; waiting for optimization.
39657269,,,,,,,,,,,,,,,,,,,,,,,,,,,,,,,,,,,,,,,,,
39657254,,,Must move first then select attack/skill; each battle consumes several minutes.,-1.0,Combat pace is slow per encounter.,,,,,,,,,,,,,,,,,,,,,,,,,,,,,,,,,,-2.0,Network instability; victories counted as losses and had to redo.,
39657251,,,,,,,,,,,,,,,,,,,,,,,,,,,,,,,,,,,,,,,,,Had to grab 'download qualification' and then faced registration cap; dislikes big-head chibi art.
39657249,,,,,,,,,,,,,,,,,,,,,,,,,,,,,,,,,,,,,,,,,Awaiting compensation before adjusting rating.
39657236,,,,,,,,,,,,,,,,,,,,,,,,,,,,,,,,,,,,,,,,,Recharge/payment cannot be processed.
39657232,,,,,,,,,,,,,,,,,,,,,,,,,,,,,,,,,,,,,,,,,Bait download.
39657230,,,,,,,,,,,,,,,,,,,,,,,,,,,,,,,,,,,,,,,,,Has 'qualification' but no actual slot; feels like a trick.
39657224,,,,,,,,,,,,,,,,,,,,,,,,,,,,,,,,,,,,,,,,,"Won qualification but had to pre-register; within ten minutes, slots were gone."
39657216,,,,,,,,,,,,,,,,,,,,,,,,,,,,,,,,,,,,,,,,,Messaged about test qualification yet required first-come registration; feels like bait.
39657215,,,,,,,,,,,,,,,,,,,,,,,,,,,,,,,,,,,,,,,,,Gave qualification but didn't allow play; chasing download metrics.
39657213,,,,,,,,,,,,,,,,,,,,,,,,,,,,,,,,,,,,,,,,,Claims the game 'ate' test qualification; bait download.
39657209,,,,,,,,,,,,,,,,,,,,,,,,,,,,,,,,,,,,,,,,,"Said qualification was given, but after download, registration not possible; inflating download numbers."
39657205,,,,,,,,,,,,,,,,,,,,,,,,,,,,,,,,,,,,,-2.0,About 4 GB download wasted due to slot limits despite pre-download.,,,Over-issued test qualifications; many cannot play.
39657203,,,,,,,,,,,,,,,,,,,,,,,,,,,,,,,,,,,,,,,,,Late-night qualification notice wasn't equal to registration; had to camp to secure entry.
39656229,,,,,,,,,,,,,,,,,,,,,,,,,,,,,,,,,,,,,,,,,Obtained qualification yet still capped; also accuses devs of using shills.
39657199,,,,,,,,,,,,,,,,,,,,,,,,,,,,,,,,,,,,,,,,,Qualification to download but must grab registration; sarcastically suggests selling registrations.
39657198,,,,,,,,,,,,,,,,,,,,,,,,,,,,,,,,,,,,,,,,,Confused about what 'qualification' actually grants.
39657197,,,,,,,,,,,,,,,,,,,,,,,,,,,,,,,,,,,,,,,,,Criticizes spending on marketing instead of operations.
39657194,,,,,,,,,,,,,,,,,,,,,,,,,,,,,,,,,,,,,,,-2.0,"At open, network unstable for a long time; later showed registration cap; compensation unreachable.",Very poor first-time experience; wasted ~3 GB data.
39657187,,,,,,,,,,,,,,,,,,,,,,,,,,,,,,,,,,,,,-2.0,"Large multi-GB update; after downloading, server said test slots were full",,,Server capacity full despite test qualification; cannot enter
39656666,,,,,,,,,,,,,,,,,,,,,,,True,Early/novice draw guarantees at least an SR,,,,,,,1.0,Received compensation of about 21 pulls,,,,,,,,,Old-fashioned tutorial; gameplay/art only slightly above average
39657183,,,,,,,,,,,,,,,,,,,,,,,,,,,,,,,,,,,,,-2.0,"Downloaded many GB for test, then told to race at server open; slots full",,,Misleading test qualification; wasted time/data
39657180,,,,,,,,,,,,,,,,,,,,,,,,,,,,,,,,,,,,,,,,,Had to race for slots; predownload; server crashed at open; network errors; failed to get in
39657175,,,,,,,,,,,,,,,,,,,,,,,,,,,,,,,,,,,,,,,,,Frustration with test-qualification handling
39657173,,,,,,,,,,,,,,,,,,,,,,,,,,,,,,,,,,,,,,,,,Shown as qualified but after download cannot enter
39657160,,,,-2.0,Calls main story boring and core gameplay dull,,,,,,,,,,,,,,,,,,,,,,,,,,,,,,,,,,,,Suggests playing another game instead
39657154,,,,,,,,,,,,,,,,,,,,,,,,,,,,,,,,,,,,,,,,,Accuses the game of inflating download count
39655825,,,,,,,,,,,,,,,,,,,,,,,,,,,,,,,,,,,,,,,,,Server instability; progress stuck at 100%; race-to-register testing; complains about servers and rating jumps
39657152,,,,,,,,,,,,,,,,,,,,,,,,,,,,,,,,,,,,,,,,,"Given qualification and forced to download, then told no access"
39657148,,,,,,,,,,,,,,,,,,,,,,,,,,,,,,,,,,,,,,,,,Can download but cannot play
39657140,,,,,,,,,-2.0,Tutorial flow bugged; guided gacha lacked tickets and soft-locked at 150 exchange,,,,,,,,,,,,,,,,,,,,,,,,,,,,,,,Onboarding/gacha flow can soft-lock
39657133,,,,,,,,,,,,,,,,,,,,,,,,,,,,,,,,,,,,,,,,,Inconsistent/Schrödinger's qualification
39657132,,,,,,,,,,,,,,,,,,,,,,,,,,,,,,,,,,,,,,,,,Shown qualified yesterday but told full at launch; wasted data on update
39657124,,,"Turn-based, grid-based tactics ('battle chess')",-2.0,Derides the tactical combat and chibi style; leaves negative impression,,,,,,,,,,,,,,,,,,,,,,,,,,,,,,,,,,,,
39657122,,,,,,,,,,,,,,,,,,,,,,,,,,,,,,,,,,,,,,,,,Downloaded but cannot play; doubts about live service quality at launch
39657110,,,,,,,,,,,,,,,,,,,,,,,,,,,,,,,,,,,,,,,-2.0,Severe stutter/freeze; stuck at 100% loading; couldn't get in,
39657109,,,,,,,,,,,,,,,,,,,,,,,,,,,,,,,,,,,,,,,,,Claims testing is a lie
39657107,,,,-2.0,Says gameplay is boring,,,,,,,,,,,,,,,,,,,,,,,,,,,,,,,,,,-2.0,"Server crash, persistent network errors, heavy lag, black screens; forced to redo tutorial",Unstable network and frequent black screens; poor onboarding loop
39657088,,,,,,,,,,,,,,,,,,,,,,,,,,,,,,,,,,,,,,,,,Only got install qualification; left a 1-star out of frustration
39657080,,,,,,,,,,,,,,,,,,,,,,,,,,,,,,,,,,,,,,,,,Install qualification only; in-game says slots full
39657071,,,,,,,,,,,,,,,,,,,,,,,,,,,,,,,,,,,,,,,,,Yesterday showed qualified; today cannot play
39657069,,,,,,,,,,,,,,,,,,,,,,,,,,,,,,,,,,,,,,,,,Download does not mean qualified; deceptive
39657067,,,,,,,,,,,,,,,,,,,,,,,,,,,,,,,,,,,,,,,,,Says games keep crashing servers during tests
39657061,,,,,,,,,,,,,,,,,,,,,,,,,,,,,,,,,,,,,,,,,Performance stutter; tapping dialogue stops voice and auto; server crash in test
39657055,,,,,,,,,,,,,,,,,,,,,,,,,,,,,,,,,,,,,,,,,Got qualification notification; on login told test full
39657051,,,,,,,,,,,,,,,,,,,,,,,,,,,,,,,,,,,,,,,,,Limited test; server crashed at start; wasted mobile data; did not get test access
39657048,,,,,,,,,-2.0,"After gacha during tutorial, stuck on the draw page and cannot proceed",,,,,,,,,,,,,,,,,,,,,,,,,,,,,,,Soft-locked during tutorial gacha
39657047,,,,,,,,,,,,,,,,,,,,,,,,,,,,,,,,,,,,,,,,,Install qualification does not equal test qualification
39657041,,,,,,,,,,,,,,,,,,,,,,,,,,,,,,,,,,,,,,,,,Downloaded a long time but denied entry
39657030,,,,,,,,,,,,,,,,,,,,,,,,,,,,,,,,,,,,,,,,,Finished download then told cannot play
39657029,,,,,,,,,,,,,,,,,,,,,,,,,,,,,,,,,,,,,,,,,Accuses of download farming; after download says player cap reached
39657028,,,,,,,,,,,,,,,,,,,,,,,,,,,,,,,-2.0,Test gives very few summons; no newbie banner; only limited banners; 20–30 pulls yielded nothing,,,,,,,,,Story cannot be sped up; tapping to show all lines cuts voice with no replay; severe stutter/black screens; test qualification issue
39657012,,,,,,,,,,,,,,,,,,,,,,,,,,,,,,,,,,,,,,,,,Operations poor; opening reminiscent of another game's troubled launch; criticizes monetization-first approach
39657009,,,,,,,,,,,,,,,,,,,,,,,,,,,,,,,,,,,,,,,,,Claims they had qualification but could not get in
39656995,,,,,,,,,,,,,,,,,,,,,,,,,,,,,,,,,,,,,,,,,"Aside from qualification and initial lag issues, praises in-level story, audio, and visuals"
39656975,,,,,,,,,,,,,,,,,,,,,,,,,,,,,,,,,,,,,,,,,Downloaded but cannot register
39656974,,,,,,,,,,,,,,,,,,,,,,,,,,,,,,,,,,,,,-2.0,Over 3 GB of data downloaded before being told no qualification,,,Late gating of test access after large download
39656967,,,,,,,,,,,,,,,,,,,,,,,,,,,,,,,,,,,,,,,,,Able to download but not play
39656965,,,,,,,,,,,,,,,,,,,,,,,,,,,,,,,,,,,,,,,,,TapTap showed qualified; entering game froze
39656963,,,,,,,,,,,,,,,,,,,,,,,,,,,,,,,,,,,,,,,,,Accuses of inflating download count; double-qualification requirement
39656944,,,,,,,,,,,,,,,,,,,,,,,,,,,,,,,,,,,,,,,,,Accuses of download bait
39656938,,,,,,,,,,,,,,,,,,,,,,,,,,,,,,,,,,,,,,,,,Separate download and registration qualifications; player feels like a clown
39656937,,,,,,,,,,,,,,,,,,,,,,,,,,,,,,,,,,,,,-2.0,Spent several GB downloading/updating then told capacity full,,,Questions meaning of earlier test qualification
39656924,,,,,,,,,,,,,,,,,,,,,,,,,,,,,,,,,,,,,,,,,Had qualification but still had to race for test slots; frustration
39656923,,,,,,,,,,,,,,,,,,,,,,,,,,,,,,,,,,,,,,,,,Accuses of download bait; told registration full after using mobile data
39656921,,,Classic grid-based turn-based tactics,,,Currently lacks standout mechanics; suggestion to add unique attributes/knockdown-like systems,-1.0,Feels standard without unique tactical systems,,,,,,,,,,,,,,,,,,,,,,,,,,,,,,,-2.0,"Frequent network errors, long loading, and connection error overlay blocking subtitles",Strong cultural theme with Chinese dialect voice acting praised; optimization/network issues hinder experience
39656918,,,,,,,,,,,,,,,,,,,,,,,,,,,,,,,,,,,,,,,,,Got qualification but registration filled within five minutes
39656915,,,,,,,,,,,,,,,,,,,,,,,,,,,,,,,,,,,,,,,,,Complains about test-qualification handling and poor attitude
39656914,,,,,,,,,,,,,,,,,,,,,,,,,,,,,,,,,,,,,,,,,Downloaded after getting qualification; at login told test full; time wasted
39656912,,,,,,,,,,,,,,,,,,,,,,,,,,,,,,,,,,,,,,,,,Having test qualification does not guarantee access
39656910,,,,,,,,,,,,,,,,,,,,,,,,,,,,,,,,,,,,,,,,,Couldn't enter at start; later told slot cap reached; had to keep tapping to try to get in
39656905,,,,,,,,,,,,,,,,,,,,,,,,,,,,,,,,,,,,,-2.0,"After initial downloads, forced to redownload about 3 GB at start time on mobile data",-2.0,Network errors followed by an additional 3 GB resource download,"After updating, told registration full; extreme frustration"
39656904,,,,,,,,,,,,,,,,,,,,,,,,,,,,,,,,,,,,,,,,,Missed registration while in class; asks about public test timing
39656900,,,,,,,,,,,,,,,,,,,,,,,,,,,,,,,,,,,,,,,,,Cannot enter; suspects they're just testing download count
39656896,,,,,,,,,,,,,,,,,,,,,,,,,,,,,,,,,,,,,,,,,
39656742,,,,,,,,,,,,,,,,,,,,,,,,,,,,,,,,,,,,,-2.0,Had to download about 3 GB before discovering slots must be raced for,,,Says announcement insufficient; people can still download without a slot; accuses of scheming for downloads
39656841,,,,,,,,,,,,,,,,,,,,,,,,,,,,,,,,,,,,,,,,,Could only play about eight minutes
39656873,,,,,,,,,,,,,,,,,,,,,,,,,,,,,,,,,,,,,,,,,Disappointing start; will watch for improvements
39656870,,,,-2.0,Calls it an unoriginal reskin and boring,,,,,,,,,,,,,,,,,,,,,,,,,,,,,,,,,,,,
39656860,,,,,,,,,,,,,,,,,,,,,,,,,-2.0,Single pull costs 150; dailies give no currency; weeklies only 50,,,-2.0,High pull cost with meager income increases spending pressure,-2.0,"Very low free premium currency (0 daily, 50 weekly)",,,,,,,,,
39656853,,,,,,,,,,,,,,,,,,,,,,,,,,,,,,,,,,,,,,,,,Registration race for test; server crash; theme is promising; will wait for public test
39656848,,,,,,,,,,,,,,,,,,,,,,,,,,,,,,,,,,,,,-2.0,Pre-download several GB; at open another large download; then told registration cap reached,-2.0,Multiple large resource downloads around launch,Complains about long pre-registration hype and being toyed with
39656831,,,,,,,,,,,,,,,,,,,,,,,,,,,,,,,,,,,,,,,,,Test slots were gone within an hour
39656828,,,,,,,,,,,,,,,,,,,,,,,,,,,,,,,,,,,,,,,,,Downloaded but cannot register; suggests blocking downloads for those without slots
39656825,,,,,,,,,,,,,,,,,,,,,,,,,,,,,,,,,,,,,,,,,Dual test qualifications required
39656821,,,,,,,,,,,,,,,,,,,,,,,,,,,,,,,,,,,,,,,,,States that having test qualification doesn't mean you can test
39656811,,,,,,,,,,,,,,,,,,,,,,,,,,,,,,,,,,,,,,,,,Accuses of download baiting; even with qualification couldn't register; performance very laggy
39656806,,,,,,,,,,,,,,,,,,,,,,,,,,,,,,,,,,,,,,,,,Persistent network lag; then suddenly told registration cap reached; already lagging minutes after open
39656803,,,,,,,,,,,,,,,,,,,,,,,,,,,,,,,,,,,,,,,,,Download showed qualification; on entry says no qualification
39656801,,,,,,,,,,,,,,,,,,,,,,,,,,,,,,,,,,,,,,,,,Sarcastically: 'so fun that they don't let you play'
39656800,,,,,,,,,,,,,,,,,,,,,,,,,,,,,,,,,,,,,,,,,Slots too few; gone in under half an hour
39656789,,,,,,,,,,,,,,,,,,,,,,,,,,,,,,,,,,,,,,,,,Art inconsistent; lacks standout style; SSR rarity not visually distinguished
39656785,,,,,,,,,,,,,,,,,,,,,,,,,,,,,,,,,,,,,,,,,Seems good but cannot enter
39655730,,,,,,,,,,,,,,,,,,,,,,,,,,,,,,,,,,,,,,,,,Couldn't get into test; uninstalled; predicts failure
39656782,,,,,,,,,,,,,,,,,,,,,,,,,,,,,,,,,,,,,,,,,Summary: download bait
39656775,,,,,,,,,,,,,,,,,,,,,,,,,,,,,,,,,,,,,,,,,Missed slot due to player cap; server likely insufficient; jokes about related merch
39656773,,,,,,,,,,,,,,,,,,,,,,,,,,,,,,,,,,,,,,,,,"Qualification only allows download, not play; suggests shutting test down early"
39656772,,,,,,,,,,,,,,,,,,,,,,,,,,,,,,,,,,,,,,,,,Likes art/theme but complains the newbie pool consumed ten pulls without value
39656770,,,,,,,,,,,,,,,,,,,,,,,,,,,,,,,,,,,,,,,,,Download finished but still had to scramble for slots
39656767,,,,,,,,,,,,,,,,,,,,,,,,,,,,,,,,,,,,,,,,,Had qualification but blocked by network errors until registration filled
39656755,,,,,,,,,,,,,,,,,,,,,,,,,,,,,,,,,,,,,,,,,Got qualification but still cannot enter
39656612,,,,,,,,,,,,,,,,,,,,,,,,,,,,,,,,,,,,,,,,,Cannot play; always network error or registration full
39656325,,,,-2.0,Reports winning a battle but being marked as failed,,,,,,,,,,,,,,,,,,,,,,,,,,,,,,,,,,,,Newbie banner promised 40 pulls but only allowed one 10-pull
39656746,,,,,,,,,,,,,,,,,,,,,,,,,,,,,,,,,,,,,,,,,Demands compensation for wasted mobile data
39656743,,,,,,,,,,,,,,,,,,,,,,,,,,,,,,,,,,,,,,,,,Download bait; only those watching announcements could avoid; will revisit at public launch
39656739,,,,,,,,,,,,,,,,,,,,,,,,,,,,,,,,,,,,,,,,,Felt deceived; wasted data; cannot enter; must have registration qualification
39655678,,,,,,,,,,,,,,,,,,,,,,,,,,,,,,,,,,,,,,,,,Music/art okay; everything else poor
39656732,,,,,,,,,,,,,,,,,,,,,,,,,,,,,,,,,,,,,,,,,At 11:00 network errors; later told slots gone; dev said qualification message was a bug; wasted time/data
39656731,,,,,,,,,,,,,,,,,,,,,,,,,,,,,,,,,,,,,,,,,"Given qualification, then next day had to compete for slots again"
39656717,,,,,,,,,,,,,,,,,,,,,,,,,,,,,,,,,,,,,,,,,Says downloads bloat storage to feed download stats; mocks 'contact CS to download' messaging
39656712,,,,,,,,,,,,,,,,,,,,,,,,,,,,,,,,,,,,,,,-2.0,Severe stutter; resources can fail to load,Performance instability
39656704,,,,,,,,,,,,,,,,,,,,,,,,,,,,,,,,,,,,,,,,,"Got qualification, used mobile data to download, saw network fluctuations, then 'registration full'"
39656702,,,,,,,,,,,,,,,,,,,,,,,,,,,,,,,,,,,,,,,,,Server/network poor; frequent black screens
39656701,,,,,,,,,,,,,,,,,,,,,,,,,,,,,,,,,,,,,,,,,Server is very poor/unstable.
39656693,,,,,,,,,,,,,,,,,,,,,,,,,,,,,,,,,,,,,,,,,Network seemed fine but game reported registration full; cannot play despite test access.
39656694,,,,,,,,,,,,,,,,,,,,,,,,,,,,,,,,,,,,,,,,,"After downloading, still need to grab an activation/registration slot."
39656692,,,,,,,,,,,,,,,,,,,,,,,,,,,,,,,,,,,,,,,,,Got test access only to download; in-game shows registration full—feels like download-count bait.
39656682,,,,,,,,,,,,,,,,,,,,,,,,,,,,,,,,,,,,,-2.0,Large additional downloads (3GB+ then another ~2GB) on mobile data.,-2.0,Repeated resource downloads after restart but still cannot enter; server access failures.,Waited at launch; constant connection issues; wasted mobile data.
39656679,,,,,,,,,,,,,,,,,,,,,,,,,,,,,,,,,,,,,,,,,Server crash at launch; stuck before name registration.
39656676,,,,,,,,,,,,,,,,,,,,,,,,,,,,,,,,,,,,,,,,,Issued 'qualification' but blocked play; feels like download-bait.
39656670,,,,,,,,,,,,,,,,,,,,,,,,,,,,,,,,,,,,,,,,,
39656669,,,,,,,,,,,,,,,,,,,,,,,,,,,,,,,,,,,,,,,,,Had qualification but game says registration slots are full.
39656667,,,,,,,,,,,,,,,,,,,,,,,,,,,,,,,,,,,,,,,,,Server exploded at 11:00; by 11:02 registration already full.
39656653,,,,,,,,,,,,,,,,,,,,,,,,,,,,,,,,,,,,,-2.0,Requires downloading ~3GB data pack before knowing if you can actually register/play.,,,Repeated 'qualification' confusion; similar issue reportedly happened in a prior test.
39656650,,,,,,,,,,,,,,,,,,,,,,,,,,,,,,,,,,,,,,,,,Accused of inflating download numbers.
39656643,,,,,,,,,,,,,,,,,,,,,,,,,,,,,,,,,,,,,,,,,"After server crash, registration becomes unavailable."
39656640,,,,,,,,,,,,,,,,,,,,,,,,,,,,,,,,,,,,,,,,,Promotion continues while game reports registration full; suspects opaque operations.
39655584,,,,-2.0,Severe stuttering; scene reloads; character cannot move.,,,,,,,,,,,,,,,,,,,,,,,,,,,,,,,,,,,,"Performance issues (frequent reloads, stuck character)."
39656630,,,,,,,,,,,,,,,,,,,,,,,,,,,,,,,,,,,,,,,,,Wasted data; made players download but cannot play.
39656629,,,,,,,,,,,,,,,,,,,,,,,,,,,,,,,,,,,,,,,-2.0,Had to download full resources twice; frequent crashes; gacha page unusable.,Severe lag; tutorial crashes; gacha cannot be opened.
39656620,,,,,,,,,,,,,,,,,,,,,,,,,,,,,,,,,,,,,,,,,TapTap 'test qualification' only allowed download; actual account registration blocked.
39656613,,,,,,,,,,,,,,,,,,,,,,,,,,,,,,,,,,,,,,,,,Frustration with the testing/registration setup.
39656602,,,,,,,,,,,,,,,,,,,,,,,,,,,,,,,,,,,,,,,,,Granted test qualification but game says no access; wasted download.
39656596,,,,,,,,,,,,,,,,,,,,,,,,,,,,,,,,,,,,,,,,,Accuses the game of baiting downloads.
39655726,,,,,,,,,,,,,,,,,,,,,,,,,,,,,,,,,,,,,,,,,"Art, characters, and dialect VO are good; servers unstable; black screen mid-story forces replay; fast-forward tap cuts off voice lines."
39656589,,,,,,,,,,,,,,,,,,,,,,,,,,,,,,,,,,,,,,,,,Unstable at open; later shows no qualification; suggests restricting downloads to confirmed testers.
39656586,,,,,,,,,,,,,,,,,,,,,,,,,,,,,,,,,,,,,,,,,States 'having test qualification ≠ being able to play'.
39656585,,,,,,,,,,,,,,,,,,,,,,,,,,,,,,,,,,,,,,,,,Calls it a scam and quits.
39656519,,,,,,,,,,,,,,,,,,,,,,,,,,,,,,,,,,,,,,,,,Limited test still lets unqualified users download; same issue in prior test; blames shifted to TapTap.
39656568,,,,,,,,,,,,,,,,,,,,,,,,,,,,,,,,,,,,,,,,,Pre-download test; server crash; 60k slots gone quickly; implies unfair registration rush.
39656563,,,,,,,,,,,,,,,,,,,,,,,,,,,,,,,,,,,,,,,,,Server exploded at 11:00; then shows registration capacity full.
39656124,,,,-1.0,Gameplay feels okay but heavy lag; 25 pulls yielded one SSR (off-banner).,,,,,,,,,,,,,,,,,,,,,,,,,,,,,,,,,,,,Frequent loading/spinning; overall laggy.
39656556,,,,,,,,,,,,,,,,,,,,,,,,,,,,,,,,,,,,,,,,,Had qualification and pre-updated; server crashed; afterward shows registration full.
39656550,,,,,,,,,,,,,,,,,,,,,,,,,,,,,,,,,,,,,,,,,Registration full—pointless to test.
39656551,,,,,,,,,,,,,,,,,,,,,,,,,,,,,,,,,,,,,,,,,Launch-time network errors; later says registration full; very poor first experience.
39656549,,,,-1.0,Gameplay feels very ordinary; story pacing is draggy and unoriginal; character models not refined.,,,,,,,,,,,,,,,,,,,,,,,,,,,,,,,,,,,,Wasted the 'antiquities' theme with mediocre story and visuals.
39656547,,,,,,,,,,,,,,,,,,,,,,,,,,,,,,,,,,,,,,,,,"Art, UI, and music praised but severe lag with constant reconnects."
39656539,,,,,,,,,,,,,,,,,,,,,,,,,,,,,,,,,,,,,,,,,Downloaded then told registration is full.
39656081,,,,-2.0,Battle victory incorrectly shows defeat; heavy loading after each action; gacha bug swallowed one of two SSRs from a 10-pull.,,,,,,,,,,,,,,,,,,,,,,,,,,,,,,,,,,,,Serious bugs (wrong battle result; gacha reward lost).
39656535,,,,,,,,,,,,,,,,,,,,,,,,,,,,,,,,,,,,,,,,,"Even with qualification, cannot get in due to congestion."
39656525,,,,,,,,,,,,,,,,,,,,,,,,,,,,,,,,,,,,,,,,,Feels like being strung along.
39656524,,,,,,,,,,,,,,,,,,,,,,,,,,,,,,,,,,,,,-2.0,In-game repair triggered another ~3GB download.,-2.0,"After repair download, immediately hit registration cap.",Network unstable; registration cap reached mid-troubleshooting.
39656523,,,,,,,,,,,,,,,,,,,,,,,,,,,,,,,,,,,,,,,,,Has qualification but still not allowed to play; first negative review.
39656518,,,,,,,,,,,,,,,,,,,,,,,,,,,,,,,,,,,,,,,,,Qualification rules unclear; feels full of tricks.
39656515,,,,,,,,,,,,,,,,,,,,,,,,,,,,,,,,,,,,,,,,,"If servers are weak, don't force in-game registration race; could handle via TapTap instead."
39656514,,,,,,,,,,,,,,,,,,,,,,,,,,,,,,,,,,,,,,,,,"If you can't handle the test, don't run it."
39656511,,,,,,,,,,,,,,,,,,,,,,,,,,,,,,,,,,,,,,,,,Obtained qualification but registration cap reached.
39656481,,,,,,,,,,,,,,,,,,,,,,,,,,,,,,,,,,,,,,,,,Server crash; quits the game.
39656508,,,,,,,,,,,,,,,,,,,,,,,,,,,,,,,,,,,,,,,,,"Has qualification, but capacity full."
39656507,,,,,,,,,,,,,,,,,,,,,,,,,,,,,,,,,,,,,,,,,TapTap 'qualification' still requires an in-game registration rush.
39656198,,,,,,,,,,,,,,,,,,,,,,,,,,,,,,,,,,,,,,,,,Server meltdown; couldn't grab a slot; asks for an official response.
39656505,,,,,,,,,,,,,,,,,,,,,,,,,,,,,,,,,,,,,,,,,Owns test qualification but registration is full.
39656500,,,,,,,,,,,,,,,,,,,,,,,,,,,,,,,,,,,,,,,,,Don't run the test if you can't manage it.
39656498,,,,,,,,,,,,,,,,,,,,,,,,,,,,,,,,,,,,,,,,,Feels toyed with; time wasted.
39656493,,,,,,,,,,,,,,,,,,,,,,,,,,,,,,,,,,,,,,,,,Awarded test qualification; within 22 minutes shows full; heavy lag; limited slots not disclosed upfront; suspects hype farming.
39656490,,,,,,,,,,,,,,,,,,,,,,,,,,,,,,,,,,,,,,,,,"After downloading, told it's capped; test wasted time."
39656482,,,,,,,,,,,,,,,,,,,,,,,,,,,,,,,,,,,,,,,,,Feels like being toyed with.
39656478,,,,,,,,,,,,,,,,,,,,,,,,,,,,,,,,,,,,,,,,,"Got qualification yesterday; after downloading, told registration is full."
39656472,,,,,,,,,,,,,,,,,,,,,,,,,,,,,,,,,,,,,,,,,Black screen on the second stage.
39656470,,,,,,,,,,,,,,,,,,,,,,,,,,,,,,,,,,,,,,,,,Server quality mocked; very poor stability.
39656467,,,,,,,,,,,,,,,,,,,,,,,,,,,,,,,,,,,,,,,,,Stuck on 'reconnecting' repeatedly.
39656463,,,,,,,,,,,,,,,,,,,,,,,,,,,,,,,,,,,,,,,,,Feels like being tricked.
39656455,,,,,,,,,,,,,,,,,,,,,,,,,,,-2.0,Claims non-paying users cannot really play; accuses the game of just chasing money.,-2.0,Strong paywall/spending pressure perception.,,,,,,,,,,,Poor graphics and bad experience.
39656448,,,,,,,,,,,,,,,,,,,,,,,,,,,,,,,,,,,,,,,,,TapTap says you have test qualification to download; Bilibili side says you lack test access.
39656414,,,,,,,,,,,,,,,,,,,,,,,,,,,,,,,,,,,,,,,,,Reports 60k registration slots vanished almost instantly despite prior tests/lotteries; sarcastic hype.
39656444,,,Turn-based tactics (war-chess/SRPG) with sequential unit action order.,-1.0,Dislikes forced sequential action order.,War-chess grid tactics with strict per-unit turn order.,,,,,,,,,,,,,,,,,,,,,,,,,,,,,,,,,,,
39656429,,,,,,,,,,,,,,,,,,,,,,,,,,,,,,,,,,,,,,,,,"Download requires qualification, then in-game also requires grabbing registration—feels like a fake ticket."
39656422,,,,,,,,,,,,,,,,,,,,,,,,,,,,,,,,,,,,,,,,,Received 'qualification' but registration capacity full.
39656421,,,,,,,,,,,,,,,,,,,,,,,,,,,,,,,,,,,,,,,,,Long-anticipated but disappointed by the registration trick.
39656420,,,,,,,,,,,,,,,,,,,,,,,,,,,,,,,,,,,,,,,,,Test qualification seems to be download-only.
39656419,,,,,,,,,,,,,,,,,,,,,,,,,,,,,,,,,,,,,,,,,Suddenly lost qualification.
39656412,,,,,,,,,,,,,,,,,,,,,,,,,,,,,,,,,,,,,,,,,Why require in-game registration after giving 'qualification'? Wastes time.
39656407,,,,,,,,,,,,,,,,,,,,,,,,,,,,,,,,,,,,,,,,,Wasted time and mobile data.
39656408,,,,,,,,,,,,,,,,,,,,,,,,,,,,,,,,,,,,,,,,,Wasted time; allowed download but blocked testing.
39656406,,,,,,,,,,,,,,,,,,,,,,,,,,,,,,,,,,,,,,,,,Brief network hiccup led to capacity cap; 'qualification' equated to download only; wasted data.
39656231,,,,,,,,,,,,,,,,,,,,,,,,,,,,,,,,,,,,,,,,,Repeated 'network unstable' errors followed by capacity cap.
39656404,,,,,,,,,,,,,,,,,,,,,,,,,,,,,,,,,,,,,,,,,Tried to rush registration at launch; constant network errors; then no qualification.
39656403,,,,,,,,,,,,,,,,,,,,,,,,,,,,,,,,,,,,,,,,,Registration-rush testing accused of baiting downloads.
39656401,,,,,,,,,,,,,,,,,,,,,,,,,,,,,,,,,,,,,,,,,Got qualification but cannot log in.
39656395,,,,,,,,,,,,,,,,,,,,,,,,,,,,,,,,,,,,,,,,,Had download qualification; network wobble; then no registration slot.
39656396,,,,,,,,,,,,,,,,,,,,,,,,,,,,,,,,,,,,,,,,,Prepared everything but told no slots; questions why downloads were open.
39656385,,,,,,,,,,,,,,,,,,,,,,,,,,,,,,,,,,,,,,,,,"If it's a registration rush, say so upfront; stop the tricks."
39656390,,,,,,,,,,,,,,,,,,,,,,,,,,,,,,,,,,,,,,,,,"TapTap 'qualification' only allowed download, not play."
39656388,,,,,,,,,,,,,,,,,,,,,,,,,,,,,,,,,,,,,,,,,
39656389,,,,,,,,,,,,,,,,,,,,,,,,,,,,,,,,,,,,,,,,,Requires registering a role after 'qualification'; accuses download bait and monetization intent.
39656387,,,,,,,,,,,,,,,,,,,,,,,,,,,,,,,,,,,,,,,,,Shouldn't have required a download; time wasted.
39656386,,,,,,,,,,,,,,,,,,,,,,,,,,,,,,,,,,,,,,,,,Sarcasm about 'congratulations on test qualification'—implies it's meaningless.
39656384,,,,,,,,,,,,,,,,,,,,,,,,,,,,,,,,,,,,,,,,,Immediately shows no qualification.
39656383,,,,,,,,,,,,,,,,,,,,,,,,,,,,,,,,,,,,,,,,,Given test qualification but cannot enter.
39656381,,,,,,,,,,,,,,,,,,,,,,,,,,,,,,,,,,,,,,,,,"Played overseas CBT2, but here blocked within 30 minutes."
39656379,,,,,,,,,,,,,,,,,,,,,,,,,,,,,,,,,,,,,,,,,Too laggy; asks for fixes.
39656367,,,,,,,,,,,,,,,,,,,,,,,,,,,,,,,,,,,,,,,,,Bilibili qualification leads to lag then 'full'; TapTap qualification not recognized.
39656363,,,,,,,,,,,,,,,,,,,,,,,,,,,,,,,,,,,,,,,,,Wasted download; network unstable; failed to get test rebate; won't spend at launch.
39656361,,,,,,,,,,,,,,,,,,,,,,,,,,,,,,,,,,,,,,,,,Calls it word games; waste of time; very negative impression.
39656357,,,,,,,,,,,,,,,,,,,,,,,,,,,,,,,,,,,,,,,-1.0,Re-downloaded but still couldn't enter; finally lost qualification.,Access blocked despite retries.
39656348,,,,,,,,,,,,,,,,,,,,,,,,,,,,,,,,,,,,,,,,,Has qualification but blocks registration; says 'next time see you'—user says 'never again'.
39656346,,,,,,,,,,,,,,,,,,,,,,,,,,,,,,,,,,,,,,,,,Reminded of qualification but login shows registration full.
39656345,,,,,,,,,,,,,,,,,,,,,,,,,,,,,,,,,,,,,,,,,Downloaded resources early; at start time still blocked; later told registration full.
39656344,,,,,,,,,,,,,,,,,,,,,,,,,,,,,,,,,,,,,,,,,Accuses the developers of toying with players.
39656333,,,,,,,,,,,,,,,,,,,,,,,,,,,,,,,,,,,,,,,-2.0,Says they were granted test qualification but still could not enter the game.,Misleading test qualification and poor player treatment.
39655960,,,,,,,,,,,,,,,,,,,,,,,,,,,,,,,,,,,,,,,,,Blames the operator for choosing the wrong test mode and poor communication; says devs blamed the platform instead of issuing a clear announcement.
39656329,,,,,,,,,,,,,,,,,,,,,,,,,,,,,,,,,,,,,-2.0,Wasted about 4GB download due to access issues.,-2.0,Server lag at launch until player cap was reached; registration status inconsistent.,Showed registration success but actually had no registration eligibility.
39656326,,,,,,,,,,,,,,,,,,,,,,,,,,,,,,,,,,,,,-2.0,Long pre-download ended up being wasted due to access problems.,,,Time/data wasted because access was blocked after download.
39656324,,,,,,,,,,,,,,,,,,,,,,,,,,,,,,,,,,,,,,,,,"Says granted qualification still required抢注 (re-registration), wasting download time."
39656321,,,,,,,,,,,,,,,,,,,,,,,,,,,,,,,,,,,,,,,,,
39656320,,,,,,,,,,,,,,,,,,,,,,,,,,,,,,,,,,,,,,,,,Claims false qualification notice and suspected download/install count inflation; notes the game is from 2021.
39656319,,,,,,,,,,,,,,,,,,,,,,,,,,,,,,,,,,,,,,,-2.0,Network unstable during抢注; players inside also report lag.,Qualification still required抢注 and many could not register; suggests canceling the test.
39656318,,,,,,,,,,,,,,,,,,,,,,,,,,,,,,,,,,,,,,,,,Accuses the operator of inflating downloads/traffic.
39656317,,,,,,,,,,,,,,,,,,,,,,,,,,,,,,,,,,,,,,,-2.0,"Got 'network unstable' at start time, then player cap reached.",Frustration at being blamed for server issues.
39656315,,,,,,,,,,,,,,,,,,,,,,,,,,,,,,,,,,,,,,,-2.0,Lag during抢号; could not enter even after grabbing a slot.,Registration rush design causes access failure.
39656313,,,,,,,,,,,,,,,,,,,,,,,,,,,,,,,,,,,,,,,,,Says the game announced qualification despite no access; criticizes failure to send follow-up bug/clarification notice.
39656303,,,,,,,,,,,,,,,,,,,,,,,,,,,,,,,,,,,,,,,,,Sarcastic remark about mishandled operations.
39656306,,,,,,,,,,,,,,,,,,,,,,,,,,,,,,,,,,,,,,,-2.0,Severe lag and constant network fluctuation.,
39656225,,,,,,,,,,,,,,,,,,,,,,,,,,,,,,,,,,,,,,,-2.0,Hit with 'network unstable' and 'quota full' despite trying; test used抢注 and lottery for access.,Calls抢注+lottery access design disgusting; criticizes using cultural relics as a marketing gimmick.
39656305,,,,,,,,,,,,,,,,,,,,,,,,,,,,,,,,,,,,,,,-2.0,Repeated 'poor network' errors on both mobile data and Wi‑Fi.,
39656302,,,,,,,,,,,,,,,,,,,,,,,,,,,,,,,,,,,,,,,-2.0,"Servers crashed at launch; after recovery, slots were already full.",Claims users were lured to download and then locked out.
39656297,,,,,,,,,,,,,,,,,,,,,,,,,,,,,,,,,,,,,,,-2.0,"Showed qualification grabbed, but persistent 'network unstable' until slots were gone.",Lost access despite earlier qualification indication.
39656294,,,,,,,,,,,,,,,,,,,,,,,,,,,,,,,,,,,,,,,,,Limited registration quota led to wasted data/download.
39656293,,,,,,,,,,,,,,,,,,,,,,,,,,,,,,,,,,,,,,,-2.0,Game reported poor network despite full signal.,Gives a star only for the illustrations.
39656289,,,,,,,,,,,,,,,,,,,,,,,,,,,,,,,,,,,,,,,-2.0,Server crash during test.,
39656286,,,,,,,,,,,,,,,,,,,,,,,,,,,,,,,,,,,,,,,,,Says they effectively sold fake 'tickets' (qualifications) leading to crowding.
39656285,,,,,,,,,,,,,,,,,,,,,,,,,,,,,,,,,,,,,,,-2.0,Black screen and freeze before finishing the tutorial.,
39656282,,,,,,,,,,,,,,,,,,,,,,,,,,,,,,,,,,,,,,,,,Downloaded for two hours yet had no qualification; calls the game trash.
39656281,,,,,,,,,,,,,,,,,,,,,,,,,,,,,,,,,,,,,,,,,Asks where the qualification went.
39656277,,,,,,,,,,,,,,,,,,,,,,,,,,,,,,,,,,,,,,,,,Criticizes how qualification distribution was handled.
39656274,,,,,,,,,,,,,,,,,,,,,,,,,,,,,,,,,,,,,-1.0,Had to pre-download resources for a long time before being told quota was full.,-2.0,TapTap showed limited test qualification but in-game said quota full after resource download.,Calls the behavior deceptive and possibly fraudulent.
39656271,,,,,,,,,,,,,,,,,,,,,,,,,,,,,,,,,,,,,,,-2.0,At launch got 'network not good' and later 'quota full'.,
39656269,,,,,,,,,,,,,,,,,,,,,,,,,,,,,,,,,,,,,,,,,
39656091,,,,,,,,,,,,,,,,,,,,,,,,,,,,,,,,,,,,,,,-2.0,Lag during registration; could not enter after grabbing a name.,
39656266,,,,,,,,,,,,,,,,,,,,,,,,,,,,,,,,,,,,,,,,,Says TapTap qualification was fake; requests clear notice before download.
39656262,,,,,,,,,,,,,,,,,,,,,,,,,,,,,,,,,,,,,-2.0,Downloaded several GB due to misleading qualification messaging.,,,"Says operator first shows 'obtained qualification' then requires抢注, wasting data."
39656261,,,,,,,,,,,,,,,,,,,,,,,,,,,,,,,,,,,,,,,-2.0,Could not enter despite having test qualification.,Qualification did not grant access.
39655962,,,,,,,,,,,,,,,,,,,,,,,,,,,,,,,,,,,,,,,-2.0,"Pre-downloaded data, then network lag at test start followed by full server.",Accuses of luring for downloads/traffic.
39656256,,,,,,,,,,,,,,,,,,,,,,,,,,,,,,,,,,,,,,,,,Says the 'qualification' was merely for the installer; servers crashed.
39656255,,,,,,,,,,,,,,,,,,,,,,,,,,,,,,,,,,,,,-1.0,Long download time ended in 'registration full'.,,,Registration quota filled after lengthy setup.
39656253,,,,,,,,,,,,,,,,,,,,,,,,,,,,,,,,,,,,,,,,,"TapTap showed qualification, but after updating the game it reported registration limit reached."
39656248,,,,,,,,,,,,,,,,,,,,,,,,,,,,,,,,,,,,,-2.0,Downloaded about 3GB only to be told qualification still needed to be抢.,,,Test required separate抢注 despite pre-download.
39656244,,,,,,,,,,,,,,,,,,,,,,,,,,,,,,,,,,,,,,,,,TapTap showed qualification; in-game said no slots left.
39656242,,,,,,,,,,,,,,,,,,,,,,,,,,,,,,,,,,,,,,,-2.0,"Post-crash, frequent 'connecting' and unstable connection.",
39656237,,,,,,,,,,,,,,,,,,,,,,,,,,,,,,,,,,,,,,,-2.0,Could not enter due to server crash; later hit player cap.,Tap still showing 'grab test slots' while access already full.
39656224,,,,,,,,,,,,,,,,,,,,,,,,,,,,,,,,,,,,,,,,,
39656222,,,,,,,,,,,,,,,,,,,,,,,,,,,,,,,,,,,,,,,-2.0,Severe lag during registration and then quota gone.,Mocks extremely low effective access cap.
39656219,,,,,,,,,,,,,,,,,,,,,,,,,,,,,,,,,,,,,,,,,Says qualification allowed download but blocked registration; accuses of inflating download stats.
39656214,,,,,,,,,,,,,,,,,,,,,,,,,,,,,,,,,,,,,-1.0,Two hours of downloading wasted due to registration cap.,,,Uninstalled after being told registration was full.
39656207,,,,,,,,,,,,,,,,,,,,,,,,,,,,,,,,,,,,,,,,,Given qualification but then told registration was full.
39656206,,,,,,,,,,,,,,,,,,,,,,,,,,,,,,,,,,,,,-2.0,"Installed several GB after being told they had qualification, then told quota full.",,,Qualification messaging misleading; access denied post-download.
26828413,,,,,,,,,,,,,,,,,,,,,,,,,,,,,,,,,,,,,,,,,Says limit test but unlimited downloads; Tap showed qualification yet got 'quota full'; claims similar ops happened before; vows to spend on other games instead.
39656196,,,,,,,,,,,,,,,,,,,,,,,,,,,,,,,,,,,,,-1.0,Long resource download followed by server cap message.,-2.0,Could not enter; resource download ended with 'quota reached'.,Withdrew without being able to try the game.
39656189,,,,,,,,,,,,,,,,,,,,,,,,,,,,,,,,,,,,,,,,,Blames the official team for poor handling.
39656188,,,,,,,,,,,,,,,,,,,,,,,,,,,,,,,,,,,,,,,,,"Says entry immediately reported no qualification, wasting data; uninstalled."
39656187,,,,,,,,,,,,,,,,,,,,,,,,,,,,,,,,,,,,,,,,,Remarks that the game is so 'hot' they couldn't get a test qualification.
39656182,,,,,,,,,,,,,,,,,,,,,,,,,,,,,,,,,,,,,,,-2.0,Had test qualification but was not allowed to play.,Angry about blocked access despite qualification.
39656181,,,,,,,,,,,,,,,,,,,,,,,,,,,,,,,,,,,,,,,-2.0,Could not connect at start; later hit player cap.,
39656178,,,,,,,,,,,,,,,,,,,,,,,,,,,,,,,,,,,,,,,-2.0,"Pre-download done, but launch-day lag prevented抢注 until slots were gone.",Mentions 60k slot stress test still failed.
39656179,,,,,,,,,,,,,,,,,,,,,,,,,,,,,,,,,,,,,-2.0,3GB update wasted due to post-update 'registration full'.,,,Accuses of inflating downloads and wasting data.
39656177,,,,,,,,,,,,,,,,,,,,,,,,,,,,,,,,,,,,,,,-2.0,Could not enter; capacity already full.,
39656174,,,,,,,,,,,,,,,,,,,,,,,,,,,,,,,,,,,,,,,,,Says only art is good; gameplay/design feels outdated like 20 years ago.
39656170,,,,,,,,,,,,,,,,,,,,,,,,,,,,,,,,,,,,,,,,,Tap showed qualification but in-game said registration cap reached; insults the operator.
39656169,,,,,,,,,,,,,,,,,,,,,,,,,,,,,,,,,,,,,,,,,Calls the operation disgusting and asks others to rate two stars to affect score.
39656167,,,,,,,,,,,,,,,,,,,,,,,,,,,,,,,,,,,,,,,,,
39656162,,,,,,,,,,,,,,,,,,,,,,,,,,,,,,,,,,,,,,,-2.0,At 11:15 got 'network unstable'; next attempt said quota full while Tap still showed qualification.,抢注-based access plus inconsistent qualification messaging.
39656163,,,,,,,,,,,,,,,,,,,,,,,,,,,,,,,,,,,,,,,-2.0,抢号 registration followed by server crash and then player limit reached.,Notes the game is operated by Bilibili and criticizes operations.
39656155,,,,,,,,,,,,,,,,,,,,,,,,,,,,,,,,,,,,,,,,,Calls it a scam game.
39656152,,,,,,,,,,,,,,,,,,,,,,,,,,,,,,,,,,,,,,,-2.0,At 11:00 repeatedly failed to enter; later showed 'qualification full'.,Tap showed qualification conflicting with announcement; criticizes Bilibili operations.
39656146,,,,,,,,,,,,,,,,,,,,,,,,,,,,,,,,,,,,,,,,,Praises that there is no Japanese voice-over.
39656138,,,,,,,,,,,,,,,,,,,,,,,,,,,,,,,,,,,,,,,-2.0,Had qualification but still could not enter.,Access blocked despite qualification.
39656139,,,,,,,,,,,,,,,,,,,,,,,,,,,,,,,,,,,,,,,,,Says announcement clearly stated抢注; blames TapTap for unclear display and clarifies there was no qualification grab the previous day.
39656135,,,,,,,,,,,,,,,,,,,,,,,,,,,,,,,,,,,,,,,-2.0,Persistent network issues during access attempt; then slots gone.,Says the test qualification design is toying with players.
39649875,,,,,,,,,,,,,,,,,,,,,,,,,,,,,,,,,,,,,-2.0,Downloaded several GB only to be told qualification must be grabbed again.,,,First time seeing pre-download for a test that still requires抢注.
39656132,,,,,,,,,,,,,,,,,,,,,,,,,,,,,,,,,,,,,,,-2.0,Servers crashed at launch.,Questions why users without qualification received pre-download SMS; accuses of traffic baiting.
39655721,,,,,,,,,,,,,,,,,,,,,,,,,,,,,,,,,,,,,,,-2.0,Server crash during test and perceived qualification recall.,Alleges review control/score locking and disrespect toward core reserved players.
39656122,,,,,,,,,,,,,,,,,,,,,,,,,,,,,,,,,,,,,-1.0,Long download time only to be told registration is full.,,,Frustrated by registration cap after lengthy download.
39656121,,,,,,,,,,,,,,,,,,,,,,,,,,,,,,,,,,,,,,,-2.0,Got 'network unstable' and 'registration cap reached'; could download but not play.,Wants data costs back due to access gating.
39656120,,,,,,,,,,,,,,,,,,,,,,,,,,,,,,,,,,,,,,,-2.0,Server issues blocked entry; later told slots were gone.,Accuses of inflating traffic.
39656075,,,,,,,,,,,,,,,,,,,,,,,,,,,,,,,,,,,,,,,,,Says TapTap 'qualification' still required抢注; accuses of download-count farming.
39656110,,,,,,,,,,,,,,,,,,,,,,,,,,,,,,,,,,,,,,,-2.0,Black screen when creating character.,
39656106,,,,,,,,,,,,,,,,,,,,,,,,,,,,,,,,,,,,,,,-2.0,TapTap 'qualification' did not allow play and the 60k stress test target was not met.,Calls TapTap qualification fake and suggests selling the game if it can't handle 60k CCU.
39656104,,,,,,,,,,,,,,,,,,,,,,,,,,,,,,,,,,,,,,,-2.0,Extremely choppy; 'stutter at every step'.,
39656101,,,,,,,,,,,,,,,,,,,,,,,,,,,,,,,,,,,,,,,-2.0,"Crashed at start time, then reached capacity.",Says players were 'toyed with'.
39656100,,,,,,,,,,,,,,,,,,,,,,,,,,,,,,,,,,,,,,,-2.0,Could not enter at start; later told no qualification.,Calls it deceitful toward players.
39656098,,,,,,,,,,,,,,,,,,,,,,,,,,,,,,,,,,,,,,,-2.0,"After 30+ minutes download, first 10 minutes could not connect; when connected, server already full.",
39656093,,,,,,,,,,,,,,,,,,,,,,,,,,,,,,,,,,,,,,,,,Calls the experience a rip-off.
39656089,,,,,,,,,,,,,,,,,,,,,,,,,,,,,,,,,,,,,,,-2.0,Server crash in test environment.,
39656087,,,,,,,,,,,,,,,,,,,,,,,,,,,,,,,,,,,,,,,-2.0,"Pre-installed via heavy marketing, then couldn't enter; after 'repair', reported server full.",Criticizes aggressive ads and access gating.
39656076,,,,,,,,,,,,,,,,,,,,,,,,,,,,,,,,,,,,,,,,,Says Bilibili is the publisher and that 'obtained test qualification' does not mean you can play.
39656077,,,,,,,,,,,,,,,,,,,,,,,,,,,,,,,,,,,,,,,,,General praise: says the game is good and encourages the team.
39656074,,,,,,,,,,,,,,,,,,,,,,,,,,,,,,,,,,,,,,,,,Accuses of hunger marketing; most on forum failed to get slots; suggests not opening downloads without sufficient access.
39656070,,,,,,,,,,,,,,,,,,,,,,,,,,,,,,,,,,,,,,,-2.0,Network unstable at start; after 10 minutes stabilized but quota already full.,
39656068,,,,,,,,,,,,,,,,,,,,,,,,,,,,,,,,,,,,,,,-2.0,Launch-day network instability and server issues; frequent stutters.,Asks why no rate limiting/lottery; praises illustrations/models.
39656063,,,,,,,,,,,,,,,,,,,,,,,,,,,,,,,,,,,,,,,-2.0,Server crash prevented抢到 slots.,
39656061,,,,,,,,,,,,,,,,,,,,,,,,,,,,,,,,,,,,,,,,,Suggests limiting downloads; after download still had to抢注; blames operator.
39656059,,,,,,,,,,,,,,,,,,,,,,,,,,,,,,,,,,,,,,,-2.0,"Persistent 'network unstable'; once stable, got 'server full'.",
39656057,,,,,,,,,,,,,,,,,,,,,,,,,,,,,,,,,,,,,,,,,Registration slots full; could not join test.
39656053,,,,,,,,,,,,,,,,,,,,,,,,,,,,,,,,,,,,,,,,,Server crash and unstable network at launch; could not enter; registration filled up.
39656050,,,,,,,,,,,,,,,,,,,,,,,,,,,,,,,,,,,,,,,,,Server crashed at start; afterward showed slots full.
39656049,,,,,,,,,,,,,,,,,,,,,,,,,,,,,,,,,,,,,,,,,"Got test, downloaded, but blocked by 'server full/slots full' message; couldn't enter."
39656041,,,,,,,,,,,,,,,,,,,,,,,,,,,,,,,,,,,,,,,-2.0,Repair forced a 3+ GB re-download; login kept failing due to unstable network; slots were gone afterward.,Internal test server crashed; unstable network; then claimed player cap reached.
39656038,,,,,,,,,,,,,,,,,,,,,,,,,,,,,,,,,,,,,,,,,Network issues made it hard to play.
39655609,,,,,,,,,,,,,,,,,,,,,,,,,,,,,,,,,,,,,-1.0,Complains the download cost time and mobile data.,,,Frustration over wasted download time and data.
39655869,,,,,,,,,,,,,,,,,,,,,,,,,,,,,,,,,,,,,,,-1.0,Forced update right before test start caused missing the limited registration window.,"Had to fight for test slots at 11:00; after updating, quota was gone."
39656031,,,,,,,,,,,,,,,,,,,,,,,,,,,,,,,,,,,,,,,,,
39656028,,,,,,,,,,,,,,,,,,,,,,,,,,,,,,,,,,,,,,,,,Finally got in but stuck on a long black screen.
39656027,,,,,,,,,,,,,,,,,,,,,,,,,,,,,,,,,,,,,,,,,"Limited-slot test but allowed unlimited pre-download, causing frustration."
39656013,,,,,,,,,,,,,,,,,,,,,,,,,,,,,,,,,,,,,,,,,"Initially blocked as 'no test qualification', then forced offline for 'network issue' after entering."
39656008,,,,,,,,,,,,,,,,,,,,,,,,,,,,,,,,,,,,,,,,,Registration full; unable to test.
39656007,,,,,,,,,,,,,,,,,,,,,,,,,,,,,,,,,,,,,,,,,"Pre-download allowed, but entry was quota-limited; feels like download bait; labeled 'runaway game'."
39656004,,,,,,,,,,,,,,,,,,,,,,,,,,,,,,,,,,,,,,,,,Access gating criticized: activation-code race or limited registration; feels needlessly restrictive.
39656003,,,,,,,,,,,,,,,,,,,,,,,,,,,,,,,,,,,,,,,,,Shown as 'qualified' but in-game says registration full.
39655999,,,,,,,,,,,,,,,,,,,,,,,,,,,,,,,,,,,,,-2.0,Downloaded several GB of resources before being blocked.,,,"Login showed network errors, then claimed test slots were gone; frustrating process."
39655998,,,Grid-based 'war chess' tactical/turn-based combat (SRPG-style).,,,,,,,,,,,,,,,,,,,,,,,,,,,,,,,,,,,,,,Launch network crash for about 10 minutes; then registration full.
39655994,,,,,,,,,,,,,,,,,,,,,,,,,,,,,,,,,,,,,,,,,
39655993,,,,,,,,,,,,,,,,,,,,,,,,,,,,,,,,,,,,,,,-2.0,"After crash, 'repair' required re-downloading and then quota was gone; wasted time/data.",Server crash at launch; forced repair; lost qualification; heavy frustration.
39655992,,,,,,,,,,,,,,,,,,,,,,,,,,,,,,,,,,,,,,,,,Shown as qualified but blocked from entry; feels like 'monkeying' players.
39655990,,,,,,,,,,,,,,,,,,,,,,,,,,,,,,,,,,,,,,,,,Poor servers; accuses the game of farming downloads/data.
39655987,,,,,,,,,,,,,,,,,,,,,,,,,,,,,,,,,,,,,,,,,"Despite receiving test qualification, login errors followed by 'registration full'; had to uninstall."
39655984,,,,,,,,,,,,,,,,,,,,,,,,,,,,,,,,,,,,,,,,,"Server crashed at open, then qualification cap reached."
39655981,,,,,,,,,,,,,,,,,,,,,,,,,,,,,,,,,,,,,-2.0,Pre-download used about 4+ GB of data.,,,Downloaded but had no qualification; feels like download bait.
39655978,,,,,,,,,,,,,,,,,,,,,,,,,,,,,,,,,,,,,,,,,Limited-slot test not disclosed until after download; asks to gate activation before download; hurts player sentiment.
39655977,,,,,,,,,,,,,,,,,,,,,,,,,,,,,,,,,,,,,,,,,Publisher trust issues; couldn't enter this test; prior negative experience with another title.
39655976,,,,,,,,,,,,,,,,,,,,,,,,,,,,,,,,,,,,,,,,,Unplayable despite decent network speed.
39655970,,,,,,,,,,,,,,,,,,,,,,,,,,,,,,,,,,,,,,,,,
39655965,,,,,,,,,,,,,,,,,,,,,,,,,,,,,,,,,,,,,,,,,"Immediate server crash at start; after 10 minutes, registration was full."
39655858,,,,,,,,,,,,,,,,,,,,,,,,,,,,,,,,,,,,,,,,,Black screen before even finishing the tutorial; persists after relaunch.
39655956,,,,,,,,,,,,,,,,,,,,,,,,,,,,,,,,,,,,,,,,,"Secured test slot and downloaded, but got 'cannot connect', then 'registration full'."
39655955,,,,,,,,,,,,,,,,,,,,,,,,,,,,,,,,,,,,,,,,,Notified of qualification but still not allowed to play.
39655954,,,,,,,,,,,,,,,,,,,,,,,,,,,,,,,,,,,,,,,,,Network unstable right at 11:00 opening; poor testing experience.
39655947,,,,,,,,,,,,,,,,,,,,,,,,,,,,,,,,,,,,,,,,,"Had test qualification; after long download, got 'full' on entry."
39655945,,,,,,,,,,,,,,,,,,,,,,,,,,,,,,,,,,,,,,,,,"Network unstable, then registration reached limit."
39655944,,,,,,,,,,,,,,,,,,,,,,,,,,,,,,,,,,,,,,,,,Frequent network slowdowns while playing.
39655943,,,,,,,,,,,,,,,,,,,,,,,,,,,,,,,,,,,,,,,,,Accuses the game of fake/forced downloads.
39655941,,,,,,,,,,,,,,,,,,,,,,,,,,,,,,,,,,,,,,,,,Long download yesterday; today entry says player cap full.
39655938,,,,,,,,,,,,,,,,,,,,,,,,,,,,,,,,,,,,,,,,,
39655937,,,,,,,,,,,,,,,,,,,,,,,,,,,,,,,,,,,,,-2.0,3–4 GB resource download.,-1.0,Long update/patch time before entry.,"At 11:00, network unstable; after about 10 minutes, registration cap reached."
39655936,,,,,,,,,,,,,,,,,,,,,,,,,,,,,,,,,,,,,,,,,Had qualification but blocked from entry by 'registration cap'; complains about the publisher.
39655934,,,,,,,,,,,,,,,,,,,,,,,,,,,,,,,,,,,,,,,,,Entered at 11:00; network errors; then quota full; calls servers trash.
39655932,,,,,,,,,,,,,,,,,,,,,,,,,,,,,,,,,,,,,,,,,"Network unstable, then cap reached."
39655931,,,Turn-based combat combined with grid-based movement (war-chess style).,-1.0,Gameplay feels boring and tiring; lacks novelty.,Grid positioning and turn-by-turn movement.,-1.0,"Perceived as unoriginal and tedious, reducing strategic appeal.",,,,,,,,,,,,,,,,,,,,,,,,,,,,,,,,,"2D art is praised, but 3D models look disproportionate ('big-headed')."
39655926,,,,,,,,,,,,,,,,,,,,,,,,,,,,,,,,,,,,,,,,,At 11:00 showed unstable network; later said slots full; player gives up.
39655925,,,,,,,,,,,,,,,,,,,,,,,,,,,,,,,,,,,,,,,-1.0,Clicked 'repair' after crash; download took around 10 minutes during the critical window.,"Server crashed at 10:59; by the time repair finished, quota was gone."
39655922,,,,,,,,,,,,,,,,,,,,,,,,,,,,,,,,,,,,,,,,,
39655921,,,,,,,,,,,,,,,,,,,,,,,,,,,,,,,,,,,,,,,,,Registration cap reached very quickly.
39655919,,,,,,,,,,,,,,,,,,,,,,,,,,,,,,,,,,,,,-2.0,About 3 GB resources to download.,-2.0,Average resource download speed 1–2 MB/s; took around 30 minutes.,"Unclear/late notice that test qualification was first-come, causing wasted download."
39655916,,,,,,,,,,,,,,,,,,,,,,,,,,,,,,,,,,,,,,,,,Misleading 'you have test qualification' message despite not being able to enter.
39655914,,,,,,,,,,,,,,,,,,,,,,,,,,,,,,,,,,,,,,,,,"TapTap showed test qualification, but in-game said registration full."
39655912,,,,,,,,,,,,,,,,,,,,,,,,,,,,,,,,,,,,,,,,,"Shown as qualified, then told to race to register; by login time, test was full."
39655907,,,,,,,,,,,,,,,,,,,,,,,,,,,,,,,,,,,,,,,,,No prior notice of no remaining slots until after downloading and entering.
39655905,,,,,,,,,,,,,,,,,,,,,,,,,,,,,,,,,,,,,,,,,Registration full; wasted mobile data.
39655904,,,,,,,,,,,,,,,,,,,,,,,,,,,,,,,,,,,,,,,,,"At open, skipping intro videos leads to black screen/hard lock; questions QA before launch."
39655901,,,,,,,,,,,,,,,,,,,,,,,,,,,,,,,,,,,,,,,,,Network unstable; then saw 'slots full' message.
39655898,,,,,,,,,,,,,,,,,,,,,,,,,,,,,,,,,,,,,,,,,
39655897,,,,,,,,,,,,,,,,,,,,,,,,,,,,,,,,,,,,,,,,,At 11:00 server crashed; minutes later showed cap full; user says this pushed them to quit.
39655894,,,,,,,,,,,,,,,,,,,,,,,,,,,,,,,,,,,,,,,,,"Feels scammed on data; network unstable, then slots gone."
39655895,,,,,,,,,,,,,,,,,,,,,,,,,,,,,,,,,,,,,,,,,Secured slot but still unplayable.
39655893,,,,,,,,,,,,,,,,,,,,,,,,,,,,,,,,,,,,,,,,,"Even when network seems fine, game reports 'quota full'."
39655890,,,,,,,,,,,,,,,,,,,,,,,,,,,,,,,,,,,,,,,,,"After 10 minutes of being stuck, shown 'registration limit reached'."
39655889,,,,,,,,,,,,,,,,,,,,,,,,,,,,,,,,,,,,,,,,,Server crashed at launch; black screen and connection errors.
39655872,,,,,,,,,,,,,,,,,,,,,,,,,,,,,,,,,,,,,,,,,Used mobile data to download; then told registration full; requests gating download after slot claim.
39655867,,,,,,,,,,,,,,,,,,,,,,,,,,,,,,,,,,,,,,,,,TapTap indicated test qualification; player delayed; later saw 'registration full'; poor cross-platform messaging.
39655582,,,,,,,,,,,,,,,,,,,,,,,,,,,,,,,,,,,,,,,,,Could not enter at 11:00; by 11:11 it shows cap full despite having 'qualification'.
39655856,,,,,,,,,,,,,,,,,,,,,,,,,,,,,,,,,,,,,,,,,"Server crashed at open; once in, it said no slots left; unclear announcements."
39655859,,,,,,,,,,,,,,,,,,,,,,,,,,,,,,,,,,,,,,,,,Player cap reached.
39655857,,,,,,,,,,,,,,,,,,,,,,,,,,,,,,,,,,,,,,,,,On-time login; crash then relog; within under 10 minutes slots were gone; morale hit.
39655854,,,,,,,,,,,,,,,,,,,,,,,,,,,,,,,,,,,,,,,,,
39655853,,,,,,,,,,,,,,,,,,,,,,,,,,,,,,,,,,,,,,,,,"Game froze; on relaunch, 'registration limit' message."
39655852,,,,,,,,,,,,,,,,,,,,,,,,,,,,,,,,,,,,,,,,,Long download; blocked by 'network problem'; later told cap reached.
39655847,,,,,,,,,,,,,,,,,,,,,,,,,,,,,,,,,,,,,,,,,"At 11:00, 'network busy', shortly after said 'full'."
39655846,,,,,,,,,,,,,,,,,,,,,,,,,,,,,,,,,,,,,,,,,"Since last night: frequent network errors, then 'slots full' today."
39655843,,,,,,,,,,,,,,,,,,,,,,,,,,,,,,,,,,,,,,,,,Wasted data due to being unable to play.
39655842,,,,,,,,,,,,,,,,,,,,,,,,,,,,,,,,,,,,,,,,,Suggests servers under-provisioned; asks if they need another server.
39655838,,,,,,,,,,,,,,,,,,,,,,,,,,,,,,,,,,,,,,,,,Says the test is 'monkeying' players (unfair/teasing).
39655837,,,,,,,,,,,,,,,,,,,,,,,,,,,,,,,,,,,,,,,,,Black screen halfway through the newbie tasks.
39655835,,,,,,,,,,,,,,,,,,,,,,,,,,,,,,,,,,,,,-2.0,About 4 GB install/resources.,,,Constant 'communication error'; accuses the game of colluding with carriers to farm data.
39655823,,,,,,,,,,,,,,,,,,,,,,,,,,,,,,,,,,,,,,,,,Praises the visuals (very beautiful).
39655665,,,,,,,,,,,,,,,,,,,,,,,,,,,,,,,,,,,,,,,,,"Cannot connect; connection not established on both mobile data and Wi‑Fi; even when briefly entering, still failed."
39655809,,,,,,,,,,,,,,,,,,,,,,,,,,,,,,,,,,,,,,,,,Typical launch overload: 6–7 minutes unable to enter; later crashed during story; server capacity poor; asks for improvements.
39655741,,,,,,,,,,,,,,,,,,,,,,,,,,,,,,,,,,,,,,,,,Server quality poor; frequent 'network unstable' prompts.
39655591,,,,,,,,,,,,,,,,,,,,,,,,,,,,,,,,,,,,,,,,,Got kicked out again.
39655802,,,,,,,,,,,,,,,,,,,,,,,,,,,,,,,,,,,,,,,,,Game froze.
39655801,,,,,,,,,,,,,,,,,,,,,,,,,,,,,,,,,,,,,,,,,"During story, forced to reconnect four times."
39655788,,,,,,,,,,,,,,,,,,,,,,,,,,,,,,,,,,,,,,,,,Server crash at launch.
39655784,,,,,,,,,,,,,,,,,,,,,,,,,,,,,,,,,,,,,,,,,Frequent 'network unstable' right after entering.
39655770,,,,,,,,,,,,,,,,,,,,,,,,,,,,,,,,,,,,,,,,,
39655768,,,,,,,,,,,,,,,,,,,,,,,,,,,,,,,,,,,,,,,,,Cannot enter the game.
39655760,,,,,,,,,,,,,,,,,,,,,,,,,,,,,,,,,,,,,,,,,Even the test server crashed; sarcastic remark about poor stability.
39655758,,,,,,,,,,,,,,,,,,,,,,,,,,,,,,,,,,,,,,,,,Over six minutes unable to enter.
39655621,,,,,,,,,,,,,,,,,,,,,,,,,,,,,,,,,,,,,,,,,Network unstable and server crash; eventually entered but still problematic.
39655744,,,,,,,,,,,,,,,,,,,,,,,,,,,,,,,,,,,,,,,,,
39655738,,,,,,,,,,,,,,,,,,,,,,,,,,,,,,,,,,,,,,,,,Server crashed at test launch; user accuses scammy behavior.
39655728,,,,,,,,,,,,,,,,,,,,,,,,,,,,,,,,,,,,,,,,,Complains about name reservation and immediate server crash.
39655724,,,,,,,,,,,,,,,,,,,,,,,,,,,,,,,,,,,,,,,,,Very hard to log in; only entered after many attempts.
39655723,,,,,,,,,,,,,,,,,,,,,,,,,,,,,,,,,,,,,,,,,Server capacity/stability issues during test; sarcastic remark about lacking servers.
39655722,,,,,,,,,,,,,,,,,,,,,,,,,,,,,,,,,,,,,,,,,Reports server crash.
39655717,,,,,,,,,,,,,,,,,,,,,,,,,,,,,,,,,,,,,,,,,Frustration with limited/unclear qualification access for test.
39655713,,,,,,,,,,,,,,,,,,,,,,,,,,,,,,,,,,,,,,,,,"Despite multiple tests, this one still has technical problems."
39655710,,,,,,,,,,,,,,,,,,,,,,,,,,,,,,,,,,,,,,,,,Cannot enter the game.
39655707,,,,,,,,,,,,,,,,,,,,,,,,,,,,,,,,,,,,,,,,,Login/setup loop: progresses then snaps back; can't get in.
39655706,,,,,,,,,,,,,,,,,,,,,,,,,,,,,,,,,,,,,,,,,Cannot enter; asks not to waste players' time if not ready.
39655703,,,,,,,,,,,,,,,,,,,,,,,,,,,,,,,,,,,,,,,,,Unplayable due to access issues.
39655697,,,,,,,,,,,,,,,,,,,,,,,,,,,,,,,,,,,,,,,,,Disappointed in technical competence after years; launch instability.
39655693,,,,,,,,,,,,,,,,,,,,,,,,,,,,,,,,,,,,,,,,,Says only registered users have access but server isn’t maintained; instant crash.
39655685,,,,,,,,,,,,,,,,,,,,,,,,,,,,,,,,,,,,,,,,,Cannot get into the game.
39655683,,,,,,,,,,,,,,,,,,,,,,,,,,,,,,,,,,,,,,,,,Cannot get into the game.
39655682,,,,,,,,,,,,,,,,,,,,,,,,,,,,,,,,,,,,,,,,,Cannot get into the game at all.
39655671,,,,,,,,,,,,,,,,,,,,,,,,,,,,,,,,,,,,,,,,,Cannot get into the game.
39655668,,,,,,,,,,,,,,,,,,,,,,,,,,,,,,,,,,,,,,,,,Challenges devs to try logging in; implies login failure.
39655669,,,,,,,,,,,,,,,,,,,,,,,,,,,,,,,,,,,,,,,,,Blames publisher; cannot enter game.
39655666,,,,,,,,,,,,,,,,,,,,,,,,,,,,,,,,,,,,,,,,,Reports that login finally works.
39655661,,,,,,,,,,,,,,,,,,,,,,,,,,,,,,,,,,,,,,,,,Network unstable message; connectivity issues.
39655660,,,,,,,,,,,,,,,,,,,,,,,,,,,,,,,,,,,,,,,,,Sarcastic praise of server causing network spikes; instability.
39655659,,,,,,,,,,,,,,,,,,,,,,,,,,,,,,,,,,,,,,,,,Says even internal test server crashed; worries about future public launch.
39655657,,,,,,,,,,,,,,,,,,,,,,,,,,,,,,,,,,,,,,,,,Can’t enter even when logging in at the exact time.
39655653,,,,,,,,,,,,,,,,,,,,,,,,,,,,,,,,,,,,,,,,,Relief that no one can enter; confirms widespread access issue.
39655649,,,,,,,,,,,,,,,,,,,,,,,,,,,,,,,,,,,,,,,,,Internal test also crashed.
39655647,,,,,,,,,,,,,,,,,,,,,,,,,,,,,,,,,,,,,,,,,Not surprised by the server crash.
39655638,,,,,,,,,,,,,,,,,,,,,,,,,,,,,,,,,,,,,,,,,Stuck on 'Establishing connection' then 'Network unstable'; cannot enter.
39655635,,,,,,,,,,,,,,,,,,,,,,,,,,,,,,,,,,,,,,,,,Gets 'network unstable' error; login failure.
39655629,,,,,,,,,,,,,,,,,,,,,,,,,,,,,,,,,,,,,,,,,"Even after entering, unplayable due to test server instability; doubts about public launch."
39655627,,,,,,,,,,,,,,,,,,,,,,,,,,,,,,,,,,,,,,,,,Cannot enter the game despite repeated attempts.
39655624,,,,,,,,,,,,,,,,,,,,,,,,,,,,,,,,,,,,,,,,,Timed login attempt still failed; cannot enter.
39655625,,,,,,,,,,,,,,,,,,,,,,,,,,,,,,,,,,,,,,,,,Cannot enter; asks for a fix.
39655620,,,,,,,,,,,,,,,,,,,,,,,,,,,,,,,,,,,,,,,,,"Expresses strong frustration, likely due to server/login problems."
39655619,,,,,,,,,,,,,,,,,,,,,,,,,,,,,,,,,,,,,,,,,Cannot enter test server; blames publisher.
39655617,,,,,,,,,,,,,,,,,,,,,,,,,,,,,,,,,,,,,,,,,
39655616,,,,,,,,,,,,,,,,,,,,,,,,,,,,,,,,,,,,,,,,,Questions whether it’s a network problem; cannot connect.
39655615,,,,,,,,,,,,,,,,,,,,,,,,,,,,,,,,,,,,,,,,,Cannot enter the game.
39655613,,,,,,,,,,,,,,,,,,,,,,,,,,,,,,,,,,,,,,,,,"At test start time, gets 'network unstable' and uninstalled out of frustration."
39655601,,,,,,,,,,,,,,,,,,,,,,,,,,,,,,,,,,,,,,,,,Questions 'network unstable' error; login issue.
39655585,,,,,,,,,,,,,,,,,,,,,,,,,,,,,,,,,,,,,,,,,"Receives 'network unstable, try later' message."
39655526,,,,,,,,,,,,,,,,,,,,,,,,,,,,,,,,,,,,,,,,,Accuses the game of baiting downloads without playability.
39655281,,,,,,,,,,,,,,,,,,,,,,,,,,,,,,,,,,,,,,,,,Criticizes test-time fiasco despite having license; says it scares players off before launch.
39655043,,,Turn-based tactical (SRPG) combat on grids with positioning and skills.,1.0,Finds the art appealing and the tactics 'a bit challenging' in a positive way; willing to try.,,,,,,,,,,,,,,,,,,,,,,,,,,,,,,,,,,,,
39652922,,,,,,,,,,,,,,,,,,,,,,,,,,,,,,,,,,,,,,,,,Says the company pulled a consumer-unfriendly stunt (implied test access/download bait).
39652917,,,,,,,,,,,,,,,,,,,,,,,,,,,,,,,,,,,,,,,,,Accuses the game of download bait after finishing download.
39652836,,,,,,,,,,,,,,,,,,,,,,,,,,,,,,,,,,,,,,,-2.0,"Requires an additional 4GB in-game download after app install, then forces name reservation.",Test qualification via 'participate' not honored; limited name reservation causes lockout.
39652492,,,,,,,,,,,,,,,,,,,,,,,,,,,,,,,,,,,,,,,,,Accuses the game of baiting downloads.
39652110,,,,,,,,,,,,,,,,,,,,,,,,,,,,,,,,,,,,,,,,,Pre-download finished but then required name reservation; poor in-game communication of this; had to check open times outside game.
39651955,,,,,,,,,,,,,,,,,,,,,,,,,,,,,,,,,,,,,,,,,Confused by Bilibili vs TapTap distribution; publisher/platform confusion.
39651876,,,,,,,,,,,,,,,,,,,,,,,,,,,,,,,,,,,,,,,,,Expresses concern due to publisher reputation for new games.
39651857,,,,,,,,,,,,,,,,,,,,,,,,,,,,,,,,,,,,,,,,,Pre-download but limited test slots; user downloaded but has no test qualification.
39651836,,,,,,,,,,,,,,,,,,,,,,,,,,,,,,,,,,,,,,,,,Criticizes opening pre-download for a limited-access test; calls it hunger marketing.
26828549,,,,,,,,,,,,,,,,,,,,,,,,,,,,,,,,,,,,,,,,,Couldn’t play earlier (likely access limits); from streams: UI and art look good and culturally themed; hopes for broader access.
39649989,,,,,,,,,,,,,,,,,,,,,,,,,,,,,,,,,,,,,,,,,Art praised; gameplay feels a bit stiff with several flaws; grind feels mid; creative story worth reading.
39649868,,,,,,,,,,,,,,,,,,,,,,,,,,,,,,,,,,,,,,,,,
39649633,,,,,,,,,,,,,,,,,,,,,,,,,,,,,,,,,,,,,,,,,Unclear whether test access after 'claiming' requires name reservation; access rule confusion.
39649594,,,,,,,,,,,,,,,,,,,,,,,,,,,,,,,,,,,,,,,,,Test supposedly started but cannot log in; suggests game launched unfinished.
33711979,,,,,,,,,,,,,,,,,,,,,,,,,,,,,,,,,,,,,,,,,Very eager to play; thinks the game looks great.
31469631,,,Turn-based tactics with character ult animations; player prefers fully manual play and opposes auto-battle.,1.0,"Enjoys art, ult animations, music; suggests PvP and fast-clear but believes auto would reduce fun.",Requests adding PvP; suggests fast-clear/skip for cleared stages.,,,,,,,,,,,,,,,,,,,,,,,,,,,,,,,,,,,Notes some character art anatomy issues; requests better big-move animations and QoL like stage fast-clear; wants to keep manual tactics over auto.
30955641,,,,,,,,,,,,,,,,,,,,,,,,,,,,,,,,,,,,,,,,,UI readability poor; clickable vs non-clickable not distinct; battle chibis not centered on tiles; 3D scene weak though portraits are good.
30663699,,,,,,,,,,,,,,,,,,,,,,,,,,,,,,,,,,,,,,,,,
29825128,,,,,,,,,,,,,,,,,,,,,,,,,,,,,,,,,,,,,,,,,Music is good; asks launch timing.
28726311,,,"Grid-based, turn-based tactics with classes, skills, ultimates, and optional auto; boss stages and 'no-damage' challenge goals.",0.0,"Interesting bosses and added modules, but heavy performance issues, slow loads, and lack of higher battle speed undermine enjoyment.","Auto/proxy mode, boss mechanics, class roles (healer, light skirmisher), 'no-loss' achievements, exploration notes within stages.",1.0,"Tactical positioning and class usage matter, but AI target logic and performance drag the experience.",-2.0,"Severe stamina scarcity, low material drops, random weapon stat grind, sudden difficulty spikes, and long loading times stall progress.",,,,,"Tea/tea-ceremony (affection system), dispatch/commissions, exploration logs and codex completion.",False,1.0,"Secondary loops (tea for affection, dispatch) are straightforward to operate.",-1.0,Secondary loops focus on affection/lore; minimal core resource/material output compared to needs.,2.0,"Between tests, many changes and new modules/features were added.",,,,,,,,,,,,,,,,,-2.0,"Very slow loading, frequent stutter and overheating; emulator even crashed.",Performance/optimization issues; no sweep; UI misclicks; limited battle speed; random weapon stat system disliked; foreign relic in R-tier clashes with 'Chinese cultural relics' theme; event difficulty and reward pacing concerns.
29039355,,,"Turn-based SRPG with grid movement, skills, and ultimates; optional auto-battle.",1.0,Finds the system solid if complex; overall excited despite AI issues.,Auto-battle AI (currently weak).,0.0,Strategic elements exist but undermined by poor auto AI.,-1.0,Grindy progression with no sweep and scarce materials slows advancement.,,,,,,,,,,,,,,,,,,,,,,,,,,,,,,,Requests sweep for material farming; AI targeting/usage is poor.
26887733,,,"Grid-based turn-based tactics with skills, ultimates, and newly added auto-battle.",1.0,Auto-battle addition reduced grind; some presentation improved though issues remain.,"Auto-battle (but not quick battle), profession traits (not well expressed), skill animations.",0.0,Tactics exist but class identity/map reuse reduces depth.,-1.0,Still grindy due to lack of quick battle and weapon RNG system.,,,,,,,,,,,,,False,"High off-banner (discusses frequent 'displacement'), limited banners feel harder; no mention/experience of a hard pity.",,,,,,,,,,,,,,,,,Weapon system uses random affixes and feels punishing; rates feel low and off-banner is frequent.
28916415,,,,,,,,,,,,,,,,,,,,,,,,,,,,,,,,,,,,,,,,,
28844005,,,Turn-based tactics; ult animations per unit; line-of-sight/range checking.,0.0,Loves art/characters but finds playability low; combat presentation and targeting UX need work.,,,,,,,,,,,,,,,,,,,,,,,,,,,,,,,,,,,,Tutorial is info-dumpy; story pacing/antagonist weak; wants more historical integration; some ult effects feel abrupt; range UI inconvenient.
26829054,,,,,,,,,,,,,,,,,,,,,2.0,"Second test improved ult animations, UI feel, story controls, voicework, and more compared to first test.",,,,,,,,,1.0,"Test handed out many 10-pulls, but core upgrade resources remained tight.",,,,,,,,,"Card pool repeats/offs too often; 'Knowledge' (dupe/awakening) system too costly and nags; resources scarce; split-screen pauses commissions; QoL requests (speed in tutorials, better rewards claims); praises multilingual VO tied to relic origins."
28840843,,,Turn-based tactics with auto-battle option; 3D chibi battle presentation.,1.0,Enjoys visuals and is fine if auto can run; focuses more on economy/UX asks.,,,,-1.0,Stamina and coins feel tight; material costs high for upgrades.,,,,,,,,,,,,,,,,,,,,,,,,,,,,,,,"Requests many QoL (daily stamina/sign-in, clearer activity entry, consolidate modes); concerns about rarity assignment and male/female ratio."
26826531,,,Turn-based grid tactics with skills/ultimates; tutorial introduces skills and energy bars.,-1.0,Big-move visuals feel cheap; tutorial and UI make combat understanding clunky.,,,,-1.0,Low diamond income and grindy feel reduce motivation to progress.,,,,,,,,,,,,,,,,,,,,,-1.0,Weekly/daily premium currency feels low; welfare may not keep up.,,,,,,,,,Story intro/pacing confusing; UI flat and hard to read; art quality inconsistent; lacks live2D; needs sweep/auto; unclear skill descriptions; many UX suggestions.
28833492,,,Manual turn-based tactics on grids.,2.0,Even a self-described lazy player enjoys manual battles.,,,,-1.0,"Material drop quantities feel too low relative to needs, dampening motivation.",,,,,,,,,,,,,,,,,,,,,,,,,,,,,,,
28827816,,,"Turn-based tactics with skills/ults; multiple roles (sniper/healer, etc.).",1.0,Generally enjoys battles despite tough main stages; likes event battles and generous shop.,,,,-1.0,Main story difficulty spikes cause repeated retries and tight clears.,,,,,,,,,,,,,,,,,,,,,1.0,Event shop felt generous in test.,,,,,,,,,
28737167,,,Turn-based tactical battles; current loop feels repetitive.,-1.0,Says combat is single-note and gets boring without new mechanics.,Suggests adding new modes/mechanics within tactical battles to add variety.,,,,,,,,,,,,,,,,,,,,,,,,,,,,,,,,,,,Gacha presentation lacks excitement; high off-banner rate; wants richer antagonist and clearer lore.
28805319,,,Turn-based tactics; suggests QoL like double-tap basic attack and auto for mainline.,0.0,Core is fine but UI/UX and control pain points dull the experience.,Auto-battle request for mainline; input QoL (double-tap to basic attack).,,,,,,,,,,,,,,,,,,,,,,,,,,,,,,,,,,,Inconsistent character art quality; UI buttons too small and functions buried; single-pull lacks skip.
28820596,,,Turn-based SRPG; supports auto/proxy but current proxy AI is unreliable.,1.0,Enjoys the gameplay but says proxy AI must be able to replicate successful runs.,,,,,,,,,,,,,,,,,,False,No visible hard pity; user reports low rate with severe off-banner experience and suggests adding a newbie guaranteed high-rarity.,,,,,,,-1.0,Early progression rewards feel sparse; suggests guaranteed early high-rarity and a stable late-game income mode.,,,,,,,,,"Proxy AI frequently throws runs; some VO quality issues; wants clearer, more rewarding progression and pity."
28820206,,,Turn-based tactical system with many elements; includes auto and commission systems.,0.0,Complex and somewhat overwhelming; control mis-taps and AI behavior reduce satisfaction.,"Auto-battle AI, commissions, resource farming.",0.0,Has depth but onboarding and AI issues make it hard to leverage.,-1.0,Low drops and long battles make upgrades feel slow and effortful.,,,,,,,,,,,,,,,,,,,,,,,,,,,,,,,
28818666,,,Turn-based tactics with auto/proxy and commissions.,0.0,Enjoys variety of heroes but AI is frustrating; wants proxy to mimic prior successful runs.,,,,,,,,,,,,,,,,,,False,Player hasn’t seen a strong pity ('hard guarantee') and is concerned about lack of guarantee for featured units.,,,,,,,2.0,"Test was generous with daily 10-pulls, enabling broad roster sampling.",,,,,,,,,"Commissions can’t run while split-screening; some skills (dispel) feel useless; desire for story voice, base expansion, better affection content."
28817201,,,,,,,,,,,,,,,,,,,,,,,,,,,,,,,,,,,,,,,,,Likes the UI design; eager for public release.
28816739,,,Turn-based grid tactics with profession skills and aoe; chibi battle presentation.,1.0,Likes art and overall feel; annoyed by auto AI misusing AoE and some time-wasting map layouts.,"AoE targeting logic, profession skill identities, conservative map designs.",1.0,"Professions have distinct roles, but auto AI and some maps reduce tactical satisfaction.",,,,,,,,,,,,,,,,,,,,,,,,,,,,,,,,,Suggests expanding tea/affection system with more functionality.
28783659,,,,,,,,,-1.0,Material drops are very low; stamina insufficient to raise units early.,,,,,,,,,,,,,,,,,,,,,,,,,,,,,,,Wants split-screen allowed during commissions; praises art and loading screens.
28812321,,,,,,,,,-1.0,Stamina is too low and low-tier materials require too much farming.,,,,,,,,,,,,,,,,,,,,,,,,,,,,,,,"Requests more low-tier material sources, sweep/auto for chores, and a character reset/respec option."
28809447,,,,,,,,,,,,,,,,,,,,,,,,,,,,,,,,,,,,,,,,,
28754036,,,Turn-based battles with manual/auto options; team is limited by stage-specific lineup restrictions; multi-wave encounters.,0.0,"Standard turn-based loop feels okay but many UX frictions: lineup restriction feels bad, lack of wave indicators, unclear status/attribute info, auto can’t use some class skills.",Lineup restrictions in certain stages; multi-wave indicators (requested); class skills for roles like Light/Guard; status buffs/debuffs visibility; attributes like speed vs action order.,0.0,"Some tactical layers exist (classes, waves, attributes), but execution/UX issues reduce practical depth.",-1.0,Stamina sources are few and recovery is slow; event exchanges tedious; restrictions disrupt smooth progression.,,,,,Dispatch/escort missions where an NPC must reach an area; auto resolves but waits after enemies are cleared.,False,0.0,"Concept is simple but auto wastes turns after combat, making it feel tedious.",,,,,,,,,1.0,"Playable even when unlucky; low-rarity units are easier to upgrade, enabling progress without top pulls.",-1.0,Stamina purchases feel required due to limited recovery and few sources.,,,,,,,,,,,"UI visibility issues (buttons blend with background, challenge entry not obvious); gacha skip speed too slow; lack of wave count display; attribute and weapon skill descriptions missing; status effects not clearly shown during battle; auto for some classes can’t fire skills; dispatch auto waits multiple idle turns; event shop only allows single exchanges; inconsistent terminology (magic vs construct)."
28799856,,,,,,,,,-1.0,Early level cap and breakthrough flow are confusing; need level-30 materials from low-level runs with RNG; no sweep and commission extends grind; performance lag/heating.,,,,,,,,,,,,,,,,,,,,,,,,,,,,,,,"Tutorial is overly long with no skip; needs sweep instead of commission; optimization issues (heating, stutter); unclear if there is a reset/respec system."
26854371,,,Grid-based tactics with class skills and terrain interaction; cinematic ult skills.,1.0,Skills and ult animations are engaging; mode offers a good tactical loop.,Terrain effects; auto mode (initially missing) and later added; stage challenges.,1.0,Terrain and class skills create tactical variation beyond basic moves.,,,,,,,,,,,,,1.0,Second test added auto and events; stability and content improved.,,,,,,,,,1.0,Event rewards are quite rich in the second test.,,,,,,,,,Early lack of auto and unskippable skill animations increased time cost; ascension also consumes currency; intrusive red dots; stage challenge entry not prominent.
28744068,,,,,,,,,-1.0,Difficulty feels high early and stamina scarcity slows resource collection.,,,,,,,,,,,,,,,,,,,,,,,,,,,,,,,Split-screen/picture-in-picture interrupts battles; returning to the game can freeze the UI; story feels cliché.
28796923,,,,,,,,,-1.0,Progression feels grindy without sweep; high time cost per run.,,,,,,,,,,,,,,,,,,,,,,,,,,,,,,,
28796761,,,,,,,,,-1.0,"Stamina recovery is slow and material yield is low, making growth inconvenient.",,,,,,,,,,,,,,,,,,,-1.0,Multiple monetization pressure points implied through stamina/material bottlenecks.,,,,,,,,,,,Consider respec/refund for mis-invested units; clarify duplicate handling after max knowledge; request wave display; some evolved art quality lags.
28789338,,,,,,,,,-1.0,"Material drops are low and stamina pool is small, limiting runs.",,,,,,,,,,,,,,,,,,,,,,,,,,,,,,,
26780264,,,"Tactical grid-based combat with revised, smaller-range skill effects.",1.0,Visual/skill changes improved clarity and feel.,,,,,,,,-1.0,"Some roles/characters have overly similar skills, risking unused characters later.",,,,,,,,,,,,,,,,,,,,,,,,,,,Inconsistent evolved art quality; hopes for universal Live2D on evolved art.
28785496,,,,,,,,,-1.0,Stamina sources are limited for daily play.,,,,,,,,,,,,,,,,,,,,,,,,,,,,,,,"Knowledge upgrade costs too high; UI prioritizes gacha over growth; multi-step claim for tasks; audio desync on attacks; auto AI targets poorly (e.g., snipers into shields, mages into mages); wave count not shown; desire for more home customization."
28783293,,,,,,,,,,,,,,,,,,,,,,,,,,,,,,,,,,,,,,,,,Feels unlucky with off-banner reds and late pity triggers; overall rates feel similar to peers but personal experience is poor.
28734647,,,,,,,,,-1.0,Very limited stamina (few canisters) constrains play and grind.,,,,,Base system focused on tea/tea room interactions.,False,1.0,Secondary/base loop is simple and sparse (mostly tea).,,,,,,,,,,,,,,,,,,,,,,,Commission AI can’t replicate player runs; base system feels too simple with just tea.
28780086,,,,,,,,,-1.0,Slow stamina recovery and many resource types make early progression tough; hidden challenges/ratings raise entry difficulty.,,,,,,,,,,,,,,,,,,,,,,,,,,,,,,,Red dot bug in tea feature; class-specific drops vary unexpectedly; wants true sweep; confusing extra recruitment (征召) meaning; home layout prioritization; can’t buy stamina from pre-stage; small simplified material icons; onboarding to resource uses is weak; healer + self-damage DPS synergy noted.
28777963,,,,-2.0,Auto ‘sweep’ replays full fights instead of instant sweep; frustration with class usefulness.,,,,,,-2.0,Perceived uselessness of Shield and Strategy classes outside of art.,,,,,,,,,,,,,,,,,,,,,,,,,,,,,Requests true sweep rather than auto-replay.
28724893,,,,-1.0,Battle models/effects feel rough and less polished than genre leaders.,,,,-1.0,"Early difficulty spike (e.g., 3-4) with high enemy HP/attack.",,,,,,,,,,,,,,,,,,,,,,,,,,,,,,,Requests better battle modeling/effects and smoother combat flow.
28773334,,,,,,,,,,,,,,,,,,,,,,,,,,,,,,,,,,,,,,,,,"Requests: toggle for ult animations; remove persistent red dots; skip for recruitment lock; cheaper knowledge cost for low-rarity; true one-tap claim across layers; smarter protection mechanics; more distinctive jump values by class; don’t pause draws on notification shade; smarter auto before spending ults; multiple bugs (roster slot placement, tea type mismatch, missing currency display, commission aborted by split-screen, protection stages wait for evac, cannot cancel aim, occasional missing kill voice); suggest clearer stage challenges, gentler difficulty curve, and simplified class counters."
28770532,,,,-1.0,Effects need polish; frequent mis-taps leading to unintended standby.,,,,,,,,,,,,,,,,,,,,,,,,,,,,,,,,,,,,Skill and standby buttons too easy to mis-tap.
26855011,,,,,,,,,-1.0,High stamina costs and early-stage consumption discourage early progression.,,,,,,,,,,,,,,,,,,,,,,,,,,,,,,,"Clicks sometimes unresponsive; auto AI too weak; difficulty oscillates; repetitive perfect conditions (e.g., kill two simultaneously); frequent off-banner pulls."
28768366,,,,,,,,,-1.0,Frequent stamina shortages impede progress.,,,,,,,,,,,,,,,,,,,,,,,,,,,,,,,
26867540,,,,,,,,,-1.0,Materials are slow to farm even with 2x; story isn’t engaging.,,,,,,,,,,,,,,,,,,,,,,,,,,,,,,,Some evolved art faces feel off; UI cluttered; add voices for damage/ult moments; audio volume bug (ult volume unaffected by global); gameplay feels tiring even with auto; concerns about limit-test distribution ethics.
28759261,,,,,,,,,-1.0,Stamina is scarce and commission auto feels bad.,,,,,,,,,,,,,,,,,,,,,,,,,,,,,,,Suggest removing random weapon affixes; commission auto-battle logic is poor.
28754919,,,,,,,,,-1.0,Stages feel too tedious and time-consuming.,,,,,,,,,,,,,,,,,,,,,,,,,,,,,,,
28715221,,,,,,,,,-1.0,Complex growth with many materials and slow drops; difficulty spikes from chapter 3.,,,,,,,,,,,,,,,,,,,,,,,,,,,,,,,Story feels ordinary; documentation/education on artifacts is a plus.
28753698,,,,,,,,,,,,,,,,,,,,,,,,,,,,,,,,,,,,,,,,,
28726695,,,,,,,,,-1.0,"Battle is complex, auto is not smart, and leveling gates are severe with scarce funds.",,,,,,,,,,,,,,,,,,,,,,,,,,,,,,,New player guidance is weak; many features require trial-and-error.
28733227,,,,,,,,,-1.0,Low stamina impedes early grind.,,,,,,,,,,,,,,,,,,,,,,,,,,,,,,,Request to keep player gender ambiguous; unclear material sources (needs jump-to); split-screen interrupts commission; wants sweep; consider using player name instead of 'Collector'.
28751017,,,,,,,,,-1.0,Difficulty spikes in chapter 2 while growth is already complex.,,,,,,,,,,,,,,,,,,,,,-1.0,"Closed test rewards feel stingy (e.g., survey only gives coins; no generous pulls).",,,,,,,,,Story lacks hooks and is mixed with tutorials; wants class counters/backstab; frequent mis-taps; prefers commission at 3x and to mirror player run; improve high-rarity draw animations.
28750153,,,,0.0,"Classes feel interesting and animations cute, but battle pace is slow and forced replaying hurts flow.",,,,-1.0,Stamina sources are few; growth systems feel messy/unclear.,,,,,,,,,,,,,,,,,,,,,,,,,,,,,,,UI practicality issues; limited voice; uneven evolved art quality; high-rarity draw lacks impact; forced 'watching replays' instead of sweep; optimization causes heating.
28748011,,,,,,,,,,,,,,,,,,,,,,,,,,,,,,,-1.0,"No newbie high-rarity guarantee and stingy early rewards (7-day SR, survey only coins).",,,,,,,,,Tutorial mixed into story; text size too small; battle loop not engaging to non-tactics fans.
28744313,,,,,,,,,-1.0,Complex growth and lack of sweep make farming tedious.,,,-1.0,Treating class skills as actives reduces role differentiation and variety.,,,,,,,,,,,,,,,,,,,,,,,,,,,Unnecessary battle confirmations; task claim UX requires multiple taps; intrusive red dots; story/tutorial integration issues; request player gender selection or full ambiguity.
28744044,,,,,,,,,-1.0,"Mainline lacks auto and difficulty spikes (e.g., 2-11) hinder smooth progress.",,,,,,,,,,,,,,,,,,,,,,,,,,,,,,,Battles take long; early bosses interesting; some art quality concerns.
28741486,,,,,,,,,-1.0,Difficulty jumps (stuck at 2-3) despite welfare.,,,,,,,,,,,,,,,,,,,,,1.0,Developers sent 200 stamina and welfare feels okay overall.,,,,,,,,,Cannot freely adjust camera; tapping small enemies is hard.
28741051,,,,,,,,,,,,,,,,,,,,,,,,,,,,,,,-1.0,Too few freebies/premium currency; cannot recharge in test yet blocks stamina purchases.,,,,,,,,,Stage rewards give very little premium currency.
28738920,,,,-1.0,"Battle, UI, and story feel messy/chaotic, hurting immersion.",,,,,,,,,,,,,,,,,,,,,,,,,,,,,,,,,,,,Elements are small/cluttered; hard to focus on gameplay.
28738505,,,,,,,,,,,,,,,,,,,,,,,,,,,,,,,-2.0,"Very stingy test rewards, barely any pulls; forced to use starters through chapter 3.",,,,,,,,,Complaints about overall stinginess and lack of gacha access during test.
28737313,,,,,,,,,,,,,-1.0,Skills across roles feel very similar; stealth enemies harm experience.,,,,,,,,,,,,,,,,,-1.0,Closed test welfare is too stingy (only ~1 ten-pull/day; no newbie ten-pull).,,,,,,,,,Player gender presentation conflicts with claimed ambiguity; perceived platform favoritism; cumbersome enemy info; request tutorial skip.
28735083,,,,,,,,,,,,,,,,,,,,,,,,,,,,,,,,,,,,,,,,,Voice acting feels awkward.
28734256,,,,-1.0,Operations are cumbersome and ult animations cannot be skipped.,,,,-1.0,Growth is overly complex and demotivating.,,,,,,,,,,,,,,,,,,,,,,,,,,,,,,,No story replay; low-rarity pool feels too small and repetitive.
28734263,,,,,,,,,,,,,,,,,,,,,,,,,,,,,,,,,,,,,,,,,Battle interaction needs polish; post-claim UI delays before closing.
28733984,,,,,,,,,-1.0,Overall experience feels exhausting/grindy.,,,,,,,,,,,,,,,,,,,,,,,,,,,,,,,
28733563,,,,,,,,,,,,,,,,,,,,,,,,,,,,,,,,,,,,,,,,,
28730920,,,,,,Grid tactics with thoughtful planning; optional auto exists; multiple settings could simplify UI.,1.0,Meaningful planning makes it engaging when hand-controlled.,-1.0,"Stamina is limited, restricting playtime.",,,,,,,,,,,,,,,,,,,,,,,,,,,,,,,UI is cluttered; request better simplicity and clarity; gender ratio concerns (avoid male-heavy or ‘moe’ tilt).
28729808,,,,,,,,,,,,,,,,,,,,,,,,,,,,,,,,,,,,,,,,,
28729602,,,,,,,,,,,,,,,,,,,,,,,,,,,,,,,,,,,,,,,,,
28729245,,,,,,,,,,,,,,,,,,,,,,,,,,,,,,,,,,,,,,,,,
28728938,,,,,,,,,-1.0,Character growth feels too fragmented/complex.,,,,,,,,,,,,,,,,,,,,,,,,,,,,,,,
28728811,,,,,,,,,,,,,,,,,,,,,,,,,,,,,,,,,,,,,,,,,Username flagged as sensitive despite being benign; filter may be too strict.
28728539,,,,,,,,,,,,,,,,,,,,,,,,,,,,,,,,,,,,,,,,,City map looks low-res; app logs out quickly when backgrounded.
28728411,,,,-1.0,Battle lacks immersion and feels repetitive even with speed/auto.,,,,-1.0,Too many material types with stamina limits and hidden achievements that are hard early.,,,,,,,,,,,,,,,,,,,,,,,,,,,,,,,Story average; UI messy; hidden achievements tuned for later; heavy time cost.
28728357,,,,,,,,,,,,,-1.0,Skills across characters feel too similar.,,,,,,,,,,,,,,,,,,,,,,,,,,,
28728007,,,,-1.0,Battle animations feel weak.,,,,,,,,,,,,,,,,,,,,,,,,,,,,,,,,,,,,
28727235,,,,,,,,,,,,,,,,,,,,,,,,,,,,,,,,,,,,,,,,,Request to add sweep for cleared material stages.
28725106,,,,-1.0,Combat feels generic and lacks novelty.,,,,,,,,,,,,,,,,,,,,,,,,,,,,,,,,,,,,
28724680,,,,,,,,,,,,,,,,,,,,,,,,,,,,,,,,,,,,,,,,,
28724353,,,,,,,,,,,,,,,,,,,,,,,,,,,,,,,,,,,,,,,,,Cannot view full-body artwork in a gallery/inspection mode.
28723982,,,,,,,,,,,,,,,,,,,,,,,,,,,,,,,,,,,,,,,,,
28723949,,,,,,,,,,,,,,,,,,,,,,,,,,,,,,,,,,,,,,,,,
28719119,,,,,,,,,,,,,,,,,,,,,,,,,,,,,,,,,,,,,,,,,
28714469,,,,,,,,,,,,,,,,,,,,,,,,,,,,,,,,,,,,,,,,,
28710834,,,,,,,,,,,,,,,,,,,,,,,,,,,,,,,,,,,,,,,,,
28710818,,,,,,,,,,,,,,,,,,,,,,,,,,,,,,,,,,,,,,,,,
28705848,,,,,,,,,,,,,,,,,,,,,,,,,,,,,,,,,,,,,,,,,
28672060,,,,,,,,,,,,,,,,,,,,,,,,,,,,,,,,,,,,,,,,,
28633333,,,,,,,,,,,,,,,,,,,,,,,,,,,,,,,,,,,,,,,,,
28098954,,,,,,,,,,,,,,,,,,,,,,,,,,,,,,,,,,,,,,,,,
27015960,,,,,,,,,,,,,,,,,,,,,,,,,,,,,,,,,,,,,,,,,Wants auto-battle; requests adjusting chibi animations (less ‘dancing’).
26912834,,,,,,,,,,,-1.0,"Some units feel poorly designed or outclassed (e.g., Wu King’s spear passive confusing; ‘Chatter Stele’ underpowered vs high-rarity alternatives).",,,,,,,,,,,,,,,,,,,,,,,,,,,,,Requests not to require star ascension; plays for favorite characters despite balance concerns.
26907910,,,,,,,,,,,-1.0,Red tank balance questionable vs other tanks; ‘true damage’ feels meaningless due to calculation; sniper class penalty feels too harsh.,-1.0,Skill repetition across roles reduces uniqueness; resource bottlenecks limit roster variety.,,,,,,,,,,,,,,,,,,,,,,,,,,,Suggests equipment substat reroll or limited reforge; reduce/convert material types; auto unlock after first clear; training difficulty too high in test.
26902586,,,,-1.0,Combat feels cumbersome with bland hit sounds and incomplete-feeling ult animations; some classes feel low impact; high skill repetition.,,,,,,,,-1.0,"Many roles share similar skills, reducing distinctiveness.",,,,,,,,,,,,,,,,,,,,,,,,,,,Auto exists but AI priorities unclear; optimization and pacing concerns.
26897806,,,,,,,,,,,,,,,,,,,,,,,,,,,,,,,1.0,Welfare felt decent in the first test.,,,,,,,,,Gacha rates feel too low with frequent dupes.
26835616,,,,-1.0,No auto/sweep and tight grids cause eye strain; ult lacks cinematic; heating reported.,,,,-1.0,Too many materials required for growth; grind heavy without automation.,,,,,,,,,,,,,,,,,,,,,,,,,,,,,,,Unsure about attribute counters; story lacks live2D; Q-version scale vs grid density strains eyes.
26892049,,,,-1.0,Ult animation feels awkward with many black-screen transitions.,,,,,,,,,,,,,,,,,,,,,,,,,,,,,,,,,,,,UI and text are too small for comfort.
26891602,,,,-1.0,Current skill effects feel cheap; clarity issues with active unit and buff stacks.,,,,,,,,,,,,,,,,,,,,,,,,,,,,,,,,,,,,"Requests sweep, default 2x, larger clickable areas, clearer current unit highlighting, and better on-phone tap targets."
26837073,,,,-1.0,No auto and crowded grids make combat visually tiring; ult lacks animation impact.,,,,-1.0,Many materials to farm without automation increases grind and time cost.,,,,,,,,,,,,,,,,,,,,,,,,,,,,,,,Phone heats up; unsure about attribute counters; story feels generic; likes artifact presentation and audio.
26889236,,,,-1.0,Average-feeling combat; needs skip for skill animations and persistent 2x speed option.,,,,,,,,,,,,,,,,,,,,,,,,,,,,,,,,,,,,Wants clearer unique mechanics to stand out from peers; story didn’t hold interest.
26888562,,,,,,,,,,,,,,,,,,,,,,,,,,,,,,,,,,,,,,,,,
26888059,,,,-1.0,Chibi ult looks rough and battle pacing drags without automation.,,,,-1.0,Complex drop tables and no auto make material farming tedious.,,,,,,,,,,,,,,,,,,,,,,,,,,,,,,,Story feels standard; wants more character interactions.
26887984,,,,,,,,,-1.0,"Hard growth, unreasonable drops vs stamina; no auto to ease grind.",-1.0,Tank role impact feels low; role balance needs work.,-1.0,"Skills are repetitive across classes, reducing variety.",,,,,,,,,,,,,,,,,,,,,,,,,,,Map cluttered with no zoom; battery drain is heavy; frequent mis-taps.
26887938,,,,,,,,,,,,,,,,,,,,,,,,,,,,,,,,,,,,,,,,,Request to add a skip toggle for ult animations.
26887612,,,,,,,,,-1.0,Ascension materials recommend higher levels than current team; many materials and random gear stats make growth slow.,,,,,,,,,,,,,,,,,,,,,,,,,,,,,,,Random weapon substats disliked; mis-taps between skill and standby; story uses common tropes (amnesia).
26887480,,,,,,,,,-1.0,"Confusing onboarding/tutorial, lack of skip and better battle speed, and heavy grind make progression tiring.",,,,,,,,,,,,,,,,,,,,,,,,,,,,,,,Controversial operations/community tone; tutorial is messy; lacks skip/high-speed options; very grindy.
26886989,,,,,,,,,,,,,,,,,,,,,,,,,,,,,,,,,,,,,,,,,
26886957,,,Turn-based tactics (war chess); concern about autoplay making it a passive watch.,-1.0,Fears forced autoplay will reduce engagement to watching replays in long battles.,Manual play first clear; allow auto/skip only after clearing for material farming.,,,,,,,,,,,,,,,,,,,,,,,,,,,,,,,,,,,
26886227,,,,1.0,Smooth operation and strong BGM; Q-style ult presentation feels abrupt.,,,,-1.0,Later-stage difficulty spikes may deter less-invested players.,,,,,,,,,,,,,,,,,,,,,,,,,,,,,,,
26886269,,,Turn-based tactics with many systems and materials.,-1.0,"Too many upgrade materials with RNG drops, no sweep, and no early auto; quickly hit a wall.",Complex systems for upgrades/material farming.,0.0,Perceived complexity but not evaluated as deep.,-1.0,Early progression blocked by RNG material drops and lack of auto/sweep.,,,,,,,,,,,,,,,,,,,,,,,,,,,,,,,
26885468,,,,,,,,,,,,,,,,,,,,,,,,,,,,,,,,,,,,,,,,,
26885222,,,,,,,,,,,,,,,,,,,,,,,,,,,,,,,,,,,,,,,,,
26885103,,,,,,,,,,,,,,,,,,,,,,,,,,,,,,,,,,,,,,,,,Limited access test yet download left open; users download but cannot play.
26884571,,,"Turn-based tactics with player turns, ult animations, and positional play; suffers from small visuals, easy mis-taps, and no undo.",0.0,"Good story/music but UX limits combat (small scale, mis-taps); no undo; ult CG lacks skip.",,,,-1.0,Breakthrough material stages are too hard and rely on RNG; no auto/sweep; level-up stuck at 30.,,,,,Dispatch missions on the world map; weapon acquisition via order-like activities; archive interactions.,False,,,,,,,,,,,,,,,,,True,National Treasure (Chinese TV program) collaboration; emphasizes cultural relics IP.,1.0,Theme and official tie-in reinforce the relic personification concept but not deeply expressed in gameplay systems.,,,,,Wants zoom and per-turn character focus; add undo; improve history review access; add friend assist; separate voice unlock from level; consider de-emphasizing rarity; avoid PvP; add sweep and more weapon acquisition modes.
26831849,,,Turn-based tactics; moderate difficulty; smooth with no lag.,1.0,Good performance and responsive controls.,,,,,,,,,,,,,,,,,,,,,,,,,,,,,,,,,,,,Story touch input sometimes delayed; gacha felt generous in test; no intrusive monetization pop-ups observed.
26884541,,,"Simplified, newcomer-friendly turn-based tactics.",1.0,Approachable tactics gameplay.,,,,-1.0,Big jumps at level 30/50 material stages; RNG material/dispatch rewards hinder steady progress.,,,,,,,,,,,,,,,,,,,,,,,,,,,,,,,Material drops for breakthroughs need pity; weapons need reroll/transfer; dispatch rewards feel RNG; tutorial could better explain enemy traits; double-UP banner criticized.
26884508,,,,,,,,,,,,,,,,,,,,,,,,,,,,,,,,,,,,,,,,,Requires registration/qualification despite open download.
26884351,,,,,,,,,,,,,,,,,,,,,,,,,,,,,,,,,,,,,,,,,Ult animations feel low-quality and cannot be turned off individually; hopes launch gacha pool isn’t stingy.
26883417,,,,,,,,,,,,,,,,,,,,,,,,,,,,,,,,,,,,,,,,,Asks how to obtain test qualification.
26883034,,,Turn-based tactics with ult animations; suggests richer terrain using jump mechanics shown for light units.,0.0,Core gameplay feels too standard; lacks auto/chain battle or sweep for farming.,Terrain interaction (unit jump) potential; requests chain-battle or sweep over passive auto.,0.0,Current tactical layer feels conventional; asks for more distinctive mechanics.,,,,,,,,,,,,,,,,,,,,,,,,,,,,,,,,,Hide story replay under tiny arrow; needs per-ult skip/daily-first-show; no rate/UP disclosure; overheating and post-ult damage number stutter; overall gameplay mid while art is excellent.
26882131,,,,,,,,,,,,,,,,,,,,,,,,,,,,,,,,,,,,,,,,,Game requires test qualification to play.
26881599,,,,0.0,Targeting enemies can be difficult when units are clustered; occasional missed taps.,,,,,,,,,,,,,,,,,,,,,,,,,,,,,,,,,,,,Strong Live2D art and character writing; limited story chapters so far.
26881528,,,,,,,,,,,,,,,,,,,,,,,,,,,,,,,,,,,,,,,,,3D/Chibi modeling quality criticized.
26880242,,,,,,,,,,,,,,,,,,,,,,,,,,,,,,,,,,,,,,,,,Marketing created high expectations; warns of potential rating drop if launch quality doesn’t match hype.
26865371,,,Turn-based tactics with 2x speed; lacks auto and sweep.,-1.0,Needs 3x speed; no auto; farming same stage is time-consuming.,,,,-2.0,"Random breakthrough material drops, huge stage level gaps (e.g., jump to ~31), and no auto/sweep block progress.",,,,,,,,,,,,,,,,,,,,,,,,,,,,,,,Wants story collection/recap; story clarity/VO lacking (test); suggests auto/chain battle/sweep; asks handling of duplicate characters.
26877141,,,Combat is standard turn-based battling.,-1.0,Feels old/derivative; requests auto and sweep to enjoy character art.,,,,,,,,,,,,,,,,,,,,,,,,,,,,,,,,,,,,
26876506,,,Turn-based tactics; feels basic and unoriginal.,-1.0,Core tactics feel primitive; clunky operations requiring double taps.,,,,,,,,,,,,,,,,,,,,,,,,,,2.0,Daily free 10-pull and high early-test SSR rates plus multiple login rewards.,,,,,,,,,
26876525,,,,,,,,,,,,,,,,,,,,,,,,,,,,,,,,,,,,,,,,,Ult cutscene framing issues (heads cut off); tutorial unclear; requests balanced gender distribution.
26876255,,,,,,,,,,,,,,,,,,,,,,,,,,,,,,,,,,,,,,,,,
26875581,,,Turn-based tactics with clunky input (often requires double taps).,-1.0,Poor feel and tedious interactions; unengaging main story.,,,,,,,,,,,,,,,,,,,,,,,,,,,,,,,,,,,,
26874981,,,,-1.0,"Chibi models and VFX look low quality; forced tutorial overlapped with sign-in pop-up, blocking progress; auto present but not implemented.",,,,,,,,,,,,,,,,,,,,,,,,,,,,,,,,,,,,Tutorial/UX bug with overlapping pop-ups; Q-style models/VFX blurry/dated; auto not available yet.
26874595,,,,,,,,,,,,,,,,,,,,,,,,,,,,,,,,,,,,,,,,,Test build has some bugs; hopes for quality improvements at launch.
26874066,,,,0.0,2x speed setting doesn’t persist; chibi and ult animation quality underwhelms but skippable.,,,,,,,,,,,,,,,,,,,,,,,,,,,,,,,,,,,,Speed preference not saved between battles.
26872253,,,,,,,,,,,,,,,,,,,,,,,,,,,,,,,,,,,,,,,,,Questionnaire felt overbearing; limited-time exclusive cosmetics criticized; concerns about long-term commitment.
26829153,,,,-1.0,Ult animations too long; lacks one-time-per-day option; no auto/sweep makes farming too time-consuming; UI interactions need polish.,,,,,,,,,,,,,,,,,,,,,,,,,,,,,,,,,,,,Improve tutorial; diversify art style/backgrounds; disclose gacha pool and rates; add artifact-specific side stories.
26871062,,,Turn-based tactics (war chess).,-2.0,Strong dislike of the war chess genre choice.,,,,,,,,,,,,,,,,,,,,,,,,,,,,,,,,,,,,
26870382,,,,,,,,,,,,,,,,,,,,,,,,,,,,,,,,,,,,,,,,,Requests an invite/code for test access.
26870265,,,,,,,,,,,,,,,,,,,,,,,,,,,,,,,,,,,,,,,,,
26870044,,,,,,,,,,,,,,,,,,,,,,,,,,,,,,,,,,,,,,,,,Limited test but openly downloadable; concerns about community climate.
26869667,,,,,,,,,,,,,,,,,,,,,,,,,,,,,,,,,,,,,,,,,Open download during limited test criticized as inflating downloads/benefiting scalpers.
26869604,,,,,,,,,,,,,,,,,,,,,,,,,,,,,,,,,,,,,,,,,Negative reaction to perceived unfair/opaque operations.
26869174,,,,,,,,,,,,,,,,,,,,,,,,,,,,,,,,,,,,,,,,,Long-standing reservation/expectation; missed questionnaire-based qualification.
26869023,,,,,,,,,,,,,,,,,,,,,,,,,,,,,,,,,,,,,,,,,Complaint about limited-time exclusives tied to questionnaire and inconsistent qualification criteria.
26868762,,,,,,,,,,,,,,,,,,,,,,,,,,,,,,,,,,,,,,,,,Asks how to obtain internal test qualification.
26868343,,,,,,,,,,,,,,,,,,,,,,,,,,,,,,,,,,,,,,,,,Open download but blocked by qualification requirement.
26868279,,,,,,,,,,,,,,,,,,,,,,,,,,,,,,,,,,,,,,,,,Perceives the test as funneling/screening fans ('筛粉养蛊').
26868249,,,,,,,,,,,,,,,,,,,,,,,,,,,,,,,,,,,,,,,,,Allowed to download/register but cannot play without qualification.
26867931,,,,,,,,,,,,,,,,,,,,,,,,,,,,,,,,,,,,,-1.0,Installer about 1 GB; user felt data was wasted due to access block.,,,Open download despite access requirement; plans to revisit when qualified.
26867784,,,,,,,,,,,,,,,,,,,,,,,,,,,,,,,,,,,,,,,,,"Praised UI, art, music, artifact-persona idea, certain level design (2-13), and the archive."
26866262,,,,,,,,,,,,,,,,,,,,,,,,,,,,,,,,,,,,,,,,,
26827722,,,Turn-based tactics; repeated material farming; no auto.,-1.0,No auto makes repeated farming exhausting; input lag and mis-taps due to confirm/skill proximity.,,,,,,,,,,,,,,,,,,,,,,,,,,,,,,,,,,,,UI needs optimization; requests auto in next test.
26866061,,,,,,,,,,,,,,,,,,,,,,,,,,,,,,,,,,,,,,,,,Disappointed by chibi 2D presentation; no desire to continue.
26865491,,,,,,,,,,,,,,,,,,,,,,,,,,,,,,,,,,,,,,,,,Open download despite internal test qualification requirement.
26864083,,,Turn-based tactics; auto exists but disabled in test.,1.0,"Enjoyable art/BGM and overall experience, though input lag and button proximity cause mis-presses.",,,,-1.0,Difficulty spikes are too large; requests reduced difficulty.,,,,,,,,,,,,,,,,,,,,,,,,,,,,,,,Only ~22 characters in test; high apparent gacha rate (test-only); no JP dub (positive for some); may have dialect VOs; potential skins; wants auto enabled.
26860691,,,,,,,,,,,,,,,,,,,,,,,,,,,,,,,,,,,,,,,,,Critiques the fan-circle environment around the game.
26860562,,,,,,,,,,,,,,,,,,,,,,,,,,,,,,,,,,,,,,,,,Feels misled; complains about wasted data.
26859668,,,,,,,,,,,,,,,,,,,,,,,,,,,,,,,,,,,,,,,,,Could not register; qualification requirement not clearly visible (buried in announcements).
26859559,,,,,,,,,,,,,,,,,,,,,,,,,,,,,,,,,,,,,,,,,Allows download but blocks play; expected rating drop.
26859444,,,,,,,,,,,,,,,,,,,,,,,,,,,,,,,,,,,,,,,,,Frustration about data usage due to access block.
26859191,,,,,,,,,,,,,,,,,,,,,,,,,,,,,,,,,,,,,,,,,Anger at limiting access while leaving download open.
26858367,,,,,,,,,,,,,,,,,,,,,,,,,,,,,,,,,,,,,,,,,Open download during limited access seen as deceptive and poor ops quality.
26858088,,,,,,,,,,,,,,,,,,,,,,,,,,,,,,,,,,,,,,,,,Found the experience boring.
26857748,,,,,,,,,,,,,,,,,,,,,,,,,,,,,,,,,,,,,,,,,Asks whether the test crashed; notes Bilibili rating is high.
26857117,,,,,,,,,,,,,,,,,,,,,,,,,,,,,,,,,,,,,,,,,First time seeing limited test with open download; poor flow (download/register then blocked).
26857017,,,,,,,,,,,,,,,,,,,,,,,,,,,,,,,,,,,,,,,,,
26856983,,,,,,,,,,,,,,,,,,,,,,,,,,,,,,,,,,,,,,,,,Open download despite being unable to play; wastes time/data.
26855428,,,,,,,,,,,,,,,,,,,,,,,,,,,,,,,,,,,,,,,,,Art great; big map stylish but navigation unclear; equipment has appearances; writing feels nonsensical; needs script polish.
26853016,,,,,,,,,,,,,,,,,,,,,,,,,,,,,,,,,,,,,,,,,Enable auto earlier for casual players; story not engaging and lacks Live2D; disclose gacha probabilities and pool contents; artifact gallery is a highlight.
26829426,,,Turn-based tactics; repeated farming required.,-1.0,No auto/sweep after clear; ult cannot be skipped; some touch/click issues.,,,,,,,,,,,,,,,,,,,,,,,,,,,,,,,,,,,,Tutorial incomplete; artifact archive well-done; BGM acceptable.
26851002,,,,,,,,,,,,,,,,,,,,,,,,,,,,,,,,,,,,,,,,,Blocked by no qualification despite download.
26850647,,,,,,,,,,,,,,,,,,,,,,,,,,,,,,,,,,,,,,,,,
26850576,,,,,,,,,,,,,,,,,,,,,,,,,,,,,,,,,,,,,,,,,Strongly negative impression.
26850528,,,,,,,,,,,,,,,,,,,,,,,,,,,,,,,,,,,,,,,,,Criticizes perceived 'hunger marketing.'
26850460,,,,,,,,,,,,,,,,,,,,,,,,,,,,,,,,,,,,,,,,,Open download during limited test seen as farming traffic.
26850063,,,,,,,,,,,,,,,,,,,,,,,,,,,,,,,,,,,,,,,,,Store shows 'trial' but access blocked due to lack of qualification.
26849844,,,,,,,,,,,,,,,,,,,,,,,,,,,,,,,,,,,,,,,,,Downloaded but cannot play.
26849348,,,,,,,,,,,,,,,,,,,,,,,,,,,,,,,,,,,,,,,,,Limited test yet open download; criticized.
26849304,,,,,,,,,,,,,,,,,,,,,,,,,,,,,,,,,,,,,,,,,Sarcastic remark about collusion with carriers due to data wastage.
26848760,,,,,,,,,,,,,,,,,,,,,,,,,,,,,,,,,,,,,,,,,Aware it’s a qualification test; still criticizes open download.
26847820,,,Turn-based tactics; story has speed and skip; no auto/sweep.,0.0,Addictive first tactics experience but lacks auto/sweep.,,,,-1.0,Stuck at 2-3; progression gated without auto/sweep and more resources.,,,,,,,,,,,,,,,,,,,,,,,,,,,,,,,Manual taps sometimes feel unresponsive.
26847450,,,,,,,,,,,,,,,,,,,,,,,,,,,,,,,,,,,,,,,,,Open download but access locked by qualification.
26847359,,,,,,,,,,,,,,,,,,,,,,,,,,,,,,,,,,,,,,,,,Questionnaire selection + limited test + open download + homepage feature + exclusive cosmetics felt off-putting.
26846640,,,,,,,,,,,,,,,,,,,,,,,,,,,,,,,,,,,,,,,,,Pushback against gatekeeping new players; notes marketing emphasized relic IP over gameplay.
26846495,,,,,,,,,-1.0,No auto leads to grindy experience; would re-evaluate if auto is added.,,,,,,,,,,,,,,,,,,,,,,,,,,,,,,,Art praised; lack of auto makes it grindy.
26803651,,,Turn-based tactics; initially tough for non-genre players but becomes manageable.,1.0,Enjoyable art and improved comfort with gameplay; some device heating.,,,,,,,,,,,,,,,,,,,,,,,,,,,,,,,,,,,,Phone heating observed in test.
26846167,,,Turn-based tactics; movement/skill constraints (must move before melee skill); auto not yet open.,1.0,Likes war chess and production values; controls feel a bit clumsy.,Team of six; movement vs. skill usage constraints; suggests roles for benched units.,0.0,Core tactics fine but content limited (mostly main/resource stages).,,,,,,,,,,,,,,,,,,,,,,,,,,,,,,,,,Wants more modes and sweep for long-term farming; gacha lacks probability disclosure.
26845328,,,Turn-based tactics; skill targeting should consider post-move range.,0.0,UX friction: need to combine move + skill flow; team edit returns you to main page unnecessarily.,,,,,,,,,,,,,,,,,,,,,,,,,,,,,,,,,,,,Improve team-edit flow; refine skill/move UI.
26845312,,,,,,,,,,,,,,,,,,,,,,,,,,,,,,,,,,,,,,,,,Limited access test despite being downloadable; user expected to play.
26845203,,,,,,,,,,,,,,,,,,,,,,,,,,,,,,,,,,,,,,,,,Strongly negative sentiment.
26844963,,,,,,,,,,,,,,,,,,,,,,,,,,,,,,,,,,,,,,,,,Limited test but open download criticized.
26844047,,,,,,,,,,,,,,,,,,,,,,,,,,,,,,,,,,,,,,,,,Downloaded but cannot play.
26843979,,,,,,,,,,,,,,,,,,,,,,,,,,,,,,,,,,,,,,,,,"Client presented as playable; after registering, access blocked by qualification."
26843744,,,,,,,,,,,,,,,,,,,,,,,,,,,,,,,,,,,,,,,,,Open download but access is gated by test qualification; user cannot play after downloading.
26843719,,,,,,,,,,,,,,,,,,,,,,,,,,,,,,,,,,,,,,,,,Positives: striking theme and educational cultural content; Negatives: marketing tactics felt disappointing; plans to check back at launch.
26843717,,,,,,,,,,,,,,,,,,,,,,,,,,,,,,,,,,,,,,,,,Accuses the game of inflating downloads by allowing downloads without access.
26843618,,,,,,,,,,,,,,,,,,,,,,,,,,,,,,,,,,,,,,,,,Download allowed despite no play access; suggests closing download if not playable.
26843502,,,,,,,,,,,,,,,,,,,,,,,,,,,,,,,,,,,,,,,,,Criticism: no sweep feature.
26843416,,,Turn-based grid tactical (war-chess) combat.,-1.0,Combat feels old/derivative and UI looks very similar to another game.,,,,,,,,,,,,,,,,,,,,,,,,,,,,,,,,,,,,Story feels cryptic; gacha rarity is hidden but indicated by card color (red/yellow/blue).
26843380,,,,,,,,,,,,,,,,,,,,,,,,,,,,,,,,,,,,,,,,,Complains that download remains open after slots are taken; feels like baiting for downloads.
26843354,,,Turn-based war-chess combat.,2.0,First-time tactics player found it very fun.,,,,,,,,,,,,,,,,,,,,,,,,,,,,,,,,,,,,Story is mediocre and not very compelling.
26843256,,,,,,,,,,,,,,,,,,,,,,,,,,,,,,,,,,,,,,,,,Accuses the game of baiting downloads.
26843209,,,War-chess/tactical combat; early stages require manual play.,,,,,,-1.0,Early game is grindy with manual farming and auto not available at low levels; feels tiring.,,,,,,,,,,,,,,,,,,,,,,,,,,,,,,,"Likes music, art, and artifact archive; suggests 3D rotatable artifacts; lucky gacha experience, but dislikes early grind and lack of auto."
26826983,,,,,,,,,,,,,,,,,,,,,,,,,,,,,,,,,,,,,,,,,Gacha concerns: pool doesn’t show rates or pity; no first-10 guarantee of top rarity; two 10-pulls only gave minimum guarantee and duplicates; 2x combat speed feels slow; optimization average; strong praise for art and animation.
26843201,,,,,,,,,,,,,,,,,,,,,,,,,,,,,,,,,,,,,,,,,Download allowed without clear qualification notice; user only learns about access requirement after installing.
26843108,,,"Japanese-style SRPG (Fire Emblem-like) with grid movement; XP via books; no counterattack system; some units (e.g., Light Guard) have double actions and ignore obstacles.",-1.0,Maps are bland with only obstacles and no terrain effects; lack of counterattacks and unit imbalance make SLG part not very fun.,Positioning-based tactics; unit mobility differences; lacks terrain attributes; no counterattack system.,-1.0,Empty maps and missing mechanics reduce meaningful tactical decisions.,,,-1.0,"Light melee class feels overpowered (double action, obstacle ignore); melee advantaged since enemies don’t counterattack.",,,,,,,,,,,,,,,,,,,,,,,,,,,,,"Recommends rethinking core: SLG audience split (too easy for SLG fans, too hard/long for newcomers); suggests either pivot to more casual/auto-friendly loop or deepen SLG systems (maps, classes, synergy)."
26843106,,,,,,,,,,,,,,,,,,,,,,,,,,,,,,,,,,,,,,,,,Upset that download is open without qualification to play.
26842828,,,,,,,,,,,,,,,,,,,,,,,,,,,,,,,,,,,,,,,,,Reserved for months across platforms yet didn’t get qualification; suggests open launch with first-come slots instead.
26842787,,,,,,,,,,,,,,,,,,,,,,,,,,,,,,,,,,,,,,,,,Says download was opened to bait traffic; urges closing downloads if access is limited.
26842690,,,,,,,,,,,,,,,,,,,,,,,,,,,,,,,,,,,,,,,,,"If test is limited, close the download/try channel; criticizes download bait."
26842618,,,,,,,,,,,,,,,,,,,,,,,,,,,,,,,,,,,,,,,,,Limited-qualification test but still promoted/ranked; feels like download bait.
26842498,,,,,,,,,,,,,,,,,,,,,,,,,,,,,,,,,,,,,,,,,No test qualification.
26842468,,,,,,,,,,,,,,,,,,,,,,,,,,,,,,,,,,,,,,,,,Allows download without qualification; first time encountering this on TapTap; leaves a bad impression.
26842347,,,,,,,,,,,,,,,,,,,,,,,,,,,,,,,,,,,,,,,,,Calls the game a scammer due to download vs access mismatch.
26841734,,,War-chess style gameplay.,1.0,Core systems feel fine for a niche war-chess + artifact anthropomorphism concept.,,,,,,,,,,,,,,,,,,,,,,,,,,,,,,,,,,,,"Strong praise for art, music, and artifact-personification; story could be further polished; hopes for earlier public test."
26841508,,,,,,,,,,,,,,,,,,,,,,,,,,,,,,,,,,,,,,,,,Refuses to download because access requires qualification post-download.
26841149,,,,,,,,,,,,,,,,,,,,,,,,,,,,,,,,,,,,,,,,,Marketing criticism: PV shows little real gameplay.
26840606,,,,,,,,,,,,,,,,,,,,,,,,,,,,,,,,,,,,,,,,,"After download and registration, told no qualification; criticizes open download."
26840508,,,,,,,,,,,,,,,,,,,,,,,,,,,,,,,,,,,,,,,,,
26840291,,,,,,,,,,,,,,,,,,,,,,,,,,,,,,,,,,,,,,,,,Accuses the game of baiting for downloads.
26839878,,,,,,,,,,,,,,,,,,,,,,,,,,,,,,,,,,,,,,,,,
26839812,,,"Grid-based tactical battles; many actions require confirm/cancel; manual only; some class quirks (e.g., archers can’t act immediately after stowing bow).",-1.0,Operations are cumbersome and early difficulty is overtuned; lack of auto/sweep makes play tedious.,Requests for auto and 2–3x speed; class-specific challenge nodes; archer post-action limitations.,-1.0,Difficulty spikes and limited mechanics tuning reduce practical tactical choices.,-1.0,Progress blocked by resource farming and high difficulty nodes without auto/sweep.,,,,,,,,,,,,,,,,,,,,,,,,,,,,,,,"UI issues (excess red dots), insufficient new user guidance, some blurry assets, chibi ult visuals; story/worldbuilding unclear; L2D feedback requests."
26839686,,,,,,,,,,,,,,,,,,,,,,,,,,,,,,,,,,,,,,,,,
26839593,,,,,,,,,,,,,,,,,,,,,,,,,,,,,,,,,,,,,,,,,Complains about open download without access; calls it download bait.
26839454,,,,,,,,,,,,,,,,,,,,,,,,,,,,,,,,,,,,,,,,,Believes the download-open/limited-access was intentional to gain traffic; downrates accordingly.
26839264,,,,,,,,,,,,,,,,,,,,,,,,,,,,,,,,,,,,,,,,,Downloaded but cannot play; sarcasm about being a ‘good game’.
26839015,,,,,,,,,,,,,,,,,,,,,,,,,,,,,,,,,,,,,,,,,Mocks that download is open but access requires qualification.
26838641,,,"Turn-based war-chess with classes and physical/magic damage split; character leveling, passives, and breakthroughs.",0.0,Gameplay feels average and low difficulty; can clear by overleveling rather than strategy.,Distinct damage types; class roles; auto planned but not yet available.,-1.0,Low strategic requirement; high levels beat most content.,,,-1.0,Top-rarity (red) units feel very strong compared to others.,,,,,,,,,,,,,,,,,,,,,,,,,,,,,"Pros: visuals, L2D, ult animations, music; Cons: gets monotonous later, heavy battery drain and heating; one Chinese voice line feels odd."
26838609,,,,,,,,,,,,,,,,,,,,,,,,,,,,,,,,,,,,,,,,,Worldbuilding note: the in-game foundation feels inspired by SCP (收容-保护) style organizations.
26838313,,,,,,,,,,,,,,,,,,,,,,,,,,,,,,,,,,,,,,,,,Downloaded but lacks qualification; suggests closing downloads when slots are full.
26838265,,,,,,,,,,,,,,,,,,,,,,,,,,,,,,,,,,,,,,,,,No test qualification but download is allowed; can’t play.
26838235,,,,,,,,,,,,,,,,,,,,,,,,,,,,,,,,,,,,,,,,,"After downloading and registering, told there’s no qualification."
26837412,,,,,,,,,,,,,,,,,,,,,,,,,,,,,,,,,,,,,,,,,Cannot play despite downloading.
26837162,,,War-chess where positioning and movement matter; some units can gain extra actions after acting.,2.0,Enjoyed planning and positioning; boss fight (2-12) showcased tactical depth.,Positioning importance; boss mechanics; extra-action units enabling advanced turns.,1.0,Small positional tweaks noticeably change outcomes.,,,,,,,,,,,,,,,,,,,,,,,,,,,,,,,,,UI issue: often taps ‘Wait’ instead of triggering extra action; minor disconnects.
26780395,,,,,,,,,,,,,,,,,,,,,,,,,,,,,,,,,,,,,,,,,Requests: story backlog and summary on skip; improve chibi ult visuals; refine tutorial and UI; art and content quality praised.
26836751,,,,,,,,,,,,,,,,,,,,,,,,,,,,,,,,,,,,,,,,,Open download yet still requires test qualification; user frustrated after registering.
26836611,,,,,,,,,,,,,,,,,,,,,,,,,,,,,,,,,,,,,,,,,Limited qualification but download remains open.
26836249,,,,,,,,,,,,,,,,,,,,,,,,,,,,,,,,,,,,,,,,,Rare practice: open download while test isn’t open to all.
26835979,,,"War-chess, reminiscent of Fire Emblem.",1.0,Good first impression of the tactics and strong interaction feedback.,,,,,,,,,,,,,,,,,,,,,,,,,,,,,,,,,,,,Gacha gave duplicate golds in early 10-pull; wants ult-skip option; PV not screen-fitted (black bars).
26835204,,,,,,,,,,,,,,,,,,,,,,,,,,,,,,,,,,,,,,,,,Open download but closed test; strongly negative reaction.
26834869,,,,,,,,,,,,,,,,,,,,,,,,,,,,,,,,,,,,,,,,,Good art and style; gameplay feels somewhat unresponsive with click/input lag; needs optimization.
26834498,,,,,,,,,,,,,,,,,,,,,,,,,,,,,,,,,,,,,,,,,
26834483,,,,,,,,,,,,,,,,,,,,,,,,,,,,,,,,,,,,,,,,,
26834126,,,,,,,,,,,,,,,,,,,,,,,,,,,,,,,,,,,,,,,,,"Positive on opening CG, Chinese voice acting, and art; early test impressions good."
26834123,,,,,,,,,,,,,,,,,,,,,,,,,,,,,,,,,,,,,,,,,Download allowed without access; suspects download inflation.
26827858,,,,-1.0,Combat hit feedback and sound/pace feel mushy and slow.,,,,-1.0,"Progression gated (e.g., must clear 1-6 to unlock leveling); chapter 2 requires universal breakthrough; no auto/sweep; heavy material grind.",,,,,,,,,,,,,,,,,,,,,,,,,,,,,,,Gacha UX: 10-pull lacks confirmation and cannot cancel; SR lineup feels narrow and off-rate; needs sweep; XP scarce even when focusing 4 units.
26833654,,,War-chess with high early difficulty and tutorial inserted into story stages.,-1.0,Too hard for newcomers; requires grinding; tutorial placement is confusing.,,,,-1.0,Frequent farming and difficulty spikes hinder smooth progression.,,,,,,,,,,,,,,,,,,,,,,,,,,,,,,,Strong praise for art/archives and Chinese VO (with dialects); hopes difficulty and grind get balanced.
26833645,,,,,,,,,,,,,,,,,,,,,,,,,,,,,,,,,,,,,,,,,Positive on art and Chinese voice direction; optimistic about the theme.
26833452,,,,,,,,,,,,,,,,,,,,,,,,,,,,,,,,,,,,,,,,,UI and art praised; tutorial needs improvement; non-SLG players may have onboarding difficulty.
26833448,,,,,,,,,1.0,Early progression is light and main story can be pushed without heavy investment.,,,,,,,,,,,,,,,,,,,,,,,,,,,,,,,"Great art; auto remains locked; high gacha luck in test; several bugs (e.g., material stage returning to main, day-one sign-in bug); story lacks full voice."
26833418,,,War-chess; chapter 2 difficulty spikes.,,,,,,-1.0,Chapter 2 is notably harder; low material/XP drops; 2x speed doesn’t persist; auto unlocks too late; manual material grind is tedious.,,,-1.0,"Some characters’ skills overlap, reducing build diversity; also requests balanced gender ratio.",Farm materials to unlock passives and perform breakthroughs to raise level caps.,,-1.0,Manual farming with low drops and no auto/sweep is time-consuming.,-1.0,Low material and XP drop rates require many runs.,,,,,,,,,,,,,,,,,,,,,Concerns about rarity classification vs cultural relic respect; wants persistent 2x and earlier auto; praises artifact archives with real images.
26833349,,,War-chess.,-1.0,Too hard for many; requests auto combat.,,,,-1.0,Repetitive enemies and long stages without auto make progression tiring.,,,,,,,,,,,,,,,,,,,,,,,,,,,,,,,"Art, writing, and music praised; tutorial and difficulty need tuning."
26833343,,,War-chess.,-1.0,Stuck early with no auto; manual play for long periods is exhausting.,,,,-1.0,No sweep/auto; slow and grindy farming even in early chapter.,,,,,,,,,,,,,,,,,,,,,,,,,,,,,,,Art is strong; gameplay pacing and automation lacking.
26833327,,,War-chess.,-1.0,Combat system feels tiring for players who prefer idle; wants auto/sweep.,,,,-1.0,Breakthrough/material farming requires repeated manual runs; auto button exists but is locked.,,,,,,,,,,,,,,,,,,,,,,,,,,,,,,,Story feels cryptic; gacha probabilities not visible; new-user guidance can be intrusive; repeated combat voice lines become annoying.
26833291,,,,,,,,,,,,,,,,,,,,,,,,,,,,,,,,,,,,,,,,,
26833140,,,,,,,,,,,,,,,,,,,,,,,,,,,,,,,,,,,,,,,,,No test qualification but download still allowed.
26833076,,,,,,,-1.0,"States strategy is not high, though visuals are decent.",,,,,,,,,,,,,,,,,,,,,,,,,,,,,,,,,
26780260,,,War-chess with manual play; auto is present in UI but disabled this test; chibi ult animations.,0.0,"Overall quality good but needs auto, smoother operations, and better tutorial; ult animations feel rough.",,,,-1.0,Material requirements are high and without auto/sweep it’s grindy.,,,,,,,,,,,,,,,,,,,,,,,,,,,,,,,"Strong praise for art/music/VO; requests for auto, sweep, refined operations, better onboarding, and profession-highlight stages."
26832835,True,Blood shown in a story CG.,War-chess with capped 2x speed and frequent ult animations; tutorial pacing within story.,-1.0,Core guidance is weak and stages feel long and difficult; repeated unskippable elements slow combat.,,,,-1.0,"Overlong, slow stages and limited speed make progression feel dragged out.",,,,,,,,,,,,,,,,,,,,,,,,,,,,,,,"Major critiques: ‘mystery’ storytelling with low clarity, weak worldbuilding and UI hierarchy, tutorial pacing issues; suggests more thoughtful rarity scheme and better integration of artifact info."
26832534,,,,,,,,,,,,,,,,,,,,,,,,,,,,,,,,,,,,,,,,,Notes community hostility around SLG difficulty/access; concerned about future environment.
26832510,,,,,,,,,,,,,,,,,,,,,,,,,,,,,,,,,,,,,,,,,"Wants clear, prominent limited-test notice before download/registration; poor first impression after being told no qualification post-registration."
26832409,,,,,,,,,,,,,,,,,,,,,,,,,,,,,,,,,,,,,,,,,Limited test but open download; suspects download inflation despite TapTap having features to prevent this.
26831904,,,War-chess; 2x speed doesn’t persist; ult cutscenes not skippable; manual farming required.,-1.0,"Friction from non-persistent speed, unskippable ults, and frequent misclicks.",,,,-1.0,Character passives and breakthroughs require many materials; no auto/sweep; heavy manual grind and device heating.,,,,,"‘Assessment’ farming loop: run stages to collect materials to unlock passives and break level caps, enabling further progression.",,-1.0,Manual-only with high material costs and UI friction feels cumbersome.,-1.0,Low and inconsistent material drops vs high costs make the loop time-consuming.,,,,,,,,,,,,,,,,,,,,,Phone heats up; frequent ‘Wait’ misclick instead of ult due to button proximity; requests auto/sweep and skippable ults.
26832053,,,,,,,,,,,,,,,,,,,,,,,,,,,,,,,,,,,,,,,,,Requests auto-battle.
26831840,,,,,,,,,,,,,,,,,,,,,,,,,,,,,,,,,,,,,,,,,Says limited test wasn’t targeted; time/data wasted downloading without qualification.
26831535,,,,,,,,,,,,,,,,,,,,,,,,,,,,,,,,,,,,,,,,,No qualification but art appeals; leaves a 5-star expectation rating.
26831498,,,,,,,,,,,,,,,,,,,,,,,,,,,,,,,,,,,,,,,,,Feels misled: download promoted for ranking despite being a limited test; access details buried in forum/page.
26831454,,,,,,,,,,,,,,,,,,,,,,,,,,,,,,,,,,,,,,,,,Second login leads to permanent black screen; cannot play.
26804782,,,,,,,,,,,,,,,,,,,,,,,,,,,,,,,,,,,,,,,,,"Early frustration from no auto and device heating; UI lacks premium feel; loading screens are slow; wants pretty CG-style ults; sign-in bug; can’t find gacha rates; praises L2D, customization, and fast-forward/skip once available."
26830956,,,War-chess; tutorial lacks clarity; 2x speed resets each stage; manual-only in test.,0.0,"Overall good with strong archives and art, but UX/tutorial and speed/inspection controls need polish.",Requests long-press to inspect enemies; auto planned; speed toggle should persist.,,,-1.0,Flow is slowed by unskippable elements and speed resetting; repetitive stages feel long.,,,,,Side systems include weapon manufacturing orders and regional dispatch to earn materials.,True,-1.0,Order/manufacturing and dispatch lack clear explanations and UI affordances.,,,,,,,,,,,,,,,,,,,,,,,Wants rate display and pity info; clearer item acquisition tips; better chapter task jump; back navigation consistency.
26830911,,,,,,,,,,,,,,,,,,,,,,,,,,,,,,,,,,,,,,,,,Told ‘no qualification’ only after fully downloading.
26830762,,,,,,,,,,,,,-1.0,Mechanics feel conservative and not rich; uneven character art reduces desire to engage with some units.,,,,,,,,,,,,,,,,,,,,,,,,,,,Feature unlocks are slow; overall experience feels standard.
26830755,,,,,,,,,,,,,,,,,,,,,,,,,,,,,,,,,,,,,,,,,
26830734,,,,,,,,,,,,,,,,,,,,,,,,,,,,,,,,,,,,,,,,,Criticizes operations for opening downloads to everyone during a limited test.
26830629,,,,,,,,,,,,,,,,,,,,,,,,,,,,,,,,,,,,,,,,,Cannot play; questions purpose of ‘trial’ when access isn’t available.
26830562,,,,,,,,,,,,,,,,,,,,,,,,,,,,,,,,,,,,,,,,,Limited qualification but download open; unsure whether platform or developer is responsible; leaves a bad impression.
26830549,,,,,,,,,,,,,,,,,,,,,,,,,,,,,,,,,,,,,,,,,First-ever negative review due to feeling misled by download-access mismatch.
26830480,,,,,,,,,,,,,,,,,,,,,,,,,,,,,,,,,,,,,,,,,Open download with limited slots is unreasonable; questions operations competence.
26830423,,,,,,,,,,,,,,,,,,,,,,,,,,,,,,,,,,,,,,,,,"A series of operations (e.g., download vs access) make the user plan to avoid the game at launch."
26830309,,,,,,,,,,,,,,,,,,,,,,,,,,,,,,,,,,,,,,,,,Limited-eligibility test but open download; users only learn about qualification after installing.
26830195,,,Turn-based tactical (SRPG) combat with ultimates; classes include caster/healer; ranged units have an 'aim' mode; enemies move between turns.,-1.0,"Combat feels weak: enemies too easy early, ult zoom shows jagged edges and repetitive backgrounds, ranged aiming consumes a turn and is ineffective.","Class roles (healer and mage both under caster), ranged 'aim' mode, enemy movement affecting targeting.",-1.0,"Role classification is confusing and ranged aiming underperforms, reducing meaningful tactical choices.",,,-1.0,Ranged aim damage not obvious and healer/mage overlap causes role ambiguity.,,,,,,,,,,,,,,,,,,,,,,,,,,,,,"Iconography inconsistent (realistic vs flat icons across UI), early difficulty too low, ult presentation degrades art quality; script references real-world place names; music on main menu praised."
26830045,,,,1.0,Battle animations and flow feel smooth and characters look great.,,,,-1.0,Perceived grind: separate systems requiring material farming and character duplicates.,,,,,Collection/archive loop: each artifact has detailed entries with origin and illustrations; players browse and read lore.,,,,,,,,False,Gacha banner lacks public details: no displayed probabilities or pity/guarantee; user requests disclosure.,,,,,,,,,,,,,,,,,Battle speed resets each fight; banner lacks rate and pity info; strong visuals and detailed artifact compendium.
26830027,,,Grid-based turn-based tactics; characters use skills and ultimates.,-1.0,Combat feel is odd and the SRPG format feels tiring; ult animation skip is hidden in settings.,,,,,,,,,,,,,,,,,,,,,,,,,,,,,,,,,,,,Newbie guidance not smooth; map readability unclear; suggest in-battle skip for ult animations.
26830016,,,,,,,,,,,,,,,,,,,,,,,,,,,,,,,,,,,,,,,,,No qualification to enter after download.
26830004,,,,,,,,,,,,,,,,,,,,,,,,,,,,,,,,,,,,,,,,,Strong dissatisfaction with operations/marketing decisions.
26829982,,,,,,,,,,,,,,,,,,,,,,,,,,,,,,,,,,,,,-1.0,User worried about wasted mobile data due to inaccessible test.,,,Will revisit when accessible; concern about data usage.
26829814,,,,,,,,,,,,,,,,,,,,,,,,,,,,,,,,,,,,,,,,,Downloaded but lacked test qualification.
26829791,,,,,,,,,1.0,Cleared commonly cited hard stage (2-3) at level 15; felt a sense of achievement.,,,,,,,,,,,,,,,,,,,,,,,,,,,,,,,
26829772,,,,,,,,,,,,,,,,,,,,,,,,,,,,,,,,,,,,,,,,,No qualification.
26829764,,,,,,,,,,,,,,,,,,,,,,,,,,,,,,,,,,,,,,,,,
26829755,,,,,,,,,,,,,,,,,,,,,,,,,,,,,,,,,,,,,,,,,"Limited test understandable, but open pre-download without qualification; reports of third-party selling test access codes; user still likes the art."
26829732,,,,,,,,,,,,,,,,,,,,,,,,,,,,,,,,,,,,,,,,,Entered only to be told no qualification; frustrating.
26805136,,,,0.0,Overall acceptable; requests ult animation skip and prefers non-chibi ult presentation.,Equipment system that grants an extra skill.,0.0,Basic gear/skill layer present but no standout depth noted yet.,,,,,,,,,,,,,,,,,,,,,,,,,,,,,,,,,Open download despite limited test; UI layout feels awkward; many CGs and strong artifact lore; appreciates character personalities.
26829475,,,,,,,,,,,,,,,,,,,,,,,,,,,,,,,,,,,,,,,,,Accused of boosting downloads/visibility while access remains restricted.
26829469,,,,,,,,,,,,,,,,,,,,,,,,,,,,,,,,,,,,,-2.0,Large installation size (~1.9 GB) drew complaints.,,,
26829286,,,,,,,,,,,,,,,,,,,,,,,,,,,,,,,,,,,,,,,-1.0,"Loading screens and page transitions feel sluggish; various UI/UX issues (tiny fonts, busy visuals).",Gacha call/animation is cumbersome (long-press and extra animations); ult skip button small; story text advances too slowly; inconsistent character portrait sizes in story.
26829215,,,,,,,,,,,,,,,,,,,,,,,,,,,,,,,,,,,,,,,,,
26829138,,,,1.0,"Gameplay is interesting so far; strong narrative, music, and character appeal.",,,,1.0,No progression wall encountered; story and stages playable with starter resources.,,,,,,,,,,,,,,,,,2.0,Claims content is passable using free/obtained characters; no hard paywalls seen.,,,1.0,Free resources sufficient to progress early without hitting a paywall.,,,,,,,,,"High praise for art, music, and historically grounded characterization with regional-accented voice acting."
26829122,,,,,,,,,,,,,,,,,,,,,,,,,,,,,,,,,,,,,,,,,
26829027,,,,,,,,,,,,,,,,,,,,,,,,,,,,,,,,,,,,,,,,,Only after download/registration does the game reveal limited test qualification; seen as traffic bait.
26828868,,,,,,,,,,,,,,,,,,,,,,,,,,,,,,,,,,,,,,,,,
26828757,,,,,,,,,,,,,,,,,,,,,,,,,,,,,,,,,,,,,-1.0,Significant time/data spent before learning about qualification requirement.,,,Open download but entry requires test qualification; perceived as disrespectful of user time.
26828116,,,,,,,,,,,,,,,,,,,,,,,,,,,,,,,,,,,,,,,,,Requires internal test qualification despite open download; perceived as download count bait.
26828690,,,,,,,,,,,,,,,,,,,,,,,,,,,,,,,,,,,,,,,,,Subjectively high gacha hit rate; attractive character art though one set (Warring States bronze tableware) seems stylistically off; sign-in reward bug fixed quickly; notes imbalance in serving male/female player preferences.
26828631,,,,,,,,,,,,,,,,,,,,,,,,,,,,,,,,,,,,,,,,,Open download yet blocked by test qualification after registration.
26828505,,,,,,,,,,,,,,,,,,,,,,,,,,,,,,,,,,,,,-1.0,Complains about wasted mobile data due to inaccessible test.,,,Frustration over data usage with no access.
26828481,,,,,,,,,,,,,,,,,,,,,,,,,,,,,,,,,,,,,-1.0,Around 1 GB download felt excessive to user for an inaccessible test.,,,
26828471,,,,,,,,,,,,,,,,,,,,,,,,,,,,,,,,,,,,,-1.0,Users feel they wasted data due to open download with limited eligibility.,,,Limited test but unrestricted download.
26828321,,,,,,,,,,,,,,,,,,,,,,,,,,,,,,,,,,,,,,,,,"If no qualification, don’t allow download."
26828293,,,,,,,,,,,,,,,,,,,,,,,,,,,,,,,,,,,,,,,,,"Allowed to register and download, then blocked for lacking test qualification."
26828253,,,,,,,,,,,,,,,,,,,,,,,,,,,,,,,,,,,,,,,,,Voice acting includes Cantonese/Guangdong-accented lines.
26828223,,,,,,,,,,,,,,,,,,,,,,,,,,,,,,,,,,,,,,,,,Open download despite limited test; reports of scalpers selling access; long-time followers feel deceived but still like the art.
26828155,,,,,,,,,,,,,,,,,,,,,,,,,,,,,,,,,,,,,,,,,
26828098,,,,,,,,,,,,,,,,,,,,,,,,,,,,,,,,,,,,,,,,,Questions why download is open without providing qualification.
26828081,,,,,,,,,,,,,,,,,,,,,,,,,,,,,,,,,,,,,,,,,Calls out practice of open download for a two-day limited test; urges players not to tolerate such operations.
26827871,,,,,,,,,,,,,,,,,,,,,,,,,,,,,,,,,,,,,,,,,
26827845,,,,,,,,,,,,,,,,,,,,,,,,,,,,,,,,,,,,,,,,,On hot list while limiting access; perceives intent to curate positive scores via limited testers.
26827715,,,,,,,,,,,,,,,,,,,,,,,,,,,,,,,,,,,,,,,,,
26827639,,,,,,,,,,,,,,,,,,,,,,,,,,,,,,,,,,,,,,,,,Downloaded but lacked qualification.
26827484,,,,,,,,,,,,,,,,,,,,,,,,,,,,,,,,,,,,,,,,,
26827297,,,,,,,,,,,,,,,,,,,,,,,,,,,,,,,,,,,,,,,,,Praises game and TapTap discovery; disappointed by lack of qualification.
26827286,,,Traditional SRPG-style tactics combat.,0.0,Did not find standout mechanics yet but core tactical loop is serviceable.,,,,,,,,,,,,,,,,,,,,,,,,,,,,,,,,,,,,Tutorial BGM doesn’t match the narrative tone; UI has comfortable ancient style.
26827200,,,,,,,,,,,,,,,,,,,,,,,,,,,,,,,,,,,,,,,,,
26827185,,,,,,,,,,,,,,,,,,,,,,,,,,,,,,,,,,,,,,,,,No qualification; SMS verification is slow (3 minutes) and errors frequently.
26827155,,,,,,,,,,,,,,,,,,,,,,,,,,,,,,,,,,,,,,,,,Downloaded only to be told no qualification.
26827075,,,,,,,,,,,,,,,,,,,,,,,,,,,,,,,,,,,,,,,,,Open download but no access—‘downloaded for nothing’.
26827059,,,,,,,,,,,,,,,,,,,,,,,,,,,,,,,,,,,,,,,,,Questions purpose of an internal limited test without user qualification.
26826962,,,,,,,,,,,,,,,,,,,,,,,,,,,,,,,,,,,,,,,,,Limited test with pre-download angers users; strong language used against ops.
26826917,,,,,,,,,,,,,,,,,,,,,,,,,,,,,,,,,,,,,,,,,Downloaded a long time then told no qualification.
26826907,,,,,,,,,,,,,,,,,,,,,,,,,,,,,,,,,,,,,,,,,Open download while blocking non-qualified users; suggests preregistration gating would be more acceptable.
26826850,,,,,,,,,,,,,,,,,,,,,,,,,,,,,,,,,,,,,,,,,Foreign players cannot register/play.
26819905,,,,,,,,,,,,,,,,,,,,,,,,,,,,,,,,,,,,,,,,,Assumed download implied test access; it didn’t.
26826714,,,,,,,,,,,,,,,,,,,,,,,,,,,,,,,,,,,,,,,,,Large download only to lack qualification; asks for clearer ‘limited test’ labeling.
26826692,,,,,,,,,,,,,,,,,,,,,,,,,,,,,,,,,,,,,,,,,Even emulator users downloaded only to find no access.
26826680,,,,,,,,,,,,,,,,,,,,,,,,,,,,,,,,,,,,,,,,,
26826679,,,,,,,,,,,,,,,,,,,,,,,,,,,,,,,,,,,,,,,,,Black screen issue reported.
26826592,,,,,,,,,,,,,,,,,,,,,,,,,,,,,,,,,,,,,-1.0,Data wasted due to inaccessible pre-download.,,,Open pre-download but game not playable; perceived as baiting interested users.
26826522,,,,,,,,,,,,,,,,,,,,,,,,,,,,,,,,,,,,,,,,,Observed rating drop; attributes it to the open-download limited test controversy.
26826513,,,,,,,,,,,,,,,,,,,,,,,,,,,,,,,,,,,,,,,,,Download completed then informed it’s not playable.
26826503,,,,,,,,,,,,,,,,,,,,,,,,,,,,,,,,,,,,,,,,,Criticizes releasing a limited test client openly.
26826485,,,,,,,,,,,,,,,,,,,,,,,,,,,,,,,,,,,,,,,,,Nearly downloaded; implies the open-download limited test is misleading.
26826439,,,,,,,,,,,,,,,,,,,,,,,,,,,,,,,,,,,,,-1.0,Complains about >1 GB data cost for inaccessible test.,,,"After downloading, told no qualification; questions theme consistency when ‘Foundation’ term appears in an ancient-themed game."
26826377,,,,,,,,,,,,,,,,,,,,,,,,,,,,,,,,,,,,,,,,,Questions purpose of open pre-download for a restricted test.
26826284,,,,,,,,,,,,,,,,,,,,,,,,,,,,,,,,,,,,,,,,,Open pre-download yet entry requires qualification; users feel data/time wasted.
26826241,,,,,,,,,,,,,,,,,,,,,,,,,,,,,,,,,,,,,,,,,Advises clearly labeling whitelist/limited tests and avoiding open-platform downloads for such tests.
26826163,,,,,,,,,,,,,,,,,,,,,,,,,,,,,,,,,,,,,-1.0,User reports wasted data due to inaccessible test.,,,
26826128,,,,,,,,,,,,,,,,,,,,,,,,,,,,,,,,,,,,,,,,,Praises art and voice acting; believes low ratings stem from access issues; requests an auto-battle feature.
26826110,,,,,,,,,,,,,,,,,,,,,,,,,,,,,,,,,,,,,,,,,
26826028,,,,,,,,,,,,,,,,,,,,,,,,,,,,,,,,,,,,,,,,,Only after download does the game reveal limited test status; still featured on homepage.
26825934,,,,,,,,,,,,,,,,,,,,,,,,,,,,,,,,,,,,,,,,,
26825880,,,,,,,,,,,,,,,,,,,,,,,,,,,,,,,,,,,,,-1.0,Complains about wasted data due to unrestricted download for a limited test.,,,"Says limited tests should also limit downloads, not just entry."
26825867,,,,,,,,,,,,,,,,,,,,,,,,,,,,,,,,,,,,,-1.0,Wasted data due to lack of access.,,,Frustration over data usage with no access.
26825715,,,,,,,,,,,,,,,,,,,,,,,,,,,,,,,,,,,,,,,,,No qualification after download; angry response.
26825482,,,,,,,,,,,,,,,,,,,,,,,,,,,,,,,,,,,,,,,,,Internal test should not be open for download; seen as fishing for download numbers and losing goodwill.
26825462,,,,,,,,,,,,,,,,,,,,,,,,,,,,,,,,,,,,,,,,,Discovered it’s a limited test only after downloading; questions open availability.
26825411,,,,,,,,,,,,,,,,,,,,,,,,,,,,,,,,,,,,,,,,,Finds the open-download limited test practice distasteful.
26824796,,,,,,,,,,,,,,,,,,,,,,,,,,,,,,,,,,,,,-1.0,Complains about data wasted due to no access.,,,Limited test but unlimited downloads; alleges boosted ranking from downloads.
26825284,,,,,,,,,,,,,,,,,,,,,,,,,,,,,,,,,,,,,,,,,Open download yet no qualification; mentions scalper problem; feels like being toyed with.
26825223,,,,,,,,,,,,,,,,,,,,,,,,,,,,,,,,,,,,,-1.0,Data wasted by downloading an inaccessible test.,,,Limited test still allows download; user questions logic.
26825176,,,,,,,,,,,,,,,,,,,,,,,,,,,,,,,,,,,,,,,,,Questionnaire-based selection but open download; leaves poor impression of operations.
26825002,,,,,,,,,,,,,,,,,,,,,,,,,,,,,,,,,,,,,,,,,
26824983,,,,,,,,,,,,,,,,,,,,,,,,,,,,,,,,,,,,,,,,,
26824946,,,,,,,,,,,,,,,,,,,,,,,,,,,,,,,,,,,,,,,,,Doesn’t want to ‘contribute’ downloads when not qualified to test.
26824870,,,,,,,,,,,,,,,,,,,,,,,,,,,,,,,,,,,,,,,,,Disappointed after download due to no access.
26824826,,,,,,,,,,,,,,,,,,,,,,,,,,,,,,,,,,,,,,,,,Calls operations inexperienced; suggests replacing ops.
26824690,,,,,,,,,,,,,,,,,,,,,,,,,,,,,,,,,,,,,,,,,Missed the window and now lacks qualification to play.
26824661,,,,,,,,,,,,,,,,,,,,,,,,,,,,,,,,,,,,,,,,,Unlimited downloads for a limited test criticized.
26824639,,,,,,,,,,,,,,,,,,,,,,,,,,,,,,,,,,,,,-1.0,Complains about over 1 GB data wasted on an inaccessible client.,,,Accuses game of download-baiting; notes thematic mismatch with ‘Foundation’ naming in an ancient-themed title.
26824633,,,,,,,,,,,,,,,,,,,,,,,,,,,,,,,,,,,,,,,,,Promoting widely without distributing adequate access codes criticized.
26824582,,,,,,,,,,,,,,,,,,,,,,,,,,,,,,,,,,,,,,,,,Open download while requiring qualification labeled ‘foolish’ behavior by platform and developer.
26824547,,,,,,,,,,,,,,,,,,,,,,,,,,,,,,,,,,,,,,,,,Requests clear ‘limited test’ labeling to avoid users downloading a client they can’t play.
26824542,,,,,,,,,,,,,,,,,,,,,,,,,,,,,,,,,,,,,,,,,Open download despite being a limited test; user will re-rate after they can play.
26824535,,,,,,,,,,,,,,,,,,,,,,,,,,,,,,,,,,,,,,,,,Limited-slot test but open download causes confusion and wasted downloads; TapTap recommendation exacerbates; warns against review-bombing; urges better communication.
26824416,,,,,,,,,,,,,,,,,,,,,,,,,,,,,,,,,,,,,-1.0,Reviewer complains the package is several GB and calls it unoptimized bloat.,,,Poor ops planning: pre-download without clear gating; SMS could include the download link; test duration only 2 days feels pointless; predicts server instability; suggests adding extra activation codes and extending test to 7 days.
26824373,,,,,,,,,,,,,,,,,,,,,,,,,,,,,,,,,,,,,,,,,Wasted mobile data due to downloading without qualification to play.
26824283,,,,,,,,,,,,,,,,,,,,,,,,,,,,,,,,,,,,,,,,,"Frustration over limited slots and sub-3-day test after long wait; notes code reselling on Taobao; praises PV, characters, and graphics but disappointed by access gating."
26824188,,,,,,,,,,,,,,,,,,,,,,,,,,,,,,,,,,,,,,,,,PV shows no gameplay footage; limited-slot test but public download link provided.
26824078,,,,,,,,,,,,,,,,,,,,,,,,,,,,,,,,,,,,,,,,,
26823981,,,,,,,,,,,,,,,,,,,,,,,,,,,,,,,,,,,,,,,,,
26823959,,,,,,,,,,,,,,,,,,,,,,,,,,,,,,,,,,,,,,,,,Downloaded but cannot play without qualification; frustration with open download for a gated test.
26823917,,,,,,,,,,,,,,,,,,,,,,,,,,,,,,,,,,,,,,,,,
26823845,,,,,,,,,,,,,,,,,,,,,,,,,,,,,,,,,,,,,,,,,Calls it hunger marketing with limited slots; not visible in the 'coming soon' list; will only reconsider rating after future chance to play.
26823795,,,,,,,,,,,,,,,,,,,,,,,,,,,,,,,,,,,,,,,,,Confused that without being selected you cannot play at all.
26823269,,,,,,,,,,,,,,,,,,,,,,,,,,,,,,,,,,,,,,,,,Mocks the game for limited-slot download like big publishers; suspects code sales cooperation; negative view of gating.
26822674,,,,,,,,,,,,,,,,,,,,,,,,,,,,,,,,,,,,,,,,,One-star because cannot play; feels like baiting players.
26822602,,,,,,,,,,,,,,,,,,,,,,,,,,,,,,,,,,,,,,,,,Sarcastic complaint about repeated closed/limited tests.
26821813,,,,,,,,,,,,,,,,,,,,,,,,,,,,,,,,,,,,,,,,,Two-day test is too short to bother participating.
26821483,,,,,,,,,,,,,,,,,,,,,,,,,,,,,,,,,,,,,,,,,Mistook it for a 'Nikki'-style dress-up game based on presentation.
26820919,,,,,,,,,,,,,,,,,,,,,,,,,,,,,,,,,,,,,,,,,"Confusion: page says trial, but access still requires qualification."
26820721,,,,,,,,,,,,,,,,,,,,,,,,,,,,,,,,,,,,,,,,,No qualification; plans to watch streams instead.
26819896,,,,,,,,,,,,,,,,,,,,,,,,,,,,,,,,,,,,,,,,,Gives a provisional 1-star due to limited-slot test and open download; will revise if an unlimited test becomes available.
26817365,,,,,,,,,,,,,,,,,,,,,,,,,,,,,,,,,,,,,,,,,"Warns others: without test qualification, downloading wastes time and data."
26817048,,,,,,,,,,,,,,,,,,,,,,,,,,,,,,,,,,,,,,,,,"Cannot enter the game, likely due to missing qualification."
26816596,,,,,,,,,,,,,,,,,,,,,,,,,,,,,,,,,,,,,,,,,Requests an activation code.
26816540,,,,,,,,,,,,,,,,,,,,,,,,,,,,,,,,,,,,,,,,,Suggests restricting download to qualified accounts or clearly labeling the qualification requirement on the pre-download page.
26814923,,,,,,,,,,,,,,,,,,,,,,,,,,,,,,,,,,,,,,,,,Confusion why download is available without an activation code.
26814788,,,,,,,,,,,,,,,,,,,,,,,,,,,,,,,,,,,,,,,,,Criticizes offering open download for a limited-slot test; notes not everyone checks the forum announcements.
26805488,,,,,,,,,,,,,,,,,,,,,,,,,,,,,,,,,,,,,-2.0,"States the package is 2.8GB and too large, discouraging download.",,,Installer size is too big.
26814113,,,,,,,,,,,,,,,,,,,,,,,,,,,,,,,,,,,,,,,,,Likes the art style; waiting for qualification.
26814055,,,,,,,,,,,,,,,,,,,,,,,,,,,,,,,,,,,,,,,,,Upset about not having closed beta qualification.
26813174,,,,,,,,,,,,,,,,,,,,,,,,,,,,,,,,,,,,,,,,,Asks for help obtaining a qualification code.
26812076,,,,,,,,,,,,,,,,,,,,,,,,,,,,,,,,,,,,,,,,,Asks how to obtain test qualification.
26811771,,,,,,,,,,,,,,,,,,,,,,,,,,,,,,,,,,,,,,,,,Seeks to buy a qualification; indicates code scarcity and resale.
26810930,,,,,,,,,,,,,,,,,,,,,,,,,,,,,,,,,,,,,,,,,Requests a chance to join; lacks qualification.
26810742,,,,,,,,,,,,,,,,,,,,,,,,,,,,,,,,,,,,,,,,,Offers payment for a test slot; code trading.
26810552,,,,,,,,,,,,,,,,,,,,,,,,,,,,,,,,,,,,,,,,,Downloaded first then discovered qualification required; poor upfront communication.
26810099,,,,,,,,,,,,,,,,,,,,,,,,,,,,,,,,,,,,,,,,,Gave a low rating because could not play due to access restriction.
26810021,,,,,,,,,,,,,,,,,,,,,,,,,,,,,,,,,,,,,,,,,Downloaded a long time but no qualification; complains of wasted data and emotions.
26809611,,,,,,,,,,,,,,,,,,,,,,,,,,,,,,,,,,,,,,,,,Angry that download leads to no access; accuses the game of baiting for traffic/data.
26809448,,,,,,,,,,,,,,,,,,,,,,,,,,,,,,,,,,,,,,,,,
26809018,,,,,,,,,,,,,,,,,,,,,,,,,,,,,,,,,,,,,,,,,
26808360,,,,,,,,,,,,,,,,,,,,,,,,,,,,,,,,,,,,,,,,,Low awareness: did not know this game existed.
26807894,,,,,,,,,,,,,,,,,,,,,,,,,,,,,,,,,,,,,,,,,Requests an opportunity/qualification.
26806517,,,,,,,,,,,,,,,,,,,,,,,,,,,,,,,,,,,,,,,,,Community organizing: shares a QQ group for qualified testers to discuss content.
26806471,,,,,,,,,,,,,,,,,,,,,,,,,,,,,,,,,,,,,,,,,Willing to trade/buy unused qualification; indicates secondary market.
26806214,,,,,,,,,,,,,,,,,,,,,,,,,,,,,,,,,,,,,,,,,
26806192,,,,,,,,,,,,,,,,,,,,,,,,,,,,,,,,,,,,,,,,,Realized mid-download that qualification is required; poor disclosure leading to wasted data.
26806043,,,,,,,,,,,,,,,,,,,,,,,,,,,,,,,,,,,,,,,,,Requests a qualification.
26805233,,,,,,,,,,,,,,,,,,,,,,,,,,,,,,,,,,,,,,,,,Requests a chance/slot.
26805216,,,,,,,,,,,,,,,,,,,,,,,,,,,,,,,,,,,,,,,,,Asks how to get a qualification; requests one.
26805193,,,,,,,,,,,,,,,,,,,,,,,,,,,,,,,,,,,,,,,,,
26805067,,,,,,,,,,,,,,,,,,,,,,,,,,,,,,,,,,,,,,,,,Wants to buy an unused internal test slot; code resale.
26804595,,,,,,,,,,,,,,,,,,,,,,,,,,,,,,,,,,,,,,,,,
26799007,,,,,,,,,,,,,,,,,,,,,,,,,,,,,,,,,,,,,,,,,Encourages selling unused test qualifications via private messages; highlights code resale activity.
26798707,,,,,,,,,,,,,,,,,,,,,,,,,,,,,,,,,,,,,,,,,
26798564,,,,,,,,,,,,,,,,,,,,,,,,,,,,,,,,,,,,,,,,,
26795226,,,,,,,,,,,,,,,,,,,,,,,,,,,,,,,,,,,,,,,,,
26783861,,,,,,,,,,,,,,,,,,,,,,,,,,,,,,,,,,,,,,,,,Begging for a slot/qualification.
26781599,,,,,,,,,,,,,,,,,,,,,,,,,,,,,,,,,,,,,,,,,
26780561,,,,,,,,,,,,,,,,,,,,,,,,,,,,,,,,,,,,,,,,,
26780555,,,,,,,,,,,,,,,,,,,,,,,,,,,,,,,,,,,,,,,,,
26780544,,,,,,,,,,,,,,,,,,,,,,,,,,,,,,,,,,,,,,,,,
26780536,,,,,,,,,,,,,,,,,,,,,,,,,,,,,,,,,,,,,,,,,
26780519,,,,,,,,,,,,,,,,,,,,,,,,,,,,,,,,,,,,,,,,,
26780505,,,,,,,,,,,,,,,,,,,,,,,,,,,,,,,,,,,,,,,,,
26780499,,,,,,,,,,,,,,,,,,,,,,,,,,,,,,,,,,,,,,,,,
26780265,,,,,,,,,,,,,,,,,,,,,,,,,,,,,,,,,,,,,,,,,Happy to receive SMS; notes the questionnaire was very difficult.
26780215,,,,,,,,,,,,,,,,,,,,,,,,,,,,,,,,,,,,,,,,,
26780216,,,,,,,,,,,,,,,,,,,,,,,,,,,,,,,,,,,,,,,,,Unclear next steps after receiving qualification; asks when test codes will be sent.
26780190,,,,,,,,,,,,,,,,,,,,,,,,,,,,,,,,,,,,,,,,,
26777746,,,,,,,,,,,,,,,,,,,,,,,,,,,,,,,,,,,,,,,,,Requests a test slot; appeals for visibility.
26772372,,,,,,,,,,,,,,,,,,,,,,,,,,,,,,,,,,,,,,,,,Anxious about not being told qualification status close to the 10th test start date.
